1782096866168095615,0,3.503921602697921,-3.0664301783223347,0.0,0.8828766563132979,0.0,0.0,-0.4696049507160787
1782096866188237762,0,3.503921602697921,-3.0664301783223347,0.0,0.8828766563132979,0.0,0.0,-0.4696049507160787
1782096866208109232,0,3.503921602697921,-3.0664301783223347,0.0,0.8828766563132979,0.0,0.0,-0.4696049507160787
1782096866228098127,0,3.503921602697921,-3.0664301783223347,0.0,0.8828766563132979,0.0,0.0,-0.4696049507160787
1782096866248129484,0,3.503921602697921,-3.0664301783223347,0.0,0.8828766563132979,0.0,0.0,-0.4696049507160787
1782096866268219871,0,3.503921602697921,-3.0664301783223347,0.0,0.8828766563132979,0.0,0.0,-0.4696049507160787
1782096866288328526,0,3.503921602697921,-3.0664301783223347,0.0,0.8828766563132979,0.0,0.0,-0.4696049507160787
1782096866308236566,0,3.503921602697921,-3.0664301783223347,0.0,0.8828766563132979,0.0,0.0,-0.4696049507160787
1782096866328227141,0,3.503921602697921,-3.0664301783223347,0.0,0.8828766563132979,0.0,0.0,-0.4696049507160787
1782096866348244285,0,3.503921602697921,-3.0664301783223347,0.0,0.8828766563132979,0.0,0.0,-0.4696049507160787
1782096866368219769,0,3.503921602697921,-3.0664301783223347,0.0,0.8828766563132979,0.0,0.0,-0.4696049507160787
1782096866388220355,0,3.503921602697921,-3.0664301783223347,0.0,0.8828766563132979,0.0,0.0,-0.4696049507160787
1782096866408122863,0,3.503921602697921,-3.0664301783223347,0.0,0.8828766563132979,0.0,0.0,-0.4696049507160787
1782096866428215218,0,3.503921602697921,-3.0664301783223347,0.0,0.8828766563132979,0.0,0.0,-0.4696049507160787
1782096866448245811,0,3.503921602697921,-3.0664301783223347,0.0,0.8828766563132979,0.0,0.0,-0.4696049507160787
1782096866468147610,0,3.503921602697921,-3.0664301783223347,0.0,0.8828766563132979,0.0,0.0,-0.4696049507160787
1782096866488130376,0,3.503921602697921,-3.0664301783223347,0.0,0.8828766563132979,0.0,0.0,-0.4696049507160787
1782096866508132121,0,3.503921602697921,-3.0664301783223347,0.0,0.8828766563132979,0.0,0.0,-0.4696049507160787
1782096866528129279,0,3.503921602697921,-3.0664301783223347,0.0,0.8828766563132979,0.0,0.0,-0.4696049507160787
1782096866548128795,0,3.503921602697921,-3.0664301783223347,0.0,0.8828766563132979,0.0,0.0,-0.4696049507160787
1782096866568128461,0,3.503921602697921,-3.0664301783223347,0.0,0.8828766563132979,0.0,0.0,-0.4696049507160787
1782096866588145492,0,3.503921602697921,-3.0664301783223347,0.0,0.8828766563132979,0.0,0.0,-0.4696049507160787
1782096866608135772,0,3.503921602697921,-3.0664301783223347,0.0,0.8828766563132979,0.0,0.0,-0.4696049507160787
1782096866628101036,0,3.503921602697921,-3.0664301783223347,0.0,0.8828766563132979,0.0,0.0,-0.4696049507160787
1782096866648125605,0,3.503921602697921,-3.0664301783223347,0.0,0.8828766563132979,0.0,0.0,-0.4696049507160787
1782096866668168108,0,3.503921602697921,-3.0664301783223347,0.0,0.8828766563132979,0.0,0.0,-0.4696049507160787
1782096866688143849,0,3.503921602697921,-3.0664301783223347,0.0,0.8828766563132979,0.0,0.0,-0.4696049507160787
1782096866708098825,0,3.503921602697921,-3.0664301783223347,0.0,0.8828766563132979,0.0,0.0,-0.4696049507160787
1782096866728148477,0,3.503921602697921,-3.0664301783223347,0.0,0.8828766563132979,0.0,0.0,-0.4696049507160787
1782096866748093158,0,3.503921602697921,-3.0664301783223347,0.0,0.8828766563132979,0.0,0.0,-0.4696049507160787
1782096866768140256,0,3.503921602697921,-3.0664301783223347,0.0,0.8828766563132979,0.0,0.0,-0.4696049507160787
1782096866788126487,0,3.503921602697921,-3.0664301783223347,0.0,0.8828766563132979,0.0,0.0,-0.4696049507160787
1782096866808231709,0,3.503921602697921,-3.0664301783223347,0.0,0.8828766563132979,0.0,0.0,-0.4696049507160787
1782096866828257112,0,3.503921602697921,-3.0664301783223347,0.0,0.8828766563132979,0.0,0.0,-0.4696049507160787
1782096866848099416,0,3.503921602697921,-3.0664301783223347,0.0,0.8828766563132979,0.0,0.0,-0.4696049507160787
1782096866868090574,0,3.503921602697921,-3.0664301783223347,0.0,0.8828766563132979,0.0,0.0,-0.4696049507160787
1782096866888113331,0,3.503921602697921,-3.0664301783223347,0.0,0.8828766563132979,0.0,0.0,-0.4696049507160787
1782096866908166819,0,3.503921602697921,-3.0664301783223347,0.0,0.8828766563132979,0.0,0.0,-0.4696049507160787
1782096866928092502,0,3.503921602697921,-3.0664301783223347,0.0,0.8828766563132979,0.0,0.0,-0.4696049507160787
1782096866948081723,0,3.503921602697921,-3.0664301783223347,0.0,0.8828766563132979,0.0,0.0,-0.4696049507160787
1782096866968091585,0,3.503921602697921,-3.0664301783223347,0.0,0.8828766563132979,0.0,0.0,-0.4696049507160787
1782096866988084277,0,3.503921602697921,-3.0664301783223347,0.0,0.8828766563132979,0.0,0.0,-0.4696049507160787
1782096867008201213,0,3.503921602697921,-3.0664301783223347,0.0,0.8828766563132979,0.0,0.0,-0.4696049507160787
1782096867028128276,0,3.503921602697921,-3.0664301783223347,0.0,0.8828766563132979,0.0,0.0,-0.4696049507160787
1782096867048220887,0,3.503921602697921,-3.0664301783223347,0.0,0.8828766563132979,0.0,0.0,-0.4696049507160787
1782096867068215962,0,3.503921602697921,-3.0664301783223347,0.0,0.8828766563132979,0.0,0.0,-0.4696049507160787
1782096867088126300,0,3.503921602697921,-3.0664301783223347,0.0,0.8828766563132979,0.0,0.0,-0.4696049507160787
1782096867108215274,0,3.503921602697921,-3.0664301783223347,0.0,0.8828766563132979,0.0,0.0,-0.4696049507160787
1782096867128211740,0,3.503921602697921,-3.0664301783223347,0.0,0.8828766563132979,0.0,0.0,-0.4696049507160787
1782096867148125806,0,3.503921602697921,-3.0664301783223347,0.0,0.8828766563132979,0.0,0.0,-0.4696049507160787
1782096867168208365,0,3.503921602697921,-3.0664301783223347,0.0,0.8828766563132979,0.0,0.0,-0.4696049507160787
1782096867188213323,0,3.503921602697921,-3.0664301783223347,0.0,0.8828766563132979,0.0,0.0,-0.4696049507160787
1782096867208217001,0,3.503921602697921,-3.0664301783223347,0.0,0.8828766563132979,0.0,0.0,-0.4696049507160787
1782096867228108760,0,3.503921602697921,-3.0664301783223347,0.0,0.8828766563132979,0.0,0.0,-0.4696049507160787
1782096867248088163,0,3.503921602697921,-3.0664301783223347,0.0,0.8828766563132979,0.0,0.0,-0.4696049507160787
1782096867268085099,0,3.503921602697921,-3.0664301783223347,0.0,0.8828766563132979,0.0,0.0,-0.4696049507160787
1782096867288118149,0,3.503921602697921,-3.0664301783223347,0.0,0.8828766563132979,0.0,0.0,-0.4696049507160787
1782096867308090639,0,3.503921602697921,-3.0664301783223347,0.0,0.8828766563132979,0.0,0.0,-0.4696049507160787
1782096867328175056,0,3.503921602697921,-3.0664301783223347,0.0,0.8828766563132979,0.0,0.0,-0.4696049507160787
1782096867348090179,0,3.503921602697921,-3.0664301783223347,0.0,0.8828766563132979,0.0,0.0,-0.4696049507160787
1782096867368089344,0,3.503921602697921,-3.0664301783223347,0.0,0.8828766563132979,0.0,0.0,-0.4696049507160787
1782096867388185294,0,3.503921602697921,-3.0664301783223347,0.0,0.8828766563132979,0.0,0.0,-0.4696049507160787
1782096867408094301,0,3.503921602697921,-3.0664301783223347,0.0,0.8828766563132979,0.0,0.0,-0.4696049507160787
1782096867428087664,0,3.503921602697921,-3.0664301783223347,0.0,0.8828766563132979,0.0,0.0,-0.4696049507160787
1782096867448088443,0,3.503921602697921,-3.0664301783223347,0.0,0.8828766563132979,0.0,0.0,-0.4696049507160787
1782096867468170793,0,3.503921602697921,-3.0664301783223347,0.0,0.8828766563132979,0.0,0.0,-0.4696049507160787
1782096867488194520,0,3.503921602697921,-3.0664301783223347,0.0,0.8828766563132979,0.0,0.0,-0.4696049507160787
1782096867508093410,0,3.503921602697921,-3.0664301783223347,0.0,0.8828766563132979,0.0,0.0,-0.4696049507160787
1782096867528143462,0,3.503921602697921,-3.0664301783223347,0.0,0.8828766563132979,0.0,0.0,-0.4696049507160787
1782096867548086666,0,3.503921602697921,-3.0664301783223347,0.0,0.8828766563132979,0.0,0.0,-0.4696049507160787
1782096867568139619,0,3.503921602697921,-3.0664301783223347,0.0,0.8828766563132979,0.0,0.0,-0.4696049507160787
1782096867588168400,0,3.503921602697921,-3.0664301783223347,0.0,0.8828766563132979,0.0,0.0,-0.4696049507160787
1782096867608092078,0,3.503921602697921,-3.0664301783223347,0.0,0.8828766563132979,0.0,0.0,-0.4696049507160787
1782096867628126478,0,3.503921602697921,-3.0664301783223347,0.0,0.8828766563132979,0.0,0.0,-0.4696049507160787
1782096867648191843,0,3.503921602697921,-3.0664301783223347,0.0,0.8828766563132979,0.0,0.0,-0.4696049507160787
1782096867668092782,0,3.503921602697921,-3.0664301783223347,0.0,0.8828766563132979,0.0,0.0,-0.4696049507160787
1782096867688160882,0,3.503921602697921,-3.0664301783223347,0.0,0.8828766563132979,0.0,0.0,-0.4696049507160787
1782096867708135372,0,3.503921602697921,-3.0664301783223347,0.0,0.8828766563132979,0.0,0.0,-0.4696049507160787
1782096867728093186,0,3.503921602697921,-3.0664301783223347,0.0,0.8828766563132979,0.0,0.0,-0.4696049507160787
1782096867748086901,0,3.503921602697921,-3.0664301783223347,0.0,0.8828766563132979,0.0,0.0,-0.4696049507160787
1782096867768092272,0,3.503921602697921,-3.0664301783223347,0.0,0.8828766563132979,0.0,0.0,-0.4696049507160787
1782096867788174351,0,3.503921602697921,-3.0664301783223347,0.0,0.8828766563132979,0.0,0.0,-0.4696049507160787
1782096867808197211,0,3.503921602697921,-3.0664301783223347,0.0,0.8828766563132979,0.0,0.0,-0.4696049507160787
1782096867828194733,0,3.503921602697921,-3.0664301783223347,0.0,0.8828766563132979,0.0,0.0,-0.4696049507160787
1782096867848132257,0,3.503921602697921,-3.0664301783223347,0.0,0.8828766563132979,0.0,0.0,-0.4696049507160787
1782096867868140977,0,3.503921602697921,-3.0664301783223347,0.0,0.8828766563132979,0.0,0.0,-0.4696049507160787
1782096867888262878,0,3.503921602697921,-3.0664301783223347,0.0,0.8828766563132979,0.0,0.0,-0.4696049507160787
1782096867908090855,0,3.503921602697921,-3.0664301783223347,0.0,0.8828766563132979,0.0,0.0,-0.4696049507160787
1782096867928216317,0,3.503921602697921,-3.0664301783223347,0.0,0.8828766563132979,0.0,0.0,-0.4696049507160787
1782096867948200998,0,3.503921602697921,-3.0664301783223347,0.0,0.8828766563132979,0.0,0.0,-0.4696049507160787
1782096867968217839,0,3.503921602697921,-3.0664301783223347,0.0,0.8828766563132979,0.0,0.0,-0.4696049507160787
1782096867988105426,0,3.503921602697921,-3.0664301783223347,0.0,0.8828766563132979,0.0,0.0,-0.4696049507160787
1782096868008083134,0,3.503921602697921,-3.0664301783223347,0.0,0.8828766563132979,0.0,0.0,-0.4696049507160787
1782096868028104878,0,3.503921602697921,-3.0664301783223347,0.0,0.8828766563132979,0.0,0.0,-0.4696049507160787
1782096868048148822,0,3.503921602697921,-3.0664301783223347,0.0,0.8828766563132979,0.0,0.0,-0.4696049507160787
1782096868068132419,0,3.503921602697921,-3.0664301783223347,0.0,0.8828766563132979,0.0,0.0,-0.4696049507160787
1782096868088209713,0,3.503921602697921,-3.0664301783223347,0.0,0.8828766563132979,0.0,0.0,-0.4696049507160787
1782096868108087223,0,3.503921602697921,-3.0664301783223347,0.0,0.8828766563132979,0.0,0.0,-0.4696049507160787
1782096868128095910,0,3.503921602697921,-3.0664301783223347,0.0,0.8828766563132979,0.0,0.0,-0.4696049507160787
1782096868148091191,0,3.503921602697921,-3.0664301783223347,0.0,0.8828766563132979,0.0,0.0,-0.4696049507160787
1782096868168090918,0,3.503921602697921,-3.0664301783223347,0.0,0.8828766563132979,0.0,0.0,-0.4696049507160787
1782096868188095349,0,3.503921602697921,-3.0664301783223347,0.0,0.8828766563132979,0.0,0.0,-0.4696049507160787
1782096868208092933,0,3.503921602697921,-3.0664301783223347,0.0,0.8828766563132979,0.0,0.0,-0.4696049507160787
1782096868228100677,0,3.503921602697921,-3.0664301783223347,0.0,0.8828766563132979,0.0,0.0,-0.4696049507160787
1782096868248190409,0,3.503921602697921,-3.0664301783223347,0.0,0.8828766563132979,0.0,0.0,-0.4696049507160787
1782096868268131951,0,3.503921602697921,-3.0664301783223347,0.0,0.8828766563132979,0.0,0.0,-0.4696049507160787
1782096868288197312,0,3.503921602697921,-3.0664301783223347,0.0,0.8828766563132979,0.0,0.0,-0.4696049507160787
1782096868308095440,0,3.503921602697921,-3.0664301783223347,0.0,0.8828766563132979,0.0,0.0,-0.4696049507160787
1782096868328093075,0,3.503921602697921,-3.0664301783223347,0.0,0.8828766563132979,0.0,0.0,-0.4696049507160787
1782096868348123755,0,3.503921602697921,-3.0664301783223347,0.0,0.8828766563132979,0.0,0.0,-0.4696049507160787
1782096868368094847,0,3.503921602697921,-3.0664301783223347,0.0,0.8828766563132979,0.0,0.0,-0.4696049507160787
1782096868388144155,0,3.503921602697921,-3.0664301783223347,0.0,0.8828766563132979,0.0,0.0,-0.4696049507160787
1782096868408158792,0,3.503921602697921,-3.0664301783223347,0.0,0.8828766563132979,0.0,0.0,-0.4696049507160787
1782096868428092147,0,3.503921602697921,-3.0664301783223347,0.0,0.8828766563132979,0.0,0.0,-0.4696049507160787
1782096868448092411,0,3.503921602697921,-3.0664301783223347,0.0,0.8828766563132979,0.0,0.0,-0.4696049507160787
1782096868468095034,0,3.503921602697921,-3.0664301783223347,0.0,0.8828766563132979,0.0,0.0,-0.4696049507160787
1782096868488115558,0,3.503921602697921,-3.0664301783223347,0.0,0.8828766563132979,0.0,0.0,-0.4696049507160787
1782096868508097145,0,3.503921602697921,-3.0664301783223347,0.0,0.8828766563132979,0.0,0.0,-0.4696049507160787
1782096868528092092,0,3.503921602697921,-3.0664301783223347,0.0,0.8828766563132979,0.0,0.0,-0.4696049507160787
1782096868548183947,0,3.503921602697921,-3.0664301783223347,0.0,0.8828766563132979,0.0,0.0,-0.4696049507160787
1782096868568092245,0,3.503921602697921,-3.0664301783223347,0.0,0.8828766563132979,0.0,0.0,-0.4696049507160787
1782096868588134604,0,3.503921602697921,-3.0664301783223347,0.0,0.8828766563132979,0.0,0.0,-0.4696049507160787
1782096868608089885,0,3.503921602697921,-3.0664301783223347,0.0,0.8828766563132979,0.0,0.0,-0.4696049507160787
1782096868628095584,0,3.503921602697921,-3.0664301783223347,0.0,0.8828766563132979,0.0,0.0,-0.4696049507160787
1782096868648137166,0,3.503921602697921,-3.0664301783223347,0.0,0.8828766563132979,0.0,0.0,-0.4696049507160787
1782096868668244557,0,3.503921602697921,-3.0664301783223347,0.0,0.8828766563132979,0.0,0.0,-0.4696049507160787
1782096868688130005,0,3.503921602697921,-3.0664301783223347,0.0,0.8828766563132979,0.0,0.0,-0.4696049507160787
1782096868708227467,0,3.503921602697921,-3.0664301783223347,0.0,0.8828766563132979,0.0,0.0,-0.4696049507160787
1782096868728132467,0,3.503921602697921,-3.0664301783223347,0.0,0.8828766563132979,0.0,0.0,-0.4696049507160787
1782096868748127839,0,3.503921602697921,-3.0664301783223347,0.0,0.8828766563132979,0.0,0.0,-0.4696049507160787
1782096868768203617,0,3.503921602697921,-3.0664301783223347,0.0,0.8828766563132979,0.0,0.0,-0.4696049507160787
1782096868788215292,0,3.503943973445513,-3.066463365945775,0.0,0.8828766563132979,0.0,0.0,-0.4696049507160787
1782096868808121041,0,3.5039884781145565,-3.066529389854533,0.0,0.8828766563132979,0.0,0.0,-0.4696049507160787
1782096868828202664,0,3.5041456207017125,-3.0667625152334987,0.0,0.8828766563132979,0.0,0.0,-0.4696049507160787
1782096868848209546,0,3.5043692745817507,-3.067094311957008,0.0,0.8828766563132979,0.0,0.0,-0.4696049507160787
1782096868868205934,0,3.5046598721342255,-3.0675254214720815,0.0,0.8828766563132979,0.0,0.0,-0.4696049507160787
1782096868888217294,0,3.5050849096140064,-3.0681559763416533,0.0,0.8828766563132979,0.0,0.0,-0.4696049507160787
1782096868908220948,0,3.505733401214532,-3.0691180315862954,0.0,0.8828766563132979,0.0,0.0,-0.4696049507160787
1782096868928206426,0,3.506604718223156,-3.070410654493372,0.0,0.8828766563132979,0.0,0.0,-0.4696049507160787
1782096868948193725,0,3.507632519085619,-3.0719354255303055,0.0,0.8828766563132979,0.0,0.0,-0.4696049507160787
1782096868968204861,0,3.508885247187485,-3.073793882354614,0.0,0.8828766563132979,0.0,0.0,-0.4696049507160787
1782096868988204324,0,3.510405529724456,-3.0760492635913717,0.0,0.8828766563132979,0.0,0.0,-0.4696049507160787
1782096869008143775,0,3.5119212503791593,-3.0782978771494807,0.0,0.8828766563132979,0.0,0.0,-0.4696049507160787
1782096869028200224,0,3.5136588622916127,-3.0808756725321262,0.0,0.8828766563132979,0.0,0.0,-0.4696049507160787
1782096869048094273,0,3.5155825577028006,-3.0837295279373733,0.0,0.8828766563132979,0.0,0.0,-0.4696049507160787
1782096869068096545,0,3.5176955998662036,-3.086864284492108,0.0,0.8828766563132979,0.0,0.0,-0.4696049507160787
1782096869088103904,0,3.520055204558587,-3.090364823385341,0.0,0.8828766563132979,0.0,0.0,-0.4696049507160787
1782096869108150792,0,3.522576341934493,-3.0941050004870507,0.0,0.8828766563132979,0.0,0.0,-0.4696049507160787
1782096869128148669,0,3.5252254476244067,-3.098035022125749,0.0,0.8828766563132979,0.0,0.0,-0.4696049507160787
1782096869148090924,0,3.5280232369230697,-3.1021856200147346,0.0,0.8828766563132979,0.0,0.0,-0.4696049507160787
1782096869168095102,0,3.5308968009131165,-3.1064486317564266,0.0,0.8828766563132979,0.0,0.0,-0.4696049507160787
1782096869188106949,0,3.533860950144347,-3.1108460292115026,0.0,0.8828766563132979,0.0,0.0,-0.4696049507160787
1782096869208094650,0,3.536776835226429,-3.1151718254649885,0.0,0.8828766563132979,0.0,0.0,-0.4696049507160787
1782096869228090596,0,3.5397162763304175,-3.1195325677291907,0.0,0.8828766563132979,0.0,0.0,-0.4696049507160787
1782096869248105691,0,3.542658532372875,-3.123897486032552,0.0,0.8828766563132979,0.0,0.0,-0.4696049507160787
1782096869268203572,0,3.5455455566294054,-3.128180466452244,0.0,0.8828766563132979,0.0,0.0,-0.4696049507160787
1782096869288213838,0,3.5483752567161337,-3.1323784048788528,0.0,0.8828766563132979,0.0,0.0,-0.4696049507160787
1782096869308141015,0,3.551126378154554,-3.1364597697050356,0.0,0.8828766563132979,0.0,0.0,-0.4696049507160787
1782096869328129523,0,3.553841277254006,-3.1404873976884473,0.0,0.8828766563132979,0.0,0.0,-0.4696049507160787
1782096869348199918,0,3.5564775529217725,-3.144398385634062,0.0,0.8828766563132979,0.0,0.0,-0.4696049507160787
1782096869368194993,0,3.559081582962704,-3.1482615362994504,0.0,0.8828766563132979,0.0,0.0,-0.4696049507160787
1782096869388105939,0,3.561630140372853,-3.152042391781158,0.0,0.8828766563132979,0.0,0.0,-0.4696049507160787
1782096869408205853,0,3.564180415839375,-3.1558257960470715,0.0,0.8828766563132979,0.0,0.0,-0.4696049507160787
1782096869428206236,0,3.5667180628206436,-3.1595904656054574,0.0,0.8828766563132979,0.0,0.0,-0.4696049507160787
1782096869448185859,0,3.569364750415118,-3.1635168999326146,0.0,0.8828766563132979,0.0,0.0,-0.4696049507160787
1782096869468209843,0,3.5718830073374415,-3.1672528038016767,0.0,0.8828766563132979,0.0,0.0,-0.4696049507160787
1782096869488139819,0,3.5744785593030644,-3.171103377007618,0.0,0.8828766563132979,0.0,0.0,-0.4696049507160787
1782096869508209560,0,3.5772044917121777,-3.175147373211409,0.0,0.8828766563132979,0.0,0.0,-0.4696049507160787
1782096869528212711,0,3.5798319347824377,-3.179045257754056,0.0,0.8828766563132979,0.0,0.0,-0.4696049507160787
1782096869548214577,0,3.5825486482055053,-3.1830755773367936,0.0,0.8828766563132979,0.0,0.0,-0.4696049507160787
1782096869568194612,0,3.5853740732534396,-3.187267173624997,0.0,0.8828766563132979,0.0,0.0,-0.4696049507160787
1782096869588216510,0,3.5880935074828164,-3.191301529599231,0.0,0.8828766563132979,0.0,0.0,-0.4696049507160787
1782096869608094295,0,3.5908822519931123,-3.195438709294247,0.0,0.8828766563132979,0.0,0.0,-0.4696049507160787
1782096869628086503,0,3.593754096514316,-3.1996991701562894,0.0,0.8828766563132979,0.0,0.0,-0.4696049507160787
1782096869648111903,0,3.5965411646336305,-3.2038338628788643,0.0,0.8828766563132979,0.0,0.0,-0.4696049507160787
1782096869668082758,0,3.5993652915155723,-3.208023533301876,0.0,0.8828766563132979,0.0,0.0,-0.4696049507160787
1782096869688132484,0,3.602155745246109,-3.212163248672455,0.0,0.8828766563132979,0.0,0.0,-0.4696049507160787
1782096869708087248,0,3.6049106753116673,-3.2162502637024626,0.0,0.8828766563132979,0.0,0.0,-0.4696049507160787
1782096869728082072,0,3.6076711360113363,-3.2203454835812972,0.0,0.8828766563132979,0.0,0.0,-0.4696049507160787
1782096869748084141,0,3.6103655169530287,-3.2243426723095836,0.0,0.8828766563132979,0.0,0.0,-0.4696049507160787
1782096869768082490,0,3.6130817526866084,-3.2283722832267414,0.0,0.8828766563132979,0.0,0.0,-0.4696049507160787
1782096869788111812,0,3.615757414227507,-3.232341701205639,0.0,0.8828766563132979,0.0,0.0,-0.4696049507160787
1782096869808093053,0,3.618426652761044,-3.2363015904752834,0.0,0.8828766563132979,0.0,0.0,-0.4696049507160787
1782096869828084631,0,3.6211196205114122,-3.2402966826951007,0.0,0.8828766563132979,0.0,0.0,-0.4696049507160787
1782096869848082506,0,3.6238134364998738,-3.2442930332996123,0.0,0.8828766563132979,0.0,0.0,-0.4696049507160787
1782096869868170310,0,3.6264969104888563,-3.248274041261554,0.0,0.8828766563132979,0.0,0.0,-0.4696049507160787
1782096869888097439,0,3.6291143679584854,-3.2521571118892,0.0,0.8828766563132979,0.0,0.0,-0.4696049507160787
1782096869908083090,0,3.631761854078179,-3.2560847308506236,0.0,0.8828766563132979,0.0,0.0,-0.4696049507160787
1782096869928081668,0,3.63445576476433,-3.2600812219417885,0.0,0.8828766563132979,0.0,0.0,-0.4696049507160787
1782096869948082313,0,3.6371275954243805,-3.2640449567028873,0.0,0.8828766563132979,0.0,0.0,-0.4696049507160787
1782096869968127820,0,3.6398502362989467,-3.2680840698240288,0.0,0.8828766563132979,0.0,0.0,-0.4696049507160787
1782096869988083390,0,3.642605277639876,-3.2721712499341193,0.0,0.8828766563132979,0.0,0.0,-0.4696049507160787
1782096870008081480,0,3.645343833800669,-3.2762339738230373,0.0,0.8828766563132979,0.0,0.0,-0.4696049507160787
1782096870028081678,0,3.648082678632851,-3.280297125963949,0.0,0.8828766563132979,0.0,0.0,-0.4696049507160787
1782096870048082506,0,3.650888685403044,-3.2844599146994624,0.0,0.8828766563132979,0.0,0.0,-0.4696049507160787
1782096870068084669,0,3.6537172396249558,-3.288656153203895,0.0,0.8828766563132979,0.0,0.0,-0.4696049507160787
1782096870088086887,0,3.6565458016245396,-3.2928524032467243,0.0,0.8828766563132979,0.0,0.0,-0.4696049507160787
1782096870108082709,0,3.659418165290302,-3.2971136342740937,0.0,0.8828766563132979,0.0,0.0,-0.4696049507160787
1782096870128081788,0,3.6622686401072686,-3.3013423925882246,0.0,0.8828766563132979,0.0,0.0,-0.4696049507160787
1782096870148081468,0,3.6651192005849493,-3.3055712779824,0.0,0.8828766563132979,0.0,0.0,-0.4696049507160787
1782096870168109753,0,3.6680186168619118,-3.309872642307521,0.0,0.8828766563132979,0.0,0.0,-0.4696049507160787
1782096870188122344,0,3.6709381329958886,-3.3142038253270356,0.0,0.8828766563132979,0.0,0.0,-0.4696049507160787
1782096870208129813,0,3.673834535822162,-3.3185007191146165,0.0,0.8828766563132979,0.0,0.0,-0.4696049507160787
1782096870228228608,0,3.6767666277374973,-3.3228505586539714,0.0,0.8828766563132979,0.0,0.0,-0.4696049507160787
1782096870248124064,0,3.679735778038215,-3.327255375334095,0.0,0.8828766563132979,0.0,0.0,-0.4696049507160787
1782096870268212272,0,3.682733694186708,-3.3317028669458604,0.0,0.8828766563132979,0.0,0.0,-0.4696049507160787
1782096870288221770,0,3.6856974954847095,-3.3360997482323618,0.0,0.8828766563132979,0.0,0.0,-0.4696049507160787
1782096870308135207,0,3.6886693292268875,-3.3405085458721984,0.0,0.8828766563132979,0.0,0.0,-0.4696049507160787
1782096870328090215,0,3.691625059481189,-3.3448934535418995,0.0,0.8828766563132979,0.0,0.0,-0.4696049507160787
1782096870348083430,0,3.6945864489457465,-3.3492867568066997,0.0,0.8828766563132979,0.0,0.0,-0.4696049507160787
1782096870368084083,0,3.6975489401248014,-3.353681694495465,0.0,0.8828766563132979,0.0,0.0,-0.4696049507160787
1782096870388082950,0,3.700533523235989,-3.3581094061772343,0.0,0.8828766563132979,0.0,0.0,-0.4696049507160787
1782096870408106682,0,3.7034994328701183,-3.3625094152387613,0.0,0.8828766563132979,0.0,0.0,-0.4696049507160787
1782096870428081410,0,3.7064357548887967,-3.3668655302535533,0.0,0.8828766563132979,0.0,0.0,-0.4696049507160787
1782096870448082946,0,3.709353658275531,-3.371194320717883,0.0,0.8828766563132979,0.0,0.0,-0.4696049507160787
1782096870468115035,0,3.7122536252426537,-3.3754965020071004,0.0,0.8828766563132979,0.0,0.0,-0.4696049507160787
1782096870488118671,0,3.7151271113753888,-3.379759398245301,0.0,0.8828766563132979,0.0,0.0,-0.4696049507160787
1782096870508094431,0,3.718018923814081,-3.384049482065812,0.0,0.8828766563132979,0.0,0.0,-0.4696049507160787
1782096870528088243,0,3.7208686479239335,-3.388277126685153,0.0,0.8828766563132979,0.0,0.0,-0.4696049507160787
1782096870548083015,0,3.7237408607590945,-3.3925381339511573,0.0,0.8828766563132979,0.0,0.0,-0.4696049507160787
1782096870568105103,0,3.7266841447855166,-3.3969045772971795,0.0,0.8828766563132979,0.0,0.0,-0.4696049507160787
1782096870588083186,0,3.7295986267556165,-3.4012282919951864,0.0,0.8828766563132979,0.0,0.0,-0.4696049507160787
1782096870608082798,0,3.7325386067683892,-3.4055898337455015,0.0,0.8828766563132979,0.0,0.0,-0.4696049507160787
1782096870628081027,0,3.7354560277168565,-3.4099179084992914,0.0,0.8828766563132979,0.0,0.0,-0.4696049507160787
1782096870648202130,0,3.7383913740116865,-3.4142725760007386,0.0,0.8828766563132979,0.0,0.0,-0.4696049507160787
1782096870668130924,0,3.7413209436472767,-3.41861867366825,0.0,0.8828766563132979,0.0,0.0,-0.4696049507160787
1782096870688199066,0,3.744270997697005,-3.4229951605313036,0.0,0.8828766563132979,0.0,0.0,-0.4696049507160787
1782096870708226274,0,3.7471702580608985,-3.4272962935550733,0.0,0.8828766563132979,0.0,0.0,-0.4696049507160787
1782096870728193673,0,3.7500608601104153,-3.431584581729721,0.0,0.8828766563132979,0.0,0.0,-0.4696049507160787
1782096870748209500,0,3.7530255988581436,-3.4359828537488446,0.0,0.8828766563132979,0.0,0.0,-0.4696049507160787
1782096870768092172,0,3.755926161893208,-3.4402859193213575,0.0,0.8828766563132979,0.0,0.0,-0.4696049507160787
1782096870788225947,0,3.758863356829651,-3.444643329333823,0.0,0.8828766563132979,0.0,0.0,-0.4696049507160787
1782096870808202812,0,3.76179999299129,-3.4489999103883906,0.0,0.8828766563132979,0.0,0.0,-0.4696049507160787
1782096870828197631,0,3.7646945645266756,-3.4532940874052342,0.0,0.8828766563132979,0.0,0.0,-0.4696049507160787
1782096870848084077,0,3.7675956781278304,-3.4575979697577863,0.0,0.8828766563132979,0.0,0.0,-0.4696049507160787
1782096870868092568,0,3.770514596137555,-3.461928265443397,0.0,0.8828766563132979,0.0,0.0,-0.4696049507160787
1782096870888225797,0,3.773429204745857,-3.4662521680126956,0.0,0.8828766563132979,0.0,0.0,-0.4696049507160787
1782096870908197718,0,3.77632046142758,-3.4705414273523494,0.0,0.8828766563132979,0.0,0.0,-0.4696049507160787
1782096870928092544,0,3.779178317200606,-3.4747811355191582,0.0,0.8828766563132979,0.0,0.0,-0.4696049507160787
1782096870948082332,0,3.782049814093182,-3.4790410806645133,0.0,0.8828766563132979,0.0,0.0,-0.4696049507160787
1782096870968088590,0,3.7849460416077436,-3.4833377143723054,0.0,0.8828766563132979,0.0,0.0,-0.4696049507160787
1782096870988127430,0,3.7878245847314025,-3.4876081127965697,0.0,0.8828766563132979,0.0,0.0,-0.4696049507160787
1782096871008086297,0,3.7906916398782515,-3.4918614684891547,0.0,0.8828766563132979,0.0,0.0,-0.4696049507160787
1782096871028083482,0,3.793608908523855,-3.4961893172974423,0.0,0.8828766563132979,0.0,0.0,-0.4696049507160787
1782096871048081624,0,3.7964816054534163,-3.500451042730901,0.0,0.8828766563132979,0.0,0.0,-0.4696049507160787
1782096871068105651,0,3.7994027899164236,-3.5047847007627175,0.0,0.8828766563132979,0.0,0.0,-0.4696049507160787
1782096871088088459,0,3.8022956226664357,-3.5090762982433232,0.0,0.8828766563132979,0.0,0.0,-0.4696049507160787
1782096871108081183,0,3.8051898909168864,-3.513370025328564,0.0,0.8828766563132979,0.0,0.0,-0.4696049507160787
1782096871128192393,0,3.8081237939816477,-3.517722551758238,0.0,0.8828766563132979,0.0,0.0,-0.4696049507160787
1782096871148216448,0,3.8110449825294053,-3.5220562158499003,0.0,0.8828766563132979,0.0,0.0,-0.4696049507160787
1782096871168219347,0,3.813918362793422,-3.5263189550289264,0.0,0.8828766563132979,0.0,0.0,-0.4696049507160787
1782096871188205881,0,3.8168564203159745,-3.5306776447117616,0.0,0.8828766563132979,0.0,0.0,-0.4696049507160787
1782096871208117369,0,3.8197834459375075,-3.535019968263986,0.0,0.8828766563132979,0.0,0.0,-0.4696049507160787
1782096871228207967,0,3.822736801060837,-3.5394013523611245,0.0,0.8828766563132979,0.0,0.0,-0.4696049507160787
1782096871248218109,0,3.825633590846846,-3.543698820214176,0.0,0.8828766563132979,0.0,0.0,-0.4696049507160787
1782096871268193373,0,3.8285476615700427,-3.5480219248160227,0.0,0.8828766563132979,0.0,0.0,-0.4696049507160787
1782096871288205336,0,3.831467086088895,-3.552352971921955,0.0,0.8828766563132979,0.0,0.0,-0.4696049507160787
1782096871308144887,0,3.8344205268566407,-3.5567344830749614,0.0,0.8828766563132979,0.0,0.0,-0.4696049507160787
1782096871328204246,0,3.8373917135521447,-3.5611423208031368,0.0,0.8828766563132979,0.0,0.0,-0.4696049507160787
1782096871348234249,0,3.8404033346060524,-3.5656101440215404,0.0,0.8828766563132979,0.0,0.0,-0.4696049507160787
1782096871368220805,0,3.8434307658763407,-3.5701014221336957,0.0,0.8828766563132979,0.0,0.0,-0.4696049507160787
1782096871388221038,0,3.8464826268491032,-3.574628942385869,0.0,0.8828766563132979,0.0,0.0,-0.4696049507160787
1782096871408121988,0,3.849541585116529,-3.57916699167119,0.0,0.8828766563132979,0.0,0.0,-0.4696049507160787
1782096871428226137,0,3.85269919909829,-3.5838513994402876,0.0,0.8828766563132979,0.0,0.0,-0.4696049507160787
1782096871448196339,0,3.8558804238483253,-3.5885708344378364,0.0,0.8828766563132979,0.0,0.0,-0.4696049507160787
1782096871468218117,0,3.8591146287534945,-3.593368866962423,0.0,0.8828766563132979,0.0,0.0,-0.4696049507160787
1782096871488211621,0,3.8623442664364367,-3.598160123886378,0.0,0.8828766563132979,0.0,0.0,-0.4696049507160787
1782096871508127053,0,3.8656169506513445,-3.603015241532368,0.0,0.8828766563132979,0.0,0.0,-0.4696049507160787
1782096871528184912,0,3.8689130397612344,-3.6079050809881053,0.0,0.8828766563132979,0.0,0.0,-0.4696049507160787
1782096871548195126,0,3.8722012994130823,-3.6127833052260416,0.0,0.8828766563132979,0.0,0.0,-0.4696049507160787
1782096871568217093,0,3.8755586373158275,-3.617764008961808,0.0,0.8828766563132979,0.0,0.0,-0.4696049507160787
1782096871588214301,0,3.8789118235620874,-3.6227385536002354,0.0,0.8828766563132979,0.0,0.0,-0.4696049507160787
1782096871608121053,0,3.8822720950683527,-3.6277236094180565,0.0,0.8828766563132979,0.0,0.0,-0.4696049507160787
1782096871628207888,0,3.885662764691477,-3.6327537616838934,0.0,0.8828766563132979,0.0,0.0,-0.4696049507160787
1782096871648221534,0,3.8890187073063016,-3.6377323954714025,0.0,0.8828766563132979,0.0,0.0,-0.4696049507160787
1782096871668136706,0,3.892380400113546,-3.6427195598285667,0.0,0.8828766563132979,0.0,0.0,-0.4696049507160787
1782096871688218457,0,3.895747762760073,-3.647715135549301,0.0,0.8828766563132979,0.0,0.0,-0.4696049507160787
1782096871708088477,0,3.8991018338830203,-3.6526909929267926,0.0,0.8828766563132979,0.0,0.0,-0.4696049507160787
1782096871728128998,0,3.902507088713995,-3.6577427827523024,0.0,0.8828766563132979,0.0,0.0,-0.4696049507160787
1782096871748211938,0,3.905897100858817,-3.662771959630875,0.0,0.8828766563132979,0.0,0.0,-0.4696049507160787
1782096871768190170,0,3.9093141050440723,-3.6678411799487676,0.0,0.8828766563132979,0.0,0.0,-0.4696049507160787
1782096871788217841,0,3.9127619537697695,-3.6729561589964255,0.0,0.8828766563132979,0.0,0.0,-0.4696049507160787
1782096871808214496,0,3.916182108957977,-3.678030053914456,0.0,0.8828766563132979,0.0,0.0,-0.4696049507160787
1782096871828210779,0,3.919646907691347,-3.6831701787678095,0.0,0.8828766563132979,0.0,0.0,-0.4696049507160787
1782096871848163605,0,3.923126481542691,-3.688332222917754,0.0,0.8828766563132979,0.0,0.0,-0.4696049507160787
1782096871868193921,0,3.9266867434346926,-3.6936139700100834,0.0,0.8828766563132979,0.0,0.0,-0.4696049507160787
1782096871888131729,0,3.9302528508320984,-3.698904389071538,0.0,0.8828766563132979,0.0,0.0,-0.4696049507160787
1782096871908116713,0,3.9338720781110377,-3.7042736129480036,0.0,0.8828766563132979,0.0,0.0,-0.4696049507160787
1782096871928202182,0,3.9375095029553604,-3.709669833416578,0.0,0.8828766563132979,0.0,0.0,-0.4696049507160787
1782096871948125567,0,3.941117574819752,-3.715022507926704,0.0,0.8828766563132979,0.0,0.0,-0.4696049507160787
1782096871968208274,0,3.944776949670856,-3.720451291838074,0.0,0.8828766563132979,0.0,0.0,-0.4696049507160787
1782096871988190954,0,3.9483957597015324,-3.725819896715208,0.0,0.8828766563132979,0.0,0.0,-0.4696049507160787
1782096872008126139,0,3.9520059685144444,-3.731175741447623,0.0,0.8828766563132979,0.0,0.0,-0.4696049507160787
1782096872028203562,0,3.955664380540333,-3.7366030969811326,0.0,0.8828766563132979,0.0,0.0,-0.4696049507160787
1782096872048088816,0,3.959221088047433,-3.741879571045048,0.0,0.8828766563132979,0.0,0.0,-0.4696049507160787
1782096872068188048,0,3.962816067992942,-3.7472128233310253,0.0,0.8828766563132979,0.0,0.0,-0.4696049507160787
1782096872088122289,0,3.9664038216205695,-3.7525353551743446,0.0,0.8828766563132979,0.0,0.0,-0.4696049507160787
1782096872108196044,0,3.969971804519889,-3.7578285565948,0.0,0.8828766563132979,0.0,0.0,-0.4696049507160787
1782096872128121714,0,3.9734911919316547,-3.7630496652639756,0.0,0.8828766563132979,0.0,0.0,-0.4696049507160787
1782096872148190437,0,3.977035846194032,-3.768308258005628,0.0,0.8828766563132979,0.0,0.0,-0.4696049507160787
1782096872168086878,0,3.9805278290370056,-3.77348871123824,0.0,0.8828766563132979,0.0,0.0,-0.4696049507160787
1782096872188194813,0,3.9840569307506053,-3.778724231343158,0.0,0.8828766563132979,0.0,0.0,-0.4696049507160787
1782096872208209115,0,3.987547225403209,-3.7839021800986017,0.0,0.8828766563132979,0.0,0.0,-0.4696049507160787
1782096872228124472,0,3.99102026503465,-3.789054530552416,0.0,0.8828766563132979,0.0,0.0,-0.4696049507160787
1782096872248196649,0,3.994543090936282,-3.7942807403165246,0.0,0.8828766563132979,0.0,0.0,-0.4696049507160787
1782096872268158841,0,3.99804661360007,-3.799478313192821,0.0,0.8828766563132979,0.0,0.0,-0.4696049507160787
1782096872288209703,0,4.001565698550531,-3.8046989731522873,0.0,0.8828766563132979,0.0,0.0,-0.4696049507160787
1782096872308134471,0,4.005040379366511,-3.8098537583488024,0.0,0.8828766563132979,0.0,0.0,-0.4696049507160787
1782096872328134609,0,4.008528203958781,-3.8150280427013583,0.0,0.8828766563132979,0.0,0.0,-0.4696049507160787
1782096872348214878,0,4.012007555126049,-3.820189756493304,0.0,0.8828766563132979,0.0,0.0,-0.4696049507160787
1782096872368205859,0,4.015471435170534,-3.8253285184462604,0.0,0.8828766563132979,0.0,0.0,-0.4696049507160787
1782096872388187427,0,4.018978358475655,-3.8305311362681205,0.0,0.8828766563132979,0.0,0.0,-0.4696049507160787
1782096872408206380,0,4.022469464216256,-3.835710288295091,0.0,0.8828766563132979,0.0,0.0,-0.4696049507160787
1782096872428211662,0,4.025913458580403,-3.840819549290664,0.0,0.8828766563132979,0.0,0.0,-0.4696049507160787
1782096872448203789,0,4.029310490376547,-3.845859140016328,0.0,0.8828766563132979,0.0,0.0,-0.4696049507160787
1782096872468283278,0,4.032699919990536,-3.8508874526942694,0.0,0.8828766563132979,0.0,0.0,-0.4696049507160787
1782096872488133198,0,4.036028408584206,-3.8558253576812596,0.0,0.8828766563132979,0.0,0.0,-0.4696049507160787
1782096872508211631,0,4.0393503240199475,-3.860753511206443,0.0,0.8828766563132979,0.0,0.0,-0.4696049507160787
1782096872528195096,0,4.042634188033782,-3.8656252143936753,0.0,0.8828766563132979,0.0,0.0,-0.4696049507160787
1782096872548189705,0,4.0458640042121825,-3.8704167361205832,0.0,0.8828766563132979,0.0,0.0,-0.4696049507160787
1782096872568199081,0,4.0490738375464925,-3.8751786127450116,0.0,0.8828766563132979,0.0,0.0,-0.4696049507160787
1782096872588199800,0,4.052259923611176,-3.879905259637455,0.0,0.8828766563132979,0.0,0.0,-0.4696049507160787
1782096872608197119,0,4.055445468060716,-3.8846311030288194,0.0,0.8828766563132979,0.0,0.0,-0.4696049507160787
1782096872628196012,0,4.058541837567235,-3.8892246529231556,0.0,0.8828766563132979,0.0,0.0,-0.4696049507160787
1782096872648208294,0,4.061685022660539,-3.893887655036703,0.0,0.8828766563132979,0.0,0.0,-0.4696049507160787
1782096872668123183,0,4.064790648672007,-3.89849493721244,0.0,0.8828766563132979,0.0,0.0,-0.4696049507160787
1782096872688196849,0,4.067943474908359,-3.903172242228663,0.0,0.8828766563132979,0.0,0.0,-0.4696049507160787
1782096872708197839,0,4.071107245295737,-3.907865783195932,0.0,0.8828766563132979,0.0,0.0,-0.4696049507160787
1782096872728127869,0,4.074237511659399,-3.9125096200164022,0.0,0.8828766563132979,0.0,0.0,-0.4696049507160787
1782096872748124017,0,4.077422869570297,-3.9172351866725363,0.0,0.8828766563132979,0.0,0.0,-0.4696049507160787
1782096872768087551,0,4.080536081522991,-3.9218537228021044,0.0,0.8828766563132979,0.0,0.0,-0.4696049507160787
1782096872788193409,0,4.083671488182203,-3.926505185393301,0.0,0.8828766563132979,0.0,0.0,-0.4696049507160787
1782096872808210894,0,4.086681227085995,-3.9309702163898996,0.0,0.8828766563132979,0.0,0.0,-0.4696049507160787
1782096872828205538,0,4.0896428282136394,-3.935363833662746,0.0,0.8828766563132979,0.0,0.0,-0.4696049507160787
1782096872848167880,0,4.0924880668948145,-3.9395848240244535,0.0,0.8828766563132979,0.0,0.0,-0.4696049507160787
1782096872868232472,0,4.095190870004226,-3.943594507271724,0.0,0.8828766563132979,0.0,0.0,-0.4696049507160787
1782096872888133099,0,4.097693613299535,-3.9473073962455696,0.0,0.8828766563132979,0.0,0.0,-0.4696049507160787
1782096872908231006,0,4.100063896936883,-3.9508237776493327,0.0,0.8828766563132979,0.0,0.0,-0.4696049507160787
1782096872928134673,0,4.1022332724450745,-3.9540421062808107,0.0,0.8828766563132979,0.0,0.0,-0.4696049507160787
1782096872948212542,0,4.104286966483086,-3.9570888182483155,0.0,0.8828766563132979,0.0,0.0,-0.4696049507160787
1782096872968194853,0,4.1061298450353,-3.959822779605646,0.0,0.8828766563132979,0.0,0.0,-0.4696049507160787
1782096872988205905,0,4.107796413810513,-3.9622951805271778,0.0,0.8828766563132979,0.0,0.0,-0.4696049507160787
1782096873008141789,0,4.109289577249468,-3.9645103298311546,0.0,0.8828766563132979,0.0,0.0,-0.4696049507160787
1782096873028087936,0,4.1105382369393,-3.9663627510535693,0.0,0.8828766563132979,0.0,0.0,-0.4696049507160787
1782096873048204239,0,4.1114827206866185,-3.96776391884331,0.0,0.8828766563132979,0.0,0.0,-0.4696049507160787
1782096873068128039,0,4.112128623527697,-3.968722133591631,0.0,0.8828766563132979,0.0,0.0,-0.4696049507160787
1782096873088199053,0,4.112487616835791,-3.969254710103882,0.0,0.8828766563132979,0.0,0.0,-0.4696049507160787
1782096873108214358,0,4.112599490855528,-3.969420678309701,0.0,0.8828766563132979,0.0,0.0,-0.4696049507160787
1782096873128202163,0,4.112465426478666,-3.9692217900946836,0.0,0.8828766563132979,0.0,0.0,-0.4696049507160787
1782096873148137040,0,4.112153437936074,-3.9687589464534923,0.0,0.8828766563132979,0.0,0.0,-0.4696049507160787
1782096873168128248,0,4.111751176351392,-3.9681621802548928,0.0,0.8828766563132979,0.0,0.0,-0.4696049507160787
1782096873188206119,0,4.111302281440922,-3.9674962322263307,0.0,0.8828766563132979,0.0,0.0,-0.4696049507160787
1782096873208196265,0,4.110855347859223,-3.9668331938833012,0.0,0.8828766563132979,0.0,0.0,-0.4696049507160787
1782096873228089904,0,4.110477288308731,-3.96627233207252,0.0,0.8828766563132979,0.0,0.0,-0.4696049507160787
1782096873248203033,0,4.110117541725151,-3.965738638055203,0.0,0.8828766563132979,0.0,0.0,-0.4696049507160787
1782096873268328635,0,4.109802568262479,-3.9652713662024186,0.0,0.8828766563132979,0.0,0.0,-0.4696049507160787
1782096873288124482,0,4.109559144031165,-3.9649102396154112,0.0,0.8828766563132979,0.0,0.0,-0.4696049507160787
1782096873308097137,0,4.109425181270014,-3.9647115021501356,0.0,0.8828766563132979,0.0,0.0,-0.4696049507160787
1782096873328135980,0,4.109380379033444,-3.9646450367917185,0.0,0.8828766563132979,0.0,0.0,-0.4696049507160787
1782096873348133725,0,4.109380379033444,-3.9646450367917185,0.0,0.8828766563132979,0.0,0.0,-0.4696049507160787
1782096873368202317,0,4.109425247781912,-3.964711600822397,0.0,0.8828766563132979,0.0,0.0,-0.4696049507160787
1782096873388128184,0,4.109514347078422,-3.9648437820957283,0.0,0.8828766563132979,0.0,0.0,-0.4696049507160787
1782096873408193844,0,4.109604071464814,-3.9649768907072214,0.0,0.8828766563132979,0.0,0.0,-0.4696049507160787
1782096873428225663,0,4.109671251260993,-3.9650765537948973,0.0,0.8828766563132979,0.0,0.0,-0.4696049507160787
1782096873448199107,0,4.109760563299931,-3.9652090506775095,0.0,0.8828766563132979,0.0,0.0,-0.4696049507160787
1782096873468143425,0,4.109827449648,-3.965308278426798,0.0,0.8828766563132979,0.0,0.0,-0.4696049507160787
1782096873488141158,0,4.109849804810041,-3.965341442928645,0.0,0.8828766563132979,0.0,0.0,-0.4696049507160787
1782096873508212813,0,4.109872242608363,-3.9653747300236986,0.0,0.8828766563132979,0.0,0.0,-0.4696049507160787
1782096873528128458,0,4.109872242608363,-3.9653747300236986,0.0,0.8828766563132979,0.0,0.0,-0.4696049507160787
1782096873548190641,0,4.109872242608363,-3.9653747300236986,0.0,0.8828766563132979,0.0,0.0,-0.4696049507160787
1782096873568086775,0,4.109872242608363,-3.9653747300236986,0.0,0.8828766563132979,0.0,0.0,-0.4696049507160787
1782096873588264744,0,4.109872242608363,-3.9653747300236986,0.0,0.8828766563132979,0.0,0.0,-0.4696049507160787
1782096873608188468,0,4.109872242608363,-3.9653747300236986,0.0,0.8828766563132979,0.0,0.0,-0.4696049507160787
1782096873628192332,0,4.109872242608363,-3.9653747300236986,0.0,0.8828766563132979,0.0,0.0,-0.4696049507160787
1782096873648187651,0,4.109872242608363,-3.9653747300236986,0.0,0.8828766563132979,0.0,0.0,-0.4696049507160787
1782096873668086443,0,4.109872242608363,-3.9653747300236986,0.0,0.8828766563132979,0.0,0.0,-0.4696049507160787
1782096873688136904,0,4.109872242608363,-3.9653747300236986,0.0,0.8828766563132979,0.0,0.0,-0.4696049507160787
1782096873708095191,0,4.109872242608363,-3.9653747300236986,0.0,0.8828766563132979,0.0,0.0,-0.4696049507160787
1782096873728197583,0,4.109872242608363,-3.9653747300236986,0.0,0.8828766563132979,0.0,0.0,-0.4696049507160787
1782096873748087748,0,4.109872242608363,-3.9653747300236986,0.0,0.8828766563132979,0.0,0.0,-0.4696049507160787
1782096873768086094,0,4.109872242608363,-3.9653747300236986,0.0,0.8828766563132979,0.0,0.0,-0.4696049507160787
1782096873788091471,0,4.109872242608363,-3.9653747300236986,0.0,0.8828766563132979,0.0,0.0,-0.4696049507160787
1782096873808088970,0,4.109872242608363,-3.9653747300236986,0.0,0.8828766563132979,0.0,0.0,-0.4696049507160787
1782096873828088173,0,4.109872242608363,-3.9653747300236986,0.0,0.8828766563132979,0.0,0.0,-0.4696049507160787
1782096873848088931,0,4.109872242608363,-3.9653747300236986,0.0,0.8828766563132979,0.0,0.0,-0.4696049507160787
1782096873868087438,0,4.1098498865810935,-3.9653415642382384,0.0,0.8828766563132979,0.0,0.0,-0.4696049507160787
1782096873888126294,0,4.10978268318525,-3.9652418661398037,0.0,0.8828766563132979,0.0,0.0,-0.4696049507160787
1782096873908208690,0,4.109670434165482,-3.9650753416110684,0.0,0.8828766563132979,0.0,0.0,-0.4696049507160787
1782096873928197724,0,4.109514016105164,-3.9648432910877474,0.0,0.8828766563132979,0.0,0.0,-0.4696049507160787
1782096873948207948,0,4.109290324865411,-3.964511438940075,0.0,0.8828766563132979,0.0,0.0,-0.4696049507160787
1782096873968213566,0,4.1089995931779395,-3.9640801304320195,0.0,0.8828766563132979,0.0,0.0,-0.4696049507160787
1782096873988207268,0,4.108574930750725,-3.963450131963302,0.0,0.8828766563132979,0.0,0.0,-0.4696049507160787
1782096874008205895,0,4.108083095225352,-3.962720480343609,0.0,0.8828766563132979,0.0,0.0,-0.4696049507160787
1782096874028196283,0,4.107524421464214,-3.961891672350546,0.0,0.8828766563132979,0.0,0.0,-0.4696049507160787
1782096874048200723,0,4.106965354990139,-3.9610622817569907,0.0,0.8828766563132979,0.0,0.0,-0.4696049507160787
1782096874068266883,0,4.1062924053708745,-3.960063942364369,0.0,0.8828766563132979,0.0,0.0,-0.4696049507160787
1782096874088122774,0,4.105559917641967,-3.9589772765376074,0.0,0.8828766563132979,0.0,0.0,-0.4696049507160787
1782096874108089847,0,4.104778686606602,-3.957818298666147,0.0,0.8828766563132979,0.0,0.0,-0.4696049507160787
1782096874128200356,0,4.1039468810286035,-3.9565842920603855,0.0,0.8828766563132979,0.0,0.0,-0.4696049507160787
1782096874148198819,0,4.1030973539287015,-3.9553239950861996,0.0,0.8828766563132979,0.0,0.0,-0.4696049507160787
1782096874168128724,0,4.102250739146546,-3.954068018616048,0.0,0.8828766563132979,0.0,0.0,-0.4696049507160787
1782096874188103294,0,4.101402227012178,-3.9528092273713678,0.0,0.8828766563132979,0.0,0.0,-0.4696049507160787
1782096874208189909,0,4.10059386429783,-3.9516099989029096,0.0,0.8828766563132979,0.0,0.0,-0.4696049507160787
1782096874228093238,0,4.099792877717709,-3.9504217131338115,0.0,0.8828766563132979,0.0,0.0,-0.4696049507160787
1782096874248124946,0,4.099009117775482,-3.949258983558994,0.0,0.8828766563132979,0.0,0.0,-0.4696049507160787
1782096874268128339,0,4.098226465685004,-3.948097897512921,0.0,0.8828766563132979,0.0,0.0,-0.4696049507160787
1782096874288101146,0,4.097511992160483,-3.947037956257151,0.0,0.8828766563132979,0.0,0.0,-0.4696049507160787
1782096874308123176,0,4.096840522508815,-3.946041812437444,0.0,0.8828766563132979,0.0,0.0,-0.4696049507160787
1782096874328136484,0,4.096214090472598,-3.945112483167239,0.0,0.8828766563132979,0.0,0.0,-0.4696049507160787
1782096874348140615,0,4.095587945683585,-3.9441835800362113,0.0,0.8828766563132979,0.0,0.0,-0.4696049507160787
1782096874368090329,0,4.094963504188806,-3.943257203789352,0.0,0.8828766563132979,0.0,0.0,-0.4696049507160787
1782096874388093345,0,4.0943597553705775,-3.9423615257010947,0.0,0.8828766563132979,0.0,0.0,-0.4696049507160787
1782096874408084794,0,4.093778703817678,-3.9414995196343905,0.0,0.8828766563132979,0.0,0.0,-0.4696049507160787
1782096874428094766,0,4.09315237620085,-3.940570345273231,0.0,0.8828766563132979,0.0,0.0,-0.4696049507160787
1782096874448093482,0,4.092481688420124,-3.9395753613807183,0.0,0.8828766563132979,0.0,0.0,-0.4696049507160787
1782096874468121983,0,4.091810001753499,-3.9385788956132983,0.0,0.8828766563132979,0.0,0.0,-0.4696049507160787
1782096874488206006,0,4.091158904697922,-3.9376129751039435,0.0,0.8828766563132979,0.0,0.0,-0.4696049507160787
1782096874508114920,0,4.090446716773874,-3.9365564245997375,0.0,0.8828766563132979,0.0,0.0,-0.4696049507160787
1782096874528124474,0,4.089730928724135,-3.9354945332093982,0.0,0.8828766563132979,0.0,0.0,-0.4696049507160787
1782096874548121674,0,4.089015582605564,-3.934433297436184,0.0,0.8828766563132979,0.0,0.0,-0.4696049507160787
1782096874568200696,0,4.08822997145734,-3.9332678215460137,0.0,0.8828766563132979,0.0,0.0,-0.4696049507160787
1782096874588193737,0,4.087447724398869,-3.932107336376134,0.0,0.8828766563132979,0.0,0.0,-0.4696049507160787
1782096874608124356,0,4.086623359383685,-3.9308843680513106,0.0,0.8828766563132979,0.0,0.0,-0.4696049507160787
1782096874628084005,0,4.085730855905522,-3.9295603144300517,0.0,0.8828766563132979,0.0,0.0,-0.4696049507160787
1782096874648124729,0,4.084812323861781,-3.9281976467111135,0.0,0.8828766563132979,0.0,0.0,-0.4696049507160787
1782096874668213259,0,4.08382423075855,-3.926731783234405,0.0,0.8828766563132979,0.0,0.0,-0.4696049507160787
1782096874688148656,0,4.082799098837013,-3.9252109716452366,0.0,0.8828766563132979,0.0,0.0,-0.4696049507160787
1782096874708131521,0,4.081749187480474,-3.923653399078153,0.0,0.8828766563132979,0.0,0.0,-0.4696049507160787
1782096874728218168,0,4.080671368755164,-3.9220544251568223,0.0,0.8828766563132979,0.0,0.0,-0.4696049507160787
1782096874748246141,0,4.079551920447903,-3.9203936925980343,0.0,0.8828766563132979,0.0,0.0,-0.4696049507160787
1782096874768196779,0,4.07841449224531,-3.9187062863666777,0.0,0.8828766563132979,0.0,0.0,-0.4696049507160787
1782096874788252750,0,4.07724863847511,-3.916976710018749,0.0,0.8828766563132979,0.0,0.0,-0.4696049507160787
1782096874808221920,0,4.07606550725488,-3.9152215020953363,0.0,0.8828766563132979,0.0,0.0,-0.4696049507160787
1782096874828087818,0,4.074844079106372,-3.9134094796184438,0.0,0.8828766563132979,0.0,0.0,-0.4696049507160787
1782096874848089977,0,4.073591912978609,-3.911551856498272,0.0,0.8828766563132979,0.0,0.0,-0.4696049507160787
1782096874868162841,0,4.072312881497686,-3.9096543778828674,0.0,0.8828766563132979,0.0,0.0,-0.4696049507160787
1782096874888205936,0,4.071035746880531,-3.9077597133173625,0.0,0.8828766563132979,0.0,0.0,-0.4696049507160787
1782096874908094384,0,4.0697462333271,-3.9058466842571593,0.0,0.8828766563132979,0.0,0.0,-0.4696049507160787
1782096874928210473,0,4.068374497681637,-3.9038116764468778,0.0,0.8828766563132979,0.0,0.0,-0.4696049507160787
1782096874948195316,0,4.066944689521447,-3.90169051645312,0.0,0.8828766563132979,0.0,0.0,-0.4696049507160787
1782096874968235483,0,4.065488520750479,-3.8995302497633832,0.0,0.8828766563132979,0.0,0.0,-0.4696049507160787
1782096874988102925,0,4.063978273944004,-3.897289756810689,0.0,0.8828766563132979,0.0,0.0,-0.4696049507160787
1782096875008088525,0,4.062414362099711,-3.8949696502885245,0.0,0.8828766563132979,0.0,0.0,-0.4696049507160787
1782096875028203257,0,4.060795373598369,-3.8925678360206795,0.0,0.8828766563132979,0.0,0.0,-0.4696049507160787
1782096875048129078,0,4.059158177883619,-3.8901390108476153,0.0,0.8828766563132979,0.0,0.0,-0.4696049507160787
1782096875068122198,0,4.057515452578182,-3.887701982373659,0.0,0.8828766563132979,0.0,0.0,-0.4696049507160787
1782096875088140574,0,4.055926597665691,-3.885344872119203,0.0,0.8828766563132979,0.0,0.0,-0.4696049507160787
1782096875108133443,0,4.054317417636854,-3.8829576089918905,0.0,0.8828766563132979,0.0,0.0,-0.4696049507160787
1782096875128140505,0,4.05267354679353,-3.8805188810807834,0.0,0.8828766563132979,0.0,0.0,-0.4696049507160787
1782096875148124456,0,4.051087424187118,-3.8781658242780437,0.0,0.8828766563132979,0.0,0.0,-0.4696049507160787
1782096875168084616,0,4.049592442517513,-3.8759479775785333,0.0,0.8828766563132979,0.0,0.0,-0.4696049507160787
1782096875188124981,0,4.048069050767237,-3.8736879837377614,0.0,0.8828766563132979,0.0,0.0,-0.4696049507160787
1782096875208081713,0,4.046507397899772,-3.8713712284702484,0.0,0.8828766563132979,0.0,0.0,-0.4696049507160787
1782096875228087574,0,4.045008993303833,-3.869148303764749,0.0,0.8828766563132979,0.0,0.0,-0.4696049507160787
1782096875248086831,0,4.0435781538993805,-3.8670256138915593,0.0,0.8828766563132979,0.0,0.0,-0.4696049507160787
1782096875268095392,0,4.042079547078076,-3.8648023891791428,0.0,0.8828766563132979,0.0,0.0,-0.4696049507160787
1782096875288149131,0,4.040622392131558,-3.8626406594706775,0.0,0.8828766563132979,0.0,0.0,-0.4696049507160787
1782096875308107538,0,4.039172164247146,-3.860489206250637,0.0,0.8828766563132979,0.0,0.0,-0.4696049507160787
1782096875328204603,0,4.037711861124864,-3.8583228061362607,0.0,0.8828766563132979,0.0,0.0,-0.4696049507160787
1782096875348196338,0,4.036303908380303,-3.8562340692566965,0.0,0.8828766563132979,0.0,0.0,-0.4696049507160787
1782096875368199148,0,4.034917536541373,-3.8541773482481623,0.0,0.8828766563132979,0.0,0.0,-0.4696049507160787
1782096875388208090,0,4.033486004227191,-3.852053630424217,0.0,0.8828766563132979,0.0,0.0,-0.4696049507160787
1782096875408129293,0,4.032083018821526,-3.849972262729444,0.0,0.8828766563132979,0.0,0.0,-0.4696049507160787
1782096875428215504,0,4.03062350437809,-3.847807032641979,0.0,0.8828766563132979,0.0,0.0,-0.4696049507160787
1782096875448196370,0,4.029171644566427,-3.8456531584126874,0.0,0.8828766563132979,0.0,0.0,-0.4696049507160787
1782096875468135084,0,4.027700558395042,-3.8434707613464236,0.0,0.8828766563132979,0.0,0.0,-0.4696049507160787
1782096875488127488,0,4.0261584633736565,-3.841183020685095,0.0,0.8828766563132979,0.0,0.0,-0.4696049507160787
1782096875508200222,0,4.024610172174301,-3.8388860878221975,0.0,0.8828766563132979,0.0,0.0,-0.4696049507160787
1782096875528219620,0,4.023065994996459,-3.836595258224118,0.0,0.8828766563132979,0.0,0.0,-0.4696049507160787
1782096875548191847,0,4.021480802921824,-3.834243581891037,0.0,0.8828766563132979,0.0,0.0,-0.4696049507160787
1782096875568092340,0,4.019945797367798,-3.83196635865082,0.0,0.8828766563132979,0.0,0.0,-0.4696049507160787
1782096875588083558,0,4.0183590979808965,-3.829612446178252,0.0,0.8828766563132979,0.0,0.0,-0.4696049507160787
1782096875608087957,0,4.016793715078501,-3.8272901573006624,0.0,0.8828766563132979,0.0,0.0,-0.4696049507160787
1782096875628197555,0,4.015265060500878,-3.8250223559097996,0.0,0.8828766563132979,0.0,0.0,-0.4696049507160787
1782096875648217555,0,4.013676076691796,-3.8226650544336827,0.0,0.8828766563132979,0.0,0.0,-0.4696049507160787
1782096875668193860,0,4.012157554537234,-3.820412284772974,0.0,0.8828766563132979,0.0,0.0,-0.4696049507160787
1782096875688211455,0,4.0105911390223365,-3.818088463986127,0.0,0.8828766563132979,0.0,0.0,-0.4696049507160787
1782096875708203793,0,4.009049049091795,-3.81580073087721,0.0,0.8828766563132979,0.0,0.0,-0.4696049507160787
1782096875728200081,0,4.007506654481771,-3.8135125457678476,0.0,0.8828766563132979,0.0,0.0,-0.4696049507160787
1782096875748201295,0,4.0059862388404905,-3.8112569670671603,0.0,0.8828766563132979,0.0,0.0,-0.4696049507160787
1782096875768236129,0,4.004396077659484,-3.8088979189272076,0.0,0.8828766563132979,0.0,0.0,-0.4696049507160787
1782096875788255987,0,4.002851864999981,-3.806607036691101,0.0,0.8828766563132979,0.0,0.0,-0.4696049507160787
1782096875808204065,0,4.001268589627147,-3.8042582038382,0.0,0.8828766563132979,0.0,0.0,-0.4696049507160787
1782096875828216296,0,3.999624294075374,-3.8018188458603386,0.0,0.8828766563132979,0.0,0.0,-0.4696049507160787
1782096875848199218,0,3.9979824066838083,-3.799383060454813,0.0,0.8828766563132979,0.0,0.0,-0.4696049507160787
1782096875868129500,0,3.99630028499172,-3.796887586350477,0.0,0.8828766563132979,0.0,0.0,-0.4696049507160787
1782096875888102659,0,3.9945922167328347,-3.7943536197958916,0.0,0.8828766563132979,0.0,0.0,-0.4696049507160787
1782096875908091237,0,3.992815795119497,-3.7917182491474377,0.0,0.8828766563132979,0.0,0.0,-0.4696049507160787
1782096875928127957,0,3.9910350950382685,-3.7890765312733943,0.0,0.8828766563132979,0.0,0.0,-0.4696049507160787
1782096875948086034,0,3.9891944514787254,-3.786345885589586,0.0,0.8828766563132979,0.0,0.0,-0.4696049507160787
1782096875968087975,0,3.9873050428859,-3.783542895628711,0.0,0.8828766563132979,0.0,0.0,-0.4696049507160787
1782096875988091778,0,3.9853930964143554,-3.780706470100721,0.0,0.8828766563132979,0.0,0.0,-0.4696049507160787
1782096876008082126,0,3.9834153952747005,-3.7777724957020076,0.0,0.8828766563132979,0.0,0.0,-0.4696049507160787
1782096876028087170,0,3.981346786868602,-3.774703657856502,0.0,0.8828766563132979,0.0,0.0,-0.4696049507160787
1782096876048087431,0,3.9792339571474495,-3.7715692164657333,0.0,0.8828766563132979,0.0,0.0,-0.4696049507160787
1782096876068087669,0,3.9770987718494406,-3.768401609957708,0.0,0.8828766563132979,0.0,0.0,-0.4696049507160787
1782096876088088011,0,3.9749188593694824,-3.7651676494368735,0.0,0.8828766563132979,0.0,0.0,-0.4696049507160787
1782096876108120814,0,3.9726682256113395,-3.76182877194174,0.0,0.8828766563132979,0.0,0.0,-0.4696049507160787
1782096876128102283,0,3.9704456961206787,-3.758531587905567,0.0,0.8828766563132979,0.0,0.0,-0.4696049507160787
1782096876148082795,0,3.9682232730766827,-3.7552345617859717,0.0,0.8828766563132979,0.0,0.0,-0.4696049507160787
1782096876168091486,0,3.965975348239556,-3.751899703050172,0.0,0.8828766563132979,0.0,0.0,-0.4696049507160787
1782096876188093922,0,3.9637281261355546,-3.748565886838413,0.0,0.8828766563132979,0.0,0.0,-0.4696049507160787
1782096876208087667,0,3.961526581939285,-3.745299835067495,0.0,0.8828766563132979,0.0,0.0,-0.4696049507160787
1782096876228084958,0,3.9593470019992867,-3.742066367878907,0.0,0.8828766563132979,0.0,0.0,-0.4696049507160787
1782096876248084120,0,3.9571001477207353,-3.7387330973464095,0.0,0.8828766563132979,0.0,0.0,-0.4696049507160787
1782096876268091759,0,3.954919439913311,-3.7354979569352476,0.0,0.8828766563132979,0.0,0.0,-0.4696049507160787
1782096876288085447,0,3.9528073045645846,-3.7323645456651966,0.0,0.8828766563132979,0.0,0.0,-0.4696049507160787
1782096876308122461,0,3.950645794016569,-3.7291578849199047,0.0,0.8828766563132979,0.0,0.0,-0.4696049507160787
1782096876328084606,0,3.9485593061304143,-3.7260625223706856,0.0,0.8828766563132979,0.0,0.0,-0.4696049507160787
1782096876348083318,0,3.9464466400457883,-3.722928323739232,0.0,0.8828766563132979,0.0,0.0,-0.4696049507160787
1782096876368089119,0,3.9443779533626073,-3.7198593697675064,0.0,0.8828766563132979,0.0,0.0,-0.4696049507160787
1782096876388081973,0,3.942310605455432,-3.7167924019070564,0.0,0.8828766563132979,0.0,0.0,-0.4696049507160787
1782096876408084729,0,3.940242233638464,-3.7137239150480794,0.0,0.8828766563132979,0.0,0.0,-0.4696049507160787
1782096876428085342,0,3.9381740834170027,-3.7106557569321708,0.0,0.8828766563132979,0.0,0.0,-0.4696049507160787
1782096876448084933,0,3.936083681591471,-3.707554587945523,0.0,0.8828766563132979,0.0,0.0,-0.4696049507160787
1782096876468088746,0,3.9339481146336293,-3.704386415234573,0.0,0.8828766563132979,0.0,0.0,-0.4696049507160787
1782096876488093383,0,3.9318348226313744,-3.701251288036971,0.0,0.8828766563132979,0.0,0.0,-0.4696049507160787
1782096876508089428,0,3.9297000849696313,-3.6980843456097445,0.0,0.8828766563132979,0.0,0.0,-0.4696049507160787
1782096876528090515,0,3.927542450078407,-3.694883434508609,0.0,0.8828766563132979,0.0,0.0,-0.4696049507160787
1782096876548083841,0,3.92540800269165,-3.6917169227123714,0.0,0.8828766563132979,0.0,0.0,-0.4696049507160787
1782096876568088866,0,3.9232723063431147,-3.688548558046756,0.0,0.8828766563132979,0.0,0.0,-0.4696049507160787
1782096876588101010,0,3.9211134786682673,-3.6853458774180914,0.0,0.8828766563132979,0.0,0.0,-0.4696049507160787
1782096876608086617,0,3.918935172211366,-3.6821142994769285,0.0,0.8828766563132979,0.0,0.0,-0.4696049507160787
1782096876628088918,0,3.9167550462126317,-3.678880022195077,0.0,0.8828766563132979,0.0,0.0,-0.4696049507160787
1782096876648111678,0,3.9146174565110665,-3.675708848687813,0.0,0.8828766563132979,0.0,0.0,-0.4696049507160787
1782096876668087023,0,3.912373278011056,-3.6723795477468513,0.0,0.8828766563132979,0.0,0.0,-0.4696049507160787
1782096876688102429,0,3.910146973723698,-3.669076763695258,0.0,0.8828766563132979,0.0,0.0,-0.4696049507160787
1782096876708089280,0,3.907901502554258,-3.6657455450433996,0.0,0.8828766563132979,0.0,0.0,-0.4696049507160787
1782096876728101809,0,3.9056307749478765,-3.662376857768057,0.0,0.8828766563132979,0.0,0.0,-0.4696049507160787
1782096876748092409,0,3.90338488258795,-3.6590450142684605,0.0,0.8828766563132979,0.0,0.0,-0.4696049507160787
1782096876768087688,0,3.901116112257998,-3.6556792306668817,0.0,0.8828766563132979,0.0,0.0,-0.4696049507160787
1782096876788091116,0,3.8988687787053595,-3.652345249117983,0.0,0.8828766563132979,0.0,0.0,-0.4696049507160787
1782096876808082972,0,3.8966003967671266,-3.6489800417062823,0.0,0.8828766563132979,0.0,0.0,-0.4696049507160787
1782096876828087990,0,3.8943305213986164,-3.645612618749412,0.0,0.8828766563132979,0.0,0.0,-0.4696049507160787
1782096876848085636,0,3.892039127387274,-3.6422132722900957,0.0,0.8828766563132979,0.0,0.0,-0.4696049507160787
1782096876868087828,0,3.889769572671699,-3.6388463250307335,0.0,0.8828766563132979,0.0,0.0,-0.4696049507160787
1782096876888088415,0,3.8874778416712004,-3.635446478638682,0.0,0.8828766563132979,0.0,0.0,-0.4696049507160787
1782096876908102338,0,3.8851622092844535,-3.6320111738783445,0.0,0.8828766563132979,0.0,0.0,-0.4696049507160787
1782096876928087360,0,3.8828946027680806,-3.6286471168264423,0.0,0.8828766563132979,0.0,0.0,-0.4696049507160787
1782096876948085734,0,3.880603125340176,-3.6252476466163475,0.0,0.8828766563132979,0.0,0.0,-0.4696049507160787
1782096876968086444,0,3.8783337387801704,-3.6218809488204395,0.0,0.8828766563132979,0.0,0.0,-0.4696049507160787
1782096876988087693,0,3.876064291062375,-3.618514160295241,0.0,0.8828766563132979,0.0,0.0,-0.4696049507160787
1782096877008089836,0,3.8738171018761665,-3.615180392917947,0.0,0.8828766563132979,0.0,0.0,-0.4696049507160787
1782096877028115365,0,3.8715672853331635,-3.6118427277841003,0.0,0.8828766563132979,0.0,0.0,-0.4696049507160787
1782096877048086744,0,3.869345878148511,-3.6085472087199544,0.0,0.8828766563132979,0.0,0.0,-0.4696049507160787
1782096877068121261,0,3.867139844480158,-3.605274496692903,0.0,0.8828766563132979,0.0,0.0,-0.4696049507160787
1782096877088105311,0,3.864894687995841,-3.6019437448851543,0.0,0.8828766563132979,0.0,0.0,-0.4696049507160787
1782096877108089750,0,3.8626941684985545,-3.59867921328356,0.0,0.8828766563132979,0.0,0.0,-0.4696049507160787
1782096877128115182,0,3.860466749023885,-3.59537477482071,0.0,0.8828766563132979,0.0,0.0,-0.4696049507160787
1782096877148110963,0,3.8582202745919676,-3.5920420678012,0.0,0.8828766563132979,0.0,0.0,-0.4696049507160787
1782096877168091587,0,3.85602017517062,-3.588778159393884,0.0,0.8828766563132979,0.0,0.0,-0.4696049507160787
1782096877188088775,0,3.853751188235401,-3.585412054452408,0.0,0.8828766563132979,0.0,0.0,-0.4696049507160787
1782096877208085070,0,3.8514599490259456,-3.5820129376459753,0.0,0.8828766563132979,0.0,0.0,-0.4696049507160787
1782096877228092418,0,3.849189809283286,-3.578645122482731,0.0,0.8828766563132979,0.0,0.0,-0.4696049507160787
1782096877248089304,0,3.846809085483995,-3.5751132528096607,0.0,0.8828766563132979,0.0,0.0,-0.4696049507160787
1782096877268091104,0,3.8444501364025103,-3.571613686533339,0.0,0.8828766563132979,0.0,0.0,-0.4696049507160787
1782096877288083079,0,3.842047648511499,-3.568049529227595,0.0,0.8828766563132979,0.0,0.0,-0.4696049507160787
1782096877308094407,0,3.8395980942786596,-3.5644155477005834,0.0,0.8828766563132979,0.0,0.0,-0.4696049507160787
1782096877328090099,0,3.837172806947908,-3.5608175667947317,0.0,0.8828766563132979,0.0,0.0,-0.4696049507160787
1782096877348114224,0,3.8346993015454784,-3.5571480530444854,0.0,0.8828766563132979,0.0,0.0,-0.4696049507160787
1782096877368088441,0,3.832231961091956,-3.5534876851666453,0.0,0.8828766563132979,0.0,0.0,-0.4696049507160787
1782096877388091946,0,3.8297610028011415,-3.5498219501270056,0.0,0.8828766563132979,0.0,0.0,-0.4696049507160787
1782096877408085978,0,3.827291214674648,-3.5461579510585373,0.0,0.8828766563132979,0.0,0.0,-0.4696049507160787
1782096877428089051,0,3.8247755875621876,-3.542425948585215,0.0,0.8828766563132979,0.0,0.0,-0.4696049507160787
1782096877448083087,0,3.8222610969612165,-3.5386956321581464,0.0,0.8828766563132979,0.0,0.0,-0.4696049507160787
1782096877468087700,0,3.8197452761752255,-3.534963342364781,0.0,0.8828766563132979,0.0,0.0,-0.4696049507160787
1782096877488088944,0,3.8172522380461156,-3.5312648512736877,0.0,0.8828766563132979,0.0,0.0,-0.4696049507160787
1782096877508091815,0,3.8147813580709573,-3.5275992324174843,0.0,0.8828766563132979,0.0,0.0,-0.4696049507160787
1782096877528090390,0,3.8122886526170947,-3.523901234859339,0.0,0.8828766563132979,0.0,0.0,-0.4696049507160787
1782096877548086501,0,3.809840961072561,-3.520270016682019,0.0,0.8828766563132979,0.0,0.0,-0.4696049507160787
1782096877568085333,0,3.8073929364548227,-3.5166383043813787,0.0,0.8828766563132979,0.0,0.0,-0.4696049507160787
1782096877588089872,0,3.8048994876232274,-3.5129392040017815,0.0,0.8828766563132979,0.0,0.0,-0.4696049507160787
1782096877608083215,0,3.80247448520385,-3.5093416457698257,0.0,0.8828766563132979,0.0,0.0,-0.4696049507160787
1782096877628086700,0,3.7999811677471924,-3.5056427402885837,0.0,0.8828766563132979,0.0,0.0,-0.4696049507160787
1782096877648085607,0,3.797488420911472,-3.5019446813393063,0.0,0.8828766563132979,0.0,0.0,-0.4696049507160787
1782096877668086996,0,3.7950177240022316,-3.498279334066481,0.0,0.8828766563132979,0.0,0.0,-0.4696049507160787
1782096877688091339,0,3.7924795745764768,-3.4945139191177854,0.0,0.8828766563132979,0.0,0.0,-0.4696049507160787
1782096877708164181,0,3.789955173172785,-3.4907688997404818,0.0,0.8828766563132979,0.0,0.0,-0.4696049507160787
1782096877728197592,0,3.7874133356015345,-3.4869980133258394,0.0,0.8828766563132979,0.0,0.0,-0.4696049507160787
1782096877748197312,0,3.784831057886597,-3.4831671328383407,0.0,0.8828766563132979,0.0,0.0,-0.4696049507160787
1782096877768185002,0,3.7822726774127964,-3.479371704569727,0.0,0.8828766563132979,0.0,0.0,-0.4696049507160787
1782096877788204300,0,3.7796431134105286,-3.4754706735657215,0.0,0.8828766563132979,0.0,0.0,-0.4696049507160787
1782096877808120831,0,3.777027048003658,-3.4715896681017333,0.0,0.8828766563132979,0.0,0.0,-0.4696049507160787
1782096877828124350,0,3.7743995565960637,-3.46769171184931,0.0,0.8828766563132979,0.0,0.0,-0.4696049507160787
1782096877848086398,0,3.7717998277793092,-3.463834942169084,0.0,0.8828766563132979,0.0,0.0,-0.4696049507160787
1782096877868106396,0,3.769147791734992,-3.459900573268493,0.0,0.8828766563132979,0.0,0.0,-0.4696049507160787
1782096877888223931,0,3.7665278132908226,-3.45601376270533,0.0,0.8828766563132979,0.0,0.0,-0.4696049507160787
1782096877908227721,0,3.7639226482643102,-3.452148928257406,0.0,0.8828766563132979,0.0,0.0,-0.4696049507160787
1782096877928084172,0,3.761314474453101,-3.4482796301940843,0.0,0.8828766563132979,0.0,0.0,-0.4696049507160787
1782096877948084237,0,3.7587097945466392,-3.4444155154351885,0.0,0.8828766563132979,0.0,0.0,-0.4696049507160787
1782096877968094564,0,3.7560590396133615,-3.440483047098304,0.0,0.8828766563132979,0.0,0.0,-0.4696049507160787
1782096877988096150,0,3.753431802108133,-3.4365854675170815,0.0,0.8828766563132979,0.0,0.0,-0.4696049507160787
1782096878008102188,0,3.7508039798262156,-3.43268702040344,0.0,0.8828766563132979,0.0,0.0,-0.4696049507160787
1782096878028119070,0,3.7481523565563797,-3.428753263865223,0.0,0.8828766563132979,0.0,0.0,-0.4696049507160787
1782096878048126468,0,3.7455019896258164,-3.4248213711411046,0.0,0.8828766563132979,0.0,0.0,-0.4696049507160787
1782096878068089394,0,3.7428351977423,-3.420865111544511,0.0,0.8828766563132979,0.0,0.0,-0.4696049507160787
1782096878088082942,0,3.7401419646228624,-3.416869625642327,0.0,0.8828766563132979,0.0,0.0,-0.4696049507160787
1782096878108129728,0,3.737441560072678,-3.412863500724075,0.0,0.8828766563132979,0.0,0.0,-0.4696049507160787
1782096878128143412,0,3.734723241493407,-3.4088307998476686,0.0,0.8828766563132979,0.0,0.0,-0.4696049507160787
1782096878148188948,0,3.731978188035345,-3.404758437038351,0.0,0.8828766563132979,0.0,0.0,-0.4696049507160787
1782096878168189783,0,3.729283973319752,-3.4007614949110976,0.0,0.8828766563132979,0.0,0.0,-0.4696049507160787
1782096878188086918,0,3.7265592420260947,-3.3967192805953483,0.0,0.8828766563132979,0.0,0.0,-0.4696049507160787
1782096878208083043,0,3.723865661771581,-3.3927232797086737,0.0,0.8828766563132979,0.0,0.0,-0.4696049507160787
1782096878228086158,0,3.7211711399283316,-3.388725881949044,0.0,0.8828766563132979,0.0,0.0,-0.4696049507160787
1782096878248081753,0,3.7184776310675267,-3.3847299869769087,0.0,0.8828766563132979,0.0,0.0,-0.4696049507160787
1782096878268116857,0,3.7157564031596197,-3.3806929700309207,0.0,0.8828766563132979,0.0,0.0,-0.4696049507160787
1782096878288091767,0,3.713065680674052,-3.3767012087236004,0.0,0.8828766563132979,0.0,0.0,-0.4696049507160787
1782096878308089664,0,3.710304795719796,-3.3726053594513483,0.0,0.8828766563132979,0.0,0.0,-0.4696049507160787
1782096878328086877,0,3.7075216505727577,-3.3684764865667627,0.0,0.8828766563132979,0.0,0.0,-0.4696049507160787
1782096878348083867,0,3.704716182252978,-3.3643144966373373,0.0,0.8828766563132979,0.0,0.0,-0.4696049507160787
1782096878368086796,0,3.701909880723981,-3.360151270618965,0.0,0.8828766563132979,0.0,0.0,-0.4696049507160787
1782096878388195282,0,3.6991112489733875,-3.355999422929219,0.0,0.8828766563132979,0.0,0.0,-0.4696049507160787
1782096878408227404,0,3.6963232453086188,-3.3518633422990596,0.0,0.8828766563132979,0.0,0.0,-0.4696049507160787
1782096878428200128,0,3.693565835707648,-3.3477726488096216,0.0,0.8828766563132979,0.0,0.0,-0.4696049507160787
1782096878448193276,0,3.6907832563136984,-3.3436446152354082,0.0,0.8828766563132979,0.0,0.0,-0.4696049507160787
1782096878468188184,0,3.688000431968845,-3.3395162182697447,0.0,0.8828766563132979,0.0,0.0,-0.4696049507160787
1782096878488210066,0,3.6852138534729924,-3.3353822519171206,0.0,0.8828766563132979,0.0,0.0,-0.4696049507160787
1782096878508250794,0,3.682469458426709,-3.331310865879906,0.0,0.8828766563132979,0.0,0.0,-0.4696049507160787
1782096878528086850,0,3.679730917040977,-3.3272481639101925,0.0,0.8828766563132979,0.0,0.0,-0.4696049507160787
1782096878548084686,0,3.6769700405083046,-3.323152327131591,0.0,0.8828766563132979,0.0,0.0,-0.4696049507160787
1782096878568116779,0,3.6741820408796584,-3.319016252489131,0.0,0.8828766563132979,0.0,0.0,-0.4696049507160787
1782096878588084938,0,3.671380617391486,-3.3148602631793778,0.0,0.8828766563132979,0.0,0.0,-0.4696049507160787
1782096878608088346,0,3.668574248661409,-3.310696937466344,0.0,0.8828766563132979,0.0,0.0,-0.4696049507160787
1782096878628084009,0,3.665701907835714,-3.3064357403228306,0.0,0.8828766563132979,0.0,0.0,-0.4696049507160787
1782096878648083892,0,3.6628513184243867,-3.3022068120047865,0.0,0.8828766563132979,0.0,0.0,-0.4696049507160787
1782096878668094297,0,3.659999229309187,-3.2979756588345377,0.0,0.8828766563132979,0.0,0.0,-0.4696049507160787
1782096878688083417,0,3.657127828373605,-3.2937158560440394,0.0,0.8828766563132979,0.0,0.0,-0.4696049507160787
1782096878708107607,0,3.65425138969595,-3.2894485796236927,0.0,0.8828766563132979,0.0,0.0,-0.4696049507160787
1782096878728086359,0,3.651381478104811,-3.2851909863169193,0.0,0.8828766563132979,0.0,0.0,-0.4696049507160787
1782096878748083011,0,3.6485089952110523,-3.280929578411509,0.0,0.8828766563132979,0.0,0.0,-0.4696049507160787
1782096878768089277,0,3.645612766538368,-3.276632942985598,0.0,0.8828766563132979,0.0,0.0,-0.4696049507160787
1782096878788083662,0,3.6427182578314627,-3.2723388591765423,0.0,0.8828766563132979,0.0,0.0,-0.4696049507160787
1782096878808083924,0,3.6398005403008944,-3.2680103444349906,0.0,0.8828766563132979,0.0,0.0,-0.4696049507160787
1782096878828083576,0,3.636882911759542,-3.263681961711409,0.0,0.8828766563132979,0.0,0.0,-0.4696049507160787
1782096878848084573,0,3.634009804714386,-3.2594196278601273,0.0,0.8828766563132979,0.0,0.0,-0.4696049507160787
1782096878868093049,0,3.631090888892929,-3.255089335420862,0.0,0.8828766563132979,0.0,0.0,-0.4696049507160787
1782096878888094734,0,3.6281953233936455,-3.250793683831066,0.0,0.8828766563132979,0.0,0.0,-0.4696049507160787
1782096878908102421,0,3.625321255342095,-3.2465299243001833,0.0,0.8828766563132979,0.0,0.0,-0.4696049507160787
1782096878928092172,0,3.6224274174811995,-3.2422368357097553,0.0,0.8828766563132979,0.0,0.0,-0.4696049507160787
1782096878948120719,0,3.619550352928371,-3.2379686307862676,0.0,0.8828766563132979,0.0,0.0,-0.4696049507160787
1782096878968104063,0,3.616679781704741,-3.233710058896422,0.0,0.8828766563132979,0.0,0.0,-0.4696049507160787
1782096878988090394,0,3.6137640964836932,-3.229384559142312,0.0,0.8828766563132979,0.0,0.0,-0.4696049507160787
1782096879008088315,0,3.6108914313003733,-3.2251228808052956,0.0,0.8828766563132979,0.0,0.0,-0.4696049507160787
1782096879028089088,0,3.607995997827755,-3.220827425080708,0.0,0.8828766563132979,0.0,0.0,-0.4696049507160787
1782096879048083447,0,3.6050791414502377,-3.2165001878835464,0.0,0.8828766563132979,0.0,0.0,-0.4696049507160787
1782096879068091508,0,3.6021602861706277,-3.2121699852597785,0.0,0.8828766563132979,0.0,0.0,-0.4696049507160787
1782096879088090130,0,3.599242807889764,-3.207841825451785,0.0,0.8828766563132979,0.0,0.0,-0.4696049507160787
1782096879108090513,0,3.596302714538559,-3.2034801155607773,0.0,0.8828766563132979,0.0,0.0,-0.4696049507160787
1782096879128091316,0,3.5933849180847672,-3.1991514837344392,0.0,0.8828766563132979,0.0,0.0,-0.4696049507160787
1782096879148089318,0,3.590445174744969,-3.1947902930950423,0.0,0.8828766563132979,0.0,0.0,-0.4696049507160787
1782096879168091201,0,3.587504860890984,-3.1904282560820607,0.0,0.8828766563132979,0.0,0.0,-0.4696049507160787
1782096879188091549,0,3.584564772684837,-3.1860665538238897,0.0,0.8828766563132979,0.0,0.0,-0.4696049507160787
1782096879208083558,0,3.5816259103271437,-3.181706670145832,0.0,0.8828766563132979,0.0,0.0,-0.4696049507160787
1782096879228099098,0,3.578661214089784,-3.1773084611920033,0.0,0.8828766563132979,0.0,0.0,-0.4696049507160787
1782096879248088246,0,3.575700427028145,-3.1729160516086075,0.0,0.8828766563132979,0.0,0.0,-0.4696049507160787
1782096879268085360,0,3.572693751016178,-3.1684555644968326,0.0,0.8828766563132979,0.0,0.0,-0.4696049507160787
1782096879288099861,0,3.5696620868221713,-3.163958006725147,0.0,0.8828766563132979,0.0,0.0,-0.4696049507160787
1782096879308094532,0,3.5666110745620556,-3.1594317455616827,0.0,0.8828766563132979,0.0,0.0,-0.4696049507160787
1782096879328096306,0,3.563536618722489,-3.154870705198991,0.0,0.8828766563132979,0.0,0.0,-0.4696049507160787
1782096879348090058,0,3.5604410451818143,-3.1502783361420117,0.0,0.8828766563132979,0.0,0.0,-0.4696049507160787
1782096879368084596,0,3.5573453499470804,-3.145685786548531,0.0,0.8828766563132979,0.0,0.0,-0.4696049507160787
1782096879388085403,0,3.5542263254589375,-3.1410586273616814,0.0,0.8828766563132979,0.0,0.0,-0.4696049507160787
1782096879408083056,0,3.551107792821106,-3.136432197848389,0.0,0.8828766563132979,0.0,0.0,-0.4696049507160787
1782096879428082105,0,3.5480113991615787,-3.1318386121223774,0.0,0.8828766563132979,0.0,0.0,-0.4696049507160787
1782096879448081196,0,3.5449149989993063,-3.1272450167493715,0.0,0.8828766563132979,0.0,0.0,-0.4696049507160787
1782096879468085956,0,3.5418400841841886,-3.1226832954837547,0.0,0.8828766563132979,0.0,0.0,-0.4696049507160787
1782096879488092938,0,3.538742462281705,-3.118087887625325,0.0,0.8828766563132979,0.0,0.0,-0.4696049507160787
1782096879508093465,0,3.535645839787795,-3.113493962417191,0.0,0.8828766563132979,0.0,0.0,-0.4696049507160787
1782096879528081948,0,3.532573426896643,-3.1089359528250493,0.0,0.8828766563132979,0.0,0.0,-0.4696049507160787
1782096879548087629,0,3.529498370515389,-3.104374021542158,0.0,0.8828766563132979,0.0,0.0,-0.4696049507160787
1782096879568090426,0,3.526423757431347,-3.099812747902948,0.0,0.8828766563132979,0.0,0.0,-0.4696049507160787
1782096879588083124,0,3.523395395811528,-3.0953200895915134,0.0,0.8828766563132979,0.0,0.0,-0.4696049507160787
1782096879608120573,0,3.520360255606309,-3.0908173750609502,0.0,0.8828766563132979,0.0,0.0,-0.4696049507160787
1782096879628085955,0,3.517336031633453,-3.0863308550633284,0.0,0.8828766563132979,0.0,0.0,-0.4696049507160787
1782096879648085538,0,3.5143289843937615,-3.0818698172249515,0.0,0.8828766563132979,0.0,0.0,-0.4696049507160787
1782096879668089843,0,3.5112765020693444,-3.0773413751803935,0.0,0.8828766563132979,0.0,0.0,-0.4696049507160787
1782096879688082833,0,3.5082704461234466,-3.0728818079538,0.0,0.8828766563132979,0.0,0.0,-0.4696049507160787
1782096879708092985,0,3.505217071597872,-3.0683520423041144,0.0,0.8828766563132979,0.0,0.0,-0.4696049507160787
1782096879728091919,0,3.5021654088411753,-3.0638248161109582,0.0,0.8828766563132979,0.0,0.0,-0.4696049507160787
1782096879748087368,0,3.4991142778650626,-3.059298378829005,0.0,0.8828766563132979,0.0,0.0,-0.4696049507160787
1782096879768091208,0,3.496061866495585,-3.0547700420480672,0.0,0.8828766563132979,0.0,0.0,-0.4696049507160787
1782096879788099163,0,3.493008827213026,-3.050240773740691,0.0,0.8828766563132979,0.0,0.0,-0.4696049507160787
1782096879808086241,0,3.4899142869880513,-3.045649937636161,0.0,0.8828766563132979,0.0,0.0,-0.4696049507160787
1782096879828088177,0,3.48681744634284,-3.041055688794516,0.0,0.8828766563132979,0.0,0.0,-0.4696049507160787
1782096879848083266,0,3.4837440180489927,-3.0364961728243567,0.0,0.8828766563132979,0.0,0.0,-0.4696049507160787
1782096879868091392,0,3.4806238521998885,-3.0318673203969193,0.0,0.8828766563132979,0.0,0.0,-0.4696049507160787
1782096879888089634,0,3.4775499392610594,-3.027307085442519,0.0,0.8828766563132979,0.0,0.0,-0.4696049507160787
1782096879908088215,0,3.4744759742148275,-3.022746773185341,0.0,0.8828766563132979,0.0,0.0,-0.4696049507160787
1782096879928087606,0,3.47140188466418,-3.0181862762224188,0.0,0.8828766563132979,0.0,0.0,-0.4696049507160787
1782096879948084616,0,3.4682834522989388,-3.013559995466293,0.0,0.8828766563132979,0.0,0.0,-0.4696049507160787
1782096879968129548,0,3.4651799547101,-3.008955870864465,0.0,0.8828766563132979,0.0,0.0,-0.4696049507160787
1782096879988085451,0,3.4620679327731803,-3.0043391001562436,0.0,0.8828766563132979,0.0,0.0,-0.4696049507160787
1782096880008081961,0,3.458971932219512,-2.9997460976136714,0.0,0.8828766563132979,0.0,0.0,-0.4696049507160787
1782096880028081904,0,3.4558977578214107,-2.9951854747771978,0.0,0.8828766563132979,0.0,0.0,-0.4696049507160787
1782096880048082978,0,3.4528234095782557,-2.9906245940367593,0.0,0.8828766563132979,0.0,0.0,-0.4696049507160787
1782096880068086525,0,3.4497934046236973,-2.986129497792731,0.0,0.8828766563132979,0.0,0.0,-0.4696049507160787
1782096880088094140,0,3.446740417222171,-2.9816003064523033,0.0,0.8828766563132979,0.0,0.0,-0.4696049507160787
1782096880108088584,0,3.443667088070734,-2.9770409375626428,0.0,0.8828766563132979,0.0,0.0,-0.4696049507160787
1782096880128112654,0,3.4406115897798446,-2.9725080212483213,0.0,0.8828766563132979,0.0,0.0,-0.4696049507160787
1782096880148084255,0,3.437497119819381,-2.96788761882939,0.0,0.8828766563132979,0.0,0.0,-0.4696049507160787
1782096880168116284,0,3.434440407054575,-2.9633529008093684,0.0,0.8828766563132979,0.0,0.0,-0.4696049507160787
1782096880188126336,0,3.431364678810595,-2.9587899727995093,0.0,0.8828766563132979,0.0,0.0,-0.4696049507160787
1782096880208189245,0,3.4283032540273424,-2.9542482643696633,0.0,0.8828766563132979,0.0,0.0,-0.4696049507160787
1782096880228150386,0,3.425257358152542,-2.949729593505477,0.0,0.8828766563132979,0.0,0.0,-0.4696049507160787
1782096880248099637,0,3.4221909755790754,-2.9451805300565836,0.0,0.8828766563132979,0.0,0.0,-0.4696049507160787
1782096880268095457,0,3.419117434923837,-2.9406208473951856,0.0,0.8828766563132979,0.0,0.0,-0.4696049507160787
1782096880288147276,0,3.416035286709453,-2.936048395181483,0.0,0.8828766563132979,0.0,0.0,-0.4696049507160787
1782096880308135183,0,3.412962962354777,-2.931490516935653,0.0,0.8828766563132979,0.0,0.0,-0.4696049507160787
1782096880328232534,0,3.409896282022968,-2.926941011754012,0.0,0.8828766563132979,0.0,0.0,-0.4696049507160787
1782096880348248201,0,3.4068420659565386,-2.92240999765516,0.0,0.8828766563132979,0.0,0.0,-0.4696049507160787
1782096880368240925,0,3.4037466515780674,-2.9178178647197117,0.0,0.8828766563132979,0.0,0.0,-0.4696049507160787
1782096880388220365,0,3.4006532939220597,-2.9132287829889836,0.0,0.8828766563132979,0.0,0.0,-0.4696049507160787
1782096880408218230,0,3.3975347282239006,-2.908602304429786,0.0,0.8828766563132979,0.0,0.0,-0.4696049507160787
1782096880428230329,0,3.3943915718730984,-2.903939344956521,0.0,0.8828766563132979,0.0,0.0,-0.4696049507160787
1782096880448158875,0,3.39130609398472,-2.8993619530792514,0.0,0.8828766563132979,0.0,0.0,-0.4696049507160787
1782096880468182687,0,3.3881834819834107,-2.8947294717172922,0.0,0.8828766563132979,0.0,0.0,-0.4696049507160787
1782096880488140067,0,3.385093539812018,-2.8901454569525575,0.0,0.8828766563132979,0.0,0.0,-0.4696049507160787
1782096880508101552,0,3.38204759144582,-2.8856267082159337,0.0,0.8828766563132979,0.0,0.0,-0.4696049507160787
1782096880528102301,0,3.378950934580311,-2.881032732016562,0.0,0.8828766563132979,0.0,0.0,-0.4696049507160787
1782096880548119545,0,3.3758964778774376,-2.8765013609268997,0.0,0.8828766563132979,0.0,0.0,-0.4696049507160787
1782096880568088484,0,3.37282706907807,-2.871947807988089,0.0,0.8828766563132979,0.0,0.0,-0.4696049507160787
1782096880588089526,0,3.36977508465897,-2.8674201045998493,0.0,0.8828766563132979,0.0,0.0,-0.4696049507160787
1782096880608084753,0,3.3667463399629667,-2.862926877984282,0.0,0.8828766563132979,0.0,0.0,-0.4696049507160787
1782096880628085930,0,3.3636943349440425,-2.858399144035635,0.0,0.8828766563132979,0.0,0.0,-0.4696049507160787
1782096880648084392,0,3.3606651002316386,-2.8539051904671786,0.0,0.8828766563132979,0.0,0.0,-0.4696049507160787
1782096880668086621,0,3.3575682142221015,-2.8493108743263007,0.0,0.8828766563132979,0.0,0.0,-0.4696049507160787
1782096880688119075,0,3.3544666485651304,-2.8447096157988816,0.0,0.8828766563132979,0.0,0.0,-0.4696049507160787
1782096880708126404,0,3.351368972937658,-2.8401141282379405,0.0,0.8828766563132979,0.0,0.0,-0.4696049507160787
1782096880728131085,0,3.348204618705361,-2.83541972112056,0.0,0.8828766563132979,0.0,0.0,-0.4696049507160787
1782096880748160886,0,3.345103463804539,-2.8308190719612703,0.0,0.8828766563132979,0.0,0.0,-0.4696049507160787
1782096880768193887,0,3.342001813457171,-2.826217687793313,0.0,0.8828766563132979,0.0,0.0,-0.4696049507160787
1782096880788239730,0,3.338898174820892,-2.8216133539437016,0.0,0.8828766563132979,0.0,0.0,-0.4696049507160787
1782096880808220497,0,3.335782275469183,-2.816990830983286,0.0,0.8828766563132979,0.0,0.0,-0.4696049507160787
1782096880828238675,0,3.332727676246065,-2.8124592484608857,0.0,0.8828766563132979,0.0,0.0,-0.4696049507160787
1782096880848161550,0,3.3296653479053524,-2.807916199578535,0.0,0.8828766563132979,0.0,0.0,-0.4696049507160787
1782096880868197698,0,3.326585608467187,-2.8033473208510418,0.0,0.8828766563132979,0.0,0.0,-0.4696049507160787
1782096880888220367,0,3.3235527070385813,-2.798847927607564,0.0,0.8828766563132979,0.0,0.0,-0.4696049507160787
1782096880908150177,0,3.320511592000894,-2.794336349247597,0.0,0.8828766563132979,0.0,0.0,-0.4696049507160787
1782096880928092589,0,3.31749084737166,-2.789854990952587,0.0,0.8828766563132979,0.0,0.0,-0.4696049507160787
1782096880948144682,0,3.3144310730155886,-2.785315730977167,0.0,0.8828766563132979,0.0,0.0,-0.4696049507160787
1782096880968146174,0,3.3113566605219975,-2.7807547549194456,0.0,0.8828766563132979,0.0,0.0,-0.4696049507160787
1782096880988124626,0,3.3083081231397045,-2.7762321653057564,0.0,0.8828766563132979,0.0,0.0,-0.4696049507160787
1782096881008127132,0,3.3051888337011177,-2.77160461305759,0.0,0.8828766563132979,0.0,0.0,-0.4696049507160787
1782096881028124575,0,3.3021150435759146,-2.7670445603005933,0.0,0.8828766563132979,0.0,0.0,-0.4696049507160787
1782096881048091378,0,3.2990459630993025,-2.7624914944377,0.0,0.8828766563132979,0.0,0.0,-0.4696049507160787
1782096881068108788,0,3.2959467266603943,-2.7578936913697727,0.0,0.8828766563132979,0.0,0.0,-0.4696049507160787
1782096881088155565,0,3.2928653534475933,-2.7533223888923675,0.0,0.8828766563132979,0.0,0.0,-0.4696049507160787
1782096881108095445,0,3.2897335400153156,-2.748676256952789,0.0,0.8828766563132979,0.0,0.0,-0.4696049507160787
1782096881128210643,0,3.2865966768304573,-2.744022633565437,0.0,0.8828766563132979,0.0,0.0,-0.4696049507160787
1782096881148243924,0,3.283494983131518,-2.739421185084223,0.0,0.8828766563132979,0.0,0.0,-0.4696049507160787
1782096881168186736,0,3.280407296480518,-2.7348405164464373,0.0,0.8828766563132979,0.0,0.0,-0.4696049507160787
1782096881188249518,0,3.277301035228923,-2.730232291874397,0.0,0.8828766563132979,0.0,0.0,-0.4696049507160787
1782096881208247930,0,3.274271808090194,-2.725738349541682,0.0,0.8828766563132979,0.0,0.0,-0.4696049507160787
1782096881228106598,0,3.27121934895338,-2.7212099418965763,0.0,0.8828766563132979,0.0,0.0,-0.4696049507160787
1782096881248254214,0,3.268167521379874,-2.7166824711931237,0.0,0.8828766563132979,0.0,0.0,-0.4696049507160787
1782096881268173644,0,3.2652615959420035,-2.712371450347575,0.0,0.8828766563132979,0.0,0.0,-0.4696049507160787
1782096881288258597,0,3.262376428769293,-2.7080912249631406,0.0,0.8828766563132979,0.0,0.0,-0.4696049507160787
1782096881308229153,0,3.2595523441696623,-2.703901617267117,0.0,0.8828766563132979,0.0,0.0,-0.4696049507160787
1782096881328132312,0,3.256893536393805,-2.6999572023153084,0.0,0.8828766563132979,0.0,0.0,-0.4696049507160787
1782096881348123265,0,3.25440178097768,-2.6962606141644474,0.0,0.8828766563132979,0.0,0.0,-0.4696049507160787
1782096881368135152,0,3.2521982391359034,-2.6929915988311115,0.0,0.8828766563132979,0.0,0.0,-0.4696049507160787
1782096881388212940,0,3.2502343320107747,-2.690078088234864,0.0,0.8828766563132979,0.0,0.0,-0.4696049507160787
1782096881408135565,0,3.248719890404112,-2.687831372179932,0.0,0.8828766563132979,0.0,0.0,-0.4696049507160787
1782096881428096335,0,3.247626512243222,-2.686209315405088,0.0,0.8828766563132979,0.0,0.0,-0.4696049507160787
1782096881448123618,0,3.2469548664241006,-2.6852129102360833,0.0,0.8828766563132979,0.0,0.0,-0.4696049507160787
1782096881468121548,0,3.2465524695798282,-2.6846159433761563,0.0,0.8828766563132979,0.0,0.0,-0.4696049507160787
1782096881488149409,0,3.2465076918964804,-2.6845495144431264,0.0,0.8828766563132979,0.0,0.0,-0.4696049507160787
1782096881508141153,0,3.2467535250207553,-2.6849142146895555,0.0,0.8828766563132979,0.0,0.0,-0.4696049507160787
1782096881528179634,0,3.247156737829204,-2.6855123920549295,0.0,0.8828766563132979,0.0,0.0,-0.4696049507160787
1782096881548129160,0,3.2476250645161016,-2.6862071676618515,0.0,0.8828766563132979,0.0,0.0,-0.4696049507160787
1782096881568140770,0,3.2481172193384196,-2.6869372929674085,0.0,0.8828766563132979,0.0,0.0,-0.4696049507160787
1782096881588235009,0,3.248588943246888,-2.6876371084465744,0.0,0.8828766563132979,0.0,0.0,-0.4696049507160787
1782096881608216930,0,3.249058030425189,-2.6883330122635463,0.0,0.8828766563132979,0.0,0.0,-0.4696049507160787
1782096881628153985,0,3.2494592023472886,-2.6889281619175143,0.0,0.8828766563132979,0.0,0.0,-0.4696049507160787
1782096881648167616,0,3.2498395422307964,-2.6894924066654524,0.0,0.8828766563132979,0.0,0.0,-0.4696049507160787
1782096881668159972,0,3.2501524303419944,-2.6899565848415707,0.0,0.8828766563132979,0.0,0.0,-0.4696049507160787
1782096881688229834,0,3.250309480897044,-2.690189573688364,0.0,0.8828766563132979,0.0,0.0,-0.4696049507160787
1782096881708112236,0,3.2503539333675753,-2.6902555201591816,0.0,0.8828766563132979,0.0,0.0,-0.4696049507160787
1782096881728190043,0,3.2503539333675753,-2.6902555201591816,0.0,0.8828766563132979,0.0,0.0,-0.4696049507160787
1782096881748207541,0,3.2502196698305936,-2.690056336484623,0.0,0.8828766563132979,0.0,0.0,-0.4696049507160787
1782096881768126219,0,3.2499302015988625,-2.689626902348141,0.0,0.8828766563132979,0.0,0.0,-0.4696049507160787
1782096881788216710,0,3.249525942249107,-2.6890271724097636,0.0,0.8828766563132979,0.0,0.0,-0.4696049507160787
1782096881808154666,0,3.249035598833822,-2.6882997343767,0.0,0.8828766563132979,0.0,0.0,-0.4696049507160787
1782096881828128901,0,3.2483657320611843,-2.687305968472413,0.0,0.8828766563132979,0.0,0.0,-0.4696049507160787
1782096881848097365,0,3.2475174793073864,-2.6860475620259616,0.0,0.8828766563132979,0.0,0.0,-0.4696049507160787
1782096881868267414,0,3.2464802809466593,-2.6845088495401614,0.0,0.8828766563132979,0.0,0.0,-0.4696049507160787
1782096881888227676,0,3.245319990741464,-2.6827875268949675,0.0,0.8828766563132979,0.0,0.0,-0.4696049507160787
1782096881908241565,0,3.243977597480114,-2.680796049323948,0.0,0.8828766563132979,0.0,0.0,-0.4696049507160787
1782096881928244424,0,3.2424346960222645,-2.6785071122918036,0.0,0.8828766563132979,0.0,0.0,-0.4696049507160787
1782096881948233577,0,3.240725259985568,-2.6759711166009725,0.0,0.8828766563132979,0.0,0.0,-0.4696049507160787
1782096881968222252,0,3.238881794510284,-2.673236284527023,0.0,0.8828766563132979,0.0,0.0,-0.4696049507160787
1782096881988147590,0,3.2368437023275027,-2.670212718343723,0.0,0.8828766563132979,0.0,0.0,-0.4696049507160787
1782096882008252125,0,3.234629958861834,-2.666928568618887,0.0,0.8828766563132979,0.0,0.0,-0.4696049507160787
1782096882028254682,0,3.232427444361727,-2.6636610773753655,0.0,0.8828766563132979,0.0,0.0,-0.4696049507160787
1782096882048230815,0,3.230049191305184,-2.6601328731175644,0.0,0.8828766563132979,0.0,0.0,-0.4696049507160787
1782096882068233125,0,3.227578380628255,-2.6564673570672137,0.0,0.8828766563132979,0.0,0.0,-0.4696049507160787
1782096882088216009,0,3.22495359965802,-2.6525734218236585,0.0,0.8828766563132979,0.0,0.0,-0.4696049507160787
1782096882108276414,0,3.2221168092940995,-2.6483649647745167,0.0,0.8828766563132979,0.0,0.0,-0.4696049507160787
1782096882128226292,0,3.219184140271451,-2.6440142690804858,0.0,0.8828766563132979,0.0,0.0,-0.4696049507160787
1782096882148235014,0,3.2161309839513925,-2.639484827144727,0.0,0.8828766563132979,0.0,0.0,-0.4696049507160787
1782096882168235533,0,3.2129449297464148,-2.6347582275170445,0.0,0.8828766563132979,0.0,0.0,-0.4696049507160787
1782096882188231848,0,3.2096142468619333,-2.6298170672388976,0.0,0.8828766563132979,0.0,0.0,-0.4696049507160787
1782096882208221489,0,3.206172945162446,-2.624711800885897,0.0,0.8828766563132979,0.0,0.0,-0.4696049507160787
1782096882228221339,0,3.2026851707945077,-2.6195375910425223,0.0,0.8828766563132979,0.0,0.0,-0.4696049507160787
1782096882248195071,0,3.199090309598622,-2.614204514924905,0.0,0.8828766563132979,0.0,0.0,-0.4696049507160787
1782096882268198394,0,3.195423038265188,-2.608764016363352,0.0,0.8828766563132979,0.0,0.0,-0.4696049507160787
1782096882288192519,0,3.191757453229655,-2.6033260194714347,0.0,0.8828766563132979,0.0,0.0,-0.4696049507160787
1782096882308157383,0,3.188074914241685,-2.59786287092165,0.0,0.8828766563132979,0.0,0.0,-0.4696049507160787
1782096882328235809,0,3.1843938740419904,-2.5924019458657876,0.0,0.8828766563132979,0.0,0.0,-0.4696049507160787
1782096882348127399,0,3.180791560167266,-2.587057813492757,0.0,0.8828766563132979,0.0,0.0,-0.4696049507160787
1782096882368139651,0,3.1771673947262875,-2.5816812637161735,0.0,0.8828766563132979,0.0,0.0,-0.4696049507160787
1782096882388130002,0,3.1735695424520123,-2.576343750250938,0.0,0.8828766563132979,0.0,0.0,-0.4696049507160787
1782096882408148969,0,3.170011297772932,-2.5710649957498233,0.0,0.8828766563132979,0.0,0.0,-0.4696049507160787
1782096882428134451,0,3.1665260290408876,-2.565894503086683,0.0,0.8828766563132979,0.0,0.0,-0.4696049507160787
1782096882448164334,0,3.163033017217289,-2.5607125233328243,0.0,0.8828766563132979,0.0,0.0,-0.4696049507160787
1782096882468222516,0,3.1595126475489006,-2.555489957458741,0.0,0.8828766563132979,0.0,0.0,-0.4696049507160787
1782096882488135280,0,3.1561068407724053,-2.5504373488067666,0.0,0.8828766563132979,0.0,0.0,-0.4696049507160787
1782096882508162537,0,3.152681451529346,-2.545355689023452,0.0,0.8828766563132979,0.0,0.0,-0.4696049507160787
1782096882528231711,0,3.149271328024214,-2.5402966763850254,0.0,0.8828766563132979,0.0,0.0,-0.4696049507160787
1782096882548136541,0,3.145889129601462,-2.5352790913794965,0.0,0.8828766563132979,0.0,0.0,-0.4696049507160787
1782096882568156591,0,3.1425097333258196,-2.530265663436786,0.0,0.8828766563132979,0.0,0.0,-0.4696049507160787
1782096882588238890,0,3.139097379640656,-2.5252033422645392,0.0,0.8828766563132979,0.0,0.0,-0.4696049507160787
1782096882608098922,0,3.1357227932258964,-2.5201970498836235,0.0,0.8828766563132979,0.0,0.0,-0.4696049507160787
1782096882628097005,0,3.132302393797754,-2.515122792628899,0.0,0.8828766563132979,0.0,0.0,-0.4696049507160787
1782096882648134961,0,3.1288303742945174,-2.509971955563539,0.0,0.8828766563132979,0.0,0.0,-0.4696049507160787
1782096882668146398,0,3.125318208743541,-2.504761560724791,0.0,0.8828766563132979,0.0,0.0,-0.4696049507160787
1782096882688138943,0,3.12178700948138,-2.499522928848499,0.0,0.8828766563132979,0.0,0.0,-0.4696049507160787
1782096882708128299,0,3.118234027970139,-2.494251982402591,0.0,0.8828766563132979,0.0,0.0,-0.4696049507160787
1782096882728156931,0,3.1146292859027365,-2.4889042477384993,0.0,0.8828766563132979,0.0,0.0,-0.4696049507160787
1782096882748148545,0,3.1109865095825646,-2.4835000882073355,0.0,0.8828766563132979,0.0,0.0,-0.4696049507160787
1782096882768155250,0,3.1073857139244505,-2.4781582081506826,0.0,0.8828766563132979,0.0,0.0,-0.4696049507160787
1782096882788134352,0,3.1037452174810993,-2.4727574308799016,0.0,0.8828766563132979,0.0,0.0,-0.4696049507160787
1782096882808140615,0,3.100166866115756,-2.4674488475530043,0.0,0.8828766563132979,0.0,0.0,-0.4696049507160787
1782096882828153334,0,3.0965873600201994,-2.4621385511518645,0.0,0.8828766563132979,0.0,0.0,-0.4696049507160787
1782096882848126428,0,3.0930819239691405,-2.4569381397125745,0.0,0.8828766563132979,0.0,0.0,-0.4696049507160787
1782096882868195252,0,3.0895596865455395,-2.4517128029719237,0.0,0.8828766563132979,0.0,0.0,-0.4696049507160787
1782096882888215203,0,3.0861803069811518,-2.446699399820822,0.0,0.8828766563132979,0.0,0.0,-0.4696049507160787
1782096882908145214,0,3.0829052270128883,-2.4418407280083954,0.0,0.8828766563132979,0.0,0.0,-0.4696049507160787
1782096882928232878,0,3.079795113354757,-2.43722678828459,0.0,0.8828766563132979,0.0,0.0,-0.4696049507160787
1782096882948229884,0,3.0770343514108673,-2.433131121501615,0.0,0.8828766563132979,0.0,0.0,-0.4696049507160787
1782096882968155447,0,3.074639844423483,-2.4295788040873822,0.0,0.8828766563132979,0.0,0.0,-0.4696049507160787
1782096882988248149,0,3.072674478486714,-2.4266631293036744,0.0,0.8828766563132979,0.0,0.0,-0.4696049507160787
1782096883008131021,0,3.0711630587507694,-2.4244208962776326,0.0,0.8828766563132979,0.0,0.0,-0.4696049507160787
1782096883028217906,0,3.0702199562126693,-2.423021777549994,0.0,0.8828766563132979,0.0,0.0,-0.4696049507160787
1782096883048226868,0,3.0697726019485834,-2.422358115112997,0.0,0.8828766563132979,0.0,0.0,-0.4696049507160787
1782096883068160009,0,3.069705753084308,-2.4222589429719554,0.0,0.8828766563132979,0.0,0.0,-0.4696049507160787
1782096883088220660,0,3.0699300080397935,-2.422591631407529,0.0,0.8828766563132979,0.0,0.0,-0.4696049507160787
1782096883108128432,0,3.0705086275203093,-2.4234500294275274,0.0,0.8828766563132979,0.0,0.0,-0.4696049507160787
1782096883128243737,0,3.0712506850827643,-2.424550892367312,0.0,0.8828766563132979,0.0,0.0,-0.4696049507160787
1782096883148206759,0,3.072009441298666,-2.4256765282218296,0.0,0.8828766563132979,0.0,0.0,-0.4696049507160787
1782096883168087276,0,3.0726983892242816,-2.42669860154489,0.0,0.8828766563132979,0.0,0.0,-0.4696049507160787
1782096883188097235,0,3.07336945405634,-2.4276941448035116,0.0,0.8828766563132979,0.0,0.0,-0.4696049507160787
1782096883208085962,0,3.0739951166882302,-2.4286223326410883,0.0,0.8828766563132979,0.0,0.0,-0.4696049507160787
1782096883228086494,0,3.0744646407705463,-2.4293188846172664,0.0,0.8828766563132979,0.0,0.0,-0.4696049507160787
1782096883248085107,0,3.0747776268062217,-2.4297832080670534,0.0,0.8828766563132979,0.0,0.0,-0.4696049507160787
1782096883268086200,0,3.074889421389066,-2.4299490584260464,0.0,0.8828766563132979,0.0,0.0,-0.4696049507160787
1782096883288085535,0,3.0750012061457084,-2.430114894207589,0.0,0.8828766563132979,0.0,0.0,-0.4696049507160787
1782096883308097821,0,3.0750012061457084,-2.430114894207589,0.0,0.8828766563132979,0.0,0.0,-0.4696049507160787
1782096883328153469,0,3.0749115265283584,-2.429981852012222,0.0,0.8828766563132979,0.0,0.0,-0.4696049507160787
1782096883348173557,0,3.0747772456194506,-2.429782642565923,0.0,0.8828766563132979,0.0,0.0,-0.4696049507160787
1782096883368130272,0,3.0746433897728127,-2.4295840637112742,0.0,0.8828766563132979,0.0,0.0,-0.4696049507160787
1782096883388222057,0,3.0744637073620846,-2.4293174998799727,0.0,0.8828766563132979,0.0,0.0,-0.4696049507160787
1782096883408163306,0,3.0743076632286566,-2.4290860040875173,0.0,0.8828766563132979,0.0,0.0,-0.4696049507160787
1782096883428202559,0,3.0741732537741835,-2.4288866039403056,0.0,0.8828766563132979,0.0,0.0,-0.4696049507160787
1782096883448164182,0,3.074061679805888,-2.4287210808691095,0.0,0.8828766563132979,0.0,0.0,-0.4696049507160787
1782096883468205680,0,3.0740168716333556,-2.428654606704519,0.0,0.8828766563132979,0.0,0.0,-0.4696049507160787
1782096883488164966,0,3.073994559450641,-2.4286215059636773,0.0,0.8828766563132979,0.0,0.0,-0.4696049507160787
1782096883508132742,0,3.073994559450641,-2.4286215059636773,0.0,0.8828766563132979,0.0,0.0,-0.4696049507160787
1782096883528171814,0,3.073994559450641,-2.4286215059636773,0.0,0.8828766563132979,0.0,0.0,-0.4696049507160787
1782096883548221914,0,3.073994559450641,-2.4286215059636773,0.0,0.8828766563132979,0.0,0.0,-0.4696049507160787
1782096883568139306,0,3.073994559450641,-2.4286215059636773,0.0,0.8828766563132979,0.0,0.0,-0.4696049507160787
1782096883588199186,0,3.073994559450641,-2.4286215059636773,0.0,0.8828766563132979,0.0,0.0,-0.4696049507160787
1782096883608218009,0,3.073994559450641,-2.4286215059636773,0.0,0.8828766563132979,0.0,0.0,-0.4696049507160787
1782096883628130126,0,3.073994559450641,-2.4286215059636773,0.0,0.8828766563132979,0.0,0.0,-0.4696049507160787
1782096883648128296,0,3.073994559450641,-2.4286215059636773,0.0,0.8828766563132979,0.0,0.0,-0.4696049507160787
1782096883668128793,0,3.074016917702513,-2.4286546750493776,0.0,0.8828766563132979,0.0,0.0,-0.4696049507160787
1782096883688098883,0,3.074083890480956,-2.428754031020526,0.0,0.8828766563132979,0.0,0.0,-0.4696049507160787
1782096883708225700,0,3.074151388867578,-2.4288541667459618,0.0,0.8828766563132979,0.0,0.0,-0.4696049507160787
1782096883728240725,0,3.074263261322274,-2.429020132630002,0.0,0.8828766563132979,0.0,0.0,-0.4696049507160787
1782096883748240502,0,3.0744421208982327,-2.4292854757631477,0.0,0.8828766563132979,0.0,0.0,-0.4696049507160787
1782096883768245536,0,3.0747104807723953,-2.4296835950667517,0.0,0.8828766563132979,0.0,0.0,-0.4696049507160787
1782096883788236998,0,3.0751574437768254,-2.430346677059212,0.0,0.8828766563132979,0.0,0.0,-0.4696049507160787
1782096883808246477,0,3.075761387667057,-2.4312426445422086,0.0,0.8828766563132979,0.0,0.0,-0.4696049507160787
1782096883828222182,0,3.076587617517505,-2.4324683794017665,0.0,0.8828766563132979,0.0,0.0,-0.4696049507160787
1782096883848133451,0,3.0775892502457842,-2.4339543292870913,0.0,0.8828766563132979,0.0,0.0,-0.4696049507160787
1782096883868227967,0,3.0787798079522317,-2.4357205546084404,0.0,0.8828766563132979,0.0,0.0,-0.4696049507160787
1782096883888195738,0,3.080163751278224,-2.4377736728507915,0.0,0.8828766563132979,0.0,0.0,-0.4696049507160787
1782096883908235331,0,3.0817318881791684,-2.4401000473614842,0.0,0.8828766563132979,0.0,0.0,-0.4696049507160787
1782096883928142173,0,3.0834565387291497,-2.4426586142040274,0.0,0.8828766563132979,0.0,0.0,-0.4696049507160787
1782096883948130828,0,3.0853670373677473,-2.445492891831742,0.0,0.8828766563132979,0.0,0.0,-0.4696049507160787
1782096883968230517,0,3.0873780251004663,-2.448476247812905,0.0,0.8828766563132979,0.0,0.0,-0.4696049507160787
1782096883988241749,0,3.089492013799235,-2.4516124085790625,0.0,0.8828766563132979,0.0,0.0,-0.4696049507160787
1782096884008217214,0,3.0916245543814553,-2.4547760915779704,0.0,0.8828766563132979,0.0,0.0,-0.4696049507160787
1782096884028257844,0,3.0937640518483795,-2.4579500953079747,0.0,0.8828766563132979,0.0,0.0,-0.4696049507160787
1782096884048137015,0,3.0958640896089213,-2.4610655594709985,0.0,0.8828766563132979,0.0,0.0,-0.4696049507160787
1782096884068099570,0,3.097972936064179,-2.464194091576537,0.0,0.8828766563132979,0.0,0.0,-0.4696049507160787
1782096884088230321,0,3.100032039214486,-2.4672488281118965,0.0,0.8828766563132979,0.0,0.0,-0.4696049507160787
1782096884108174444,0,3.102027462461727,-2.4702090937479038,0.0,0.8828766563132979,0.0,0.0,-0.4696049507160787
1782096884128229605,0,3.104033995137367,-2.473185840528538,0.0,0.8828766563132979,0.0,0.0,-0.4696049507160787
1782096884148131216,0,3.1059361741844955,-2.476007775811968,0.0,0.8828766563132979,0.0,0.0,-0.4696049507160787
1782096884168094328,0,3.1077772820994105,-2.4787391103798373,0.0,0.8828766563132979,0.0,0.0,-0.4696049507160787
1782096884188147878,0,3.1095146428538984,-2.481316533162683,0.0,0.8828766563132979,0.0,0.0,-0.4696049507160787
1782096884208122694,0,3.1111223698382946,-2.48370164065834,0.0,0.8828766563132979,0.0,0.0,-0.4696049507160787
1782096884228088509,0,3.112550816647292,-2.485820781049932,0.0,0.8828766563132979,0.0,0.0,-0.4696049507160787
1782096884248124554,0,3.1138498999937876,-2.4877480071631264,0.0,0.8828766563132979,0.0,0.0,-0.4696049507160787
1782096884268140963,0,3.1150358300251653,-2.489507367200383,0.0,0.8828766563132979,0.0,0.0,-0.4696049507160787
1782096884288117291,0,3.1159960730618503,-2.4909319143322572,0.0,0.8828766563132979,0.0,0.0,-0.4696049507160787
1782096884308096248,0,3.1168671057711346,-2.492224115473387,0.0,0.8828766563132979,0.0,0.0,-0.4696049507160787
1782096884328084672,0,3.1176491721850126,-2.493384332652011,0.0,0.8828766563132979,0.0,0.0,-0.4696049507160787
1782096884348084782,0,3.1182975488938154,-2.4943462174515996,0.0,0.8828766563132979,0.0,0.0,-0.4696049507160787
1782096884368091149,0,3.118923763671359,-2.495275224412541,0.0,0.8828766563132979,0.0,0.0,-0.4696049507160787
1782096884388085565,0,3.1195496043733413,-2.4962036764220463,0.0,0.8828766563132979,0.0,0.0,-0.4696049507160787
1782096884408086373,0,3.1201309279456075,-2.497066086037021,0.0,0.8828766563132979,0.0,0.0,-0.4696049507160787
1782096884428084219,0,3.1207345207182864,-2.4979615326274085,0.0,0.8828766563132979,0.0,0.0,-0.4696049507160787
1782096884448084313,0,3.1213381813421033,-2.498857079876833,0.0,0.8828766563132979,0.0,0.0,-0.4696049507160787
1782096884468086312,0,3.121986619289751,-2.4998190555259447,0.0,0.8828766563132979,0.0,0.0,-0.4696049507160787
1782096884488084187,0,3.1227914107648753,-2.501012985962141,0.0,0.8828766563132979,0.0,0.0,-0.4696049507160787
1782096884508094579,0,3.123686183236058,-2.5023404056973475,0.0,0.8828766563132979,0.0,0.0,-0.4696049507160787
1782096884528122196,0,3.1247608345019358,-2.5039346806049223,0.0,0.8828766563132979,0.0,0.0,-0.4696049507160787
1782096884548123880,0,3.1258340942427316,-2.505526891146521,0.0,0.8828766563132979,0.0,0.0,-0.4696049507160787
1782096884568121468,0,3.1270859742188146,-2.5073840897527577,0.0,0.8828766563132979,0.0,0.0,-0.4696049507160787
1782096884588128028,0,3.1285620660947973,-2.509573912920391,0.0,0.8828766563132979,0.0,0.0,-0.4696049507160787
1782096884608120378,0,3.130148855328336,-2.5119279586829246,0.0,0.8828766563132979,0.0,0.0,-0.4696049507160787
1782096884628128945,0,3.1319494207182603,-2.514599147292429,0.0,0.8828766563132979,0.0,0.0,-0.4696049507160787
1782096884648125561,0,3.133950095926314,-2.5175672043577246,0.0,0.8828766563132979,0.0,0.0,-0.4696049507160787
1782096884668089972,0,3.136103774361709,-2.5207622459470858,0.0,0.8828766563132979,0.0,0.0,-0.4696049507160787
1782096884688123098,0,3.1383320496364138,-2.5240679540129807,0.0,0.8828766563132979,0.0,0.0,-0.4696049507160787
1782096884708096109,0,3.1406429484608185,-2.5274962364025266,0.0,0.8828766563132979,0.0,0.0,-0.4696049507160787
1782096884728121273,0,3.143049424760713,-2.5310663106232734,0.0,0.8828766563132979,0.0,0.0,-0.4696049507160787
1782096884748129442,0,3.145431491854484,-2.534600173110897,0.0,0.8828766563132979,0.0,0.0,-0.4696049507160787
1782096884768143967,0,3.147769567871119,-2.538068773617581,0.0,0.8828766563132979,0.0,0.0,-0.4696049507160787
1782096884788121444,0,3.1501926458955505,-2.541663476956335,0.0,0.8828766563132979,0.0,0.0,-0.4696049507160787
1782096884808121855,0,3.152573789362751,-2.5451959692183723,0.0,0.8828766563132979,0.0,0.0,-0.4696049507160787
1782096884828142393,0,3.1549125678118,-2.5486656118029916,0.0,0.8828766563132979,0.0,0.0,-0.4696049507160787
1782096884848141860,0,3.1572712417466415,-2.5521647698916428,0.0,0.8828766563132979,0.0,0.0,-0.4696049507160787
1782096884868139276,0,3.1595849642557634,-2.5555972412956307,0.0,0.8828766563132979,0.0,0.0,-0.4696049507160787
1782096884888148488,0,3.1619224196132563,-2.559064921037295,0.0,0.8828766563132979,0.0,0.0,-0.4696049507160787
1782096884908212238,0,3.1642886748819694,-2.5625753262446582,0.0,0.8828766563132979,0.0,0.0,-0.4696049507160787
1782096884928120563,0,3.166658855075601,-2.5660915541868046,0.0,0.8828766563132979,0.0,0.0,-0.4696049507160787
1782096884948133459,0,3.1691757175485065,-2.5698253893515477,0.0,0.8828766563132979,0.0,0.0,-0.4696049507160787
1782096884968129022,0,3.1716904001881026,-2.573555990673231,0.0,0.8828766563132979,0.0,0.0,-0.4696049507160787
1782096884988121943,0,3.174294149705927,-2.5774187251748226,0.0,0.8828766563132979,0.0,0.0,-0.4696049507160787
1782096885008126337,0,3.1770112064895346,-2.581449554142423,0.0,0.8828766563132979,0.0,0.0,-0.4696049507160787
1782096885028121430,0,3.1797940565820677,-2.5855779893054875,0.0,0.8828766563132979,0.0,0.0,-0.4696049507160787
1782096885048210098,0,3.1826573005464716,-2.5898256910033868,0.0,0.8828766563132979,0.0,0.0,-0.4696049507160787
1782096885068145023,0,3.185610056112384,-2.5942061856404908,0.0,0.8828766563132979,0.0,0.0,-0.4696049507160787
1782096885088122777,0,3.188658486985964,-2.5987286172455604,0.0,0.8828766563132979,0.0,0.0,-0.4696049507160787
1782096885108142956,0,3.191735771842587,-2.6032938545333706,0.0,0.8828766563132979,0.0,0.0,-0.4696049507160787
1782096885128121859,0,3.194873714336603,-2.607949079105729,0.0,0.8828766563132979,0.0,0.0,-0.4696049507160787
1782096885148118611,0,3.198081522573481,-2.6127079514420415,0.0,0.8828766563132979,0.0,0.0,-0.4696049507160787
1782096885168151365,0,3.2012951061238755,-2.617475391615869,0.0,0.8828766563132979,0.0,0.0,-0.4696049507160787
1782096885188118986,0,3.204520562813222,-2.6222604459200727,0.0,0.8828766563132979,0.0,0.0,-0.4696049507160787
1782096885208203960,0,3.2077986549737143,-2.6271235864030706,0.0,0.8828766563132979,0.0,0.0,-0.4696049507160787
1782096885228094399,0,3.2111117026398435,-2.6320385843465277,0.0,0.8828766563132979,0.0,0.0,-0.4696049507160787
1782096885248089348,0,3.214419805902677,-2.6369462471307847,0.0,0.8828766563132979,0.0,0.0,-0.4696049507160787
1782096885268087428,0,3.2177954936293314,-2.641954173338392,0.0,0.8828766563132979,0.0,0.0,-0.4696049507160787
1782096885288084035,0,3.221148579098276,-2.646928568470883,0.0,0.8828766563132979,0.0,0.0,-0.4696049507160787
1782096885308119400,0,3.224508163614112,-2.6519126051193775,0.0,0.8828766563132979,0.0,0.0,-0.4696049507160787
1782096885328085915,0,3.2278785231501046,-2.656912626808612,0.0,0.8828766563132979,0.0,0.0,-0.4696049507160787
1782096885348084353,0,3.2312542713073795,-2.661920642666702,0.0,0.8828766563132979,0.0,0.0,-0.4696049507160787
1782096885368085893,0,3.234630543084078,-2.66692943532872,0.0,0.8828766563132979,0.0,0.0,-0.4696049507160787
1782096885388089227,0,3.2380071176890364,-2.6719386772448472,0.0,0.8828766563132979,0.0,0.0,-0.4696049507160787
1782096885408084500,0,3.2413823315924346,-2.676945900522536,0.0,0.8828766563132979,0.0,0.0,-0.4696049507160787
1782096885428088796,0,3.2447590685835688,-2.6819553833430443,0.0,0.8828766563132979,0.0,0.0,-0.4696049507160787
1782096885448083707,0,3.2480671655594135,-2.6868630368003887,0.0,0.8828766563132979,0.0,0.0,-0.4696049507160787
1782096885468087075,0,3.2513766617200885,-2.6917727659871704,0.0,0.8828766563132979,0.0,0.0,-0.4696049507160787
1782096885488186823,0,3.2547245729050185,-2.6967394849260518,0.0,0.8828766563132979,0.0,0.0,-0.4696049507160787
1782096885508091272,0,3.257939825146376,-2.7015094006491203,0.0,0.8828766563132979,0.0,0.0,-0.4696049507160787
1782096885528085653,0,3.2611696044949396,-2.7063008677379563,0.0,0.8828766563132979,0.0,0.0,-0.4696049507160787
1782096885548086372,0,3.2643780491039194,-2.711060684149922,0.0,0.8828766563132979,0.0,0.0,-0.4696049507160787
1782096885568085715,0,3.2675862729798495,-2.7158201730982845,0.0,0.8828766563132979,0.0,0.0,-0.4696049507160787
1782096885588088404,0,3.27077267286274,-2.72054728554872,0.0,0.8828766563132979,0.0,0.0,-0.4696049507160787
1782096885608083729,0,3.273957899670918,-2.725272657710327,0.0,0.8828766563132979,0.0,0.0,-0.4696049507160787
1782096885628085435,0,3.277188862258597,-2.7300658801671562,0.0,0.8828766563132979,0.0,0.0,-0.4696049507160787
1782096885648086068,0,3.280475547473722,-2.7349417686846222,0.0,0.8828766563132979,0.0,0.0,-0.4696049507160787
1782096885668085526,0,3.2838738249422312,-2.7399832073997277,0.0,0.8828766563132979,0.0,0.0,-0.4696049507160787
1782096885688086984,0,3.2873395203589246,-2.74512466250761,0.0,0.8828766563132979,0.0,0.0,-0.4696049507160787
1782096885708099412,0,3.2909413460394084,-2.750468070630958,0.0,0.8828766563132979,0.0,0.0,-0.4696049507160787
1782096885728133198,0,3.294658992934458,-2.755983302732943,0.0,0.8828766563132979,0.0,0.0,-0.4696049507160787
1782096885748135165,0,3.298527254456553,-2.7617219758043343,0.0,0.8828766563132979,0.0,0.0,-0.4696049507160787
1782096885768127711,0,3.302505441052252,-2.767623725765984,0.0,0.8828766563132979,0.0,0.0,-0.4696049507160787
1782096885788132951,0,3.306620334800687,-2.77372828457384,0.0,0.8828766563132979,0.0,0.0,-0.4696049507160787
1782096885808204750,0,3.310748919122845,-2.77985315372687,0.0,0.8828766563132979,0.0,0.0,-0.4696049507160787
1782096885828216649,0,3.314977037444286,-2.7861256843237014,0.0,0.8828766563132979,0.0,0.0,-0.4696049507160787
1782096885848152654,0,3.3192782656704884,-2.7925066754884997,0.0,0.8828766563132979,0.0,0.0,-0.4696049507160787
1782096885868267826,0,3.323640635982636,-2.798978372630676,0.0,0.8828766563132979,0.0,0.0,-0.4696049507160787
1782096885888148739,0,3.328018876140417,-2.805473613128251,0.0,0.8828766563132979,0.0,0.0,-0.4696049507160787
1782096885908139973,0,3.332421411552264,-2.812004896307918,0.0,0.8828766563132979,0.0,0.0,-0.4696049507160787
1782096885928150926,0,3.3368282895472574,-2.818542621829907,0.0,0.8828766563132979,0.0,0.0,-0.4696049507160787
1782096885948135173,0,3.3412292862589505,-2.825071622305282,0.0,0.8828766563132979,0.0,0.0,-0.4696049507160787
1782096885968157729,0,3.345661102460413,-2.831646344347065,0.0,0.8828766563132979,0.0,0.0,-0.4696049507160787
1782096885988178065,0,3.350070046810582,-2.8381871353641652,0.0,0.8828766563132979,0.0,0.0,-0.4696049507160787
1782096886008134096,0,3.354464829701795,-2.8447069174648187,0.0,0.8828766563132979,0.0,0.0,-0.4696049507160787
1782096886028149604,0,3.358850335737173,-2.8512129370929773,0.0,0.8828766563132979,0.0,0.0,-0.4696049507160787
1782096886048126780,0,3.3632274430240723,-2.8577064969452315,0.0,0.8828766563132979,0.0,0.0,-0.4696049507160787
1782096886068136655,0,3.3677011899573457,-2.864343424388618,0.0,0.8828766563132979,0.0,0.0,-0.4696049507160787
1782096886088146884,0,3.372197385212256,-2.8710136545387033,0.0,0.8828766563132979,0.0,0.0,-0.4696049507160787
1782096886108094777,0,3.37674647202955,-2.8777623507860173,0.0,0.8828766563132979,0.0,0.0,-0.4696049507160787
1782096886128150894,0,3.381320239166294,-2.884547660970591,0.0,0.8828766563132979,0.0,0.0,-0.4696049507160787
1782096886148157776,0,3.3859275092034387,-2.8913826736355275,0.0,0.8828766563132979,0.0,0.0,-0.4696049507160787
1782096886168091608,0,3.390540240747501,-2.898225788597182,0.0,0.8828766563132979,0.0,0.0,-0.4696049507160787
1782096886188131207,0,3.3951774470025593,-2.9051052124702514,0.0,0.8828766563132979,0.0,0.0,-0.4696049507160787
1782096886208119321,0,3.3998027395180226,-2.911966961980761,0.0,0.8828766563132979,0.0,0.0,-0.4696049507160787
1782096886228148001,0,3.4044374190930244,-2.918842637454,0.0,0.8828766563132979,0.0,0.0,-0.4696049507160787
1782096886248128641,0,3.409016309912358,-2.9256355487635477,0.0,0.8828766563132979,0.0,0.0,-0.4696049507160787
1782096886268123175,0,3.413598384769285,-2.932433183681036,0.0,0.8828766563132979,0.0,0.0,-0.4696049507160787
1782096886288144106,0,3.418164127791971,-2.93920658987022,0.0,0.8828766563132979,0.0,0.0,-0.4696049507160787
1782096886308143880,0,3.422725045992818,-2.9459728383026174,0.0,0.8828766563132979,0.0,0.0,-0.4696049507160787
1782096886328127128,0,3.4272375177698673,-2.952667215123952,0.0,0.8828766563132979,0.0,0.0,-0.4696049507160787
1782096886348151113,0,3.4317591884800875,-2.9593752388173367,0.0,0.8828766563132979,0.0,0.0,-0.4696049507160787
1782096886368149380,0,3.436252695935291,-2.9660414815421254,0.0,0.8828766563132979,0.0,0.0,-0.4696049507160787
1782096886388095531,0,3.4406898981072227,-2.9726241938202125,0.0,0.8828766563132979,0.0,0.0,-0.4696049507160787
1782096886408084086,0,3.4450918435408613,-2.9791546017508685,0.0,0.8828766563132979,0.0,0.0,-0.4696049507160787
1782096886428084728,0,3.449407017313781,-2.9855562815203274,0.0,0.8828766563132979,0.0,0.0,-0.4696049507160787
1782096886448085653,0,3.4536775345952893,-2.99189171214836,0.0,0.8828766563132979,0.0,0.0,-0.4696049507160787
1782096886468088306,0,3.4579036994198638,-2.9981613446784983,0.0,0.8828766563132979,0.0,0.0,-0.4696049507160787
1782096886488088565,0,3.4620399266525044,-3.0042975523008475,0.0,0.8828766563132979,0.0,0.0,-0.4696049507160787
1782096886508084032,0,3.4661081048384896,-3.0103328072783575,0.0,0.8828766563132979,0.0,0.0,-0.4696049507160787
1782096886528087318,0,3.470088428516877,-3.016237727661355,0.0,0.8828766563132979,0.0,0.0,-0.4696049507160787
1782096886548152823,0,3.4740138398459304,-3.022061184053715,0.0,0.8828766563132979,0.0,0.0,-0.4696049507160787
1782096886568169529,0,3.4778625757205,-3.0277708902863743,0.0,0.8828766563132979,0.0,0.0,-0.4696049507160787
1782096886588235259,0,3.4816534440850506,-3.033394748465701,0.0,0.8828766563132979,0.0,0.0,-0.4696049507160787
1782096886608235402,0,3.485409563687609,-3.038967055894497,0.0,0.8828766563132979,0.0,0.0,-0.4696049507160787
1782096886628185326,0,3.4891562519290793,-3.0445253716379983,0.0,0.8828766563132979,0.0,0.0,-0.4696049507160787
1782096886648136558,0,3.4929031858190203,-3.050084051807802,0.0,0.8828766563132979,0.0,0.0,-0.4696049507160787
1782096886668158794,0,3.49659630712936,-3.055562899525819,0.0,0.8828766563132979,0.0,0.0,-0.4696049507160787
1782096886688227188,0,3.500230639736745,-3.060954532575273,0.0,0.8828766563132979,0.0,0.0,-0.4696049507160787
1782096886708146694,0,3.503815741367253,-3.0662731301074397,0.0,0.8828766563132979,0.0,0.0,-0.4696049507160787
1782096886728203457,0,3.507403125241266,-3.0715951134110386,0.0,0.8828766563132979,0.0,0.0,-0.4696049507160787
1782096886748131611,0,3.5109452284843807,-3.0768499216449707,0.0,0.8828766563132979,0.0,0.0,-0.4696049507160787
1782096886768132200,0,3.5144107733275827,-3.081991153372916,0.0,0.8828766563132979,0.0,0.0,-0.4696049507160787
1782096886788226828,0,3.5178926125094896,-3.0871565582034832,0.0,0.8828766563132979,0.0,0.0,-0.4696049507160787
1782096886808132917,0,3.5213640358941674,-3.0923065109104697,0.0,0.8828766563132979,0.0,0.0,-0.4696049507160787
1782096886828215203,0,3.524798837097371,-3.097402133597249,0.0,0.8828766563132979,0.0,0.0,-0.4696049507160787
1782096886848143070,0,3.528207227036084,-3.102458574441893,0.0,0.8828766563132979,0.0,0.0,-0.4696049507160787
1782096886868225869,0,3.5316421159809415,-3.1075543272958472,0.0,0.8828766563132979,0.0,0.0,-0.4696049507160787
1782096886888133293,0,3.5350247551722265,-3.1125725661936943,0.0,0.8828766563132979,0.0,0.0,-0.4696049507160787
1782096886908235069,0,3.538417946844987,-3.1176064599899944,0.0,0.8828766563132979,0.0,0.0,-0.4696049507160787
1782096886928172867,0,3.541805747140127,-3.1226323555283186,0.0,0.8828766563132979,0.0,0.0,-0.4696049507160787
1782096886948125480,0,3.5451960647775222,-3.1276619856135723,0.0,0.8828766563132979,0.0,0.0,-0.4696049507160787
1782096886968186178,0,3.548604748053634,-3.132718861632371,0.0,0.8828766563132979,0.0,0.0,-0.4696049507160787
1782096886988174964,0,3.5520682477657757,-3.1378570593517607,0.0,0.8828766563132979,0.0,0.0,-0.4696049507160787
1782096887008190473,0,3.555514002751456,-3.1429689322781296,0.0,0.8828766563132979,0.0,0.0,-0.4696049507160787
1782096887028200307,0,3.55898114949559,-3.1481125404704513,0.0,0.8828766563132979,0.0,0.0,-0.4696049507160787
1782096887048259744,0,3.562434466873263,-3.1532356324147304,0.0,0.8828766563132979,0.0,0.0,-0.4696049507160787
1782096887068174323,0,3.565862846330256,-3.1583217282632137,0.0,0.8828766563132979,0.0,0.0,-0.4696049507160787
1782096887088223087,0,3.569314326305601,-3.163442094370257,0.0,0.8828766563132979,0.0,0.0,-0.4696049507160787
1782096887108157445,0,3.572723826441368,-3.1685001822229686,0.0,0.8828766563132979,0.0,0.0,-0.4696049507160787
1782096887128197223,0,3.5761065528150744,-3.1735185504583607,0.0,0.8828766563132979,0.0,0.0,-0.4696049507160787
1782096887148173203,0,3.5794785100486677,-3.178520942376213,0.0,0.8828766563132979,0.0,0.0,-0.4696049507160787
1782096887168135412,0,3.582703092514112,-3.18330469974504,0.0,0.8828766563132979,0.0,0.0,-0.4696049507160787
1782096887188238207,0,3.5859054391402974,-3.1880554696306773,0.0,0.8828766563132979,0.0,0.0,-0.4696049507160787
1782096887208162838,0,3.588945763907789,-3.1925658756029285,0.0,0.8828766563132979,0.0,0.0,-0.4696049507160787
1782096887228146035,0,3.5918386529718123,-3.1968575566269197,0.0,0.8828766563132979,0.0,0.0,-0.4696049507160787
1782096887248124539,0,3.5944405249122275,-3.200717505690436,0.0,0.8828766563132979,0.0,0.0,-0.4696049507160787
1782096887268185725,0,3.5966719212876614,-3.204027843995687,0.0,0.8828766563132979,0.0,0.0,-0.4696049507160787
1782096887288236744,0,3.598498721695282,-3.2067379529803453,0.0,0.8828766563132979,0.0,0.0,-0.4696049507160787
1782096887308170770,0,3.599880326193991,-3.2087876015076744,0.0,0.8828766563132979,0.0,0.0,-0.4696049507160787
1782096887328133977,0,3.6007283556324317,-3.2100456766596053,0.0,0.8828766563132979,0.0,0.0,-0.4696049507160787
1782096887348168643,0,3.601131491675726,-3.2106437401417565,0.0,0.8828766563132979,0.0,0.0,-0.4696049507160787
1782096887368155953,0,3.601153835186048,-3.210676887357964,0.0,0.8828766563132979,0.0,0.0,-0.4696049507160787
1782096887388141947,0,3.6008857307261883,-3.2102791469685665,0.0,0.8828766563132979,0.0,0.0,-0.4696049507160787
1782096887408130623,0,3.600327104810512,-3.2094504099555787,0.0,0.8828766563132979,0.0,0.0,-0.4696049507160787
1782096887428135663,0,3.599633841611673,-3.208421934805228,0.0,0.8828766563132979,0.0,0.0,-0.4696049507160787
1782096887448159502,0,3.5988727738581345,-3.2072928697206193,0.0,0.8828766563132979,0.0,0.0,-0.4696049507160787
1782096887468234447,0,3.5981995296203535,-3.2062940932532658,0.0,0.8828766563132979,0.0,0.0,-0.4696049507160787
1782096887488220738,0,3.597529258531171,-3.2052997275341766,0.0,0.8828766563132979,0.0,0.0,-0.4696049507160787
1782096887508157744,0,3.5969052148066356,-3.204373941390475,0.0,0.8828766563132979,0.0,0.0,-0.4696049507160787
1782096887528275685,0,3.5962979972198634,-3.203473117288016,0.0,0.8828766563132979,0.0,0.0,-0.4696049507160787
1782096887548230965,0,3.5958741508686205,-3.202844329490604,0.0,0.8828766563132979,0.0,0.0,-0.4696049507160787
1782096887568171246,0,3.595562077751335,-3.202381360380515,0.0,0.8828766563132979,0.0,0.0,-0.4696049507160787
1782096887588152258,0,3.5954280589372174,-3.2021825397590997,0.0,0.8828766563132979,0.0,0.0,-0.4696049507160787
1782096887608157359,0,3.5954280589372174,-3.2021825397590997,0.0,0.8828766563132979,0.0,0.0,-0.4696049507160787
1782096887628154609,0,3.595517477425618,-3.2023151945624284,0.0,0.8828766563132979,0.0,0.0,-0.4696049507160787
1782096887648215242,0,3.5956744557619564,-3.2025480762707637,0.0,0.8828766563132979,0.0,0.0,-0.4696049507160787
1782096887668163823,0,3.595830557269703,-3.202779657179604,0.0,0.8828766563132979,0.0,0.0,-0.4696049507160787
1782096887688151179,0,3.595986962199333,-3.2030116882232096,0.0,0.8828766563132979,0.0,0.0,-0.4696049507160787
1782096887708151586,0,3.596098752947831,-3.203177532893846,0.0,0.8828766563132979,0.0,0.0,-0.4696049507160787
1782096887728146763,0,3.5962328667709715,-3.2033764944637855,0.0,0.8828766563132979,0.0,0.0,-0.4696049507160787
1782096887748163050,0,3.5963671221854017,-3.203575666088312,0.0,0.8828766563132979,0.0,0.0,-0.4696049507160787
1782096887768168146,0,3.5964118489714454,-3.203642019513795,0.0,0.8828766563132979,0.0,0.0,-0.4696049507160787
1782096887788230127,0,3.596434275955342,-3.203675290565362,0.0,0.8828766563132979,0.0,0.0,-0.4696049507160787
1782096887808157214,0,3.596434275955342,-3.203675290565362,0.0,0.8828766563132979,0.0,0.0,-0.4696049507160787
1782096887828228315,0,3.596434275955342,-3.203675290565362,0.0,0.8828766563132979,0.0,0.0,-0.4696049507160787
1782096887848161635,0,3.596434275955342,-3.203675290565362,0.0,0.8828766563132979,0.0,0.0,-0.4696049507160787
1782096887868185820,0,3.596434275955342,-3.203675290565362,0.0,0.8828766563132979,0.0,0.0,-0.4696049507160787
1782096887888230296,0,3.596434275955342,-3.203675290565362,0.0,0.8828766563132979,0.0,0.0,-0.4696049507160787
1782096887908142333,0,3.596434275955342,-3.203675290565362,0.0,0.8828766563132979,0.0,0.0,-0.4696049507160787
1782096887928232784,0,3.596434275955342,-3.203675290565362,0.0,0.8828766563132979,0.0,0.0,-0.4696049507160787
1782096887948230505,0,3.596434275955342,-3.203675290565362,0.0,0.8828766563132979,0.0,0.0,-0.4696049507160787
1782096887968135468,0,3.596434275955342,-3.203675290565362,0.0,0.8828766563132979,0.0,0.0,-0.4696049507160787
1782096887988171545,0,3.596434275955342,-3.203675290565362,0.0,0.8828766563132979,0.0,0.0,-0.4696049507160787
1782096888008156145,0,3.596434275955342,-3.203675290565362,0.0,0.8828766563132979,0.0,0.0,-0.4696049507160787
1782096888028144327,0,3.596434275955342,-3.203675290565362,0.0,0.8828766563132979,0.0,0.0,-0.4696049507160787
1782096888048174309,0,3.596434275955342,-3.203675290565362,0.0,0.8828766563132979,0.0,0.0,-0.4696049507160787
1782096888068161834,0,3.596434275955342,-3.203675290565362,0.0,0.8828766563132979,0.0,0.0,-0.4696049507160787
1782096888088172035,0,3.596434275955342,-3.203675290565362,0.0,0.8828766563132979,0.0,0.0,-0.4696049507160787
1782096888108169504,0,3.596434275955342,-3.203675290565362,0.0,0.8828766563132979,0.0,0.0,-0.4696049507160787
1782096888128154292,0,3.596434275955342,-3.203675290565362,0.0,0.8828766563132979,0.0,0.0,-0.4696049507160787
1782096888148163530,0,3.596434275955342,-3.203675290565362,0.0,0.8828766563132979,0.0,0.0,-0.4696049507160787
1782096888168150731,0,3.596434275955342,-3.203675290565362,0.0,0.8828766563132979,0.0,0.0,-0.4696049507160787
1782096888188129740,0,3.596434275955342,-3.203675290565362,0.0,0.8828766563132979,0.0,0.0,-0.4696049507160787
1782096888208179271,0,3.596434275955342,-3.203675290565362,0.0,0.8828766563132979,0.0,0.0,-0.4696049507160787
1782096888228147268,0,3.596434275955342,-3.203675290565362,0.0,0.8828766563132979,0.0,0.0,-0.4696049507160787
1782096888248151822,0,3.596434275955342,-3.203675290565362,0.0,0.8828766563132979,0.0,0.0,-0.4696049507160787
1782096888268200621,0,3.596434275955342,-3.203675290565362,0.0,0.8828766563132979,0.0,0.0,-0.4696049507160787
1782096888288147003,0,3.596434275955342,-3.203675290565362,0.0,0.8828766563132979,0.0,0.0,-0.4696049507160787
1782096888308162207,0,3.596434275955342,-3.203675290565362,0.0,0.8828766563132979,0.0,0.0,-0.4696049507160787
1782096888328148200,0,3.596434275955342,-3.203675290565362,0.0,0.8828766563132979,0.0,0.0,-0.4696049507160787
1782096888348157934,0,3.596434275955342,-3.203675290565362,0.0,0.8828766563132979,0.0,0.0,-0.4696049507160787
1782096888368132015,0,3.596434275955342,-3.203675290565362,0.0,0.8828766563132979,0.0,0.0,-0.4696049507160787
1782096888388195948,0,3.596434275955342,-3.203675290565362,0.0,0.8828766563132979,0.0,0.0,-0.4696049507160787
1782096888408248674,0,3.596434275955342,-3.203675290565362,0.0,0.8828766563132979,0.0,0.0,-0.4696049507160787
1782096888428163358,0,3.596434275955342,-3.203675290565362,0.0,0.8828766563132979,0.0,0.0,-0.4696049507160787
1782096888448160804,0,3.596434275955342,-3.203675290565362,0.0,0.8828766563132979,0.0,0.0,-0.4696049507160787
1782096888468144013,0,3.596434275955342,-3.203675290565362,0.0,0.8828766563132979,0.0,0.0,-0.4696049507160787
1782096888488163453,0,3.596434275955342,-3.203675290565362,0.0,0.8828766563132979,0.0,0.0,-0.4696049507160787
1782096888508132656,0,3.596434275955342,-3.203675290565362,0.0,0.8828766563132979,0.0,0.0,-0.4696049507160787
1782096888528160734,0,3.596434275955342,-3.203675290565362,0.0,0.8828766563132979,0.0,0.0,-0.4696049507160787
1782096888548169655,0,3.596434275955342,-3.203675290565362,0.0,0.8828766563132979,0.0,0.0,-0.4696049507160787
1782096888568172521,0,3.596434275955342,-3.203675290565362,0.0,0.8828766563132979,0.0,0.0,-0.4696049507160787
1782096888588142552,0,3.596434275955342,-3.203675290565362,0.0,0.8828766563132979,0.0,0.0,-0.4696049507160787
1782096888608218320,0,3.596434275955342,-3.203675290565362,0.0,0.8828766563132979,0.0,0.0,-0.4696049507160787
1782096888628242192,0,3.596434275955342,-3.203675290565362,0.0,0.8828766563132979,0.0,0.0,-0.4696049507160787
1782096888648127996,0,3.596434275955342,-3.203675290565362,0.0,0.8828766563132979,0.0,0.0,-0.4696049507160787
1782096888668155850,0,3.596434275955342,-3.203675290565362,0.0,0.8828766563132979,0.0,0.0,-0.4696049507160787
1782096888688223739,0,3.596434275955342,-3.203675290565362,0.0,0.8828766563132979,0.0,0.0,-0.4696049507160787
1782096888708238346,0,3.596434275955342,-3.203675290565362,0.0,0.8828766563132979,0.0,0.0,-0.4696049507160787
1782096888728225583,0,3.596434275955342,-3.203675290565362,0.0,0.8828766563132979,0.0,0.0,-0.4696049507160787
1782096888748137992,0,3.596434275955342,-3.203675290565362,0.0,0.8828766563132979,0.0,0.0,-0.4696049507160787
1782096888768130104,0,3.596434275955342,-3.203675290565362,0.0,0.8828766563132979,0.0,0.0,-0.4696049507160787
1782096888788140598,0,3.596434275955342,-3.203675290565362,0.0,0.8828766563132979,0.0,0.0,-0.4696049507160787
1782096888808150564,0,3.596434275955342,-3.203675290565362,0.0,0.8828766563132979,0.0,0.0,-0.4696049507160787
1782096888828183914,0,3.596434275955342,-3.203675290565362,0.0,0.8828766563132979,0.0,0.0,-0.4696049507160787
1782096888848261869,0,3.596434275955342,-3.203675290565362,0.0,0.8828766563132979,0.0,0.0,-0.4696049507160787
1782096888868137942,0,3.596434275955342,-3.203675290565362,0.0,0.8828766563132979,0.0,0.0,-0.4696049507160787
1782096888888230069,0,3.596434275955342,-3.203675290565362,0.0,0.8828766563132979,0.0,0.0,-0.4696049507160787
1782096888908131820,0,3.596434275955342,-3.203675290565362,0.0,0.8828766563132979,0.0,0.0,-0.4696049507160787
1782096888928168339,0,3.596434275955342,-3.203675290565362,0.0,0.8828766563132979,0.0,0.0,-0.4696049507160787
1782096888948146962,0,3.596434275955342,-3.203675290565362,0.0,0.8828766563132979,0.0,0.0,-0.4696049507160787
1782096888968153278,0,3.596434275955342,-3.203675290565362,0.0,0.8828766563132979,0.0,0.0,-0.4696049507160787
1782096888988217390,0,3.596434275955342,-3.203675290565362,0.0,0.8828766563132979,0.0,0.0,-0.4696049507160787
1782096889008218848,0,3.596434275955342,-3.203675290565362,0.0,0.8828766563132979,0.0,0.0,-0.4696049507160787
1782096889028171503,0,3.596434275955342,-3.203675290565362,0.0,0.8828766563132979,0.0,0.0,-0.4696049507160787
1782096889048152467,0,3.596434275955342,-3.203675290565362,0.0,0.8828766563132979,0.0,0.0,-0.4696049507160787
1782096889068105198,0,3.596434275955342,-3.203675290565362,0.0,0.8828766563132979,0.0,0.0,-0.4696049507160787
1782096889088221925,0,3.596434275955342,-3.203675290565362,0.0,0.8828766563132979,0.0,0.0,-0.4696049507160787
1782096889108175463,0,3.596434275955342,-3.203675290565362,0.0,0.8828766563132979,0.0,0.0,-0.4696049507160787
1782096889128237426,0,3.596434275955342,-3.203675290565362,0.0,0.8828766563132979,0.0,0.0,-0.4696049507160787
1782096889148163976,0,3.596434275955342,-3.203675290565362,0.0,0.8828766563132979,0.0,0.0,-0.4696049507160787
1782096889168250122,0,3.596434275955342,-3.203675290565362,0.0,0.8828766563132979,0.0,0.0,-0.4696049507160787
1782096889188234953,0,3.596301953945042,-3.2037650238930904,0.0,0.8828766563132979,0.0,0.0,-0.4696049507160787
1782096889208097116,0,3.596038756082231,-3.203943125851205,0.0,0.8828766563132979,0.0,0.0,-0.4696049507160787
1782096889228110690,0,3.595674100267327,-3.204189882849835,0.0,0.8828766563132979,0.0,0.0,-0.4696049507160787
1782096889248157574,0,3.5952092204030524,-3.204504459925921,0.0,0.8828766563132979,0.0,0.0,-0.4696049507160787
1782096889268180425,0,3.594545902512855,-3.2049533169714706,0.0,0.8828766563132979,0.0,0.0,-0.4696049507160787
1782096889288222944,0,3.5935831468128128,-3.2056047989916148,0.0,0.8828766563132979,0.0,0.0,-0.4696049507160787
1782096889308265143,0,3.5922884269965567,-3.206480916039156,0.0,0.8828766563132979,0.0,0.0,-0.4696049507160787
1782096889328102006,0,3.590744109306802,-3.207525932140569,0.0,0.8828766563132979,0.0,0.0,-0.4696049507160787
1782096889348128444,0,3.588853314610158,-3.2088054039199743,0.0,0.8828766563132979,0.0,0.0,-0.4696049507160787
1782096889368293549,0,3.5865820107802366,-3.2103423603954684,0.0,0.8828766563132979,0.0,0.0,-0.4696049507160787
1782096889388266648,0,3.5840180406011863,-3.2120773597019237,0.0,0.8828766563132979,0.0,0.0,-0.4696049507160787
1782096889408235383,0,3.581123868129072,-3.214035801837054,0.0,0.8828766563132979,0.0,0.0,-0.4696049507160787
1782096889428290058,0,3.5780179281184306,-3.216137543818449,0.0,0.8828766563132979,0.0,0.0,-0.4696049507160787
1782096889448235088,0,3.5745655623111534,-3.2184737068246316,0.0,0.8828766563132979,0.0,0.0,-0.4696049507160787
1782096889468241490,0,3.5708706028565635,-3.2209740292322286,0.0,0.8828766563132979,0.0,0.0,-0.4696049507160787
1782096889488225096,0,3.567014349278201,-3.2235834969002375,0.0,0.8828766563132979,0.0,0.0,-0.4696049507160787
1782096889508233283,0,3.5629213610665196,-3.226353159264732,0.0,0.8828766563132979,0.0,0.0,-0.4696049507160787
1782096889528227525,0,3.558665632898101,-3.229232945262639,0.0,0.8828766563132979,0.0,0.0,-0.4696049507160787
1782096889548228276,0,3.5542428730182514,-3.232225759058547,0.0,0.8828766563132979,0.0,0.0,-0.4696049507160787
1782096889568220980,0,3.549722544488611,-3.2352845960637278,0.0,0.8828766563132979,0.0,0.0,-0.4696049507160787
1782096889588253698,0,3.545193168837288,-3.23834955511743,0.0,0.8828766563132979,0.0,0.0,-0.4696049507160787
1782096889608239280,0,3.5405751378944124,-3.241474505847568,0.0,0.8828766563132979,0.0,0.0,-0.4696049507160787
1782096889628250743,0,3.53581853877408,-3.2446932235387105,0.0,0.8828766563132979,0.0,0.0,-0.4696049507160787
1782096889648251591,0,3.531031333256029,-3.247932652109886,0.0,0.8828766563132979,0.0,0.0,-0.4696049507160787
1782096889668233545,0,3.5261659047147815,-3.2512250130014553,0.0,0.8828766563132979,0.0,0.0,-0.4696049507160787
1782096889688249111,0,3.5213287238825237,-3.254505316345415,0.0,0.8828766563132979,0.0,0.0,-0.4696049507160787
1782096889708265842,0,3.5164912615036044,-3.257785810618443,0.0,0.8828766563132979,0.0,0.0,-0.4696049507160787
1782096889728225592,0,3.5116675697770368,-3.2610569664113753,0.0,0.8828766563132979,0.0,0.0,-0.4696049507160787
1782096889748261470,0,3.506941557605971,-3.26426188143645,0.0,0.8828766563132979,0.0,0.0,-0.4696049507160787
1782096889768221610,0,3.5022664500200036,-3.2674322758416685,0.0,0.8828766563132979,0.0,0.0,-0.4696049507160787
1782096889788229702,0,3.497745705876358,-3.270497989662553,0.0,0.8828766563132979,0.0,0.0,-0.4696049507160787
1782096889808251987,0,3.493254897449178,-3.2735434027681687,0.0,0.8828766563132979,0.0,0.0,-0.4696049507160787
1782096889828253113,0,3.488835049866585,-3.2765406942293995,0.0,0.8828766563132979,0.0,0.0,-0.4696049507160787
1782096889848231070,0,3.4845525984338983,-3.2794448113674846,0.0,0.8828766563132979,0.0,0.0,-0.4696049507160787
1782096889868242645,0,3.4802629406861647,-3.282353815422183,0.0,0.8828766563132979,0.0,0.0,-0.4696049507160787
1782096889888232255,0,3.4760110798087136,-3.285237187770249,0.0,0.8828766563132979,0.0,0.0,-0.4696049507160787
1782096889908232241,0,3.4717901175731654,-3.2880996064012957,0.0,0.8828766563132979,0.0,0.0,-0.4696049507160787
1782096889928218635,0,3.4675720239055603,-3.2909600797312755,0.0,0.8828766563132979,0.0,0.0,-0.4696049507160787
1782096889948223449,0,3.4633169290834327,-3.2938456451583042,0.0,0.8828766563132979,0.0,0.0,-0.4696049507160787
1782096889968216027,0,3.459097530293391,-3.2967070035487445,0.0,0.8828766563132979,0.0,0.0,-0.4696049507160787
1782096889988238854,0,3.4548054605801233,-3.2996176432624824,0.0,0.8828766563132979,0.0,0.0,-0.4696049507160787
1782096890008263016,0,3.4505131046978295,-3.3025284770399277,0.0,0.8828766563132979,0.0,0.0,-0.4696049507160787
1782096890028246309,0,3.446229509446441,-3.3054333698513694,0.0,0.8828766563132979,0.0,0.0,-0.4696049507160787
1782096890048221322,0,3.4419146247696815,-3.308359481387162,0.0,0.8828766563132979,0.0,0.0,-0.4696049507160787
1782096890068268332,0,3.4375841877249687,-3.3112961396621343,0.0,0.8828766563132979,0.0,0.0,-0.4696049507160787
1782096890088223029,0,3.4332406609031625,-3.3142416746859893,0.0,0.8828766563132979,0.0,0.0,-0.4696049507160787
1782096890108231201,0,3.428852375499955,-3.3172175624564804,0.0,0.8828766563132979,0.0,0.0,-0.4696049507160787
1782096890128262108,0,3.4244259469138334,-3.3202193167832994,0.0,0.8828766563132979,0.0,0.0,-0.4696049507160787
1782096890148245840,0,3.420043021805172,-3.3231915695042225,0.0,0.8828766563132979,0.0,0.0,-0.4696049507160787
1782096890168230547,0,3.4156598828549796,-3.3261639672404164,0.0,0.8828766563132979,0.0,0.0,-0.4696049507160787
1782096890188234858,0,3.4112393314512874,-3.3291617359934356,0.0,0.8828766563132979,0.0,0.0,-0.4696049507160787
1782096890208261211,0,3.4068139092078016,-3.3321628078754073,0.0,0.8828766563132979,0.0,0.0,-0.4696049507160787
1782096890228097220,0,3.4024633833950175,-3.335113089220376,0.0,0.8828766563132979,0.0,0.0,-0.4696049507160787
1782096890248220569,0,3.398083146194421,-3.338083519153574,0.0,0.8828766563132979,0.0,0.0,-0.4696049507160787
1782096890268217445,0,3.3937304382952145,-3.34103528026654,0.0,0.8828766563132979,0.0,0.0,-0.4696049507160787
1782096890288231266,0,3.389407170542835,-3.3439670767316243,0.0,0.8828766563132979,0.0,0.0,-0.4696049507160787
1782096890308245170,0,3.385150142245496,-3.3468539533325425,0.0,0.8828766563132979,0.0,0.0,-0.4696049507160787
1782096890328226297,0,3.380867011295327,-3.349758531281075,0.0,0.8828766563132979,0.0,0.0,-0.4696049507160787
1782096890348219011,0,3.376614490186078,-3.3526423513611348,0.0,0.8828766563132979,0.0,0.0,-0.4696049507160787
1782096890368225109,0,3.3723922380235645,-3.355505644747925,0.0,0.8828766563132979,0.0,0.0,-0.4696049507160787
1782096890388235745,0,3.3682021514066913,-3.358347125274992,0.0,0.8828766563132979,0.0,0.0,-0.4696049507160787
1782096890408220889,0,3.363984321549411,-3.3612074197036867,0.0,0.8828766563132979,0.0,0.0,-0.4696049507160787
1782096890428228016,0,3.359761852218241,-3.364070860362014,0.0,0.8828766563132979,0.0,0.0,-0.4696049507160787
1782096890448228578,0,3.3556069816335206,-3.3668884593613835,0.0,0.8828766563132979,0.0,0.0,-0.4696049507160787
1782096890468218049,0,3.351421326818986,-3.3697269344899516,0.0,0.8828766563132979,0.0,0.0,-0.4696049507160787
1782096890488228871,0,3.3472643248455554,-3.3725459788769974,0.0,0.8828766563132979,0.0,0.0,-0.4696049507160787
1782096890508248078,0,3.3430724435214993,-3.37538867647331,0.0,0.8828766563132979,0.0,0.0,-0.4696049507160787
1782096890528235033,0,3.338821147371957,-3.3782716658547485,0.0,0.8828766563132979,0.0,0.0,-0.4696049507160787
1782096890548252909,0,3.334563274216142,-3.3811591153910547,0.0,0.8828766563132979,0.0,0.0,-0.4696049507160787
1782096890568221785,0,3.330282769375969,-3.3840619124598414,0.0,0.8828766563132979,0.0,0.0,-0.4696049507160787
1782096890588238220,0,3.3259589369626936,-3.386994091846105,0.0,0.8828766563132979,0.0,0.0,-0.4696049507160787
1782096890608230798,0,3.3217064447811313,-3.389877892309039,0.0,0.8828766563132979,0.0,0.0,-0.4696049507160787
1782096890628220893,0,3.3174213914610013,-3.3927837739005073,0.0,0.8828766563132979,0.0,0.0,-0.4696049507160787
1782096890648234269,0,3.3131313476530173,-3.3956930397594998,0.0,0.8828766563132979,0.0,0.0,-0.4696049507160787
1782096890668251889,0,3.3088403941061713,-3.3986029225520986,0.0,0.8828766563132979,0.0,0.0,-0.4696049507160787
1782096890688247593,0,3.3045210398814358,-3.4015320650833547,0.0,0.8828766563132979,0.0,0.0,-0.4696049507160787
1782096890708237166,0,3.300269186874018,-3.4044154320944098,0.0,0.8828766563132979,0.0,0.0,-0.4696049507160787
1782096890728232700,0,3.2959829676562253,-3.4073221043319424,0.0,0.8828766563132979,0.0,0.0,-0.4696049507160787
1782096890748214358,0,3.291732798197344,-3.410204329655284,0.0,0.8828766563132979,0.0,0.0,-0.4696049507160787
1782096890768222538,0,3.2875101066323604,-3.413067921020063,0.0,0.8828766563132979,0.0,0.0,-0.4696049507160787
1782096890788242343,0,3.283251823171422,-3.415955648802187,0.0,0.8828766563132979,0.0,0.0,-0.4696049507160787
1782096890808232712,0,3.2789998008519823,-3.4188391306311128,0.0,0.8828766563132979,0.0,0.0,-0.4696049507160787
1782096890828246182,0,3.274775992841698,-3.4217034791061507,0.0,0.8828766563132979,0.0,0.0,-0.4696049507160787
1782096890848227776,0,3.270558912205743,-3.4245632654551783,0.0,0.8828766563132979,0.0,0.0,-0.4696049507160787
1782096890868231041,0,3.266370369024498,-3.42740369931122,0.0,0.8828766563132979,0.0,0.0,-0.4696049507160787
1782096890888233521,0,3.262148880434594,-3.430266474886119,0.0,0.8828766563132979,0.0,0.0,-0.4696049507160787
1782096890908243072,0,3.258025263735655,-3.4330628792620987,0.0,0.8828766563132979,0.0,0.0,-0.4696049507160787
1782096890928217684,0,3.2539088473503948,-3.4358544007912584,0.0,0.8828766563132979,0.0,0.0,-0.4696049507160787
1782096890948249535,0,3.249780635013479,-3.438653921669832,0.0,0.8828766563132979,0.0,0.0,-0.4696049507160787
1782096890968227751,0,3.24569654552552,-3.4414235209196753,0.0,0.8828766563132979,0.0,0.0,-0.4696049507160787
1782096890988241490,0,3.2416383223445506,-3.4441755790983275,0.0,0.8828766563132979,0.0,0.0,-0.4696049507160787
1782096891008259592,0,3.2377117567870335,-3.4468383544989734,0.0,0.8828766563132979,0.0,0.0,-0.4696049507160787
1782096891028240360,0,3.233891735602769,-3.449428877512124,0.0,0.8828766563132979,0.0,0.0,-0.4696049507160787
1782096891048238184,0,3.2301677597942464,-3.4519542679660087,0.0,0.8828766563132979,0.0,0.0,-0.4696049507160787
1782096891068217589,0,3.226645642980461,-3.4543427690294837,0.0,0.8828766563132979,0.0,0.0,-0.4696049507160787
1782096891088218534,0,3.2235170150921273,-3.4564644280866985,0.0,0.8828766563132979,0.0,0.0,-0.4696049507160787
1782096891108235324,0,3.2206509759258135,-3.458408014276093,0.0,0.8828766563132979,0.0,0.0,-0.4696049507160787
1782096891128227875,0,3.2184006327791788,-3.459934070134858,0.0,0.8828766563132979,0.0,0.0,-0.4696049507160787
1782096891148242857,0,3.216810373115759,-3.4610124945875653,0.0,0.8828766563132979,0.0,0.0,-0.4696049507160787
1782096891168216856,0,3.2158515585841747,-3.461662708549633,0.0,0.8828766563132979,0.0,0.0,-0.4696049507160787
1782096891188228220,0,3.215420941107991,-3.4619547290458885,0.0,0.8828766563132979,0.0,0.0,-0.4696049507160787
1782096891208214524,0,3.21552018992655,-3.4618874240923048,0.0,0.8828766563132979,0.0,0.0,-0.4696049507160787
1782096891228167428,0,3.2160486323974697,-3.4615290641995133,0.0,0.8828766563132979,0.0,0.0,-0.4696049507160787
1782096891248160530,0,3.2168759872055293,-3.4609679988108843,0.0,0.8828766563132979,0.0,0.0,-0.4696049507160787
1782096891268142402,0,3.217702877293584,-3.4604072485691684,0.0,0.8828766563132979,0.0,0.0,-0.4696049507160787
1782096891288216062,0,3.2186997034087734,-3.4597312572939987,0.0,0.8828766563132979,0.0,0.0,-0.4696049507160787
1782096891308130402,0,3.2196886179454682,-3.459060631205355,0.0,0.8828766563132979,0.0,0.0,-0.4696049507160787
1782096891328222648,0,3.22061985045706,-3.458429121814308,0.0,0.8828766563132979,0.0,0.0,-0.4696049507160787
1782096891348220455,0,3.221447399967498,-3.4578679243895105,0.0,0.8828766563132979,0.0,0.0,-0.4696049507160787
1782096891368145317,0,3.2221729871443023,-3.4573758720712333,0.0,0.8828766563132979,0.0,0.0,-0.4696049507160787
1782096891388234601,0,3.2226717881334284,-3.457037613360352,0.0,0.8828766563132979,0.0,0.0,-0.4696049507160787
1782096891408234944,0,3.222936637567732,-3.4568580074049193,0.0,0.8828766563132979,0.0,0.0,-0.4696049507160787
1782096891428221909,0,3.2230028056376177,-3.456813135950154,0.0,0.8828766563132979,0.0,0.0,-0.4696049507160787
1782096891448240566,0,3.222936532649427,-3.456858078554601,0.0,0.8828766563132979,0.0,0.0,-0.4696049507160787
1782096891468205392,0,3.22277129571753,-3.456970132926569,0.0,0.8828766563132979,0.0,0.0,-0.4696049507160787
1782096891488251152,0,3.2225722075822634,-3.4571051432762956,0.0,0.8828766563132979,0.0,0.0,-0.4696049507160787
1782096891508169020,0,3.2223084503020867,-3.4572840085943723,0.0,0.8828766563132979,0.0,0.0,-0.4696049507160787
1782096891528178824,0,3.2220103537700058,-3.4574861608572216,0.0,0.8828766563132979,0.0,0.0,-0.4696049507160787
1782096891548146492,0,3.2217459370260477,-3.4576654733864554,0.0,0.8828766563132979,0.0,0.0,-0.4696049507160787
1782096891568230051,0,3.2215797174120815,-3.4577781941580077,0.0,0.8828766563132979,0.0,0.0,-0.4696049507160787
1782096891588232614,0,3.221480387853903,-3.457845553864647,0.0,0.8828766563132979,0.0,0.0,-0.4696049507160787
1782096891608151232,0,3.2214474169524183,-3.457867912871293,0.0,0.8828766563132979,0.0,0.0,-0.4696049507160787
1782096891628172289,0,3.2214474169524183,-3.457867912871293,0.0,0.8828766563132979,0.0,0.0,-0.4696049507160787
1782096891648163696,0,3.2214474169524183,-3.457867912871293,0.0,0.8828766563132979,0.0,0.0,-0.4696049507160787
1782096891668137812,0,3.2214474169524183,-3.457867912871293,0.0,0.8828766563132979,0.0,0.0,-0.4696049507160787
1782096891688246842,0,3.2214474169524183,-3.457867912871293,0.0,0.8828766563132979,0.0,0.0,-0.4696049507160787
1782096891708160510,0,3.2214474169524183,-3.457867912871293,0.0,0.8828766563132979,0.0,0.0,-0.4696049507160787
1782096891728167386,0,3.2214474169524183,-3.457867912871293,0.0,0.8828766563132979,0.0,0.0,-0.4696049507160787
1782096891748135302,0,3.2214474169524183,-3.457867912871293,0.0,0.8828766563132979,0.0,0.0,-0.4696049507160787
1782096891768159702,0,3.2214474169524183,-3.457867912871293,0.0,0.8828766563132979,0.0,0.0,-0.4696049507160787
1782096891788245596,0,3.2214474169524183,-3.457867912871293,0.0,0.8828766563132979,0.0,0.0,-0.4696049507160787
1782096891808235515,0,3.2214474169524183,-3.457867912871293,0.0,0.8828766563132979,0.0,0.0,-0.4696049507160787
1782096891828135877,0,3.2214474169524183,-3.457867912871293,0.0,0.8828766563132979,0.0,0.0,-0.4696049507160787
1782096891848148307,0,3.2214474169524183,-3.457867912871293,0.0,0.8828766563132979,0.0,0.0,-0.4696049507160787
1782096891868135680,0,3.2214474169524183,-3.457867912871293,0.0,0.8828766563132979,0.0,0.0,-0.4696049507160787
1782096891888218121,0,3.2214474169524183,-3.457867912871293,0.0,0.8828766563132979,0.0,0.0,-0.4696049507160787
1782096891908148365,0,3.2214474169524183,-3.457867912871293,0.0,0.8828766563132979,0.0,0.0,-0.4696049507160787
1782096891928133588,0,3.2214474169524183,-3.457867912871293,0.0,0.8828766563132979,0.0,0.0,-0.4696049507160787
1782096891948158463,0,3.2214474169524183,-3.457867912871293,0.0,0.8828766563132979,0.0,0.0,-0.4696049507160787
1782096891968210408,0,3.2214474169524183,-3.457867912871293,0.0,0.8828766563132979,0.0,0.0,-0.4696049507160787
1782096891988236181,0,3.2215137134985645,-3.457822954291172,0.0,0.8828766563132979,0.0,0.0,-0.4696049507160787
1782096892008170651,0,3.2216457020625273,-3.4577334470879584,0.0,0.8828766563132979,0.0,0.0,-0.4696049507160787
1782096892028166803,0,3.221811198261006,-3.4576212168960185,0.0,0.8828766563132979,0.0,0.0,-0.4696049507160787
1782096892048131942,0,3.222042533604687,-3.457464338307481,0.0,0.8828766563132979,0.0,0.0,-0.4696049507160787
1782096892068199067,0,3.222374700803838,-3.457239081238972,0.0,0.8828766563132979,0.0,0.0,-0.4696049507160787
1782096892088222489,0,3.2228387221372397,-3.456924408129909,0.0,0.8828766563132979,0.0,0.0,-0.4696049507160787
1782096892108187082,0,3.2233013801716477,-3.4566106595333657,0.0,0.8828766563132979,0.0,0.0,-0.4696049507160787
1782096892128143419,0,3.2238959801840035,-3.456207435325609,0.0,0.8828766563132979,0.0,0.0,-0.4696049507160787
1782096892148153381,0,3.224624666376936,-3.4557132814293,0.0,0.8828766563132979,0.0,0.0,-0.4696049507160787
1782096892168223955,0,3.225521672002642,-3.4551049827827174,0.0,0.8828766563132979,0.0,0.0,-0.4696049507160787
1782096892188167557,0,3.226479027382991,-3.4544557583347557,0.0,0.8828766563132979,0.0,0.0,-0.4696049507160787
1782096892208150043,0,3.227504402566747,-3.45376040669074,0.0,0.8828766563132979,0.0,0.0,-0.4696049507160787
1782096892228149264,0,3.228629949524597,-3.4529971241967305,0.0,0.8828766563132979,0.0,0.0,-0.4696049507160787
1782096892248219975,0,3.229792742506818,-3.4522085835487437,0.0,0.8828766563132979,0.0,0.0,-0.4696049507160787
1782096892268168450,0,3.2309814740341998,-3.451402452841712,0.0,0.8828766563132979,0.0,0.0,-0.4696049507160787
1782096892288129976,0,3.2321048995347907,-3.4506406090004194,0.0,0.8828766563132979,0.0,0.0,-0.4696049507160787
1782096892308157595,0,3.2332320447190184,-3.4498762426793816,0.0,0.8828766563132979,0.0,0.0,-0.4696049507160787
1782096892328191402,0,3.2344258611884142,-3.4490666636513434,0.0,0.8828766563132979,0.0,0.0,-0.4696049507160787
1782096892348158694,0,3.23548350824792,-3.448349427040529,0.0,0.8828766563132979,0.0,0.0,-0.4696049507160787
1782096892368158138,0,3.236443544219227,-3.4476983847668996,0.0,0.8828766563132979,0.0,0.0,-0.4696049507160787
1782096892388234010,0,3.237473711383671,-3.4469997834717403,0.0,0.8828766563132979,0.0,0.0,-0.4696049507160787
1782096892408129727,0,3.2384946341294625,-3.4463074512201497,0.0,0.8828766563132979,0.0,0.0,-0.4696049507160787
1782096892428156412,0,3.2394891275406574,-3.4456330418533265,0.0,0.8828766563132979,0.0,0.0,-0.4696049507160787
1782096892448141275,0,3.240415383080499,-3.4450049075639444,0.0,0.8828766563132979,0.0,0.0,-0.4696049507160787
1782096892468142465,0,3.2412099650011146,-3.444466066900007,0.0,0.8828766563132979,0.0,0.0,-0.4696049507160787
1782096892488224705,0,3.2421407337560644,-3.4438348720025647,0.0,0.8828766563132979,0.0,0.0,-0.4696049507160787
1782096892508149053,0,3.2430641845554393,-3.4432086397300465,0.0,0.8828766563132979,0.0,0.0,-0.4696049507160787
1782096892528237506,0,3.243995241269619,-3.44257724955489,0.0,0.8828766563132979,0.0,0.0,-0.4696049507160787
1782096892548166161,0,3.24485291665046,-3.44199562246313,0.0,0.8828766563132979,0.0,0.0,-0.4696049507160787
1782096892568193498,0,3.2457811407691124,-3.4413661531945805,0.0,0.8828766563132979,0.0,0.0,-0.4696049507160787
1782096892588259837,0,3.246644741696709,-3.4407805077310605,0.0,0.8828766563132979,0.0,0.0,-0.4696049507160787
1782096892608151081,0,3.2475337326030114,-3.4401776442153387,0.0,0.8828766563132979,0.0,0.0,-0.4696049507160787
1782096892628149545,0,3.2484937215312466,-3.4395266338436747,0.0,0.8828766563132979,0.0,0.0,-0.4696049507160787
1782096892648185280,0,3.24945549958425,-3.4388744101884483,0.0,0.8828766563132979,0.0,0.0,-0.4696049507160787
1782096892668205266,0,3.250482799031555,-3.4381777536173774,0.0,0.8828766563132979,0.0,0.0,-0.4696049507160787
1782096892688220729,0,3.2515098663870208,-3.4374812544379085,0.0,0.8828766563132979,0.0,0.0,-0.4696049507160787
1782096892708158736,0,3.252631968249115,-3.4367203082136277,0.0,0.8828766563132979,0.0,0.0,-0.4696049507160787
1782096892728215880,0,3.2537939752296636,-3.4359323005876585,0.0,0.8828766563132979,0.0,0.0,-0.4696049507160787
1782096892748162331,0,3.2549165523161867,-3.435171032092954,0.0,0.8828766563132979,0.0,0.0,-0.4696049507160787
1782096892768151749,0,3.256041547565704,-3.434408123736439,0.0,0.8828766563132979,0.0,0.0,-0.4696049507160787
1782096892788157724,0,3.2572337055235674,-3.43359966941742,0.0,0.8828766563132979,0.0,0.0,-0.4696049507160787
1782096892808230854,0,3.2584630919822373,-3.4327659688279133,0.0,0.8828766563132979,0.0,0.0,-0.4696049507160787
1782096892828142827,0,3.259616688507369,-3.431983664698668,0.0,0.8828766563132979,0.0,0.0,-0.4696049507160787
1782096892848183317,0,3.260777730641466,-3.431196311377167,0.0,0.8828766563132979,0.0,0.0,-0.4696049507160787
1782096892868166529,0,3.2620346878030477,-3.4303439138912473,0.0,0.8828766563132979,0.0,0.0,-0.4696049507160787
1782096892888216725,0,3.2632958583022282,-3.429488659157298,0.0,0.8828766563132979,0.0,0.0,-0.4696049507160787
1782096892908159838,0,3.264517281820431,-3.428660358585114,0.0,0.8828766563132979,0.0,0.0,-0.4696049507160787
1782096892928162326,0,3.265775451455068,-3.427807138868315,0.0,0.8828766563132979,0.0,0.0,-0.4696049507160787
1782096892948165266,0,3.2670336495208026,-3.4269538998711524,0.0,0.8828766563132979,0.0,0.0,-0.4696049507160787
1782096892968161776,0,3.2683576428122136,-3.4260560422611497,0.0,0.8828766563132979,0.0,0.0,-0.4696049507160787
1782096892988150836,0,3.269747317843263,-3.425113642998132,0.0,0.8828766563132979,0.0,0.0,-0.4696049507160787
1782096893008155183,0,3.2711049429045587,-3.4241929782177905,0.0,0.8828766563132979,0.0,0.0,-0.4696049507160787
1782096893028208909,0,3.272565502725033,-3.4232025088867313,0.0,0.8828766563132979,0.0,0.0,-0.4696049507160787
1782096893048150914,0,3.2741169544341093,-3.422150401800852,0.0,0.8828766563132979,0.0,0.0,-0.4696049507160787
1782096893068115012,0,3.2756701249383897,-3.421097129124966,0.0,0.8828766563132979,0.0,0.0,-0.4696049507160787
1782096893088150332,0,3.2773946568459595,-3.4199276488058827,0.0,0.8828766563132979,0.0,0.0,-0.4696049507160787
1782096893108152134,0,3.2791494122420235,-3.4187376726207552,0.0,0.8828766563132979,0.0,0.0,-0.4696049507160787
1782096893128152667,0,3.280970269304184,-3.4175028700121657,0.0,0.8828766563132979,0.0,0.0,-0.4696049507160787
1782096893148143843,0,3.2828233655718893,-3.416246204591864,0.0,0.8828766563132979,0.0,0.0,-0.4696049507160787
1782096893168184411,0,3.2847142129711577,-3.4149639384823582,0.0,0.8828766563132979,0.0,0.0,-0.4696049507160787
1782096893188162460,0,3.2866983694203262,-3.413618395435518,0.0,0.8828766563132979,0.0,0.0,-0.4696049507160787
1782096893208250243,0,3.2887266752850848,-3.412242912743959,0.0,0.8828766563132979,0.0,0.0,-0.4696049507160787
1782096893228185375,0,3.2907725658352134,-3.410855505110113,0.0,0.8828766563132979,0.0,0.0,-0.4696049507160787
1782096893248157246,0,3.2928552859285616,-3.4094431217563215,0.0,0.8828766563132979,0.0,0.0,-0.4696049507160787
1782096893268155743,0,3.2949407826523553,-3.408028855448293,0.0,0.8828766563132979,0.0,0.0,-0.4696049507160787
1782096893288149038,0,3.297091925807853,-3.40657007143111,0.0,0.8828766563132979,0.0,0.0,-0.4696049507160787
1782096893308159423,0,3.2992780305987863,-3.4050875784037404,0.0,0.8828766563132979,0.0,0.0,-0.4696049507160787
1782096893328157580,0,3.3014959021252728,-3.4035835429671724,0.0,0.8828766563132979,0.0,0.0,-0.4696049507160787
1782096893348163354,0,3.3037477336406247,-3.4020564777806572,0.0,0.8828766563132979,0.0,0.0,-0.4696049507160787
1782096893368172232,0,3.305999914539361,-3.4005291756620237,0.0,0.8828766563132979,0.0,0.0,-0.4696049507160787
1782096893388137973,0,3.308280288699503,-3.3989827544629025,0.0,0.8828766563132979,0.0,0.0,-0.4696049507160787
1782096893408154152,0,3.310566423603109,-3.3974324266523293,0.0,0.8828766563132979,0.0,0.0,-0.4696049507160787
1782096893428161479,0,3.3129509006504594,-3.395815408743912,0.0,0.8828766563132979,0.0,0.0,-0.4696049507160787
1782096893448151908,0,3.3153333637909372,-3.394199756553593,0.0,0.8828766563132979,0.0,0.0,-0.4696049507160787
1782096893468152254,0,3.3177997744658057,-3.3925271758780062,0.0,0.8828766563132979,0.0,0.0,-0.4696049507160787
1782096893488155815,0,3.320233470037816,-3.3908767807408657,0.0,0.8828766563132979,0.0,0.0,-0.4696049507160787
1782096893508131682,0,3.3226968620015636,-3.3892062471849793,0.0,0.8828766563132979,0.0,0.0,-0.4696049507160787
1782096893528140201,0,3.3251642805577126,-3.387532983021131,0.0,0.8828766563132979,0.0,0.0,-0.4696049507160787
1782096893548158928,0,3.327699231052294,-3.3858139225037553,0.0,0.8828766563132979,0.0,0.0,-0.4696049507160787
1782096893568127932,0,3.330293993915054,-3.384054300610211,0.0,0.8828766563132979,0.0,0.0,-0.4696049507160787
1782096893588137306,0,3.332827760049017,-3.382336043259435,0.0,0.8828766563132979,0.0,0.0,-0.4696049507160787
1782096893608152780,0,3.335428561201432,-3.380572326538258,0.0,0.8828766563132979,0.0,0.0,-0.4696049507160787
1782096893628186501,0,3.338031733360322,-3.378807001934152,0.0,0.8828766563132979,0.0,0.0,-0.4696049507160787
1782096893648192061,0,3.340598131411871,-3.3770666154564988,0.0,0.8828766563132979,0.0,0.0,-0.4696049507160787
1782096893668193178,0,3.343230174301865,-3.375281712350142,0.0,0.8828766563132979,0.0,0.0,-0.4696049507160787
1782096893688162797,0,3.3458250170774213,-3.3735220362642315,0.0,0.8828766563132979,0.0,0.0,-0.4696049507160787
1782096893708155770,0,3.3484228944606094,-3.371760302278506,0.0,0.8828766563132979,0.0,0.0,-0.4696049507160787
1782096893728189375,0,3.3509928902436577,-3.3700174760221713,0.0,0.8828766563132979,0.0,0.0,-0.4696049507160787
1782096893748183243,0,3.3535908839227253,-3.368255663171149,0.0,0.8828766563132979,0.0,0.0,-0.4696049507160787
1782096893768134168,0,3.3561832976088364,-3.3664976343567665,0.0,0.8828766563132979,0.0,0.0,-0.4696049507160787
1782096893788125282,0,3.3587809334344505,-3.3647360641817747,0.0,0.8828766563132979,0.0,0.0,-0.4696049507160787
1782096893808165732,0,3.3613518073231226,-3.362992642443714,0.0,0.8828766563132979,0.0,0.0,-0.4696049507160787
1782096893828188487,0,3.3639204112221672,-3.361250760084642,0.0,0.8828766563132979,0.0,0.0,-0.4696049507160787
1782096893848134581,0,3.366545213371763,-3.3594707672402335,0.0,0.8828766563132979,0.0,0.0,-0.4696049507160787
1782096893868203083,0,3.3691529049572195,-3.35770237781581,0.0,0.8828766563132979,0.0,0.0,-0.4696049507160787
1782096893888117230,0,3.3716746125956205,-3.3559922978569268,0.0,0.8828766563132979,0.0,0.0,-0.4696049507160787
1782096893908160296,0,3.3742789990393525,-3.354226149793289,0.0,0.8828766563132979,0.0,0.0,-0.4696049507160787
1782096893928099271,0,3.3769028643656003,-3.3524467922496615,0.0,0.8828766563132979,0.0,0.0,-0.4696049507160787
1782096893948098231,0,3.3795346234056285,-3.350662081634359,0.0,0.8828766563132979,0.0,0.0,-0.4696049507160787
1782096893968097207,0,3.382133280815784,-3.348899818678326,0.0,0.8828766563132979,0.0,0.0,-0.4696049507160787
1782096893988138075,0,3.384770554730476,-3.347111368185922,0.0,0.8828766563132979,0.0,0.0,-0.4696049507160787
1782096894008151458,0,3.3874042117622323,-3.345325370459624,0.0,0.8828766563132979,0.0,0.0,-0.4696049507160787
1782096894028165089,0,3.390071029669714,-3.3435168848968533,0.0,0.8828766563132979,0.0,0.0,-0.4696049507160787
1782096894048134615,0,3.392765025816393,-3.341689968584436,0.0,0.8828766563132979,0.0,0.0,-0.4696049507160787
1782096894068153555,0,3.3954988252047786,-3.339836059957404,0.0,0.8828766563132979,0.0,0.0,-0.4696049507160787
1782096894088149818,0,3.3982626270520284,-3.3379618053541615,0.0,0.8828766563132979,0.0,0.0,-0.4696049507160787
1782096894108258432,0,3.4010752430599296,-3.3360544477390675,0.0,0.8828766563132979,0.0,0.0,-0.4696049507160787
1782096894128197391,0,3.4038971338559416,-3.3341408004855455,0.0,0.8828766563132979,0.0,0.0,-0.4696049507160787
1782096894148159586,0,3.406755356014219,-3.3322025153503154,0.0,0.8828766563132979,0.0,0.0,-0.4696049507160787
1782096894168153156,0,3.409684260567269,-3.3302162973996796,0.0,0.8828766563132979,0.0,0.0,-0.4696049507160787
1782096894188169400,0,3.412616486687296,-3.328227826949568,0.0,0.8828766563132979,0.0,0.0,-0.4696049507160787
1782096894208138281,0,3.415541774491339,-3.326244061674213,0.0,0.8828766563132979,0.0,0.0,-0.4696049507160787
1782096894228160183,0,3.418507971396014,-3.324232554153068,0.0,0.8828766563132979,0.0,0.0,-0.4696049507160787
1782096894248147590,0,3.4214359731168638,-3.3222469484523276,0.0,0.8828766563132979,0.0,0.0,-0.4696049507160787
1782096894268157793,0,3.4244335591617854,-3.32021415458583,0.0,0.8828766563132979,0.0,0.0,-0.4696049507160787
1782096894288183468,0,3.427400315027382,-3.318202268008894,0.0,0.8828766563132979,0.0,0.0,-0.4696049507160787
1782096894308176047,0,3.4303621677997227,-3.316193706433397,0.0,0.8828766563132979,0.0,0.0,-0.4696049507160787
1782096894328242683,0,3.4332685599824493,-3.3142227551031733,0.0,0.8828766563132979,0.0,0.0,-0.4696049507160787
1782096894348124441,0,3.436213994888639,-3.312225327198941,0.0,0.8828766563132979,0.0,0.0,-0.4696049507160787
1782096894368085574,0,3.439105106329023,-3.3102647384067274,0.0,0.8828766563132979,0.0,0.0,-0.4696049507160787
1782096894388087409,0,3.4420021129266494,-3.308300151851211,0.0,0.8828766563132979,0.0,0.0,-0.4696049507160787
1782096894408119700,0,3.4449035306812,-3.306332573897748,0.0,0.8828766563132979,0.0,0.0,-0.4696049507160787
1782096894428121124,0,3.4478004777507993,-3.3043680277107845,0.0,0.8828766563132979,0.0,0.0,-0.4696049507160787
1782096894448085869,0,3.450626017948774,-3.3024519056385926,0.0,0.8828766563132979,0.0,0.0,-0.4696049507160787
1782096894468086430,0,3.4534897334183507,-3.3005098952493284,0.0,0.8828766563132979,0.0,0.0,-0.4696049507160787
1782096894488118283,0,3.4563247711757223,-3.298587332467766,0.0,0.8828766563132979,0.0,0.0,-0.4696049507160787
1782096894508111337,0,3.459154317846975,-3.2966684934312496,0.0,0.8828766563132979,0.0,0.0,-0.4696049507160787
1782096894528271097,0,3.4620074578325517,-3.294733654739035,0.0,0.8828766563132979,0.0,0.0,-0.4696049507160787
1782096894548223033,0,3.46486421108918,-3.2927963657300885,0.0,0.8828766563132979,0.0,0.0,-0.4696049507160787
1782096894568128315,0,3.4676483868058567,-3.2909082947171764,0.0,0.8828766563132979,0.0,0.0,-0.4696049507160787
1782096894588215185,0,3.4705244601497127,-3.2889579039142514,0.0,0.8828766563132979,0.0,0.0,-0.4696049507160787
1782096894608220766,0,3.473422009306892,-3.2869929494254246,0.0,0.8828766563132979,0.0,0.0,-0.4696049507160787
1782096894628244754,0,3.4763222244794885,-3.2850261869952457,0.0,0.8828766563132979,0.0,0.0,-0.4696049507160787
1782096894648231893,0,3.4792832713288386,-3.2830181719512885,0.0,0.8828766563132979,0.0,0.0,-0.4696049507160787
1782096894668235344,0,3.4821805119831235,-3.281053426671743,0.0,0.8828766563132979,0.0,0.0,-0.4696049507160787
1782096894688214115,0,3.4851733894239074,-3.2790238259151194,0.0,0.8828766563132979,0.0,0.0,-0.4696049507160787
1782096894708235448,0,3.488172642774891,-3.2769899013756443,0.0,0.8828766563132979,0.0,0.0,-0.4696049507160787
1782096894728142100,0,3.491187667741355,-3.274945281415673,0.0,0.8828766563132979,0.0,0.0,-0.4696049507160787
1782096894748163345,0,3.494220048753229,-3.272888891564152,0.0,0.8828766563132979,0.0,0.0,-0.4696049507160787
1782096894768185191,0,3.4972856626298383,-3.2708099650572797,0.0,0.8828766563132979,0.0,0.0,-0.4696049507160787
1782096894788174364,0,3.500379361586052,-3.26871199283272,0.0,0.8828766563132979,0.0,0.0,-0.4696049507160787
1782096894808156557,0,3.503505056211482,-3.266592322949051,0.0,0.8828766563132979,0.0,0.0,-0.4696049507160787
1782096894828155218,0,3.506666430288021,-3.264448457273079,0.0,0.8828766563132979,0.0,0.0,-0.4696049507160787
1782096894848176371,0,3.5098645005751457,-3.2622797062958298,0.0,0.8828766563132979,0.0,0.0,-0.4696049507160787
1782096894868135339,0,3.512986562253095,-3.2601625000723344,0.0,0.8828766563132979,0.0,0.0,-0.4696049507160787
1782096894888162538,0,3.5161524475963275,-3.2580155751096096,0.0,0.8828766563132979,0.0,0.0,-0.4696049507160787
1782096894908151861,0,3.519279257524905,-3.2558951488902266,0.0,0.8828766563132979,0.0,0.0,-0.4696049507160787
1782096894928132752,0,3.522470896578733,-3.2537307592128495,0.0,0.8828766563132979,0.0,0.0,-0.4696049507160787
1782096894948095792,0,3.5256266397129816,-3.2515907121244925,0.0,0.8828766563132979,0.0,0.0,-0.4696049507160787
1782096894968089641,0,3.5287541576165977,-3.2494698057963567,0.0,0.8828766563132979,0.0,0.0,-0.4696049507160787
1782096894988097499,0,3.531916985548342,-3.2473249541977434,0.0,0.8828766563132979,0.0,0.0,-0.4696049507160787
1782096895008086114,0,3.5351098583919955,-3.2451597278336552,0.0,0.8828766563132979,0.0,0.0,-0.4696049507160787
1782096895028160593,0,3.538316446684861,-3.242985200425117,0.0,0.8828766563132979,0.0,0.0,-0.4696049507160787
1782096895048122976,0,3.5415051293712447,-3.2408228155894725,0.0,0.8828766563132979,0.0,0.0,-0.4696049507160787
1782096895068132647,0,3.544734487024543,-3.2386328472843195,0.0,0.8828766563132979,0.0,0.0,-0.4696049507160787
1782096895088126344,0,3.5479612666365052,-3.2364446272614678,0.0,0.8828766563132979,0.0,0.0,-0.4696049507160787
1782096895108126139,0,3.5512221357414293,-3.2342332896662795,0.0,0.8828766563132979,0.0,0.0,-0.4696049507160787
1782096895128097257,0,3.554577502562379,-3.231957869047404,0.0,0.8828766563132979,0.0,0.0,-0.4696049507160787
1782096895148140278,0,3.557911773233968,-3.229696754647724,0.0,0.8828766563132979,0.0,0.0,-0.4696049507160787
1782096895168090692,0,3.5612306382037846,-3.227446087526491,0.0,0.8828766563132979,0.0,0.0,-0.4696049507160787
1782096895188124536,0,3.5645965436805667,-3.2251635201853524,0.0,0.8828766563132979,0.0,0.0,-0.4696049507160787
1782096895208122105,0,3.5679232531531375,-3.222907533364585,0.0,0.8828766563132979,0.0,0.0,-0.4696049507160787
1782096895228124225,0,3.5712507197104766,-3.2206510331316074,0.0,0.8828766563132979,0.0,0.0,-0.4696049507160787
1782096895248140176,0,3.5746467510475273,-3.218348036130372,0.0,0.8828766563132979,0.0,0.0,-0.4696049507160787
1782096895268132643,0,3.5779395185655622,-3.21611506682969,0.0,0.8828766563132979,0.0,0.0,-0.4696049507160787
1782096895288122904,0,3.581265012310721,-3.213859904446712,0.0,0.8828766563132979,0.0,0.0,-0.4696049507160787
1782096895308123860,0,3.584625392242859,-3.2115810842184334,0.0,0.8828766563132979,0.0,0.0,-0.4696049507160787
1782096895328120787,0,3.587918894324717,-3.2093476167779733,0.0,0.8828766563132979,0.0,0.0,-0.4696049507160787
1782096895348125809,0,3.591246843646276,-3.2070907891615152,0.0,0.8828766563132979,0.0,0.0,-0.4696049507160787
1782096895368120601,0,3.5945730911490865,-3.204835115622593,0.0,0.8828766563132979,0.0,0.0,-0.4696049507160787
1782096895388128017,0,3.5979014387261805,-3.202578017931683,0.0,0.8828766563132979,0.0,0.0,-0.4696049507160787
1782096895408127307,0,3.601228434496901,-3.200321836959643,0.0,0.8828766563132979,0.0,0.0,-0.4696049507160787
1782096895428137647,0,3.6045572684980427,-3.1980644094033717,0.0,0.8828766563132979,0.0,0.0,-0.4696049507160787
1782096895448092307,0,3.6078768398141388,-3.1958132632779157,0.0,0.8828766563132979,0.0,0.0,-0.4696049507160787
1782096895468122214,0,3.6112089288971556,-3.1935536283086186,0.0,0.8828766563132979,0.0,0.0,-0.4696049507160787
1782096895488132727,0,3.6145709145100997,-3.1912737191981466,0.0,0.8828766563132979,0.0,0.0,-0.4696049507160787
1782096895508129423,0,3.6179305787155243,-3.1889953843353758,0.0,0.8828766563132979,0.0,0.0,-0.4696049507160787
1782096895528124015,0,3.6212898894258756,-3.186717289193035,0.0,0.8828766563132979,0.0,0.0,-0.4696049507160787
1782096895548150583,0,3.6247208717641217,-3.18439059039316,0.0,0.8828766563132979,0.0,0.0,-0.4696049507160787
1782096895568151217,0,3.62818051777622,-3.1820444535055947,0.0,0.8828766563132979,0.0,0.0,-0.4696049507160787
1782096895588129262,0,3.631669325503894,-3.1796785407865236,0.0,0.8828766563132979,0.0,0.0,-0.4696049507160787
1782096895608122666,0,3.635227004923402,-3.177265923168695,0.0,0.8828766563132979,0.0,0.0,-0.4696049507160787
1782096895628132519,0,3.6387544893351094,-3.1748737821029116,0.0,0.8828766563132979,0.0,0.0,-0.4696049507160787
1782096895648128188,0,3.642312571794734,-3.1724608911659913,0.0,0.8828766563132979,0.0,0.0,-0.4696049507160787
1782096895668127700,0,3.645871338087989,-3.170047536491658,0.0,0.8828766563132979,0.0,0.0,-0.4696049507160787
1782096895688125469,0,3.649396692243085,-3.1676568400458094,0.0,0.8828766563132979,0.0,0.0,-0.4696049507160787
1782096895708137876,0,3.652990879074229,-3.1652194651595145,0.0,0.8828766563132979,0.0,0.0,-0.4696049507160787
1782096895728152342,0,3.6565523063219625,-3.162804305975857,0.0,0.8828766563132979,0.0,0.0,-0.4696049507160787
1782096895748141427,0,3.660076129597511,-3.1604146476862094,0.0,0.8828766563132979,0.0,0.0,-0.4696049507160787
1782096895768223623,0,3.663583125431859,-3.158036400818547,0.0,0.8828766563132979,0.0,0.0,-0.4696049507160787
1782096895788114407,0,3.6670237699405734,-3.155703149679361,0.0,0.8828766563132979,0.0,0.0,-0.4696049507160787
1782096895808198505,0,3.67049785328974,-3.153347222203695,0.0,0.8828766563132979,0.0,0.0,-0.4696049507160787
1782096895828232450,0,3.673963261332593,-3.1509971778317047,0.0,0.8828766563132979,0.0,0.0,-0.4696049507160787
1782096895848143090,0,3.677374382708116,-3.1486839476170814,0.0,0.8828766563132979,0.0,0.0,-0.4696049507160787
1782096895868128519,0,3.680831398607704,-3.146339594323544,0.0,0.8828766563132979,0.0,0.0,-0.4696049507160787
1782096895888252836,0,3.684312438911483,-3.1439789490334635,0.0,0.8828766563132979,0.0,0.0,-0.4696049507160787
1782096895908231711,0,3.687669108993487,-3.1417026446164065,0.0,0.8828766563132979,0.0,0.0,-0.4696049507160787
1782096895928225539,0,3.691061386804097,-3.1394021930451976,0.0,0.8828766563132979,0.0,0.0,-0.4696049507160787
1782096895948224243,0,3.694520698970933,-3.137056282552668,0.0,0.8828766563132979,0.0,0.0,-0.4696049507160787
1782096895968215250,0,3.697945588944131,-3.1347337152513055,0.0,0.8828766563132979,0.0,0.0,-0.4696049507160787
1782096895988230998,0,3.701440980825445,-3.132363337530417,0.0,0.8828766563132979,0.0,0.0,-0.4696049507160787
1782096896008249186,0,3.704969934592403,-3.1299702000307295,0.0,0.8828766563132979,0.0,0.0,-0.4696049507160787
1782096896028216504,0,3.7083907661298006,-3.127650384931735,0.0,0.8828766563132979,0.0,0.0,-0.4696049507160787
1782096896048216134,0,3.711883343291102,-3.125281915995266,0.0,0.8828766563132979,0.0,0.0,-0.4696049507160787
1782096896068140706,0,3.7153298323405255,-3.122944701418058,0.0,0.8828766563132979,0.0,0.0,-0.4696049507160787
1782096896088140687,0,3.7187893653987554,-3.120598641129433,0.0,0.8828766563132979,0.0,0.0,-0.4696049507160787
1782096896108185343,0,3.7223561647352894,-3.1181798388980098,0.0,0.8828766563132979,0.0,0.0,-0.4696049507160787
1782096896128119300,0,3.7258372732834295,-3.1158191473284513,0.0,0.8828766563132979,0.0,0.0,-0.4696049507160787
1782096896148134626,0,3.729365722515929,-3.113426351975599,0.0,0.8828766563132979,0.0,0.0,-0.4696049507160787
1782096896168117642,0,3.7328553983397135,-3.1110598505626785,0.0,0.8828766563132979,0.0,0.0,-0.4696049507160787
1782096896188142042,0,3.736352301137859,-3.108688448223169,0.0,0.8828766563132979,0.0,0.0,-0.4696049507160787
1782096896208125226,0,3.739842006299829,-3.1063219269147413,0.0,0.8828766563132979,0.0,0.0,-0.4696049507160787
1782096896228087412,0,3.7432950016992534,-3.1039803000977595,0.0,0.8828766563132979,0.0,0.0,-0.4696049507160787
1782096896248130479,0,3.7467288106714753,-3.1016516844340702,0.0,0.8828766563132979,0.0,0.0,-0.4696049507160787
1782096896268176874,0,3.75016318980176,-3.0993226821213304,0.0,0.8828766563132979,0.0,0.0,-0.4696049507160787
1782096896288165787,0,3.75358772102766,-3.097000358102162,0.0,0.8828766563132979,0.0,0.0,-0.4696049507160787
1782096896308236347,0,3.7570262401428063,-3.0946685482850866,0.0,0.8828766563132979,0.0,0.0,-0.4696049507160787
1782096896328155296,0,3.760438785028945,-3.0923543527258146,0.0,0.8828766563132979,0.0,0.0,-0.4696049507160787
1782096896348095353,0,3.763854946170015,-3.0900377048263183,0.0,0.8828766563132979,0.0,0.0,-0.4696049507160787
1782096896368093976,0,3.7673142443257297,-3.087691803835335,0.0,0.8828766563132979,0.0,0.0,-0.4696049507160787
1782096896388084881,0,3.770805297822059,-3.085324368162554,0.0,0.8828766563132979,0.0,0.0,-0.4696049507160787
1782096896408086111,0,3.7742319392152885,-3.0830006131468646,0.0,0.8828766563132979,0.0,0.0,-0.4696049507160787
1782096896428128683,0,3.777732015427748,-3.080627058776668,0.0,0.8828766563132979,0.0,0.0,-0.4696049507160787
1782096896448116500,0,3.781255615170904,-3.0782375520740834,0.0,0.8828766563132979,0.0,0.0,-0.4696049507160787
1782096896468090357,0,3.78477675394234,-3.0758497142637853,0.0,0.8828766563132979,0.0,0.0,-0.4696049507160787
1782096896488084953,0,3.7883015487376066,-3.0734593971442403,0.0,0.8828766563132979,0.0,0.0,-0.4696049507160787
1782096896508085234,0,3.791860451868762,-3.071045949674154,0.0,0.8828766563132979,0.0,0.0,-0.4696049507160787
1782096896528087489,0,3.795386596849006,-3.0686547169352685,0.0,0.8828766563132979,0.0,0.0,-0.4696049507160787
1782096896548092258,0,3.798846958120236,-3.066308094999275,0.0,0.8828766563132979,0.0,0.0,-0.4696049507160787
1782096896568191280,0,3.8023901619006657,-3.0639052939438005,0.0,0.8828766563132979,0.0,0.0,-0.4696049507160787
1782096896588287070,0,3.805899531683625,-3.061525437198014,0.0,0.8828766563132979,0.0,0.0,-0.4696049507160787
1782096896608239656,0,3.8093178393121803,-3.0592073336717074,0.0,0.8828766563132979,0.0,0.0,-0.4696049507160787
1782096896628169397,0,3.812699243721855,-3.0569142558280205,0.0,0.8828766563132979,0.0,0.0,-0.4696049507160787
1782096896648125371,0,3.816118131787771,-3.0545957586818218,0.0,0.8828766563132979,0.0,0.0,-0.4696049507160787
1782096896668127112,0,3.8195117521674145,-3.0522943966559857,0.0,0.8828766563132979,0.0,0.0,-0.4696049507160787
1782096896688249493,0,3.8229258410833995,-3.0499791540227217,0.0,0.8828766563132979,0.0,0.0,-0.4696049507160787
1782096896708229475,0,3.8263488422366883,-3.0476578676125388,0.0,0.8828766563132979,0.0,0.0,-0.4696049507160787
1782096896728220078,0,3.8297736629959807,-3.045335347248146,0.0,0.8828766563132979,0.0,0.0,-0.4696049507160787
1782096896748200391,0,3.8331967208566993,-3.043014022382191,0.0,0.8828766563132979,0.0,0.0,-0.4696049507160787
1782096896768197091,0,3.8366556863779873,-3.040668346965123,0.0,0.8828766563132979,0.0,0.0,-0.4696049507160787
1782096896788136828,0,3.840137804299601,-3.0383069708953747,0.0,0.8828766563132979,0.0,0.0,-0.4696049507160787
1782096896808142034,0,3.8436975837983396,-3.0358929291222014,0.0,0.8828766563132979,0.0,0.0,-0.4696049507160787
1782096896828187249,0,3.84733084339901,-3.0334290572863387,0.0,0.8828766563132979,0.0,0.0,-0.4696049507160787
1782096896848201260,0,3.850958447174459,-3.0309690209122997,0.0,0.8828766563132979,0.0,0.0,-0.4696049507160787
1782096896868123749,0,3.854602439667793,-3.0284978706337085,0.0,0.8828766563132979,0.0,0.0,-0.4696049507160787
1782096896888137322,0,3.858263092198548,-3.0260154224569447,0.0,0.8828766563132979,0.0,0.0,-0.4696049507160787
1782096896908211471,0,3.861868367764964,-3.023570527815511,0.0,0.8828766563132979,0.0,0.0,-0.4696049507160787
1782096896928250315,0,3.8654673026265303,-3.021129933082649,0.0,0.8828766563132979,0.0,0.0,-0.4696049507160787
1782096896948188134,0,3.8690810963572715,-3.018679261902395,0.0,0.8828766563132979,0.0,0.0,-0.4696049507160787
1782096896968199824,0,3.872575779581568,-3.016309364752743,0.0,0.8828766563132979,0.0,0.0,-0.4696049507160787
1782096896988121342,0,3.8761206674152677,-3.013905421667278,0.0,0.8828766563132979,0.0,0.0,-0.4696049507160787
1782096897008132650,0,3.8796484083251044,-3.0115131066589185,0.0,0.8828766563132979,0.0,0.0,-0.4696049507160787
1782096897028201057,0,3.883119777495034,-3.0091590197866025,0.0,0.8828766563132979,0.0,0.0,-0.4696049507160787
1782096897048140532,0,3.8866348551540315,-3.0067752922810764,0.0,0.8828766563132979,0.0,0.0,-0.4696049507160787
1782096897068209796,0,3.8901395926461997,-3.004398576893752,0.0,0.8828766563132979,0.0,0.0,-0.4696049507160787
1782096897088124721,0,3.893551448134493,-3.002084848845239,0.0,0.8828766563132979,0.0,0.0,-0.4696049507160787
1782096897108087186,0,3.8970375350942184,-2.9997207811975968,0.0,0.8828766563132979,0.0,0.0,-0.4696049507160787
1782096897128091603,0,3.9004316095007403,-2.997419111276327,0.0,0.8828766563132979,0.0,0.0,-0.4696049507160787
1782096897148090052,0,3.9038246713390907,-2.99511812802171,0.0,0.8828766563132979,0.0,0.0,-0.4696049507160787
1782096897168089972,0,3.90711866636928,-2.9928843262914806,0.0,0.8828766563132979,0.0,0.0,-0.4696049507160787
1782096897188084435,0,3.910312473340704,-2.9907184664545983,0.0,0.8828766563132979,0.0,0.0,-0.4696049507160787
1782096897208221397,0,3.913362380636966,-2.9886501912650565,0.0,0.8828766563132979,0.0,0.0,-0.4696049507160787
1782096897228106355,0,3.9161437136113437,-2.9867640480397184,0.0,0.8828766563132979,0.0,0.0,-0.4696049507160787
1782096897248143942,0,3.9187142202222343,-2.9850208753687357,0.0,0.8828766563132979,0.0,0.0,-0.4696049507160787
1782096897268177119,0,3.9209028150052645,-2.9835366937691066,0.0,0.8828766563132979,0.0,0.0,-0.4696049507160787
1782096897288209445,0,3.922627089205521,-2.9823673882125923,0.0,0.8828766563132979,0.0,0.0,-0.4696049507160787
1782096897308130821,0,3.9237482550825837,-2.981607076720587,0.0,0.8828766563132979,0.0,0.0,-0.4696049507160787
1782096897328197961,0,3.9243793732265426,-2.9811790879746947,0.0,0.8828766563132979,0.0,0.0,-0.4696049507160787
1782096897348128158,0,3.9245113334984523,-2.981089599957565,0.0,0.8828766563132979,0.0,0.0,-0.4696049507160787
1782096897368120193,0,3.924312778942855,-2.981224248463643,0.0,0.8828766563132979,0.0,0.0,-0.4696049507160787
1782096897388126877,0,3.9237166788392304,-2.981628489948729,0.0,0.8828766563132979,0.0,0.0,-0.4696049507160787
1782096897408146189,0,3.922921376990773,-2.9821678188271394,0.0,0.8828766563132979,0.0,0.0,-0.4696049507160787
1782096897428130116,0,3.922160559882792,-2.98268376209865,0.0,0.8828766563132979,0.0,0.0,-0.4696049507160787
1782096897448121930,0,3.9213994425052685,-2.9831999089960326,0.0,0.8828766563132979,0.0,0.0,-0.4696049507160787
1782096897468145997,0,3.9206370972092226,-2.983716888598529,0.0,0.8828766563132979,0.0,0.0,-0.4696049507160787
1782096897488092147,0,3.919976767761994,-2.9841646868035077,0.0,0.8828766563132979,0.0,0.0,-0.4696049507160787
1782096897508084308,0,3.9194141929498456,-2.9845461933259076,0.0,0.8828766563132979,0.0,0.0,-0.4696049507160787
1782096897528143953,0,3.9190157408764654,-2.984816401059296,0.0,0.8828766563132979,0.0,0.0,-0.4696049507160787
1782096897548091031,0,3.918850650834162,-2.9849283558190254,0.0,0.8828766563132979,0.0,0.0,-0.4696049507160787
1782096897568207202,0,3.918684161310155,-2.9850412596283404,0.0,0.8828766563132979,0.0,0.0,-0.4696049507160787
1782096897588127211,0,3.9186511881061743,-2.985063620196413,0.0,0.8828766563132979,0.0,0.0,-0.4696049507160787
1782096897608215283,0,3.9186844395015714,-2.985041070974608,0.0,0.8828766563132979,0.0,0.0,-0.4696049507160787
1782096897628211274,0,3.9188168354035997,-2.9849512875376827,0.0,0.8828766563132979,0.0,0.0,-0.4696049507160787
1782096897648202516,0,3.918916108743486,-2.9848839659551163,0.0,0.8828766563132979,0.0,0.0,-0.4696049507160787
1782096897668200511,0,3.9190485179142427,-2.9847941735200822,0.0,0.8828766563132979,0.0,0.0,-0.4696049507160787
1782096897688220394,0,3.9191810720081217,-2.9847042828063564,0.0,0.8828766563132979,0.0,0.0,-0.4696049507160787
1782096897708087625,0,3.91927972952903,-2.9846373788375025,0.0,0.8828766563132979,0.0,0.0,-0.4696049507160787
1782096897728190979,0,3.919379559599347,-2.9845696797117482,0.0,0.8828766563132979,0.0,0.0,-0.4696049507160787
1782096897748208128,0,3.919445827595211,-2.9845247404928155,0.0,0.8828766563132979,0.0,0.0,-0.4696049507160787
1782096897768126640,0,3.919478798321236,-2.9845023816051586,0.0,0.8828766563132979,0.0,0.0,-0.4696049507160787
1782096897788088782,0,3.919478798321236,-2.9845023816051586,0.0,0.8828766563132979,0.0,0.0,-0.4696049507160787
1782096897808120141,0,3.919478798321236,-2.9845023816051586,0.0,0.8828766563132979,0.0,0.0,-0.4696049507160787
1782096897828084044,0,3.919478798321236,-2.9845023816051586,0.0,0.8828766563132979,0.0,0.0,-0.4696049507160787
1782096897848119572,0,3.919478798321236,-2.9845023816051586,0.0,0.8828766563132979,0.0,0.0,-0.4696049507160787
1782096897868095030,0,3.919478798321236,-2.9845023816051586,0.0,0.8828766563132979,0.0,0.0,-0.4696049507160787
1782096897888137752,0,3.9194456219928138,-2.984524879920778,0.0,0.8828766563132979,0.0,0.0,-0.4696049507160787
1782096897908093106,0,3.9193134951533355,-2.984614480894645,0.0,0.8828766563132979,0.0,0.0,-0.4696049507160787
1782096897928088383,0,3.9190818106017384,-2.984771596296303,0.0,0.8828766563132979,0.0,0.0,-0.4696049507160787
1782096897948119557,0,3.918816552895796,-2.9849514791185494,0.0,0.8828766563132979,0.0,0.0,-0.4696049507160787
1782096897968143958,0,3.91835250887512,-2.9852661676128522,0.0,0.8828766563132979,0.0,0.0,-0.4696049507160787
1782096897988200674,0,3.9178877159889676,-2.9855813639454953,0.0,0.8828766563132979,0.0,0.0,-0.4696049507160787
1782096898008087614,0,3.917229346724866,-2.9860278328647882,0.0,0.8828766563132979,0.0,0.0,-0.4696049507160787
1782096898028087318,0,3.916335508461914,-2.9866339835845124,0.0,0.8828766563132979,0.0,0.0,-0.4696049507160787
1782096898048115379,0,3.9151088822712405,-2.987465812315875,0.0,0.8828766563132979,0.0,0.0,-0.4696049507160787
1782096898068090916,0,3.9135878868942338,-2.98849726563432,0.0,0.8828766563132979,0.0,0.0,-0.4696049507160787
1782096898088082351,0,3.9117347666183373,-2.989753947335616,0.0,0.8828766563132979,0.0,0.0,-0.4696049507160787
1782096898108123357,0,3.909545316528708,-2.991238708955961,0.0,0.8828766563132979,0.0,0.0,-0.4696049507160787
1782096898128139921,0,3.9070437730277248,-2.992935114733599,0.0,0.8828766563132979,0.0,0.0,-0.4696049507160787
1782096898148116963,0,3.9041834250498915,-2.994874841479802,0.0,0.8828766563132979,0.0,0.0,-0.4696049507160787
1782096898168128644,0,3.9010199927810336,-2.9970201029057786,0.0,0.8828766563132979,0.0,0.0,-0.4696049507160787
1782096898188094257,0,3.8976325021036557,-2.9993173081130986,0.0,0.8828766563132979,0.0,0.0,-0.4696049507160787
1782096898208126563,0,3.8939684231480505,-3.0018020798980305,0.0,0.8828766563132979,0.0,0.0,-0.4696049507160787
1782096898228093596,0,3.890117977027367,-3.0044132353878505,0.0,0.8828766563132979,0.0,0.0,-0.4696049507160787
1782096898248122154,0,3.88605674897013,-3.007167331304188,0.0,0.8828766563132979,0.0,0.0,-0.4696049507160787
1782096898268126334,0,3.881834901598182,-3.010030350184836,0.0,0.8828766563132979,0.0,0.0,-0.4696049507160787
1782096898288199557,0,3.8774655752936744,-3.0129933809634113,0.0,0.8828766563132979,0.0,0.0,-0.4696049507160787
1782096898308131487,0,3.872962039633254,-3.016047424961108,0.0,0.8828766563132979,0.0,0.0,-0.4696049507160787
1782096898328089543,0,3.8683204564141422,-3.0191950850306593,0.0,0.8828766563132979,0.0,0.0,-0.4696049507160787
1782096898348103244,0,3.8635665469415943,-3.022418918432892,0.0,0.8828766563132979,0.0,0.0,-0.4696049507160787
1782096898368117475,0,3.8586634302732654,-3.0257439357437366,0.0,0.8828766563132979,0.0,0.0,-0.4696049507160787
1782096898388156300,0,3.8537211185860794,-3.0290955329067404,0.0,0.8828766563132979,0.0,0.0,-0.4696049507160787
1782096898408127217,0,3.8487955555107507,-3.0324357721053885,0.0,0.8828766563132979,0.0,0.0,-0.4696049507160787
1782096898428214175,0,3.843808122837222,-3.0358179677776387,0.0,0.8828766563132979,0.0,0.0,-0.4696049507160787
1782096898448193425,0,3.8388805045374315,-3.0391596007136523,0.0,0.8828766563132979,0.0,0.0,-0.4696049507160787
1782096898468195043,0,3.834046694531565,-3.0424376181531776,0.0,0.8828766563132979,0.0,0.0,-0.4696049507160787
1782096898488211584,0,3.829209278070129,-3.0457180812875584,0.0,0.8828766563132979,0.0,0.0,-0.4696049507160787
1782096898508088968,0,3.824454845636955,-3.0489422693322044,0.0,0.8828766563132979,0.0,0.0,-0.4696049507160787
1782096898528200269,0,3.8196444630560396,-3.0522043996128523,0.0,0.8828766563132979,0.0,0.0,-0.4696049507160787
1782096898548217410,0,3.8149228705210887,-3.055406317489877,0.0,0.8828766563132979,0.0,0.0,-0.4696049507160787
1782096898568192908,0,3.8102772308701023,-3.058556728402848,0.0,0.8828766563132979,0.0,0.0,-0.4696049507160787
1782096898588128720,0,3.8056408208691113,-3.06170088028751,0.0,0.8828766563132979,0.0,0.0,-0.4696049507160787
1782096898608203042,0,3.80103865493373,-3.0648218097773916,0.0,0.8828766563132979,0.0,0.0,-0.4696049507160787
1782096898628127428,0,3.796536823808347,-3.067874697855515,0.0,0.8828766563132979,0.0,0.0,-0.4696049507160787
1782096898648124146,0,3.791985549327714,-3.0709611156297956,0.0,0.8828766563132979,0.0,0.0,-0.4696049507160787
1782096898668118632,0,3.787467879402486,-3.0740247446890634,0.0,0.8828766563132979,0.0,0.0,-0.4696049507160787
1782096898688124485,0,3.783013871882312,-3.077045201494195,0.0,0.8828766563132979,0.0,0.0,-0.4696049507160787
1782096898708088674,0,3.778668278942607,-3.079992137642733,0.0,0.8828766563132979,0.0,0.0,-0.4696049507160787
1782096898728135265,0,3.774304749609429,-3.0829512372421575,0.0,0.8828766563132979,0.0,0.0,-0.4696049507160787
1782096898748089878,0,3.769928211015365,-3.0859191589889146,0.0,0.8828766563132979,0.0,0.0,-0.4696049507160787
1782096898768092869,0,3.765474840677187,-3.0889391836931313,0.0,0.8828766563132979,0.0,0.0,-0.4696049507160787
1782096898788133031,0,3.7609800226086327,-3.0919873159114775,0.0,0.8828766563132979,0.0,0.0,-0.4696049507160787
1782096898808149616,0,3.7563910932475415,-3.095099269102881,0.0,0.8828766563132979,0.0,0.0,-0.4696049507160787
1782096898828143526,0,3.751807362274357,-3.098207697040676,0.0,0.8828766563132979,0.0,0.0,-0.4696049507160787
1782096898848131984,0,3.747158708556339,-3.101360151923982,0.0,0.8828766563132979,0.0,0.0,-0.4696049507160787
1782096898868135439,0,3.742506567032517,-3.1045149720405685,0.0,0.8828766563132979,0.0,0.0,-0.4696049507160787
1782096898888124004,0,3.7377917149320967,-3.107712318934881,0.0,0.8828766563132979,0.0,0.0,-0.4696049507160787
1782096898908141768,0,3.733036840363981,-3.1109368068105225,0.0,0.8828766563132979,0.0,0.0,-0.4696049507160787
1782096898928147210,0,3.7282021062084065,-3.1142154509562814,0.0,0.8828766563132979,0.0,0.0,-0.4696049507160787
1782096898948172334,0,3.7234123361348455,-3.1174636029964797,0.0,0.8828766563132979,0.0,0.0,-0.4696049507160787
1782096898968096103,0,3.718679788457741,-3.1206729500333164,0.0,0.8828766563132979,0.0,0.0,-0.4696049507160787
1782096898988126116,0,3.7139883150651083,-3.1238544428059867,0.0,0.8828766563132979,0.0,0.0,-0.4696049507160787
1782096899008093690,0,3.7093114662714295,-3.127026018000112,0.0,0.8828766563132979,0.0,0.0,-0.4696049507160787
1782096899028092916,0,3.704627203877173,-3.1302026206802025,0.0,0.8828766563132979,0.0,0.0,-0.4696049507160787
1782096899048137502,0,3.6999986756292986,-3.1333414276042393,0.0,0.8828766563132979,0.0,0.0,-0.4696049507160787
1782096899068095037,0,3.695324178192125,-3.136511408240945,0.0,0.8828766563132979,0.0,0.0,-0.4696049507160787
1782096899088146259,0,3.690760498542582,-3.1396062385014356,0.0,0.8828766563132979,0.0,0.0,-0.4696049507160787
1782096899108218482,0,3.686158813816291,-3.142726841662433,0.0,0.8828766563132979,0.0,0.0,-0.4696049507160787
1782096899128129891,0,3.681626955755623,-3.145800092315294,0.0,0.8828766563132979,0.0,0.0,-0.4696049507160787
1782096899148130942,0,3.67704158766279,-3.148909630455339,0.0,0.8828766563132979,0.0,0.0,-0.4696049507160787
1782096899168143310,0,3.6724867512253563,-3.1519984637479204,0.0,0.8828766563132979,0.0,0.0,-0.4696049507160787
1782096899188128254,0,3.66790507576467,-3.1551054977530124,0.0,0.8828766563132979,0.0,0.0,-0.4696049507160787
1782096899208164647,0,3.663278439375865,-3.158243021724878,0.0,0.8828766563132979,0.0,0.0,-0.4696049507160787
1782096899228095424,0,3.6586761909509486,-3.16136400715451,0.0,0.8828766563132979,0.0,0.0,-0.4696049507160787
1782096899248096049,0,3.654057813809723,-3.1644959301702857,0.0,0.8828766563132979,0.0,0.0,-0.4696049507160787
1782096899268094517,0,3.6495061410272096,-3.167582618050442,0.0,0.8828766563132979,0.0,0.0,-0.4696049507160787
1782096899288098633,0,3.6448869577734473,-3.1707150877262946,0.0,0.8828766563132979,0.0,0.0,-0.4696049507160787
1782096899308104376,0,3.640333629193124,-3.173802898475182,0.0,0.8828766563132979,0.0,0.0,-0.4696049507160787
1782096899328248293,0,3.635715508161565,-3.1769346478118243,0.0,0.8828766563132979,0.0,0.0,-0.4696049507160787
1782096899348099954,0,3.6311972488098294,-3.179998676586917,0.0,0.8828766563132979,0.0,0.0,-0.4696049507160787
1782096899368095465,0,3.6267124455366413,-3.1830400173356277,0.0,0.8828766563132979,0.0,0.0,-0.4696049507160787
1782096899388153548,0,3.622213607957931,-3.1860908753591555,0.0,0.8828766563132979,0.0,0.0,-0.4696049507160787
1782096899408144979,0,3.6177297197900056,-3.189131595535064,0.0,0.8828766563132979,0.0,0.0,-0.4696049507160787
1782096899428180865,0,3.6132690258662143,-3.192156586682182,0.0,0.8828766563132979,0.0,0.0,-0.4696049507160787
1782096899448169077,0,3.608818945853986,-3.1951743800728383,0.0,0.8828766563132979,0.0,0.0,-0.4696049507160787
1782096899468195286,0,3.6043604063712293,-3.198197910199505,0.0,0.8828766563132979,0.0,0.0,-0.4696049507160787
1782096899488133181,0,3.5999545315710964,-3.2011857261073895,0.0,0.8828766563132979,0.0,0.0,-0.4696049507160787
1782096899508176479,0,3.5954921874750396,-3.2042118363083083,0.0,0.8828766563132979,0.0,0.0,-0.4696049507160787
1782096899528183938,0,3.591070940426508,-3.207210076808449,0.0,0.8828766563132979,0.0,0.0,-0.4696049507160787
1782096899548237875,0,3.5866062277143302,-3.210237793271291,0.0,0.8828766563132979,0.0,0.0,-0.4696049507160787
1782096899568149934,0,3.5822060621518754,-3.2132217374960415,0.0,0.8828766563132979,0.0,0.0,-0.4696049507160787
1782096899588184968,0,3.57777872158155,-3.2162241102791334,0.0,0.8828766563132979,0.0,0.0,-0.4696049507160787
1782096899608186844,0,3.5733255994816555,-3.2192439666421513,0.0,0.8828766563132979,0.0,0.0,-0.4696049507160787
1782096899628149830,0,3.568914180073896,-3.2222355425903415,0.0,0.8828766563132979,0.0,0.0,-0.4696049507160787
1782096899648093409,0,3.5644410246552467,-3.2252689844207505,0.0,0.8828766563132979,0.0,0.0,-0.4696049507160787
1782096899668101540,0,3.559953390835879,-3.228312244686309,0.0,0.8828766563132979,0.0,0.0,-0.4696049507160787
1782096899688170165,0,3.555452188786656,-3.2313647061604445,0.0,0.8828766563132979,0.0,0.0,-0.4696049507160787
1782096899708174041,0,3.5509655093233934,-3.234407319235497,0.0,0.8828766563132979,0.0,0.0,-0.4696049507160787
1782096899728148352,0,3.546452397854471,-3.237467857006686,0.0,0.8828766563132979,0.0,0.0,-0.4696049507160787
1782096899748170588,0,3.541961600417513,-3.240513262659339,0.0,0.8828766563132979,0.0,0.0,-0.4696049507160787
1782096899768147613,0,3.537447875731709,-3.2435742162796344,0.0,0.8828766563132979,0.0,0.0,-0.4696049507160787
1782096899788160723,0,3.532892870414281,-3.2466631640971033,0.0,0.8828766563132979,0.0,0.0,-0.4696049507160787
1782096899808126863,0,3.528348555519267,-3.249744862272761,0.0,0.8828766563132979,0.0,0.0,-0.4696049507160787
1782096899828095415,0,3.523770638028791,-3.252849347834317,0.0,0.8828766563132979,0.0,0.0,-0.4696049507160787
1782096899848102961,0,3.5191837809159128,-3.255959895743803,0.0,0.8828766563132979,0.0,0.0,-0.4696049507160787
1782096899868092581,0,3.51453485695516,-3.2591125338905047,0.0,0.8828766563132979,0.0,0.0,-0.4696049507160787
1782096899888091534,0,3.509850658503559,-3.262289093208295,0.0,0.8828766563132979,0.0,0.0,-0.4696049507160787
1782096899908087466,0,3.505134068693829,-3.2654876185191006,0.0,0.8828766563132979,0.0,0.0,-0.4696049507160787
1782096899928091829,0,3.5004154902011737,-3.268687492442559,0.0,0.8828766563132979,0.0,0.0,-0.4696049507160787
1782096899948130188,0,3.495655723646038,-3.2719152977880106,0.0,0.8828766563132979,0.0,0.0,-0.4696049507160787
1782096899968216624,0,3.4908014155936136,-3.2752072158471424,0.0,0.8828766563132979,0.0,0.0,-0.4696049507160787
1782096899988242897,0,3.4860113706929936,-3.278455554259556,0.0,0.8828766563132979,0.0,0.0,-0.4696049507160787
1782096900008219800,0,3.481183533584637,-3.281729521216723,0.0,0.8828766563132979,0.0,0.0,-0.4696049507160787
1782096900028234493,0,3.4763134337329844,-3.2850321483838196,0.0,0.8828766563132979,0.0,0.0,-0.4696049507160787
1782096900048259179,0,3.471407755782909,-3.28835890261155,0.0,0.8828766563132979,0.0,0.0,-0.4696049507160787
1782096900068245249,0,3.4664784554201407,-3.2917016762278517,0.0,0.8828766563132979,0.0,0.0,-0.4696049507160787
1782096900088234337,0,3.4615484107075107,-3.2950449546202765,0.0,0.8828766563132979,0.0,0.0,-0.4696049507160787
1782096900108188946,0,3.4566268697851306,-3.29838246622155,0.0,0.8828766563132979,0.0,0.0,-0.4696049507160787
1782096900128131460,0,3.451675301413459,-3.3017403407461354,0.0,0.8828766563132979,0.0,0.0,-0.4696049507160787
1782096900148222589,0,3.446686833113643,-3.3051232387217477,0.0,0.8828766563132979,0.0,0.0,-0.4696049507160787
1782096900168216792,0,3.4417224307724044,-3.3084898165209675,0.0,0.8828766563132979,0.0,0.0,-0.4696049507160787
1782096900188241786,0,3.436750383269595,-3.311861578837767,0.0,0.8828766563132979,0.0,0.0,-0.4696049507160787
1782096900208153575,0,3.43180644367222,-3.3152142799576967,0.0,0.8828766563132979,0.0,0.0,-0.4696049507160787
1782096900228095383,0,3.4268550505947544,-3.318572035607621,0.0,0.8828766563132979,0.0,0.0,-0.4696049507160787
1782096900248134542,0,3.421846316032546,-3.3219686770198797,0.0,0.8828766563132979,0.0,0.0,-0.4696049507160787
1782096900268166807,0,3.4168393046073215,-3.325364149897776,0.0,0.8828766563132979,0.0,0.0,-0.4696049507160787
1782096900288216023,0,3.411794869181177,-3.328785001623309,0.0,0.8828766563132979,0.0,0.0,-0.4696049507160787
1782096900308197465,0,3.4068005608297987,-3.3321718599926498,0.0,0.8828766563132979,0.0,0.0,-0.4696049507160787
1782096900328118327,0,3.401788419607312,-3.3355708116098515,0.0,0.8828766563132979,0.0,0.0,-0.4696049507160787
1782096900348124307,0,3.396754862472377,-3.3389842862915553,0.0,0.8828766563132979,0.0,0.0,-0.4696049507160787
1782096900368191318,0,3.391705949777481,-3.3424081742483547,0.0,0.8828766563132979,0.0,0.0,-0.4696049507160787
1782096900388135989,0,3.3867538458397823,-3.3457664119636266,0.0,0.8828766563132979,0.0,0.0,-0.4696049507160787
1782096900408201547,0,3.3817385129176443,-3.3491675280115962,0.0,0.8828766563132979,0.0,0.0,-0.4696049507160787
1782096900428087733,0,3.3768009303425024,-3.352515918157415,0.0,0.8828766563132979,0.0,0.0,-0.4696049507160787
1782096900448144016,0,3.3717879156819737,-3.3559154620910525,0.0,0.8828766563132979,0.0,0.0,-0.4696049507160787
1782096900468182504,0,3.366779348834434,-3.359311989768672,0.0,0.8828766563132979,0.0,0.0,-0.4696049507160787
1782096900488158883,0,3.3618193720513196,-3.362675566403872,0.0,0.8828766563132979,0.0,0.0,-0.4696049507160787
1782096900508091369,0,3.356870293552667,-3.366031752436933,0.0,0.8828766563132979,0.0,0.0,-0.4696049507160787
1782096900528157732,0,3.351887974454612,-3.3694104803705716,0.0,0.8828766563132979,0.0,0.0,-0.4696049507160787
1782096900548163951,0,3.346920588635695,-3.37277908139616,0.0,0.8828766563132979,0.0,0.0,-0.4696049507160787
1782096900568257145,0,3.341898348168763,-3.376184881751596,0.0,0.8828766563132979,0.0,0.0,-0.4696049507160787
1782096900588189851,0,3.3368502326783918,-3.379608229089228,0.0,0.8828766563132979,0.0,0.0,-0.4696049507160787
1782096900608134839,0,3.3317990066743426,-3.3830336858018817,0.0,0.8828766563132979,0.0,0.0,-0.4696049507160787
1782096900628144032,0,3.326731520246095,-3.3864701694175436,0.0,0.8828766563132979,0.0,0.0,-0.4696049507160787
1782096900648140883,0,3.321667159526988,-3.389904533353476,0.0,0.8828766563132979,0.0,0.0,-0.4696049507160787
1782096900668094227,0,3.31664684574795,-3.393309027137803,0.0,0.8828766563132979,0.0,0.0,-0.4696049507160787
1782096900688097662,0,3.3115808175787538,-3.396744521844386,0.0,0.8828766563132979,0.0,0.0,-0.4696049507160787
1782096900708087701,0,3.3064850928637752,-3.4002001550741645,0.0,0.8828766563132979,0.0,0.0,-0.4696049507160787
1782096900728204570,0,3.301323738379835,-3.403700294713381,0.0,0.8828766563132979,0.0,0.0,-0.4696049507160787
1782096900748149158,0,3.296239599724497,-3.407148070930679,0.0,0.8828766563132979,0.0,0.0,-0.4696049507160787
1782096900768126373,0,3.2911140760549347,-3.4106239121315407,0.0,0.8828766563132979,0.0,0.0,-0.4696049507160787
1782096900788138426,0,3.286045865309059,-3.4140608869385836,0.0,0.8828766563132979,0.0,0.0,-0.4696049507160787
1782096900808172961,0,3.2809056351342742,-3.4175467012622085,0.0,0.8828766563132979,0.0,0.0,-0.4696049507160787
1782096900828150651,0,3.275846127090016,-3.420977774387637,0.0,0.8828766563132979,0.0,0.0,-0.4696049507160787
1782096900848087292,0,3.27073101342993,-3.4244465561069393,0.0,0.8828766563132979,0.0,0.0,-0.4696049507160787
1782096900868140534,0,3.265619177436276,-3.427913115097654,0.0,0.8828766563132979,0.0,0.0,-0.4696049507160787
1782096900888149662,0,3.260551707469794,-3.4313495875498723,0.0,0.8828766563132979,0.0,0.0,-0.4696049507160787
1782096900908118060,0,3.2555276060648093,-3.4347566498885906,0.0,0.8828766563132979,0.0,0.0,-0.4696049507160787
1782096900928100314,0,3.2505000184538164,-3.4381660763756883,0.0,0.8828766563132979,0.0,0.0,-0.4696049507160787
1782096900948127287,0,3.2454611794249195,-3.4415831329401114,0.0,0.8828766563132979,0.0,0.0,-0.4696049507160787
1782096900968157360,0,3.240421560427879,-3.445000718434954,0.0,0.8828766563132979,0.0,0.0,-0.4696049507160787
1782096900988195039,0,3.23538002774125,-3.448419601686188,0.0,0.8828766563132979,0.0,0.0,-0.4696049507160787
1782096901008144016,0,3.2303608127108947,-3.4518233503611007,0.0,0.8828766563132979,0.0,0.0,-0.4696049507160787
1782096901028127209,0,3.2253329888450373,-3.4552329370629287,0.0,0.8828766563132979,0.0,0.0,-0.4696049507160787
1782096901048170089,0,3.220389677045618,-3.4585852124456706,0.0,0.8828766563132979,0.0,0.0,-0.4696049507160787
1782096901068177081,0,3.2154883337984947,-3.4619090271222297,0.0,0.8828766563132979,0.0,0.0,-0.4696049507160787
1782096901088160857,0,3.2107746113152653,-3.4651056079738463,0.0,0.8828766563132979,0.0,0.0,-0.4696049507160787
1782096901108144443,0,3.206292482706363,-3.4681451349160297,0.0,0.8828766563132979,0.0,0.0,-0.4696049507160787
1782096901128125918,0,3.202009277159323,-3.4710497634519544,0.0,0.8828766563132979,0.0,0.0,-0.4696049507160787
1782096901148129434,0,3.198118684153543,-3.473688144295959,0.0,0.8828766563132979,0.0,0.0,-0.4696049507160787
1782096901168204142,0,3.1946794543966823,-3.4760204360301894,0.0,0.8828766563132979,0.0,0.0,-0.4696049507160787
1782096901188130445,0,3.1918593547598824,-3.4779328686205147,0.0,0.8828766563132979,0.0,0.0,-0.4696049507160787
1782096901208181239,0,3.1896356455902803,-3.479440862817549,0.0,0.8828766563132979,0.0,0.0,-0.4696049507160787
1782096901228087932,0,3.188251696859678,-3.4803793788264215,0.0,0.8828766563132979,0.0,0.0,-0.4696049507160787
1782096901248135225,0,3.1876212029103885,-3.4808069442786738,0.0,0.8828766563132979,0.0,0.0,-0.4696049507160787
1782096901268125191,0,3.1874888469006275,-3.480896700662919,0.0,0.8828766563132979,0.0,0.0,-0.4696049507160787
1782096901288130980,0,3.1877868836191587,-3.480694588962263,0.0,0.8828766563132979,0.0,0.0,-0.4696049507160787
1782096901308118975,0,3.188514769858068,-3.4802009775496834,0.0,0.8828766563132979,0.0,0.0,-0.4696049507160787
1782096901328126280,0,3.189475183182004,-3.47954967937677,0.0,0.8828766563132979,0.0,0.0,-0.4696049507160787
1782096901348129839,0,3.190435416686199,-3.4788985031474673,0.0,0.8828766563132979,0.0,0.0,-0.4696049507160787
1782096901368170239,0,3.1915632811792256,-3.478133649031754,0.0,0.8828766563132979,0.0,0.0,-0.4696049507160787
1782096901388139786,0,3.192621047683772,-3.4774163314200446,0.0,0.8828766563132979,0.0,0.0,-0.4696049507160787
1782096901408145975,0,3.1936145232961173,-3.4767426122670186,0.0,0.8828766563132979,0.0,0.0,-0.4696049507160787
1782096901428102577,0,3.1945064352197146,-3.4761377678820415,0.0,0.8828766563132979,0.0,0.0,-0.4696049507160787
1782096901448093433,0,3.1952013351658066,-3.475666525913652,0.0,0.8828766563132979,0.0,0.0,-0.4696049507160787
1782096901468197569,0,3.195633948969902,-3.475373151620349,0.0,0.8828766563132979,0.0,0.0,-0.4696049507160787
1782096901488143740,0,3.1958320480187825,-3.4752388120132482,0.0,0.8828766563132979,0.0,0.0,-0.4696049507160787
1782096901508179549,0,3.1958320480187825,-3.4752388120132482,0.0,0.8828766563132979,0.0,0.0,-0.4696049507160787
1782096901528128259,0,3.195699965170044,-3.475328383155085,0.0,0.8828766563132979,0.0,0.0,-0.4696049507160787
1782096901548105053,0,3.1954354275773595,-3.47550777763711,0.0,0.8828766563132979,0.0,0.0,-0.4696049507160787
1782096901568156272,0,3.1951367140643234,-3.475710348301646,0.0,0.8828766563132979,0.0,0.0,-0.4696049507160787
1782096901588134814,0,3.1948721533241993,-3.4758897584809723,0.0,0.8828766563132979,0.0,0.0,-0.4696049507160787
1782096901608222880,0,3.1946393936298096,-3.476047602983854,0.0,0.8828766563132979,0.0,0.0,-0.4696049507160787
1782096901628166053,0,3.194441324356107,-3.4761819223990975,0.0,0.8828766563132979,0.0,0.0,-0.4696049507160787
1782096901648134444,0,3.1942430046252297,-3.476316411660292,0.0,0.8828766563132979,0.0,0.0,-0.4696049507160787
1782096901668133522,0,3.194143692373012,-3.476383759631012,0.0,0.8828766563132979,0.0,0.0,-0.4696049507160787
1782096901688217633,0,3.1941104475341837,-3.476406304406525,0.0,0.8828766563132979,0.0,0.0,-0.4696049507160787
1782096901708159047,0,3.194143456169449,-3.4763839198109614,0.0,0.8828766563132979,0.0,0.0,-0.4696049507160787
1782096901728125349,0,3.194242605661248,-3.476316682215186,0.0,0.8828766563132979,0.0,0.0,-0.4696049507160787
1782096901748157254,0,3.1945078730472782,-3.476136792828457,0.0,0.8828766563132979,0.0,0.0,-0.4696049507160787
1782096901768225933,0,3.1947736274036127,-3.475956573205916,0.0,0.8828766563132979,0.0,0.0,-0.4696049507160787
1782096901788197608,0,3.195203390826222,-3.4756651318806564,0.0,0.8828766563132979,0.0,0.0,-0.4696049507160787
1782096901808266449,0,3.195768123395934,-3.475282162088724,0.0,0.8828766563132979,0.0,0.0,-0.4696049507160787
1782096901828228203,0,3.196528096345625,-3.47476679127779,0.0,0.8828766563132979,0.0,0.0,-0.4696049507160787
1782096901848104267,0,3.197613811556383,-3.4740305204291366,0.0,0.8828766563132979,0.0,0.0,-0.4696049507160787
1782096901868265524,0,3.1989487129474,-3.4731252655609235,0.0,0.8828766563132979,0.0,0.0,-0.4696049507160787
1782096901888140678,0,3.2005607616906935,-3.472032064982604,0.0,0.8828766563132979,0.0,0.0,-0.4696049507160787
1782096901908166943,0,3.202450259587772,-3.4707507140294047,0.0,0.8828766563132979,0.0,0.0,-0.4696049507160787
1782096901928151150,0,3.2045673456473263,-3.4693150256147276,0.0,0.8828766563132979,0.0,0.0,-0.4696049507160787
1782096901948249813,0,3.2069294393921317,-3.4677131868002387,0.0,0.8828766563132979,0.0,0.0,-0.4696049507160787
1782096901968228353,0,3.2094923712035235,-3.465975150931253,0.0,0.8828766563132979,0.0,0.0,-0.4696049507160787
1782096901988247470,0,3.212126782799833,-3.464188641501822,0.0,0.8828766563132979,0.0,0.0,-0.4696049507160787
1782096902008248824,0,3.214825072714395,-3.46235881339809,0.0,0.8828766563132979,0.0,0.0,-0.4696049507160787
1782096902028270234,0,3.217492927174241,-3.4605496249039525,0.0,0.8828766563132979,0.0,0.0,-0.4696049507160787
1782096902048233514,0,3.2201530358070047,-3.4587456891930635,0.0,0.8828766563132979,0.0,0.0,-0.4696049507160787
1782096902068135527,0,3.2226732069296555,-3.4570366512125417,0.0,0.8828766563132979,0.0,0.0,-0.4696049507160787
1782096902088177874,0,3.225211148400175,-3.455315562383896,0.0,0.8828766563132979,0.0,0.0,-0.4696049507160787
1782096902108150519,0,3.22770720318247,-3.453622878745841,0.0,0.8828766563132979,0.0,0.0,-0.4696049507160787
1782096902128246968,0,3.2301023018067716,-3.451998657882729,0.0,0.8828766563132979,0.0,0.0,-0.4696049507160787
1782096902148156270,0,3.23240918536924,-3.4504342595014115,0.0,0.8828766563132979,0.0,0.0,-0.4696049507160787
1782096902168134617,0,3.2346909993155033,-3.448886861920515,0.0,0.8828766563132979,0.0,0.0,-0.4696049507160787
1782096902188099669,0,3.2369712947819536,-3.4473404940870167,0.0,0.8828766563132979,0.0,0.0,-0.4696049507160787
1782096902208155571,0,3.239261966622244,-3.445787089581749,0.0,0.8828766563132979,0.0,0.0,-0.4696049507160787
1782096902228099355,0,3.2414738079766177,-3.4442871434679545,0.0,0.8828766563132979,0.0,0.0,-0.4696049507160787
1782096902248141872,0,3.243663423140743,-3.4428022699033867,0.0,0.8828766563132979,0.0,0.0,-0.4696049507160787
1782096902268221334,0,3.2458903117003675,-3.4412921196232804,0.0,0.8828766563132979,0.0,0.0,-0.4696049507160787
1782096902288166779,0,3.2480363065198854,-3.4398368269173285,0.0,0.8828766563132979,0.0,0.0,-0.4696049507160787
1782096902308246240,0,3.250263194968603,-3.438326676712433,0.0,0.8828766563132979,0.0,0.0,-0.4696049507160787
1782096902328242638,0,3.252547070598126,-3.4367778810141814,0.0,0.8828766563132979,0.0,0.0,-0.4696049507160787
1782096902348250503,0,3.2548653746194662,-3.435205737921494,0.0,0.8828766563132979,0.0,0.0,-0.4696049507160787
1782096902368127121,0,3.257316527355298,-3.4335435043199936,0.0,0.8828766563132979,0.0,0.0,-0.4696049507160787
1782096902388094888,0,3.25974586811772,-3.431896062369215,0.0,0.8828766563132979,0.0,0.0,-0.4696049507160787
1782096902408150713,0,3.26228551629331,-3.4301738161494177,0.0,0.8828766563132979,0.0,0.0,-0.4696049507160787
1782096902428095341,0,3.2649101255249398,-3.428393954131097,0.0,0.8828766563132979,0.0,0.0,-0.4696049507160787
1782096902448154588,0,3.2675166145201113,-3.4266263802356156,0.0,0.8828766563132979,0.0,0.0,-0.4696049507160787
1782096902468162507,0,3.2701495525178976,-3.424840870117618,0.0,0.8828766563132979,0.0,0.0,-0.4696049507160787
1782096902488139864,0,3.2727454007654884,-3.423080512177268,0.0,0.8828766563132979,0.0,0.0,-0.4696049507160787
1782096902508095802,0,3.2754375638180995,-3.4212548389659125,0.0,0.8828766563132979,0.0,0.0,-0.4696049507160787
1782096902528125030,0,3.278073305969382,-3.419467427229106,0.0,0.8828766563132979,0.0,0.0,-0.4696049507160787
1782096902548173182,0,3.2807115384205594,-3.417678326711291,0.0,0.8828766563132979,0.0,0.0,-0.4696049507160787
1782096902568133529,0,3.283338216190765,-3.4158970619267115,0.0,0.8828766563132979,0.0,0.0,-0.4696049507160787
1782096902588147652,0,3.2860382287119,-3.4140660656483113,0.0,0.8828766563132979,0.0,0.0,-0.4696049507160787
1782096902608149606,0,3.288736599569679,-3.4122361826534475,0.0,0.8828766563132979,0.0,0.0,-0.4696049507160787
1782096902628139641,0,3.2914333624904386,-3.4104073900708243,0.0,0.8828766563132979,0.0,0.0,-0.4696049507160787
1782096902648157354,0,3.294166994318912,-3.4085535950734758,0.0,0.8828766563132979,0.0,0.0,-0.4696049507160787
1782096902668114256,0,3.2969583901870343,-3.4066606277608957,0.0,0.8828766563132979,0.0,0.0,-0.4696049507160787
1782096902688100056,0,3.2997869102251616,-3.4047424849290997,0.0,0.8828766563132979,0.0,0.0,-0.4696049507160787
1782096902708098414,0,3.302650310265331,-3.4028006884462836,0.0,0.8828766563132979,0.0,0.0,-0.4696049507160787
1782096902728092335,0,3.305579266237188,-3.400814435626305,0.0,0.8828766563132979,0.0,0.0,-0.4696049507160787
1782096902748111960,0,3.308545125809754,-3.398803156864776,0.0,0.8828766563132979,0.0,0.0,-0.4696049507160787
1782096902768098951,0,3.311506150733256,-3.3967951566896892,0.0,0.8828766563132979,0.0,0.0,-0.4696049507160787
1782096902788087516,0,3.314500495343457,-3.394764560981487,0.0,0.8828766563132979,0.0,0.0,-0.4696049507160787
1782096902808094321,0,3.3175306892994434,-3.392709654267978,0.0,0.8828766563132979,0.0,0.0,-0.4696049507160787
1782096902828106558,0,3.320528580043422,-3.3906766537717536,0.0,0.8828766563132979,0.0,0.0,-0.4696049507160787
1782096902848140830,0,3.3235960965077367,-3.3885964370371524,0.0,0.8828766563132979,0.0,0.0,-0.4696049507160787
1782096902868242321,0,3.326673905104913,-3.3865092407582753,0.0,0.8828766563132979,0.0,0.0,-0.4696049507160787
1782096902888166656,0,3.3298235297803465,-3.3843733428637512,0.0,0.8828766563132979,0.0,0.0,-0.4696049507160787
1782096902908153285,0,3.332949918302654,-3.3822532024183416,0.0,0.8828766563132979,0.0,0.0,-0.4696049507160787
1782096902928096601,0,3.3361355553299705,-3.3800928829769705,0.0,0.8828766563132979,0.0,0.0,-0.4696049507160787
1782096902948221906,0,3.339316949199755,-3.377935441005826,0.0,0.8828766563132979,0.0,0.0,-0.4696049507160787
1782096902968226710,0,3.342578634997721,-3.3757235495754645,0.0,0.8828766563132979,0.0,0.0,-0.4696049507160787
1782096902988201349,0,3.3458023388420606,-3.37353741536482,0.0,0.8828766563132979,0.0,0.0,-0.4696049507160787
1782096903008238712,0,3.3490361657028873,-3.371344416295068,0.0,0.8828766563132979,0.0,0.0,-0.4696049507160787
1782096903028129385,0,3.352246318287699,-3.3691674717846776,0.0,0.8828766563132979,0.0,0.0,-0.4696049507160787
1782096903048222085,0,3.355555594221959,-3.366923307406775,0.0,0.8828766563132979,0.0,0.0,-0.4696049507160787
1782096903068239268,0,3.358852432475334,-3.364687577562877,0.0,0.8828766563132979,0.0,0.0,-0.4696049507160787
1782096903088257039,0,3.3621825026656444,-3.362429311692796,0.0,0.8828766563132979,0.0,0.0,-0.4696049507160787
1782096903108242713,0,3.3655733970176533,-3.3601297983052247,0.0,0.8828766563132979,0.0,0.0,-0.4696049507160787
1782096903128248612,0,3.3690008383111265,-3.3578055008422836,0.0,0.8828766563132979,0.0,0.0,-0.4696049507160787
1782096903148275102,0,3.3723655082352617,-3.355523771383282,0.0,0.8828766563132979,0.0,0.0,-0.4696049507160787
1782096903168124791,0,3.375831900886545,-3.3531730593053566,0.0,0.8828766563132979,0.0,0.0,-0.4696049507160787
1782096903188167399,0,3.3793319833857622,-3.3507995006718327,0.0,0.8828766563132979,0.0,0.0,-0.4696049507160787
1782096903208159499,0,3.3828232455674363,-3.348431923480415,0.0,0.8828766563132979,0.0,0.0,-0.4696049507160787
1782096903228098041,0,3.3864041663976336,-3.346003544848093,0.0,0.8828766563132979,0.0,0.0,-0.4696049507160787
1782096903248095940,0,3.3900288498213356,-3.3435454888919725,0.0,0.8828766563132979,0.0,0.0,-0.4696049507160787
1782096903268135337,0,3.3937605673144673,-3.3410148484640145,0.0,0.8828766563132979,0.0,0.0,-0.4696049507160787
1782096903288144445,0,3.397519765172134,-3.338465572402043,0.0,0.8828766563132979,0.0,0.0,-0.4696049507160787
1782096903308248536,0,3.4013633638521408,-3.335859060460462,0.0,0.8828766563132979,0.0,0.0,-0.4696049507160787
1782096903328221825,0,3.4052811393064615,-3.333202246012259,0.0,0.8828766563132979,0.0,0.0,-0.4696049507160787
1782096903348225687,0,3.4093042476399655,-3.330474000743544,0.0,0.8828766563132979,0.0,0.0,-0.4696049507160787
1782096903368233826,0,3.4133613352984855,-3.3277227126121978,0.0,0.8828766563132979,0.0,0.0,-0.4696049507160787
1782096903388245629,0,3.41745229088068,-3.324948457164323,0.0,0.8828766563132979,0.0,0.0,-0.4696049507160787
1782096903408230961,0,3.4216370790176938,-3.3221105697675912,0.0,0.8828766563132979,0.0,0.0,-0.4696049507160787
1782096903428255517,0,3.425763787983351,-3.3193120683906474,0.0,0.8828766563132979,0.0,0.0,-0.4696049507160787
1782096903448225276,0,3.4298792042506228,-3.316521225085125,0.0,0.8828766563132979,0.0,0.0,-0.4696049507160787
1782096903468228864,0,3.4340015920800933,-3.3137256540591475,0.0,0.8828766563132979,0.0,0.0,-0.4696049507160787
1782096903488270049,0,3.4381649015930633,-3.310902332254375,0.0,0.8828766563132979,0.0,0.0,-0.4696049507160787
1782096903508156360,0,3.4422302032050474,-3.3081454738828486,0.0,0.8828766563132979,0.0,0.0,-0.4696049507160787
1782096903528129493,0,3.446280192631663,-3.3053989993722133,0.0,0.8828766563132979,0.0,0.0,-0.4696049507160787
1782096903548222579,0,3.4503212453909966,-3.302658585205529,0.0,0.8828766563132979,0.0,0.0,-0.4696049507160787
1782096903568168696,0,3.454365756732915,-3.2999158256231165,0.0,0.8828766563132979,0.0,0.0,-0.4696049507160787
1782096903588159383,0,3.4583531250940776,-3.2972118171888076,0.0,0.8828766563132979,0.0,0.0,-0.4696049507160787
1782096903608232332,0,3.4622904489313373,-3.294541746129347,0.0,0.8828766563132979,0.0,0.0,-0.4696049507160787
1782096903628228290,0,3.4661795719404416,-3.2919043621542143,0.0,0.8828766563132979,0.0,0.0,-0.4696049507160787
1782096903648222763,0,3.4700684061237914,-3.2892671740444235,0.0,0.8828766563132979,0.0,0.0,-0.4696049507160787
1782096903668227405,0,3.4739261047705834,-3.2866511003002574,0.0,0.8828766563132979,0.0,0.0,-0.4696049507160787
1782096903688222792,0,3.477748920886938,-3.284058681921731,0.0,0.8828766563132979,0.0,0.0,-0.4696049507160787
1782096903708221976,0,3.481572462932369,-3.2814657712590267,0.0,0.8828766563132979,0.0,0.0,-0.4696049507160787
1782096903728228022,0,3.4853973168886028,-3.278871970932371,0.0,0.8828766563132979,0.0,0.0,-0.4696049507160787
1782096903748258624,0,3.489193709249267,-3.2762974716553095,0.0,0.8828766563132979,0.0,0.0,-0.4696049507160787
1782096903768231352,0,3.492946072238627,-3.2737528306157038,0.0,0.8828766563132979,0.0,0.0,-0.4696049507160787
1782096903788235883,0,3.496770636549735,-3.271159226710052,0.0,0.8828766563132979,0.0,0.0,-0.4696049507160787
1782096903808221005,0,3.5006245709563273,-3.268545705661381,0.0,0.8828766563132979,0.0,0.0,-0.4696049507160787
1782096903828228572,0,3.5045159518632025,-3.265906790507269,0.0,0.8828766563132979,0.0,0.0,-0.4696049507160787
1782096903848131839,0,3.508485883317762,-3.2632146068000067,0.0,0.8828766563132979,0.0,0.0,-0.4696049507160787
1782096903868138214,0,3.5124763808277577,-3.260508476353372,0.0,0.8828766563132979,0.0,0.0,-0.4696049507160787
1782096903888096924,0,3.51645737101502,-3.2578087932370337,0.0,0.8828766563132979,0.0,0.0,-0.4696049507160787
1782096903908094580,0,3.520413027624904,-3.2551262899246924,0.0,0.8828766563132979,0.0,0.0,-0.4696049507160787
1782096903928157749,0,3.524448063579477,-3.252389956015793,0.0,0.8828766563132979,0.0,0.0,-0.4696049507160787
1782096903948139713,0,3.5284336920397403,-3.2496871274841843,0.0,0.8828766563132979,0.0,0.0,-0.4696049507160787
1782096903968213207,0,3.532437577192544,-3.2469719182929224,0.0,0.8828766563132979,0.0,0.0,-0.4696049507160787
1782096903988158791,0,3.5364159492508125,-3.2442740106440637,0.0,0.8828766563132979,0.0,0.0,-0.4696049507160787
1782096904008093784,0,3.540359210742485,-3.2415999130021134,0.0,0.8828766563132979,0.0,0.0,-0.4696049507160787
1782096904028149648,0,3.544293183344322,-3.23893211456159,0.0,0.8828766563132979,0.0,0.0,-0.4696049507160787
1782096904048167051,0,3.548252746029545,-3.236246962369156,0.0,0.8828766563132979,0.0,0.0,-0.4696049507160787
1782096904068189546,0,3.5522133159429887,-3.2335611271313147,0.0,0.8828766563132979,0.0,0.0,-0.4696049507160787
1782096904088130407,0,3.556124730621057,-3.230908626202982,0.0,0.8828766563132979,0.0,0.0,-0.4696049507160787
1782096904108205564,0,3.560095717394782,-3.22821572683776,0.0,0.8828766563132979,0.0,0.0,-0.4696049507160787
1782096904128097707,0,3.563964648857913,-3.2255920356308,0.0,0.8828766563132979,0.0,0.0,-0.4696049507160787
1782096904148229021,0,3.5679134210332104,-3.2229142009538747,0.0,0.8828766563132979,0.0,0.0,-0.4696049507160787
1782096904168225603,0,3.5718026654074815,-3.2202767346757244,0.0,0.8828766563132979,0.0,0.0,-0.4696049507160787
1782096904188139066,0,3.5756098188918712,-3.217694937811213,0.0,0.8828766563132979,0.0,0.0,-0.4696049507160787
1782096904208190929,0,3.579543006694585,-3.2150276715772086,0.0,0.8828766563132979,0.0,0.0,-0.4696049507160787
1782096904228134587,0,3.5833889451761887,-3.2124195729140914,0.0,0.8828766563132979,0.0,0.0,-0.4696049507160787
1782096904248119582,0,3.587275935931586,-3.2097836349132147,0.0,0.8828766563132979,0.0,0.0,-0.4696049507160787
1782096904268137537,0,3.59116933725728,-3.2071433496249635,0.0,0.8828766563132979,0.0,0.0,-0.4696049507160787
1782096904288127933,0,3.5950573784826463,-3.2045066992545723,0.0,0.8828766563132979,0.0,0.0,-0.4696049507160787
1782096904308134685,0,3.5989154840221977,-3.2018903495786755,0.0,0.8828766563132979,0.0,0.0,-0.4696049507160787
1782096904328121407,0,3.6028028106712546,-3.1992541837936517,0.0,0.8828766563132979,0.0,0.0,-0.4696049507160787
1782096904348195578,0,3.6066739173025115,-3.196629017510302,0.0,0.8828766563132979,0.0,0.0,-0.4696049507160787
1782096904368152094,0,3.6105223353230804,-3.1940192373636456,0.0,0.8828766563132979,0.0,0.0,-0.4696049507160787
1782096904388118654,0,3.6144057405547065,-3.1913857308628546,0.0,0.8828766563132979,0.0,0.0,-0.4696049507160787
1782096904408239799,0,3.6182525997020405,-3.1887770078561384,0.0,0.8828766563132979,0.0,0.0,-0.4696049507160787
1782096904428140381,0,3.622024349421666,-3.1862192198289985,0.0,0.8828766563132979,0.0,0.0,-0.4696049507160787
1782096904448207299,0,3.6257279756514555,-3.1837076293122,0.0,0.8828766563132979,0.0,0.0,-0.4696049507160787
1782096904468191700,0,3.6292840530532273,-3.18129609809249,0.0,0.8828766563132979,0.0,0.0,-0.4696049507160787
1782096904488120009,0,3.632698201508919,-3.1789808150827503,0.0,0.8828766563132979,0.0,0.0,-0.4696049507160787
1782096904508202963,0,3.6358729005628105,-3.1768279131583266,0.0,0.8828766563132979,0.0,0.0,-0.4696049507160787
1782096904528101406,0,3.6385902448029834,-3.1749851634851534,0.0,0.8828766563132979,0.0,0.0,-0.4696049507160787
1782096904548099546,0,3.640775011845889,-3.1735035776430887,0.0,0.8828766563132979,0.0,0.0,-0.4696049507160787
1782096904568139209,0,3.6424335750378307,-3.172378833587952,0.0,0.8828766563132979,0.0,0.0,-0.4696049507160787
1782096904588158168,0,3.6434939588455424,-3.1716597410687952,0.0,0.8828766563132979,0.0,0.0,-0.4696049507160787
1782096904608226184,0,3.6439590135970774,-3.171344367153812,0.0,0.8828766563132979,0.0,0.0,-0.4696049507160787
1782096904628146679,0,3.6439590135970774,-3.171344367153812,0.0,0.8828766563132979,0.0,0.0,-0.4696049507160787
1782096904648158872,0,3.6434952524837168,-3.171658863796327,0.0,0.8828766563132979,0.0,0.0,-0.4696049507160787
1782096904668143676,0,3.642734401987066,-3.1721748297101438,0.0,0.8828766563132979,0.0,0.0,-0.4696049507160787
1782096904688140386,0,3.641807597364179,-3.172803336356693,0.0,0.8828766563132979,0.0,0.0,-0.4696049507160787
1782096904708141853,0,3.640880572264544,-3.173431992518141,0.0,0.8828766563132979,0.0,0.0,-0.4696049507160787
1782096904728100080,0,3.639922514838378,-3.1740816930540006,0.0,0.8828766563132979,0.0,0.0,-0.4696049507160787
1782096904748098068,0,3.6390618555528493,-3.174665343661711,0.0,0.8828766563132979,0.0,0.0,-0.4696049507160787
1782096904768158890,0,3.638264904647732,-3.17520579083739,0.0,0.8828766563132979,0.0,0.0,-0.4696049507160787
1782096904788169582,0,3.6376355618119134,-3.1756325756693804,0.0,0.8828766563132979,0.0,0.0,-0.4696049507160787
1782096904808151971,0,3.6371724913742915,-3.1759466039345408,0.0,0.8828766563132979,0.0,0.0,-0.4696049507160787
1782096904828146573,0,3.636940814643887,-3.176103714032299,0.0,0.8828766563132979,0.0,0.0,-0.4696049507160787
1782096904848147772,0,3.6369078197194677,-3.1761263309940957,0.0,0.8828766563132979,0.0,0.0,-0.4696049507160787
1782096904868210613,0,3.6369406417158774,-3.176103248813511,0.0,0.8828766563132979,0.0,0.0,-0.4696049507160787
1782096904888091096,0,3.637100586932655,-3.1759851772831005,0.0,0.8828766563132979,0.0,0.0,-0.4696049507160787
1782096904908188754,0,3.637386836611904,-3.1757639763618584,0.0,0.8828766563132979,0.0,0.0,-0.4696049507160787
1782096904928124645,0,3.637571204280263,-3.175611530017679,0.0,0.8828766563132979,0.0,0.0,-0.4696049507160787
1782096904948120936,0,3.637720888849189,-3.1754789415814755,0.0,0.8828766563132979,0.0,0.0,-0.4696049507160787
1782096904968135675,0,3.637866526151647,-3.175341650824073,0.0,0.8828766563132979,0.0,0.0,-0.4696049507160787
1782096904988131684,0,3.6379511490066014,-3.1752566024484152,0.0,0.8828766563132979,0.0,0.0,-0.4696049507160787
1782096905008124677,0,3.638005537427897,-3.1751979729631574,0.0,0.8828766563132979,0.0,0.0,-0.4696049507160787
1782096905028090731,0,3.638005537427897,-3.1751979729631574,0.0,0.8828766563132979,0.0,0.0,-0.4696049507160787
1782096905048091771,0,3.638005537427897,-3.1751979729631574,0.0,0.8828766563132979,0.0,0.0,-0.4696049507160787
1782096905068096030,0,3.638005537427897,-3.1751979729631574,0.0,0.8828766563132979,0.0,0.0,-0.4696049507160787
1782096905088128725,0,3.638005537427897,-3.1751979729631574,0.0,0.8828766563132979,0.0,0.0,-0.4696049507160787
1782096905108145583,0,3.6379862778659517,-3.1752330695134545,0.0,0.8828766563132979,0.0,0.0,-0.4696049507160787
1782096905128122424,0,3.6379670568070472,-3.175268095899957,0.0,0.8828766563132979,0.0,0.0,-0.4696049507160787
1782096905148164314,0,3.6379503146190113,-3.1753045157943993,0.0,0.8828766563132979,0.0,0.0,-0.4696049507160787
1782096905168138452,0,3.6379503146190113,-3.1753045157943993,0.0,0.8828766563132979,0.0,0.0,-0.4696049507160787
1782096905188197310,0,3.6379503146190113,-3.1753045157943993,0.0,0.8828766563132979,0.0,0.0,-0.4696049507160787
1782096905208167784,0,3.6379503146190113,-3.1753045157943993,0.0,0.8828766563132979,0.0,0.0,-0.4696049507160787
1782096905228150931,0,3.6379503146190113,-3.1753045157943993,0.0,0.8828766563132979,0.0,0.0,-0.4696049507160787
1782096905248175203,0,3.6379503146190113,-3.1753045157943993,0.0,0.8828766563132979,0.0,0.0,-0.4696049507160787
1782096905268159659,0,3.6379503146190113,-3.1753045157943993,0.0,0.8828766563132979,0.0,0.0,-0.4696049507160787
1782096905288163346,0,3.6379483906155747,-3.175264554709114,0.0,0.8828766563132979,0.0,0.0,-0.4696049507160787
1782096905308094427,0,3.6379436538605687,-3.1752249749761385,0.0,0.8828766563132979,0.0,0.0,-0.4696049507160787
1782096905328113939,0,3.637936087817488,-3.1751856573135995,0.0,0.8828766563132979,0.0,0.0,-0.4696049507160787
1782096905348096667,0,3.637925732013638,-3.1751470568582696,0.0,0.8828766563132979,0.0,0.0,-0.4696049507160787
1782096905368128690,0,3.637925732013638,-3.1751470568582696,0.0,0.8828766563132979,0.0,0.0,-0.4696049507160787
1782096905388261728,0,3.637925732013638,-3.1751470568582696,0.0,0.8828766563132979,0.0,0.0,-0.4696049507160787
1782096905408222678,0,3.637925732013638,-3.1751470568582696,0.0,0.8828766563132979,0.0,0.0,-0.4696049507160787
1782096905428232501,0,3.637925732013638,-3.1751470568582696,0.0,0.8828766563132979,0.0,0.0,-0.4696049507160787
1782096905448218043,0,3.637925732013638,-3.1751470568582696,0.0,0.8828766563132979,0.0,0.0,-0.4696049507160787
1782096905468221290,0,3.637925732013638,-3.1751470568582696,0.0,0.8828766563132979,0.0,0.0,-0.4696049507160787
1782096905488129739,0,3.637925732013638,-3.1751470568582696,0.0,0.8828766563132979,0.0,0.0,-0.4696049507160787
1782096905508093794,0,3.637925732013638,-3.1751470568582696,0.0,0.8828766563132979,0.0,0.0,-0.4696049507160787
1782096905528096789,0,3.637925732013638,-3.1751470568582696,0.0,0.8828766563132979,0.0,0.0,-0.4696049507160787
1782096905548137889,0,3.637925732013638,-3.1751470568582696,0.0,0.8828766563132979,0.0,0.0,-0.4696049507160787
1782096905568094923,0,3.637925732013638,-3.1751470568582696,0.0,0.8828766563132979,0.0,0.0,-0.4696049507160787
1782096905588092945,0,3.637925732013638,-3.1751470568582696,0.0,0.8828766563132979,0.0,0.0,-0.4696049507160787
1782096905608086517,0,3.637925732013638,-3.1751470568582696,0.0,0.8828766563132979,0.0,0.0,-0.4696049507160787
1782096905628086343,0,3.637925732013638,-3.1751470568582696,0.0,0.8828766563132979,0.0,0.0,-0.4696049507160787
1782096905648097904,0,3.637925732013638,-3.1751470568582696,0.0,0.8828766563132979,0.0,0.0,-0.4696049507160787
1782096905668246909,0,3.637925732013638,-3.1751470568582696,0.0,0.8828766563132979,0.0,0.0,-0.4696049507160787
1782096905688161477,0,3.637925732013638,-3.1751470568582696,0.0,0.8828766563132979,0.0,0.0,-0.4696049507160787
1782096905708138271,0,3.637925732013638,-3.1751470568582696,0.0,0.8828766563132979,0.0,0.0,-0.4696049507160787
1782096905728142013,0,3.637925732013638,-3.1751470568582696,0.0,0.8828766563132979,0.0,0.0,-0.4696049507160787
1782096905748143695,0,3.637925732013638,-3.1751470568582696,0.0,0.8828766563132979,0.0,0.0,-0.4696049507160787
1782096905768148446,0,3.637925732013638,-3.1751470568582696,0.0,0.8828766563132979,0.0,0.0,-0.4696049507160787
1782096905788130568,0,3.637925732013638,-3.1751470568582696,0.0,0.8828766563132979,0.0,0.0,-0.4696049507160787
1782096905808126625,0,3.637925732013638,-3.1751470568582696,0.0,0.8828766563132979,0.0,0.0,-0.4696049507160787
1782096905828124228,0,3.637925732013638,-3.1751470568582696,0.0,0.8828766563132979,0.0,0.0,-0.4696049507160787
1782096905848117251,0,3.637925732013638,-3.1751470568582696,0.0,0.8828766563132979,0.0,0.0,-0.4696049507160787
1782096905868137964,0,3.637925732013638,-3.1751470568582696,0.0,0.8828766563132979,0.0,0.0,-0.4696049507160787
1782096905888127345,0,3.637925732013638,-3.1751470568582696,0.0,0.8828766563132979,0.0,0.0,-0.4696049507160787
1782096905908150177,0,3.637925732013638,-3.1751470568582696,0.0,0.8828766563132979,0.0,0.0,-0.4696049507160787
1782096905928099977,0,3.637925732013638,-3.1751470568582696,0.0,0.8828766563132979,0.0,0.0,-0.4696049507160787
1782096905948162084,0,3.637925732013638,-3.1751470568582696,0.0,0.8828766563132979,0.0,0.0,-0.4696049507160787
1782096905968247250,0,3.637925732013638,-3.1751470568582696,0.0,0.8828766563132979,0.0,0.0,-0.4696049507160787
1782096905988240865,0,3.637925732013638,-3.1751470568582696,0.0,0.8828766563132979,0.0,0.0,-0.4696049507160787
1782096906008258864,0,3.637925732013638,-3.1751470568582696,0.0,0.8828766563132979,0.0,0.0,-0.4696049507160787
1782096906028238132,0,3.637925732013638,-3.1751470568582696,0.0,0.8828766563132979,0.0,0.0,-0.4696049507160787
1782096906048220650,0,3.637925732013638,-3.1751470568582696,0.0,0.8828766563132979,0.0,0.0,-0.4696049507160787
1782096906068222149,0,3.637925732013638,-3.1751470568582696,0.0,0.8828766563132979,0.0,0.0,-0.4696049507160787
1782096906088221505,0,3.637925732013638,-3.1751470568582696,0.0,0.8828766563132979,0.0,0.0,-0.4696049507160787
1782096906108247133,0,3.637925732013638,-3.1751470568582696,0.0,0.8828766563132979,0.0,0.0,-0.4696049507160787
1782096906128231459,0,3.637925732013638,-3.1751470568582696,0.0,0.8828766563132979,0.0,0.0,-0.4696049507160787
1782096906148169983,0,3.637925732013638,-3.1751470568582696,0.0,0.8828766563132979,0.0,0.0,-0.4696049507160787
1782096906168126791,0,3.637925732013638,-3.1751470568582696,0.0,0.8828766563132979,0.0,0.0,-0.4696049507160787
1782096906188142999,0,3.637925732013638,-3.1751470568582696,0.0,0.8828766563132979,0.0,0.0,-0.4696049507160787
1782096906208094572,0,3.637925732013638,-3.1751470568582696,0.0,0.8828766563132979,0.0,0.0,-0.4696049507160787
1782096906228128227,0,3.637925732013638,-3.1751470568582696,0.0,0.8828766563132979,0.0,0.0,-0.4696049507160787
1782096906248117426,0,3.637925732013638,-3.1751470568582696,0.0,0.8828766563132979,0.0,0.0,-0.4696049507160787
1782096906268224895,0,3.637925732013638,-3.1751470568582696,0.0,0.8828766563132979,0.0,0.0,-0.4696049507160787
1782096906288119205,0,3.637925732013638,-3.1751470568582696,0.0,0.8828766563132979,0.0,0.0,-0.4696049507160787
1782096906308116006,0,3.637925732013638,-3.1751470568582696,0.0,0.8828766563132979,0.0,0.0,-0.4696049507160787
1782096906328138182,0,3.637925732013638,-3.1751470568582696,0.0,0.8828766563132979,0.0,0.0,-0.4696049507160787
1782096906348140086,0,3.637925732013638,-3.1751470568582696,0.0,0.8828766563132979,0.0,0.0,-0.4696049507160787
1782096906368155946,0,3.637925732013638,-3.1751470568582696,0.0,0.8828766563132979,0.0,0.0,-0.4696049507160787
1782096906388140552,0,3.637925732013638,-3.1751470568582696,0.0,0.8828766563132979,0.0,0.0,-0.4696049507160787
1782096906408135587,0,3.637925732013638,-3.1751470568582696,0.0,0.8828766563132979,0.0,0.0,-0.4696049507160787
1782096906428150969,0,3.637925732013638,-3.1751470568582696,0.0,0.8828766563132979,0.0,0.0,-0.4696049507160787
1782096906448159096,0,3.637925732013638,-3.1751470568582696,0.0,0.8828766563132979,0.0,0.0,-0.4696049507160787
1782096906468149934,0,3.637925732013638,-3.1751470568582696,0.0,0.8828766563132979,0.0,0.0,-0.4696049507160787
1782096906488163304,0,3.637925732013638,-3.1751470568582696,0.0,0.8828766563132979,0.0,0.0,-0.4696049507160787
1782096906508153238,0,3.637925732013638,-3.1751470568582696,0.0,0.8828766563132979,0.0,0.0,-0.4696049507160787
1782096906528158530,0,3.637925732013638,-3.1751470568582696,0.0,0.8828766563132979,0.0,0.0,-0.4696049507160787
1782096906548166241,0,3.637925732013638,-3.1751470568582696,0.0,0.8828766563132979,0.0,0.0,-0.4696049507160787
1782096906568153925,0,3.637925732013638,-3.1751470568582696,0.0,0.8828766563132979,0.0,0.0,-0.4696049507160787
1782096906588151281,0,3.637925732013638,-3.1751470568582696,0.0,0.8828766563132979,0.0,0.0,-0.4696049507160787
1782096906608165516,0,3.637925732013638,-3.1751470568582696,0.0,0.8828766563132979,0.0,0.0,-0.4696049507160787
1782096906628159292,0,3.637925732013638,-3.1751470568582696,0.0,0.8828766563132979,0.0,0.0,-0.4696049507160787
1782096906648242947,0,3.637925732013638,-3.1751470568582696,0.0,0.8828766563132979,0.0,0.0,-0.4696049507160787
1782096906668167631,0,3.637925732013638,-3.1751470568582696,0.0,0.8828766563132979,0.0,0.0,-0.4696049507160787
1782096906688143668,0,3.637925732013638,-3.1751470568582696,0.0,0.8828766563132979,0.0,0.0,-0.4696049507160787
1782096906708128674,0,3.637925732013638,-3.1751470568582696,0.0,0.8828766563132979,0.0,0.0,-0.4696049507160787
1782096906728158240,0,3.637925732013638,-3.1751470568582696,0.0,0.8828766563132979,0.0,0.0,-0.4696049507160787
1782096906748154124,0,3.637925732013638,-3.1751470568582696,0.0,0.8828766563132979,0.0,0.0,-0.4696049507160787
1782096906768137810,0,3.637925732013638,-3.1751470568582696,0.0,0.8828766563132979,0.0,0.0,-0.4696049507160787
1782096906788138136,0,3.637925732013638,-3.1751470568582696,0.0,0.8828766563132979,0.0,0.0,-0.4696049507160787
1782096906808156670,0,3.637925732013638,-3.1751470568582696,0.0,0.8828766563132979,0.0,0.0,-0.4696049507160787
1782096906828138591,0,3.637925732013638,-3.1751470568582696,0.0,0.8828766563132979,0.0,0.0,-0.4696049507160787
1782096906848130923,0,3.637925732013638,-3.1751470568582696,0.0,0.8828766563132979,0.0,0.0,-0.4696049507160787
1782096906868195605,0,3.637925732013638,-3.1751470568582696,0.0,0.8828766563132979,0.0,0.0,-0.4696049507160787
1782096906888131228,0,3.637925732013638,-3.1751470568582696,0.0,0.8828766563132979,0.0,0.0,-0.4696049507160787
1782096906908147724,0,3.637925732013638,-3.1751470568582696,0.0,0.8828766563132979,0.0,0.0,-0.4696049507160787
1782096906928131922,0,3.637925732013638,-3.1751470568582696,0.0,0.8828766563132979,0.0,0.0,-0.4696049507160787
1782096906948133384,0,3.637925732013638,-3.1751470568582696,0.0,0.8828766563132979,0.0,0.0,-0.4696049507160787
1782096906968126782,0,3.637925732013638,-3.1751470568582696,0.0,0.8828766563132979,0.0,0.0,-0.4696049507160787
1782096906988229973,0,3.637925732013638,-3.1751470568582696,0.0,0.8828766563132979,0.0,0.0,-0.4696049507160787
1782096907008146104,0,3.637925732013638,-3.1751470568582696,0.0,0.8828766563132979,0.0,0.0,-0.4696049507160787
1782096907028254169,0,3.637925732013638,-3.1751470568582696,0.0,0.8828766563132979,0.0,0.0,-0.4696049507160787
1782096907048130341,0,3.637925732013638,-3.1751470568582696,0.0,0.8828766563132979,0.0,0.0,-0.4696049507160787
1782096907068138469,0,3.637925732013638,-3.1751470568582696,0.0,0.8828766563132979,0.0,0.0,-0.4696049507160787
1782096907088128376,0,3.637925732013638,-3.1751470568582696,0.0,0.8828766563132979,0.0,0.0,-0.4696049507160787
1782096907108125361,0,3.637925732013638,-3.1751470568582696,0.0,0.8828766563132979,0.0,0.0,-0.4696049507160787
1782096907128164330,0,3.637925732013638,-3.1751470568582696,0.0,0.8828766563132979,0.0,0.0,-0.4696049507160787
1782096907148138115,0,3.637925732013638,-3.1751470568582696,0.0,0.8828766563132979,0.0,0.0,-0.4696049507160787
1782096907168106016,0,3.637925732013638,-3.1751470568582696,0.0,0.8828766563132979,0.0,0.0,-0.4696049507160787
1782096907188092545,0,3.637925732013638,-3.1751470568582696,0.0,0.8828766563132979,0.0,0.0,-0.4696049507160787
1782096907208134793,0,3.637925732013638,-3.1751470568582696,0.0,0.8828766563132979,0.0,0.0,-0.4696049507160787
1782096907228207156,0,3.637925732013638,-3.1751470568582696,0.0,0.8828766563132979,0.0,0.0,-0.4696049507160787
1782096907248202205,0,3.637925732013638,-3.1751470568582696,0.0,0.8828766563132979,0.0,0.0,-0.4696049507160787
1782096907268207189,0,3.637925732013638,-3.1751470568582696,0.0,0.8828766563132979,0.0,0.0,-0.4696049507160787
1782096907288200359,0,3.637925732013638,-3.1751470568582696,0.0,0.8828766563132979,0.0,0.0,-0.4696049507160787
1782096907308206739,0,3.637925732013638,-3.1751470568582696,0.0,0.8828766563132979,0.0,0.0,-0.4696049507160787
1782096907328187959,0,3.637925732013638,-3.1751470568582696,0.0,0.8828766563132979,0.0,0.0,-0.4696049507160787
1782096907348199142,0,3.637925732013638,-3.1751470568582696,0.0,0.8828766563132979,0.0,0.0,-0.4696049507160787
1782096907368132380,0,3.637925732013638,-3.1751470568582696,0.0,0.8828766563132979,0.0,0.0,-0.4696049507160787
1782096907388170081,0,3.637925732013638,-3.1751470568582696,0.0,0.8828766563132979,0.0,0.0,-0.4696049507160787
1782096907408129611,0,3.637925732013638,-3.1751470568582696,0.0,0.8828766563132979,0.0,0.0,-0.4696049507160787
1782096907428155493,0,3.637925732013638,-3.1751470568582696,0.0,0.8828766563132979,0.0,0.0,-0.4696049507160787
1782096907448129626,0,3.637925732013638,-3.1751470568582696,0.0,0.8828766563132979,0.0,0.0,-0.4696049507160787
1782096907468163889,0,3.637925732013638,-3.1751470568582696,0.0,0.8828766563132979,0.0,0.0,-0.4696049507160787
1782096907488136042,0,3.637925732013638,-3.1751470568582696,0.0,0.8828766563132979,0.0,0.0,-0.4696049507160787
1782096907508138777,0,3.637925732013638,-3.1751470568582696,0.0,0.8828766563132979,0.0,0.0,-0.4696049507160787
1782096907528094470,0,3.637925732013638,-3.1751470568582696,0.0,0.8828766563132979,0.0,0.0,-0.4696049507160787
1782096907548163056,0,3.637925732013638,-3.1751470568582696,0.0,0.8828766563132979,0.0,0.0,-0.4696049507160787
1782096907568130458,0,3.637925732013638,-3.1751470568582696,0.0,0.8828766563132979,0.0,0.0,-0.4696049507160787
1782096907588135879,0,3.637925732013638,-3.1751470568582696,0.0,0.8828766563132979,0.0,0.0,-0.4696049507160787
1782096907608135045,0,3.637925732013638,-3.1751470568582696,0.0,0.8828766563132979,0.0,0.0,-0.4696049507160787
1782096907628213582,0,3.637925732013638,-3.1751470568582696,0.0,0.8828766563132979,0.0,0.0,-0.4696049507160787
1782096907648178351,0,3.637925732013638,-3.1751470568582696,0.0,0.8828766563132979,0.0,0.0,-0.4696049507160787
1782096907668160935,0,3.637925732013638,-3.1751470568582696,0.0,0.8828766563132979,0.0,0.0,-0.4696049507160787
1782096907688158126,0,3.637925732013638,-3.1751470568582696,0.0,0.8828766563132979,0.0,0.0,-0.4696049507160787
1782096907708163807,0,3.637925732013638,-3.1751470568582696,0.0,0.8828766563132979,0.0,0.0,-0.4696049507160787
1782096907728099546,0,3.637925732013638,-3.1751470568582696,0.0,0.8828766563132979,0.0,0.0,-0.4696049507160787
1782096907748151124,0,3.637925732013638,-3.1751470568582696,0.0,0.8828766563132979,0.0,0.0,-0.4696049507160787
1782096907768221348,0,3.637925732013638,-3.1751470568582696,0.0,0.8828766563132979,0.0,0.0,-0.4696049507160787
1782096907788228358,0,3.637925732013638,-3.1751470568582696,0.0,0.8828766563132979,0.0,0.0,-0.4696049507160787
1782096907808219388,0,3.637925732013638,-3.1751470568582696,0.0,0.8828766563132979,0.0,0.0,-0.4696049507160787
1782096907828228749,0,3.637925732013638,-3.1751470568582696,0.0,0.8828766563132979,0.0,0.0,-0.4696049507160787
1782096907848144603,0,3.637925732013638,-3.1751470568582696,0.0,0.8828766563132979,0.0,0.0,-0.4696049507160787
1782096907868215805,0,3.637925732013638,-3.1751470568582696,0.0,0.8828766563132979,0.0,0.0,-0.4696049507160787
1782096907888177169,0,3.637925732013638,-3.1751470568582696,0.0,0.8828766563132979,0.0,0.0,-0.4696049507160787
1782096907908179536,0,3.637925732013638,-3.1751470568582696,0.0,0.8828766563132979,0.0,0.0,-0.4696049507160787
1782096907928118314,0,3.637925732013638,-3.1751470568582696,0.0,0.8828157871299179,0.0,0.0,-0.46971936940494957
1782096907948118871,0,3.637925732013638,-3.1751470568582696,0.0,0.8827547144499792,0.0,0.0,-0.46983413468620566
1782096907968271627,0,3.637925732013638,-3.1751470568582696,0.0,0.882726307478396,0.0,0.0,-0.46988750364907156
1782096907988130236,0,3.637925732013638,-3.1751470568582696,0.0,0.882726307478396,0.0,0.0,-0.46988750364907156
1782096908008141449,0,3.637925732013638,-3.1751470568582696,0.0,0.882726307478396,0.0,0.0,-0.46988750364907156
1782096908028144555,0,3.637925732013638,-3.1751470568582696,0.0,0.882726307478396,0.0,0.0,-0.46988750364907156
1782096908048228115,0,3.637925732013638,-3.1751470568582696,0.0,0.882726307478396,0.0,0.0,-0.46988750364907156
1782096908068222578,0,3.637925732013638,-3.1751470568582696,0.0,0.882726307478396,0.0,0.0,-0.46988750364907156
1782096908088219869,0,3.637925732013638,-3.1751470568582696,0.0,0.882726307478396,0.0,0.0,-0.46988750364907156
1782096908108217989,0,3.637925732013638,-3.1751470568582696,0.0,0.882726307478396,0.0,0.0,-0.46988750364907156
1782096908128269254,0,3.637925732013638,-3.1751470568582696,0.0,0.882726307478396,0.0,0.0,-0.46988750364907156
1782096908148218792,0,3.637925732013638,-3.1751470568582696,0.0,0.882726307478396,0.0,0.0,-0.46988750364907156
1782096908168226690,0,3.637925732013638,-3.1751470568582696,0.0,0.882726307478396,0.0,0.0,-0.46988750364907156
1782096908188222097,0,3.637925732013638,-3.1751470568582696,0.0,0.882726307478396,0.0,0.0,-0.46988750364907156
1782096908208241805,0,3.637925732013638,-3.1751470568582696,0.0,0.882726307478396,0.0,0.0,-0.46988750364907156
1782096908228198922,0,3.637925732013638,-3.1751470568582696,0.0,0.882726307478396,0.0,0.0,-0.46988750364907156
1782096908248241698,0,3.637925732013638,-3.1751470568582696,0.0,0.8826980523325135,0.0,0.0,-0.469940579657032
1782096908268253521,0,3.637925732013638,-3.1751470568582696,0.0,0.882608694891227,0.0,0.0,-0.47010838293143103
1782096908288229253,0,3.637925732013638,-3.1751470568582696,0.0,0.8824583976615845,0.0,0.0,-0.47039045100485266
1782096908308228995,0,3.637925732013638,-3.1751470568582696,0.0,0.8821524614308929,0.0,0.0,-0.47096394213508225
1782096908328131796,0,3.637925732013638,-3.1751470568582696,0.0,0.8817537720678454,0.0,0.0,-0.4717099590258044
1782096908348229711,0,3.637925732013638,-3.1751470568582696,0.0,0.8811320429189311,0.0,0.0,-0.4728703024524918
1782096908368245951,0,3.637925732013638,-3.1751470568582696,0.0,0.8802312673263929,0.0,0.0,-0.474544956796479
1782096908388125782,0,3.637925732013638,-3.1751470568582696,0.0,0.8790872231231885,0.0,0.0,-0.4766609425383637
1782096908408189673,0,3.637925732013638,-3.1751470568582696,0.0,0.8776727338454432,0.0,0.0,-0.47926044304142795
1782096908428201524,0,3.637925732013638,-3.1751470568582696,0.0,0.8759358564823237,0.0,0.0,-0.4824275855800309
1782096908448159755,0,3.637925732013638,-3.1751470568582696,0.0,0.873940158130425,0.0,0.0,-0.4860335379446234
1782096908468228666,0,3.637925732013638,-3.1751470568582696,0.0,0.871657891736568,0.0,0.0,-0.4901148026466466
1782096908488210675,0,3.637925732013638,-3.1751470568582696,0.0,0.8693665723092759,0.0,0.0,-0.49416774778532485
1782096908508120843,0,3.637925732013638,-3.1751470568582696,0.0,0.8667719828846482,0.0,0.0,-0.4987046517591501
1782096908528123542,0,3.637925732013638,-3.1751470568582696,0.0,0.8639098766842688,0.0,0.0,-0.5036464285263735
1782096908548173440,0,3.637925732013638,-3.1751470568582696,0.0,0.8608495456658952,0.0,0.0,-0.5088595677854763
1782096908568131117,0,3.637925732013638,-3.1751470568582696,0.0,0.8575360059234125,0.0,0.0,-0.5144239482614713
1782096908588184431,0,3.637925732013638,-3.1751470568582696,0.0,0.8539982604262648,0.0,0.0,-0.520275860663277
1782096908608090542,0,3.637925732013638,-3.1751470568582696,0.0,0.8502060477648627,0.0,0.0,-0.5264500701339605
1782096908628122032,0,3.637925732013638,-3.1751470568582696,0.0,0.8462061582728441,0.0,0.0,-0.5328556443363571
1782096908648141989,0,3.637925732013638,-3.1751470568582696,0.0,0.8419443800473615,0.0,0.0,-0.5395643250870689
1782096908668139675,0,3.637925732013638,-3.1751470568582696,0.0,0.8374211773090675,0.0,0.0,-0.5465581138308124
1782096908688122771,0,3.637925732013638,-3.1751470568582696,0.0,0.8326994252459998,0.0,0.0,-0.55372526328043
1782096908708126045,0,3.637925732013638,-3.1751470568582696,0.0,0.8277992668644973,0.0,0.0,-0.5610243967766471
1782096908728120518,0,3.637925732013638,-3.1751470568582696,0.0,0.8227634643040542,0.0,0.0,-0.5683839211364018
1782096908748120470,0,3.637925732013638,-3.1751470568582696,0.0,0.8176205264783476,0.0,0.0,-0.575757479049356
1782096908768128420,0,3.637925732013638,-3.1751470568582696,0.0,0.8124094129908611,0.0,0.0,-0.5830874254207893
1782096908788084485,0,3.637925732013638,-3.1751470568582696,0.0,0.8072229276702125,0.0,0.0,-0.5902466815184401
1782096908808083903,0,3.637925732013638,-3.1751470568582696,0.0,0.8019618815133116,0.0,0.0,-0.5973752092275249
1782096908828084240,0,3.637925732013638,-3.1751470568582696,0.0,0.7967585170853646,0.0,0.0,-0.6042978284355577
1782096908848084812,0,3.637925732013638,-3.1751470568582696,0.0,0.7915747838749448,0.0,0.0,-0.6110723046688783
1782096908868088775,0,3.637925732013638,-3.1751470568582696,0.0,0.7864128823096855,0.0,0.0,-0.6177012049019919
1782096908888086144,0,3.637925732013638,-3.1751470568582696,0.0,0.781365704554217,0.0,0.0,-0.6240734217594048
1782096908908085111,0,3.637925732013638,-3.1751470568582696,0.0,0.7762664853137126,0.0,0.0,-0.6304049046277287
1782096908928090139,0,3.637925732013638,-3.1751470568582696,0.0,0.7711971790790995,0.0,0.0,-0.6365963485446955
1782096908948102646,0,3.637925732013638,-3.1751470568582696,0.0,0.7661601720783272,0.0,0.0,-0.6426496640634833
1782096908968144029,0,3.637925732013638,-3.1751470568582696,0.0,0.7612827446966569,0.0,0.0,-0.6484200664901764
1782096908988137789,0,3.637925732013638,-3.1751470568582696,0.0,0.756412837222991,0.0,0.0,-0.6540945036340429
1782096909008135767,0,3.637925732013638,-3.1751470568582696,0.0,0.7516315126075062,0.0,0.0,-0.6595832542259941
1782096909028135100,0,3.637925732013638,-3.1751470568582696,0.0,0.7469430209325687,0.0,0.0,-0.664888053344417
1782096909048131312,0,3.637925732013638,-3.1751470568582696,0.0,0.7422178307608048,0.0,0.0,-0.6701587063529991
1782096909068172845,0,3.637925732013638,-3.1751470568582696,0.0,0.737485221389578,0.0,0.0,-0.6753632713080904
1782096909088133969,0,3.637925732013638,-3.1751470568582696,0.0,0.7328236130432084,0.0,0.0,-0.6804186594783376
1782096909108200343,0,3.637925732013638,-3.1751470568582696,0.0,0.7281506380345232,0.0,0.0,-0.6854171345464868
1782096909128128490,0,3.637925732013638,-3.1751470568582696,0.0,0.7234761106618096,0.0,0.0,-0.690349416818513
1782096909148158804,0,3.637925732013638,-3.1751470568582696,0.0,0.7187857302582488,0.0,0.0,-0.6952316692852218
1782096909168232407,0,3.637925732013638,-3.1751470568582696,0.0,0.7139608069745323,0.0,0.0,-0.7001856654518674
1782096909188226452,0,3.637925732013638,-3.1751470568582696,0.0,0.7091704056229673,0.0,0.0,-0.7050371166034849
1782096909208226803,0,3.637925732013638,-3.1751470568582696,0.0,0.7043881031788376,0.0,0.0,-0.7098150464030184
1782096909228097316,0,3.637925732013638,-3.1751470568582696,0.0,0.6995623735306461,0.0,0.0,-0.7145715398336047
1782096909248094314,0,3.637925732013638,-3.1751470568582696,0.0,0.6948173302188064,0.0,0.0,-0.7191862607333445
1782096909268145030,0,3.637925732013638,-3.1751470568582696,0.0,0.6899781818915083,0.0,0.0,-0.7238301655179126
1782096909288141320,0,3.637925732013638,-3.1751470568582696,0.0,0.6851212576587894,0.0,0.0,-0.7284290372466207
1782096909308135351,0,3.637925732013638,-3.1751470568582696,0.0,0.6803294906589394,0.0,0.0,-0.7329063952100213
1782096909328181198,0,3.637925732013638,-3.1751470568582696,0.0,0.6754959323311163,0.0,0.0,-0.7373637131050835
1782096909348153488,0,3.637925732013638,-3.1751470568582696,0.0,0.6706510683863549,0.0,0.0,-0.7417729736733745
1782096909368224839,0,3.637925732013638,-3.1751470568582696,0.0,0.6657531796533147,0.0,0.0,-0.7461720336366817
1782096909388239630,0,3.637925732013638,-3.1751470568582696,0.0,0.6607952941733211,0.0,0.0,-0.750566172431448
1782096909408227055,0,3.637925732013638,-3.1751470568582696,0.0,0.6558152452084687,0.0,0.0,-0.7549214291250157
1782096909428240480,0,3.637925732013638,-3.1751470568582696,0.0,0.650746772753928,0.0,0.0,-0.7592948292661735
1782096909448223696,0,3.637925732013638,-3.1751470568582696,0.0,0.6456568528274382,0.0,0.0,-0.7636276765524989
1782096909468232133,0,3.637925732013638,-3.1751470568582696,0.0,0.6405853823834349,0.0,0.0,-0.76788694993252
1782096909488219951,0,3.637925732013638,-3.1751470568582696,0.0,0.6354910846492454,0.0,0.0,-0.7721082057142804
1782096909508127208,0,3.637925732013638,-3.1751470568582696,0.0,0.6303896711537866,0.0,0.0,-0.7762788561481118
1782096909528096788,0,3.637925732013638,-3.1751470568582696,0.0,0.6252447876674156,0.0,0.0,-0.78042869981487
1782096909548149803,0,3.637925732013638,-3.1751470568582696,0.0,0.6199958529612835,0.0,0.0,-0.7846050868499456
1782096909568102386,0,3.637925732013638,-3.1751470568582696,0.0,0.614643223632585,0.0,0.0,-0.78880524062822
1782096909588152223,0,3.637925732013638,-3.1751470568582696,0.0,0.6092358432331326,0.0,0.0,-0.7929890839854064
1782096909608156513,0,3.637925732013638,-3.1751470568582696,0.0,0.60375655265531,0.0,0.0,-0.7971687557385675
1782096909628162417,0,3.637925732013638,-3.1751470568582696,0.0,0.5981439364364746,0.0,0.0,-0.8013886892789782
1782096909648190327,0,3.637925732013638,-3.1751470568582696,0.0,0.5924956038398496,0.0,0.0,-0.8055736834271909
1782096909668167536,0,3.637925732013638,-3.1751470568582696,0.0,0.5867838730433098,0.0,0.0,-0.8097435929578529
1782096909688099115,0,3.637925732013638,-3.1751470568582696,0.0,0.5810559424345993,0.0,0.0,-0.8138636198783181
1782096909708161854,0,3.637925732013638,-3.1751470568582696,0.0,0.575261106403416,0.0,0.0,-0.8179698401894276
1782096909728215810,0,3.637925732013638,-3.1751470568582696,0.0,0.5694892632488213,0.0,0.0,-0.8219987707073014
1782096909748122790,0,3.637925732013638,-3.1751470568582696,0.0,0.5637318146633491,0.0,0.0,-0.8259578930771032
1782096909768126720,0,3.637925732013638,-3.1751470568582696,0.0,0.5580265055207962,0.0,0.0,-0.8298231252117819
1782096909788085327,0,3.637925732013638,-3.1751470568582696,0.0,0.5523077117191152,0.0,0.0,-0.8336403250656693
1782096909808187876,0,3.637925732013638,-3.1751470568582696,0.0,0.5465802012857304,0.0,0.0,-0.8374067611157976
1782096909828135396,0,3.637925732013638,-3.1751470568582696,0.0,0.5409805243262997,0.0,0.0,-0.841035119539988
1782096909848098798,0,3.637925732013638,-3.1751470568582696,0.0,0.5352932581865208,0.0,0.0,-0.8446662818770847
1782096909868265278,0,3.637925732013638,-3.1751470568582696,0.0,0.5295832672898663,0.0,0.0,-0.8482579578209627
1782096909888218819,0,3.637925732013638,-3.1751470568582696,0.0,0.5239693343436583,0.0,0.0,-0.8517371288534178
1782096909908216907,0,3.637925732013638,-3.1751470568582696,0.0,0.5182600768047647,0.0,0.0,-0.8552230661004878
1782096909928227465,0,3.637925732013638,-3.1751470568582696,0.0,0.5125240467803388,0.0,0.0,-0.8586728722114756
1782096909948219894,0,3.637925732013638,-3.1751470568582696,0.0,0.5066582498497774,0.0,0.0,-0.8621469815867597
1782096909968220172,0,3.637925732013638,-3.1751470568582696,0.0,0.5008791108440729,0.0,0.0,-0.865517253623549
1782096909988218764,0,3.637925732013638,-3.1751470568582696,0.0,0.49496509778476727,0.0,0.0,-0.8689128563756643
1782096910008096401,0,3.637925732013638,-3.1751470568582696,0.0,0.4890640428927847,0.0,0.0,-0.8722478787302176
1782096910028240996,0,3.637925732013638,-3.1751470568582696,0.0,0.48306081303220944,0.0,0.0,-0.8755868037565783
1782096910048221296,0,3.637925732013638,-3.1751470568582696,0.0,0.47696988419800246,0.0,0.0,-0.8789196377190261
1782096910068252327,0,3.637925732013638,-3.1751470568582696,0.0,0.47084040940822924,0.0,0.0,-0.8822184020231562
1782096910088214581,0,3.637925732013638,-3.1751470568582696,0.0,0.46464741718284497,0.0,0.0,-0.8854957807382886
1782096910108232369,0,3.637925732013638,-3.1751470568582696,0.0,0.45852992479528343,0.0,0.0,-0.8886789679446857
1782096910128220162,0,3.637925732013638,-3.1751470568582696,0.0,0.452346364866459,0.0,0.0,-0.8918423437985552
1782096910148205438,0,3.637925732013638,-3.1751470568582696,0.0,0.44614176501468134,0.0,0.0,-0.8949623039601081
1782096910168222873,0,3.637925732013638,-3.1751470568582696,0.0,0.43990561136436646,0.0,0.0,-0.8980440151184924
1782096910188236118,0,3.637925732013638,-3.1751470568582696,0.0,0.43376669881783253,0.0,0.0,-0.9010252221756502
1782096910208164924,0,3.637925732013638,-3.1751470568582696,0.0,0.42757055968503155,0.0,0.0,-0.9039819779678292
1782096910228180256,0,3.637925732013638,-3.1751470568582696,0.0,0.42139076557797683,0.0,0.0,-0.9068791665297018
1782096910248151272,0,3.637925732013638,-3.1751470568582696,0.0,0.41520508922237265,0.0,0.0,-0.9097278350604875
1782096910268161601,0,3.637925732013638,-3.1751470568582696,0.0,0.4090427032297165,0.0,0.0,-0.9125152420286063
1782096910288131736,0,3.637925732013638,-3.1751470568582696,0.0,0.40287404003212035,0.0,0.0,-0.9152554331268389
1782096910308152208,0,3.637925732013638,-3.1751470568582696,0.0,0.39661626885872237,0.0,0.0,-0.9179844962070904
1782096910328161608,0,3.637925732013638,-3.1751470568582696,0.0,0.390398753690983,0.0,0.0,-0.9206458673760107
1782096910348173704,0,3.637925732013638,-3.1751470568582696,0.0,0.38410711024636635,0.0,0.0,-0.9232885398715754
1782096910368233733,0,3.637925732013638,-3.1751470568582696,0.0,0.3777824456770421,0.0,0.0,-0.9258943912446347
1782096910388157002,0,3.637925732013638,-3.1751470568582696,0.0,0.37148340230254984,0.0,0.0,-0.9284395951346118
1782096910408130855,0,3.637925732013638,-3.1751470568582696,0.0,0.3651511547307548,0.0,0.0,-0.930948244640268
1782096910428191277,0,3.637925732013638,-3.1751470568582696,0.0,0.35870887473746965,0.0,0.0,-0.9334494861451145
1782096910448154794,0,3.637925732013638,-3.1751470568582696,0.0,0.35228070698433256,0.0,0.0,-0.9358943869297534
1782096910468128638,0,3.637925732013638,-3.1751470568582696,0.0,0.3457763140148482,0.0,0.0,-0.9383169723852943
1782096910488217945,0,3.637925732013638,-3.1751470568582696,0.0,0.3391513740753705,0.0,0.0,-0.9407318137826466
1782096910508129235,0,3.637925732013638,-3.1751470568582696,0.0,0.33256849906722086,0.0,0.0,-0.9430791024236387
1782096910528150133,0,3.637925732013638,-3.1751470568582696,0.0,0.3258099769849871,0.0,0.0,-0.9454352748322025
1782096910548138893,0,3.637925732013638,-3.1751470568582696,0.0,0.31897934731731786,0.0,0.0,-0.9477616662352503
1782096910568134378,0,3.637925732013638,-3.1751470568582696,0.0,0.31212980208941704,0.0,0.0,-0.9500394658368785
1782096910588137076,0,3.637925732013638,-3.1751470568582696,0.0,0.3052615138458671,0.0,0.0,-0.952268558844893
1782096910608165434,0,3.637925732013638,-3.1751470568582696,0.0,0.298244210103137,0.0,0.0,-0.954489597187919
1782096910628141541,0,3.637925732013638,-3.1751470568582696,0.0,0.2912291187557149,0.0,0.0,-0.9566533334436094
1782096910648146094,0,3.637925732013638,-3.1751470568582696,0.0,0.2840636384730114,0.0,0.0,-0.9588054282791031
1782096910668243731,0,3.637925732013638,-3.1751470568582696,0.0,0.2768488050375486,0.0,0.0,-0.9609134920216706
1782096910688133603,0,3.637925732013638,-3.1751470568582696,0.0,0.26963569702141166,0.0,0.0,-0.9629624036751266
1782096910708260000,0,3.637925732013638,-3.1751470568582696,0.0,0.2623213820054446,0.0,0.0,-0.9649805658886368
1782096910728140035,0,3.637925732013638,-3.1751470568582696,0.0,0.255081771682168,0.0,0.0,-0.9669194846291423
1782096910748142238,0,3.637925732013638,-3.1751470568582696,0.0,0.2477832122691479,0.0,0.0,-0.9688155034461321
1782096910768261966,0,3.637925732013638,-3.1751470568582696,0.0,0.24048614397173257,0.0,0.0,-0.9706525714989926
1782096910788236402,0,3.637925732013638,-3.1751470568582696,0.0,0.23322829984976035,0.0,0.0,-0.9724220072320403
1782096910808246553,0,3.637925732013638,-3.1751470568582696,0.0,0.22594442793820593,0.0,0.0,-0.974140192931016
1782096910828219524,0,3.637925732013638,-3.1751470568582696,0.0,0.21872968390306255,0.0,0.0,-0.9757854914783609
1782096910848212673,0,3.637925732013638,-3.1751470568582696,0.0,0.21149565550215788,0.0,0.0,-0.9773789376202623
1782096910868244168,0,3.637925732013638,-3.1751470568582696,0.0,0.20429494182717364,0.0,0.0,-0.9789093812727672
1782096910888222339,0,3.637925732013638,-3.1751470568582696,0.0,0.19710236907196577,0.0,0.0,-0.980382913001965
1782096910908227285,0,3.637925732013638,-3.1751470568582696,0.0,0.1898895108593942,0.0,0.0,-0.9818054663045933
1782096910928217882,0,3.637925732013638,-3.1751470568582696,0.0,0.18267157384442692,0.0,0.0,-0.9831739907611471
1782096910948222002,0,3.637925732013638,-3.1751470568582696,0.0,0.1753108734512805,0.0,0.0,-0.9845131272104751
1782096910968215575,0,3.637925732013638,-3.1751470568582696,0.0,0.16794424890073537,0.0,0.0,-0.9857964948513298
1782096910988220555,0,3.637925732013638,-3.1751470568582696,0.0,0.1606331318965673,0.0,0.0,-0.9870141827436423
1782096911008221378,0,3.637925732013638,-3.1751470568582696,0.0,0.15331471243976627,0.0,0.0,-0.9881774126893975
1782096911028226402,0,3.637925732013638,-3.1751470568582696,0.0,0.1459170662102306,0.0,0.0,-0.9892968259266777
1782096911048230263,0,3.637925732013638,-3.1751470568582696,0.0,0.1385116825671914,0.0,0.0,-0.9903607998060129
1782096911068222548,0,3.637925732013638,-3.1751470568582696,0.0,0.13117220725236264,0.0,0.0,-0.9913595977467224
1782096911088196370,0,3.637925732013638,-3.1751470568582696,0.0,0.12376295210921166,0.0,0.0,-0.9923118117231161
1782096911108228896,0,3.637925732013638,-3.1751470568582696,0.0,0.1163249843076363,0.0,0.0,-0.9932112051451233
1782096911128220936,0,3.637925732013638,-3.1751470568582696,0.0,0.10896509470412283,0.0,0.0,-0.9940455764883829
1782096911148228562,0,3.637925732013638,-3.1751470568582696,0.0,0.10159348208983672,0.0,0.0,-0.9948259970451426
1782096911168132106,0,3.637925732013638,-3.1751470568582696,0.0,0.09418532492496158,0.0,0.0,-0.9955546818576966
1782096911188255898,0,3.637925732013638,-3.1751470568582696,0.0,0.08676005462000819,0.0,0.0,-0.9962292371348741
1782096911208222574,0,3.637925732013638,-3.1751470568582696,0.0,0.07931832595461645,0.0,0.0,-0.9968493382491445
1782096911228217217,0,3.637925732013638,-3.1751470568582696,0.0,0.07193154201706166,0.0,0.0,-0.9974095714715433
1782096911248248086,0,3.637925732013638,-3.1751470568582696,0.0,0.06452741683346264,0.0,0.0,-0.9979159345740505
1782096911268247145,0,3.637925732013638,-3.1751470568582696,0.0,0.05706162119333507,0.0,0.0,-0.998370658316233
1782096911288243926,0,3.637925732013638,-3.1751470568582696,0.0,0.049663386951770715,0.0,0.0,-0.9987660126358319
1782096911308222278,0,3.637925732013638,-3.1751470568582696,0.0,0.04219938639002509,0.0,0.0,-0.9991092091399746
1782096911328240162,0,3.637925732013638,-3.1751470568582696,0.0,0.03471825382356753,0.0,0.0,-0.9993971397054539
1782096911348226667,0,3.637925732013638,-3.1751470568582696,0.0,0.027316833701822196,0.0,0.0,-0.9996268256687127
1782096911368222011,0,3.637925732013638,-3.1751470568582696,0.0,0.019970615423136884,0.0,0.0,-0.9998005673731243
1782096911388221893,0,3.637925732013638,-3.1751470568582696,0.0,0.01269164547774116,0.0,0.0,-0.9999194578240126
1782096911408229464,0,3.637925732013638,-3.1751470568582696,0.0,0.005409204151402292,0.0,0.0,-0.999985370148208
1782096911428233553,0,3.637925732013638,-3.1751470568582696,0.0,-0.0018722566241577438,0.0,-0.0,-0.9999982473260307
1782096911448249729,0,3.637925732013638,-3.1751470568582696,0.0,-0.009158017616473271,0.0,-0.0,-0.9999580644773741
1782096911468240738,0,3.637925732013638,-3.1751470568582696,0.0,-0.016434132915274093,0.0,-0.0,-0.9998649505184803
1782096911488246965,0,3.637925732013638,-3.1751470568582696,0.0,-0.02384491962921662,0.0,-0.0,-0.9997156694820164
1782096911508224496,0,3.637925732013638,-3.1751470568582696,0.0,-0.031243769578877194,0.0,-0.0,-0.9995117942588282
1782096911528234577,0,3.637925732013638,-3.1751470568582696,0.0,-0.038722941759986564,0.0,-0.0,-0.9992499856299487
1782096911548245456,0,3.637925732013638,-3.1751470568582696,0.0,-0.046200243335648684,0.0,-0.0,-0.9989321986580104
1782096911568142230,0,3.637925732013638,-3.1751470568582696,0.0,-0.0536919475278406,0.0,-0.0,-0.9985575470500775
1782096911588140654,0,3.637925732013638,-3.1751470568582696,0.0,-0.06115899822949942,0.0,-0.0,-0.998128036343817
1782096911608176751,0,3.637925732013638,-3.1751470568582696,0.0,-0.0686366840975858,0.0,-0.0,-0.9976417220606244
1782096911628168723,0,3.637925732013638,-3.1751470568582696,0.0,-0.07609406096599605,0.0,-0.0,-0.9971006438096925
1782096911648138527,0,3.637925732013638,-3.1751470568582696,0.0,-0.08346927143618758,0.0,-0.0,-0.996510351539768
1782096911668171600,0,3.637925732013638,-3.1751470568582696,0.0,-0.09086325683909413,0.0,-0.0,-0.9958633784594114
1782096911688209585,0,3.637925732013638,-3.1751470568582696,0.0,-0.09838366367797635,0.0,-0.0,-0.9951485591213499
1782096911708142316,0,3.637925732013638,-3.1751470568582696,0.0,-0.10579953608334085,0.0,-0.0,-0.9943874788856454
1782096911728132650,0,3.637925732013638,-3.1751470568582696,0.0,-0.11316141697703128,0.0,-0.0,-0.9935766169288358
1782096911748144441,0,3.637925732013638,-3.1751470568582696,0.0,-0.12059451297719104,0.0,-0.0,-0.9927018502248266
1782096911768152201,0,3.637925732013638,-3.1751470568582696,0.0,-0.12789037701241468,0.0,-0.0,-0.9917883098058892
1782096911788228912,0,3.637925732013638,-3.1751470568582696,0.0,-0.13520443362039755,0.0,-0.0,-0.9908177234634974
1782096911808150603,0,3.637925732013638,-3.1751470568582696,0.0,-0.14251389655929417,0.0,-0.0,-0.9897928011899697
1782096911828151600,0,3.637925732013638,-3.1751470568582696,0.0,-0.1497853210904418,0.0,-0.0,-0.9887185431586855
1782096911848129608,0,3.637925732013638,-3.1751470568582696,0.0,-0.15704030944819428,0.0,-0.0,-0.9875921937765686
1782096911868098685,0,3.637925732013638,-3.1751470568582696,0.0,-0.16441162940219722,0.0,-0.0,-0.9863918167327396
1782096911888236055,0,3.637925732013638,-3.1751470568582696,0.0,-0.17183578463221388,0.0,-0.0,-0.9851256077880787
1782096911908227052,0,3.637925732013638,-3.1751470568582696,0.0,-0.17912749932391595,0.0,-0.0,-0.9838258682236204
1782096911928172088,0,3.637925732013638,-3.1751470568582696,0.0,-0.18646124136051617,0.0,-0.0,-0.9824623175828655
1782096911948099599,0,3.637925732013638,-3.1751470568582696,0.0,-0.19370975298655094,0.0,-0.0,-0.981058882839297
1782096911968222469,0,3.637925732013638,-3.1751470568582696,0.0,-0.2010186089503746,0.0,-0.0,-0.9795874227733105
1782096911988171325,0,3.637925732013638,-3.1751470568582696,0.0,-0.2082532331838418,0.0,-0.0,-0.9780749413355178
1782096912008186495,0,3.637925732013638,-3.1751470568582696,0.0,-0.2153734294924257,0.0,-0.0,-0.9765317638810687
1782096912028234764,0,3.637925732013638,-3.1751470568582696,0.0,-0.22249394013930834,0.0,-0.0,-0.9749340729512359
1782096912048219148,0,3.637925732013638,-3.1751470568582696,0.0,-0.22952161704262536,0.0,-0.0,-0.9733035638022386
1782096912068182792,0,3.637925732013638,-3.1751470568582696,0.0,-0.23653007340003798,0.0,-0.0,-0.9716241682756623
1782096912088159506,0,3.637925732013638,-3.1751470568582696,0.0,-0.2434630065318951,0.0,-0.0,-0.9699101837028263
1782096912108161812,0,3.637925732013638,-3.1751470568582696,0.0,-0.25039237994496444,0.0,-0.0,-0.9681444396708048
1782096912128128738,0,3.637925732013638,-3.1751470568582696,0.0,-0.2572291955438441,0.0,-0.0,-0.9663504234799438
1782096912148161313,0,3.637925732013638,-3.1751470568582696,0.0,-0.2640755746855278,0.0,-0.0,-0.964501991109665
1782096912168155045,0,3.637925732013638,-3.1751470568582696,0.0,-0.27089543731825233,0.0,-0.0,-0.962608779328421
1782096912188198570,0,3.637925732013638,-3.1751470568582696,0.0,-0.2777860546168429,0.0,-0.0,-0.9606429658621398
1782096912208158486,0,3.637925732013638,-3.1751470568582696,0.0,-0.28470072489819653,0.0,-0.0,-0.9586164494950217
1782096912228176514,0,3.637925732013638,-3.1751470568582696,0.0,-0.29174513948276415,0.0,-0.0,-0.9564960917788334
1782096912248156496,0,3.637925732013638,-3.1751470568582696,0.0,-0.29869368449832573,0.0,-0.0,-0.9543490361711561
1782096912268238733,0,3.637925732013638,-3.1751470568582696,0.0,-0.30566187061727934,0.0,-0.0,-0.9521401266886852
1782096912288248881,0,3.637925732013638,-3.1751470568582696,0.0,-0.3126553238275651,0.0,-0.0,-0.9498666477365548
1782096912308218328,0,3.637925732013638,-3.1751470568582696,0.0,-0.31961769654252126,0.0,-0.0,-0.9475465835814368
1782096912328257781,0,3.637925732013638,-3.1751470568582696,0.0,-0.3265208788286042,0.0,-0.0,-0.9451899892026978
1782096912348244531,0,3.637925732013638,-3.1751470568582696,0.0,-0.3334545524583435,0.0,-0.0,-0.9427661753822132
1782096912368238587,0,3.637925732013638,-3.1751470568582696,0.0,-0.3403727606195927,0.0,-0.0,-0.940290584781214
1782096912388247553,0,3.637925732013638,-3.1751470568582696,0.0,-0.34733402057927637,0.0,-0.0,-0.9377414772463863
1782096912408219996,0,3.637925732013638,-3.1751470568582696,0.0,-0.35420750602827333,0.0,-0.0,-0.9351668528520622
1782096912428234647,0,3.637925732013638,-3.1751470568582696,0.0,-0.3610763741054442,0.0,-0.0,-0.932536247050411
1782096912448214021,0,3.637925732013638,-3.1751470568582696,0.0,-0.36791365248196695,0.0,-0.0,-0.9298599595193775
1782096912468253581,0,3.637925732013638,-3.1751470568582696,0.0,-0.3746865745539346,0.0,-0.0,-0.9271515360765137
1782096912488222074,0,3.637925732013638,-3.1751470568582696,0.0,-0.3814802532409849,0.0,-0.0,-0.9243769882397517
1782096912508220314,0,3.637925732013638,-3.1751470568582696,0.0,-0.38814366865701116,0.0,-0.0,-0.9215988782987294
1782096912528247239,0,3.637925732013638,-3.1751470568582696,0.0,-0.39491596602570456,0.0,-0.0,-0.9187172469144054
1782096912548223484,0,3.637925732013638,-3.1751470568582696,0.0,-0.4016498151710714,0.0,-0.0,-0.9157933314744349
1782096912568134841,0,3.637925732013638,-3.1751470568582696,0.0,-0.4082766341290823,0.0,-0.0,-0.9128582529748128
1782096912588231897,0,3.637925732013638,-3.1751470568582696,0.0,-0.4150075057208153,0.0,-0.0,-0.909817987399341
1782096912608214065,0,3.637925732013638,-3.1751470568582696,0.0,-0.42167745589483197,0.0,-0.0,-0.9067458978071321
1782096912628248512,0,3.637925732013638,-3.1751470568582696,0.0,-0.4283420275473568,0.0,-0.0,-0.9036166816945223
1782096912648224847,0,3.637925732013638,-3.1751470568582696,0.0,-0.4349011913226075,0.0,-0.0,-0.9004781806274802
1782096912668230365,0,3.637925732013638,-3.1751470568582696,0.0,-0.4413930394734382,0.0,-0.0,-0.8973138719001282
1782096912688219711,0,3.637925732013638,-3.1751470568582696,0.0,-0.4478566460512111,0.0,-0.0,-0.8941053766686342
1782096912708234266,0,3.637925732013638,-3.1751470568582696,0.0,-0.45435852735888815,0.0,-0.0,-0.8908189089911948
1782096912728217794,0,3.637925732013638,-3.1751470568582696,0.0,-0.46071098758927526,0.0,-0.0,-0.8875502159959822
1782096912748225786,0,3.637925732013638,-3.1751470568582696,0.0,-0.4671095875052814,0.0,-0.0,-0.8841994307059047
1782096912768250048,0,3.637925732013638,-3.1751470568582696,0.0,-0.47354190283055886,0.0,-0.0,-0.8807712905536905
1782096912788215971,0,3.637925732013638,-3.1751470568582696,0.0,-0.47987788112304863,0.0,-0.0,-0.8773352946330457
1782096912808218581,0,3.637925732013638,-3.1751470568582696,0.0,-0.4862005027112238,0.0,-0.0,-0.8738472813732119
1782096912828124297,0,3.637925732013638,-3.1751470568582696,0.0,-0.49257993578542325,0.0,-0.0,-0.8702672042893655
1782096912848237320,0,3.637925732013638,-3.1751470568582696,0.0,-0.4988857333788693,0.0,-0.0,-0.8666677708505305
1782096912868263311,0,3.637925732013638,-3.1751470568582696,0.0,-0.5051381150417867,0.0,-0.0,-0.8630385186838595
1782096912888268501,0,3.637925732013638,-3.1751470568582696,0.0,-0.5113576431754001,0.0,-0.0,-0.8593680007808646
1782096912908232728,0,3.637925732013638,-3.1751470568582696,0.0,-0.5174780575892707,0.0,-0.0,-0.8556964765111724
1782096912928220445,0,3.637925732013638,-3.1751470568582696,0.0,-0.5235196637588274,0.0,-0.0,-0.8520135924137856
1782096912948224802,0,3.637925732013638,-3.1751470568582696,0.0,-0.5294297513486572,0.0,-0.0,-0.8483537813830377
1782096912968173634,0,3.637925732013638,-3.1751470568582696,0.0,-0.535297957492359,0.0,-0.0,-0.8446633037515651
1782096912988188449,0,3.637925732013638,-3.1751470568582696,0.0,-0.541109227921146,0.0,-0.0,-0.8409523193728532
1782096913008158355,0,3.637925732013638,-3.1751470568582696,0.0,-0.5469319761306234,0.0,-0.0,-0.8371770502622794
1782096913028129238,0,3.637925732013638,-3.1751470568582696,0.0,-0.552786917893803,0.0,-0.0,-0.8333226406413484
1782096913048132375,0,3.637925732013638,-3.1751470568582696,0.0,-0.5586240875061016,0.0,-0.0,-0.8294209599823092
1782096913068139060,0,3.637925732013638,-3.1751470568582696,0.0,-0.5644842914361472,0.0,-0.0,-0.8254438107599031
1782096913088162424,0,3.637925732013638,-3.1751470568582696,0.0,-0.5703785960372271,0.0,-0.0,-0.8213819191963028
1782096913108141142,0,3.637925732013638,-3.1751470568582696,0.0,-0.5762306288170319,0.0,-0.0,-0.8172871358421886
1782096913128157698,0,3.637925732013638,-3.1751470568582696,0.0,-0.5820072972445676,0.0,-0.0,-0.8131835622748861
1782096913148142057,0,3.637925732013638,-3.1751470568582696,0.0,-0.5878021095241008,0.0,-0.0,-0.8090047466109312
1782096913168170250,0,3.637925732013638,-3.1751470568582696,0.0,-0.5936359428929515,0.0,-0.0,-0.8047337244738761
1782096913188167537,0,3.637925732013638,-3.1751470568582696,0.0,-0.5993737894030275,0.0,-0.0,-0.8004692752233874
1782096913208135168,0,3.637925732013638,-3.1751470568582696,0.0,-0.6051282023696,0.0,-0.0,-0.7961280416471564
1782096913228130118,0,3.637925732013638,-3.1751470568582696,0.0,-0.6108035719288996,0.0,-0.0,-0.7917821648148546
1782096913248128157,0,3.637925732013638,-3.1751470568582696,0.0,-0.6164486011194088,0.0,-0.0,-0.7873951499583446
1782096913268166029,0,3.637925732013638,-3.1751470568582696,0.0,-0.6220183596593242,0.0,-0.0,-0.7830026566025965
1782096913288130723,0,3.637925732013638,-3.1751470568582696,0.0,-0.6275366514983147,0.0,-0.0,-0.7785870221280873
1782096913308164746,0,3.637925732013638,-3.1751470568582696,0.0,-0.6330968757818688,0.0,-0.0,-0.7740725714525977
1782096913328133088,0,3.637925732013638,-3.1751470568582696,0.0,-0.6385527718991275,0.0,-0.0,-0.7695780386029352
1782096913348236986,0,3.637925732013638,-3.1751470568582696,0.0,-0.6440134723900345,0.0,-0.0,-0.7650141484836279
1782096913368160725,0,3.637925732013638,-3.1751470568582696,0.0,-0.6494991082556708,0.0,-0.0,-0.760362353338912
1782096913388155468,0,3.637925732013638,-3.1751470568582696,0.0,-0.6548647438912734,0.0,-0.0,-0.7557460996976544
1782096913408160015,0,3.637925732013638,-3.1751470568582696,0.0,-0.6602527640377581,0.0,-0.0,-0.7510434658396946
1782096913428168590,0,3.637925732013638,-3.1751470568582696,0.0,-0.6656603519769646,0.0,-0.0,-0.7462548464203791
1782096913448153106,0,3.637925732013638,-3.1751470568582696,0.0,-0.6710267709532778,0.0,-0.0,-0.741433120830205
1782096913468154771,0,3.637925732013638,-3.1751470568582696,0.0,-0.6764070210727414,0.0,-0.0,-0.7365280319468499
1782096913488141226,0,3.637925732013638,-3.1751470568582696,0.0,-0.68174736651241,0.0,-0.0,-0.731587676395245
1782096913508150377,0,3.637925732013638,-3.1751470568582696,0.0,-0.6871085162599367,0.0,-0.0,-0.7265548065239595
1782096913528179733,0,3.637925732013638,-3.1751470568582696,0.0,-0.6924378701111443,0.0,-0.0,-0.7214775090298672
1782096913548226720,0,3.637925732013638,-3.1751470568582696,0.0,-0.6977343485825297,0.0,-0.0,-0.7163566003102875
1782096913568185637,0,3.637925732013638,-3.1751470568582696,0.0,-0.7030125219143152,0.0,-0.0,-0.7111774701378514
1782096913588219423,0,3.637925732013638,-3.1751470568582696,0.0,-0.7083637563541428,0.0,-0.0,-0.7058475675978834
1782096913608226359,0,3.637925732013638,-3.1751470568582696,0.0,-0.7136254477965317,0.0,-0.0,-0.7005274586033009
1782096913628228520,0,3.637925732013638,-3.1751470568582696,0.0,-0.718887655882138,0.0,-0.0,-0.695126275017917
1782096913648235033,0,3.637925732013638,-3.1751470568582696,0.0,-0.7241584086257793,0.0,-0.0,-0.6896336703037191
1782096913668249961,0,3.637925732013638,-3.1751470568582696,0.0,-0.7293414629095297,0.0,-0.0,-0.6841498596659851
1782096913688127517,0,3.637925732013638,-3.1751470568582696,0.0,-0.734535524943679,0.0,-0.0,-0.6785702340920311
1782096913708231160,0,3.637925732013638,-3.1751470568582696,0.0,-0.7397452477749215,0.0,-0.0,-0.6728870398472688
1782096913728215831,0,3.637925732013638,-3.1751470568582696,0.0,-0.7448405567747958,0.0,-0.0,-0.6672424933885822
1782096913748193335,0,3.637925732013638,-3.1751470568582696,0.0,-0.7498909926967646,0.0,-0.0,-0.6615614099025584
1782096913768100060,0,3.637925732013638,-3.1751470568582696,0.0,-0.7548804356825018,0.0,-0.0,-0.65586243056284
1782096913788094709,0,3.637925732013638,-3.1751470568582696,0.0,-0.7598873130639286,0.0,-0.0,-0.6500548218761882
1782096913808094294,0,3.637925732013638,-3.1751470568582696,0.0,-0.7647669789235504,0.0,-0.0,-0.6443069671733698
1782096913828093539,0,3.637925732013638,-3.1751470568582696,0.0,-0.7696477795335814,0.0,-0.0,-0.6384687114174254
1782096913848095288,0,3.637925732013638,-3.1751470568582696,0.0,-0.7744403274549329,0.0,-0.0,-0.6326469625403226
1782096913868104047,0,3.637925732013638,-3.1751470568582696,0.0,-0.7791904961685139,0.0,-0.0,-0.6267871813308447
1782096913888094079,0,3.637925732013638,-3.1751470568582696,0.0,-0.7839726143607306,0.0,-0.0,-0.6207954090780642
1782096913908094382,0,3.637925732013638,-3.1751470568582696,0.0,-0.7886311527370137,0.0,-0.0,-0.6148665749027907
1782096913928092981,0,3.637925732013638,-3.1751470568582696,0.0,-0.7932870819749792,0.0,-0.0,-0.6088477687990839
1782096913948157468,0,3.637925732013638,-3.1751470568582696,0.0,-0.7979121889711179,0.0,-0.0,-0.6027737043794453
1782096913968134440,0,3.637925732013638,-3.1751470568582696,0.0,-0.8024709199097891,0.0,-0.0,-0.5966912289443651
1782096913988173586,0,3.637925732013638,-3.1751470568582696,0.0,-0.8070327578206465,0.0,-0.0,-0.590506670414824
1782096914008204339,0,3.637925732013638,-3.1751470568582696,0.0,-0.8115860134276173,0.0,-0.0,-0.584232952518657
1782096914028157888,0,3.637925732013638,-3.1751470568582696,0.0,-0.8161481839297084,0.0,-0.0,-0.5778426618624128
1782096914048225797,0,3.637925732013638,-3.1751470568582696,0.0,-0.8207258833732503,0.0,-0.0,-0.5713221721246236
1782096914068216353,0,3.637925732013638,-3.1751470568582696,0.0,-0.8253075266456265,0.0,-0.0,-0.5646835277056331
1782096914088188685,0,3.637925732013638,-3.1751470568582696,0.0,-0.8299038041870377,0.0,-0.0,-0.5579065116987639
1782096914108215464,0,3.637925732013638,-3.1751470568582696,0.0,-0.8344953604690253,0.0,-0.0,-0.5510149665441689
1782096914128220310,0,3.637925732013638,-3.1751470568582696,0.0,-0.8390247560696283,0.0,-0.0,-0.5440932444924312
1782096914148236058,0,3.637925732013638,-3.1751470568582696,0.0,-0.843531413817561,0.0,-0.0,-0.5370798394121182
1782096914168221970,0,3.637925732013638,-3.1751470568582696,0.0,-0.8479039975675005,0.0,-0.0,-0.5301498004423393
1782096914188246858,0,3.637925732013638,-3.1751470568582696,0.0,-0.8522646748914056,0.0,-0.0,-0.5231108141992926
1782096914208138947,0,3.637925732013638,-3.1751470568582696,0.0,-0.8564667103969007,0.0,-0.0,-0.5162022607291752
1782096914228155550,0,3.637925732013638,-3.1751470568582696,0.0,-0.8606741931755082,0.0,-0.0,-0.5091560990518408
1782096914248143029,0,3.637925732013638,-3.1751470568582696,0.0,-0.864717341650404,0.0,-0.0,-0.5022588167957418
1782096914268177462,0,3.637925732013638,-3.1751470568582696,0.0,-0.8686847492725361,0.0,-0.0,-0.49536532617989215
1782096914288098802,0,3.637925732013638,-3.1751470568582696,0.0,-0.8725752725884908,0.0,-0.0,-0.48847967579738777
1782096914308155963,0,3.637925732013638,-3.1751470568582696,0.0,-0.876403378070081,0.0,-0.0,-0.4815777392149171
1782096914328130317,0,3.637925732013638,-3.1751470568582696,0.0,-0.8801946074078119,0.0,-0.0,-0.4746129508243617
1782096914348190778,0,3.637925732013638,-3.1751470568582696,0.0,-0.8839464733874418,0.0,-0.0,-0.46758810098836423
1782096914368099609,0,3.637925732013638,-3.1751470568582696,0.0,-0.887614550649294,0.0,-0.0,-0.4605870270379442
1782096914388087202,0,3.637925732013638,-3.1751470568582696,0.0,-0.8913274614253296,0.0,-0.0,-0.4533600737924301
1782096914408108035,0,3.637925732013638,-3.1751470568582696,0.0,-0.8949875593030708,0.0,-0.0,-0.44609109909606154
1782096914428087471,0,3.637925732013638,-3.1751470568582696,0.0,-0.8986116768466178,0.0,-0.0,-0.43874486234588517
1782096914448089970,0,3.637925732013638,-3.1751470568582696,0.0,-0.9022356514975627,0.0,-0.0,-0.4312433526058907
1782096914468194690,0,3.637925732013638,-3.1751470568582696,0.0,-0.9057894893836813,0.0,-0.0,-0.4237279798668596
1782096914488089446,0,3.637925732013638,-3.1751470568582696,0.0,-0.9092445911113294,0.0,-0.0,-0.4162622653265505
1782096914508117662,0,3.637925732013638,-3.1751470568582696,0.0,-0.9126320638537635,0.0,-0.0,-0.4087819908288772
1782096914528084707,0,3.637925732013638,-3.1751470568582696,0.0,-0.915947934004532,0.0,-0.0,-0.4012971245758302
1782096914548084384,0,3.637925732013638,-3.1751470568582696,0.0,-0.919180121575366,0.0,-0.0,-0.39383740820381125
1782096914568089532,0,3.637925732013638,-3.1751470568582696,0.0,-0.9223794647671761,0.0,-0.0,-0.38628502815384597
1782096914588158088,0,3.637925732013638,-3.1751470568582696,0.0,-0.9254771952085442,0.0,-0.0,-0.37880332779547493
1782096914608210942,0,3.637925732013638,-3.1751470568582696,0.0,-0.9285342235142804,0.0,-0.0,-0.3712468124613765
1782096914628095792,0,3.637925732013638,-3.1751470568582696,0.0,-0.9315047158961802,0.0,-0.0,-0.36372924581778754
1782096914648154666,0,3.637925732013638,-3.1751470568582696,0.0,-0.9344181085801373,0.0,-0.0,-0.35617804305925266
1782096914668162212,0,3.637925732013638,-3.1751470568582696,0.0,-0.9372839925668403,0.0,-0.0,-0.3485666611682237
1782096914688229050,0,3.637925732013638,-3.1751470568582696,0.0,-0.9400960955110467,0.0,-0.0,-0.3409095645547143
1782096914708153166,0,3.637925732013638,-3.1751470568582696,0.0,-0.94284954994375,0.0,-0.0,-0.33321873622422254
1782096914728190185,0,3.637925732013638,-3.1751470568582696,0.0,-0.9455323276858313,0.0,-0.0,-0.3255282127573794
1782096914748156647,0,3.637925732013638,-3.1751470568582696,0.0,-0.9481654709460002,0.0,-0.0,-0.3177770282851634
1782096914768131445,0,3.637925732013638,-3.1751470568582696,0.0,-0.9507361330724959,0.0,-0.0,-0.3100012988204362
1782096914788141112,0,3.637925732013638,-3.1751470568582696,0.0,-0.9532473493771795,0.0,-0.0,-0.3021911496145802
1782096914808259079,0,3.637925732013638,-3.1751470568582696,0.0,-0.9557074772683403,0.0,-0.0,-0.2943182255542203
1782096914828186147,0,3.637925732013638,-3.1751470568582696,0.0,-0.9580801624089348,0.0,-0.0,-0.2865002659657913
1782096914848108759,0,3.637925732013638,-3.1751470568582696,0.0,-0.9603883864690184,0.0,-0.0,-0.2786649370398713
1782096914868160247,0,3.637925732013638,-3.1751470568582696,0.0,-0.9626821225219393,0.0,-0.0,-0.27063468176982397
1782096914888161517,0,3.637925732013638,-3.1751470568582696,0.0,-0.9648874636988144,0.0,-0.0,-0.26266362975651797
1782096914908259685,0,3.637925732013638,-3.1751470568582696,0.0,-0.9670702655377421,0.0,-0.0,-0.25450953128077747
1782096914928159478,0,3.637925732013638,-3.1751470568582696,0.0,-0.9691636322332574,0.0,-0.0,-0.2464180471403005
1782096914948184189,0,3.637925732013638,-3.1751470568582696,0.0,-0.9712161118924634,0.0,-0.0,-0.2382000503788487
1782096914968162743,0,3.637925732013638,-3.1751470568582696,0.0,-0.9731944184826493,0.0,-0.0,-0.22998396429798776
1782096914988179309,0,3.637925732013638,-3.1751470568582696,0.0,-0.9751223190326456,0.0,-0.0,-0.22166746022904513
1782096915008158503,0,3.637925732013638,-3.1751470568582696,0.0,-0.9769608298390504,0.0,-0.0,-0.21341868934138372
1782096915028258084,0,3.637925732013638,-3.1751470568582696,0.0,-0.9787544361199416,0.0,-0.0,-0.20503598166062237
1782096915048253975,0,3.637925732013638,-3.1751470568582696,0.0,-0.9804536525914257,0.0,-0.0,-0.19675018454916876
1782096915068248766,0,3.637925732013638,-3.1751470568582696,0.0,-0.982082637986782,0.0,-0.0,-0.18845076854426288
1782096915088127688,0,3.637925732013638,-3.1751470568582696,0.0,-0.9836683405579804,0.0,-0.0,-0.17999054359579322
1782096915108193936,0,3.637925732013638,-3.1751470568582696,0.0,-0.9851727031103713,0.0,-0.0,-0.1715655706900548
1782096915128174819,0,3.637925732013638,-3.1751470568582696,0.0,-0.9866201512767728,0.0,-0.0,-0.16303581537379397
1782096915148161212,0,3.637925732013638,-3.1751470568582696,0.0,-0.9879740391250209,0.0,-0.0,-0.15461985000313427
1782096915168154536,0,3.637925732013638,-3.1751470568582696,0.0,-0.9892653382010757,0.0,-0.0,-0.14613038915267235
1782096915188128992,0,3.637925732013638,-3.1751470568582696,0.0,-0.9904825750744507,0.0,-0.0,-0.13763817956470198
1782096915208122077,0,3.637925732013638,-3.1751470568582696,0.0,-0.9916279463384717,0.0,-0.0,-0.1291279057390192
1782096915228118855,0,3.637925732013638,-3.1751470568582696,0.0,-0.9926931525308967,0.0,-0.0,-0.12066608851814878
1782096915248128177,0,3.637925732013638,-3.1751470568582696,0.0,-0.9936788940447199,0.0,-0.0,-0.1122597680830598
1782096915268186037,0,3.637925732013638,-3.1751470568582696,0.0,-0.9946028686717141,0.0,-0.0,-0.10375516194386222
1782096915288122700,0,3.637925732013638,-3.1751470568582696,0.0,-0.9954424798501924,0.0,-0.0,-0.09536387843255574
1782096915308161075,0,3.637925732013638,-3.1751470568582696,0.0,-0.9962150372776308,0.0,-0.0,-0.08692295152563957
1782096915328183168,0,3.637925732013638,-3.1751470568582696,0.0,-0.9969209774211293,0.0,-0.0,-0.07841278452969376
1782096915348132408,0,3.637925732013638,-3.1751470568582696,0.0,-0.9975471635532581,0.0,-0.0,-0.06999754629163288
1782096915368125273,0,3.637925732013638,-3.1751470568582696,0.0,-0.9981077572673764,0.0,-0.0,-0.061489063114409825
1782096915388167412,0,3.637925732013638,-3.1751470568582696,0.0,-0.9985968931039599,0.0,-0.0,-0.05295512329433746
1782096915408180277,0,3.637925732013638,-3.1751470568582696,0.0,-0.9990151751552073,0.0,-0.0,-0.044369807410111234
1782096915428160710,0,3.637925732013638,-3.1751470568582696,0.0,-0.9993591488462213,0.0,-0.0,-0.035795133989915726
1782096915448245111,0,3.637925732013638,-3.1751470568582696,0.0,-0.9996326484566121,0.0,-0.0,-0.027102917548103296
1782096915468138906,0,3.637925732013638,-3.1751470568582696,0.0,-0.9998277337791452,0.0,-0.0,-0.018560785706934636
1782096915488157267,0,3.637925732013638,-3.1751470568582696,0.0,-0.9999503601088642,0.0,-0.0,-0.009963800387043824
1782096915508138102,0,3.637925732013638,-3.1751470568582696,0.0,-0.9999989601173319,0.0,-0.0,-0.0014421387779329853
1782096915528238927,0,3.637925732013638,-3.1751470568582696,0.0,-0.9999750747038372,-0.0,0.0,0.007060451193468684
1782096915548178005,0,3.637925732013638,-3.1751470568582696,0.0,-0.9998799589177905,-0.0,0.0,0.01549411999945993
1782096915568101133,0,3.637925732013638,-3.1751470568582696,0.0,-0.9997138772614372,-0.0,0.0,0.02391994169942653
1782096915588092594,0,3.637925732013638,-3.1751470568582696,0.0,-0.9994735909774908,-0.0,0.0,0.032442887333888226
1782096915608120778,0,3.637925732013638,-3.1751470568582696,0.0,-0.9991628730292653,-0.0,0.0,0.040909084075595334
1782096915628085172,0,3.637925732013638,-3.1751470568582696,0.0,-0.9987817739900605,-0.0,0.0,0.049345394367334046
1782096915648115520,0,3.637925732013638,-3.1751470568582696,0.0,-0.9983202982911481,-0.0,0.0,0.05793601660343101
1782096915668133697,0,3.637925732013638,-3.1751470568582696,0.0,-0.9977892757719277,-0.0,0.0,0.06645721296091338
1782096915688086592,0,3.637925732013638,-3.1751470568582696,0.0,-0.9971876087116436,-0.0,0.0,0.07494580062921508
1782096915708116238,0,3.637925732013638,-3.1751470568582696,0.0,-0.9965059787210929,-0.0,0.0,0.08352146055425942
1782096915728119547,0,3.637925732013638,-3.1751470568582696,0.0,-0.9957571663339652,-0.0,0.0,0.09201992009642306
1782096915748118733,0,3.637925732013638,-3.1751470568582696,0.0,-0.9949430879099788,-0.0,0.0,0.1004402898251307
1782096915768198901,0,3.637925732013638,-3.1751470568582696,0.0,-0.9940540766346461,-0.0,0.0,0.10888752327994757
1782096915788102481,0,3.637925732013638,-3.1751470568582696,0.0,-0.9931021094051302,-0.0,0.0,0.11725271977690219
1782096915808147361,0,3.637925732013638,-3.1751470568582696,0.0,-0.9920797942305262,-0.0,0.0,0.1256092428108575
1782096915828107601,0,3.637925732013638,-3.1751470568582696,0.0,-0.990983904030402,-0.0,0.0,0.1339809760849014
1782096915848088474,0,3.637925732013638,-3.1751470568582696,0.0,-0.9898346069958286,-0.0,0.0,0.14222324280304371
1782096915868208016,0,3.637925732013638,-3.1751470568582696,0.0,-0.9886080668181992,-0.0,0.0,0.15051275767184275
1782096915888196912,0,3.637925732013638,-3.1751470568582696,0.0,-0.9873302623569683,-0.0,0.0,0.158678773105038
1782096915908124791,0,3.637925732013638,-3.1751470568582696,0.0,-0.9859792416662515,-0.0,0.0,0.16686801671753543
1782096915928189483,0,3.637925732013638,-3.1751470568582696,0.0,-0.9845503217194193,-0.0,0.0,0.17510186750057227
1782096915948189794,0,3.637925732013638,-3.1751470568582696,0.0,-0.9830447246953462,-0.0,0.0,0.1833659435354638
1782096915968201669,0,3.637925732013638,-3.1751470568582696,0.0,-0.9814688316177715,-0.0,0.0,0.19162184782233604
1782096915988126413,0,3.637925732013638,-3.1751470568582696,0.0,-0.9798309176288887,-0.0,0.0,0.19982835849430836
1782096916008083993,0,3.637925732013638,-3.1751470568582696,0.0,-0.9781090601312291,-0.0,0.0,0.20809292753287797
1782096916028122843,0,3.637925732013638,-3.1751470568582696,0.0,-0.9763512306638203,-0.0,0.0,0.21619036606945174
1782096916048135919,0,3.637925732013638,-3.1751470568582696,0.0,-0.9745287565543584,-0.0,0.0,0.22426257522960877
1782096916068142305,0,3.637925732013638,-3.1751470568582696,0.0,-0.9726099685274139,-0.0,0.0,0.23244321698234818
1782096916088128816,0,3.637925732013638,-3.1751470568582696,0.0,-0.9706725861358523,-0.0,0.0,0.24040534628900512
1782096916108083898,0,3.637925732013638,-3.1751470568582696,0.0,-0.9686905664825449,-0.0,0.0,0.24827119528396005
1782096916128122159,0,3.637925732013638,-3.1751470568582696,0.0,-0.9666361464334087,-0.0,0.0,0.25615339234210743
1782096916148139855,0,3.637925732013638,-3.1751470568582696,0.0,-0.9645541410701951,-0.0,0.0,0.2638850297844463
1782096916168158343,0,3.637925732013638,-3.1751470568582696,0.0,-0.9624265185230749,-0.0,0.0,0.271542255355503
1782096916188146778,0,3.637925732013638,-3.1751470568582696,0.0,-0.9602246978552597,-0.0,0.0,0.27922845418899434
1782096916208146863,0,3.637925732013638,-3.1751470568582696,0.0,-0.9579601572338678,-0.0,0.0,0.2869012672548923
1782096916228089252,0,3.637925732013638,-3.1751470568582696,0.0,-0.9556411045867488,-0.0,0.0,0.29453366399143355
1782096916248234630,0,3.637925732013638,-3.1751470568582696,0.0,-0.9531758033050157,-0.0,0.0,0.3024167455579105
1782096916268100970,0,3.637925732013638,-3.1751470568582696,0.0,-0.9506809671663526,-0.0,0.0,0.310170434870328
1782096916288094489,0,3.637925732013638,-3.1751470568582696,0.0,-0.9481064812822373,-0.0,0.0,0.31795298418259055
1782096916308145665,0,3.637925732013638,-3.1751470568582696,0.0,-0.9454181242754114,-0.0,0.0,0.3258597402128142
1782096916328094049,0,3.637925732013638,-3.1751470568582696,0.0,-0.942678117639666,-0.0,0.0,0.3337034110154344
1782096916348161716,0,3.637925732013638,-3.1751470568582696,0.0,-0.9398560686294353,-0.0,0.0,0.34157073976033464
1782096916368200366,0,3.637925732013638,-3.1751470568582696,0.0,-0.9369935881177331,-0.0,0.0,0.3493465554807373
1782096916388255695,0,3.637925732013638,-3.1751470568582696,0.0,-0.9340428263007158,-0.0,0.0,0.3571610261999074
1782096916408219036,0,3.637925732013638,-3.1751470568582696,0.0,-0.9310627282592587,-0.0,0.0,0.36485914548826326
1782096916428088748,0,3.637925732013638,-3.1751470568582696,0.0,-0.9280336078353695,-0.0,0.0,0.3724964734438002
1782096916448083260,0,3.637925732013638,-3.1751470568582696,0.0,-0.9249488259345459,-0.0,0.0,0.38009165921170274
1782096916468083952,0,3.637925732013638,-3.1751470568582696,0.0,-0.921800902691844,-0.0,0.0,0.3876636374442431
1782096916488082177,0,3.637925732013638,-3.1751470568582696,0.0,-0.9185913933577858,-0.0,0.0,0.3952086183890751
1782096916508110996,0,3.637925732013638,-3.1751470568582696,0.0,-0.9153150775539007,-0.0,0.0,0.40273851169523966
1782096916528084771,0,3.637925732013638,-3.1751470568582696,0.0,-0.912014972363992,-0.0,0.0,0.41015690922366155
1782096916548113196,0,3.637925732013638,-3.1751470568582696,0.0,-0.9086161945300602,-0.0,0.0,0.41763214799355647
1782096916568085420,0,3.637925732013638,-3.1751470568582696,0.0,-0.9051362274127515,-0.0,0.0,0.4251216412099153
1782096916588091063,0,3.637925732013638,-3.1751470568582696,0.0,-0.9015885497456703,-0.0,0.0,0.43259459886537993
1782096916608083627,0,3.637925732013638,-3.1751470568582696,0.0,-0.8979815551561575,-0.0,0.0,0.4400330971635303
1782096916628084257,0,3.637925732013638,-3.1751470568582696,0.0,-0.8942848496107194,-0.0,0.0,0.4474981650875599
1782096916648106812,0,3.637925732013638,-3.1751470568582696,0.0,-0.8905492582176373,-0.0,0.0,0.45488681964639943
1782096916668119335,0,3.637925732013638,-3.1751470568582696,0.0,-0.886754539958888,-0.0,0.0,0.4622406146827655
1782096916688088840,0,3.637925732013638,-3.1751470568582696,0.0,-0.8829402669294921,-0.0,0.0,0.46948534059593094
1782096916708117583,0,3.637925732013638,-3.1751470568582696,0.0,-0.8790552281212393,-0.0,0.0,0.47671994494956466
1782096916728129657,0,3.637925732013638,-3.1751470568582696,0.0,-0.8751771589685545,-0.0,0.0,0.48380258413916044
1782096916748119504,0,3.637925732013638,-3.1751470568582696,0.0,-0.8713445295343171,-0.0,0.0,0.490671693549383
1782096916768114224,0,3.637925732013638,-3.1751470568582696,0.0,-0.8676211211915794,-0.0,0.0,0.49722589440038895
1782096916788141489,0,3.637925732013638,-3.1751470568582696,0.0,-0.8640741876390996,-0.0,0.0,0.5033644785399841
1782096916808115665,0,3.637925732013638,-3.1751470568582696,0.0,-0.8607934427922395,-0.0,0.0,0.508954466377773
1782096916828116110,0,3.637925732013638,-3.1751470568582696,0.0,-0.8579759880458576,-0.0,0.0,0.5136897934909106
1782096916848117124,0,3.637925732013638,-3.1751470568582696,0.0,-0.8579759880458576,-0.0,0.0,0.5136897934909106
1782096916868128295,0,3.637925732013638,-3.1751470568582696,0.0,-0.8579759880458576,-0.0,0.0,0.5136897934909106
1782096916888089724,0,3.637925732013638,-3.1751470568582696,0.0,-0.8579759880458576,-0.0,0.0,0.5136897934909106
1782096916908085249,0,3.6379100582122557,-3.1751178041979413,0.0,-0.8579991901737237,-0.0,0.0,0.5136510388008909
1782096916928128338,0,3.6378942524945517,-3.1750883117028077,0.0,-0.8580221416994036,-0.0,0.0,0.513612698785348
1782096916948116951,0,3.637910155868235,-3.175117986343256,0.0,-0.8579997286834308,-0.0,0.0,0.5136501392768809
1782096916968087053,0,3.6378940854678135,-3.1750879999496657,0.0,-0.8580214833434456,-0.0,0.0,0.5136137986085588
1782096916988090950,0,3.6378940854678135,-3.1750879999496657,0.0,-0.8580214833434456,-0.0,0.0,0.5136137986085588
1782096917008118260,0,3.6378776140618942,-3.175057271376434,0.0,-0.8580419840922582,-0.0,0.0,0.5135795493738248
1782096917028120369,0,3.6378444469934346,-3.1749954133434306,0.0,-0.8580819078006341,-0.0,0.0,0.5135128425903523
1782096917048085906,0,3.6378275943283738,-3.174963990997935,0.0,-0.8581005926464708,-0.0,0.0,0.5134816188528812
1782096917068094765,0,3.637793196376775,-3.1748998708813505,0.0,-0.8581352378283981,-0.0,0.0,0.513423717408145
1782096917088084239,0,3.6377757179253187,-3.1748672975478436,0.0,-0.8581510609709455,-0.0,0.0,0.5133972697185296
1782096917108086436,0,3.6377579474536903,-3.174834184653512,0.0,-0.8581653140572734,-0.0,0.0,0.5133734447251643
1782096917128106781,0,3.6377579474536903,-3.174834184653512,0.0,-0.8581653140572734,-0.0,0.0,0.5133734447251643
1782096917148083481,0,3.6377579474536903,-3.174834184653512,0.0,-0.8581653140572734,-0.0,0.0,0.5133734447251643
1782096917168114286,0,3.6377579474536903,-3.174834184653512,0.0,-0.8581653140572734,-0.0,0.0,0.5133734447251643
1782096917188100848,0,3.6377579474536903,-3.174834184653512,0.0,-0.8581653140572734,-0.0,0.0,0.5133734447251643
1782096917208083725,0,3.6377391842114863,-3.174799225008653,0.0,-0.8581703007036238,-0.0,0.0,0.5133651088555317
1782096917228188978,0,3.637720232839332,-3.174763916232914,0.0,-0.8581737505792056,-0.0,0.0,0.5133593418033994
1782096917248094125,0,3.637701429045861,-3.174728883318897,0.0,-0.8581758216488038,-0.0,0.0,0.5133558796170553
1782096917268095408,0,3.637701429045861,-3.174728883318897,0.0,-0.8581758216488038,-0.0,0.0,0.5133558796170553
1782096917288145893,0,3.637701429045861,-3.174728883318897,0.0,-0.8581758216488038,-0.0,0.0,0.5133558796170553
1782096917308249747,0,3.637701429045861,-3.174728883318897,0.0,-0.8581758216488038,-0.0,0.0,0.5133558796170553
1782096917328241282,0,3.637701429045861,-3.174728883318897,0.0,-0.8581758216488038,-0.0,0.0,0.5133558796170553
1782096917348161915,0,3.637701429045861,-3.174728883318897,0.0,-0.8581758216488038,-0.0,0.0,0.5133558796170553
1782096917368096945,0,3.637701429045861,-3.174728883318897,0.0,-0.8581758216488038,-0.0,0.0,0.5133558796170553
1782096917388220427,0,3.637701429045861,-3.174728883318897,0.0,-0.8581758216488038,-0.0,0.0,0.5133558796170553
1782096917408096041,0,3.637701429045861,-3.174728883318897,0.0,-0.8581758216488038,-0.0,0.0,0.5133558796170553
1782096917428088741,0,3.637701429045861,-3.174728883318897,0.0,-0.8581758216488038,-0.0,0.0,0.5133558796170553
1782096917448083755,0,3.637701429045861,-3.174728883318897,0.0,-0.8581758216488038,-0.0,0.0,0.5133558796170553
1782096917468088858,0,3.637701429045861,-3.174728883318897,0.0,-0.8581758216488038,-0.0,0.0,0.5133558796170553
1782096917488087320,0,3.637701429045861,-3.174728883318897,0.0,-0.8581758216488038,-0.0,0.0,0.5133558796170553
1782096917508083803,0,3.637701429045861,-3.174728883318897,0.0,-0.8581758216488038,-0.0,0.0,0.5133558796170553
1782096917528086992,0,3.637701429045861,-3.174728883318897,0.0,-0.8581758216488038,-0.0,0.0,0.5133558796170553
1782096917548085388,0,3.637701429045861,-3.174728883318897,0.0,-0.8581758216488038,-0.0,0.0,0.5133558796170553
1782096917568132844,0,3.637701429045861,-3.174728883318897,0.0,-0.8581758216488038,-0.0,0.0,0.5133558796170553
1782096917588095516,0,3.637701429045861,-3.174728883318897,0.0,-0.8581758216488038,-0.0,0.0,0.5133558796170553
1782096917608090020,0,3.637701429045861,-3.174728883318897,0.0,-0.8581758216488038,-0.0,0.0,0.5133558796170553
1782096917628117120,0,3.637701429045861,-3.174728883318897,0.0,-0.8582426410707301,-0.0,0.0,0.5132441612409613
1782096917648118699,0,3.637701429045861,-3.174728883318897,0.0,-0.8582734366068127,-0.0,0.0,0.5131926616925963
1782096917668118989,0,3.637701429045861,-3.174728883318897,0.0,-0.8583042270683037,-0.0,0.0,0.5131411636155121
1782096917688085900,0,3.637701429045861,-3.174728883318897,0.0,-0.8583042270683037,-0.0,0.0,0.5131411636155121
1782096917708116059,0,3.637701429045861,-3.174728883318897,0.0,-0.8583042270683037,-0.0,0.0,0.5131411636155121
1782096917728084322,0,3.637701429045861,-3.174728883318897,0.0,-0.8583042270683037,-0.0,0.0,0.5131411636155121
1782096917748086111,0,3.637701429045861,-3.174728883318897,0.0,-0.8583042270683037,-0.0,0.0,0.5131411636155121
1782096917768086151,0,3.637701429045861,-3.174728883318897,0.0,-0.8583042270683037,-0.0,0.0,0.5131411636155121
1782096917788085263,0,3.637701429045861,-3.174728883318897,0.0,-0.8583042270683037,-0.0,0.0,0.5131411636155121
1782096917808093493,0,3.637701429045861,-3.174728883318897,0.0,-0.8583042270683037,-0.0,0.0,0.5131411636155121
1782096917828115646,0,3.637701429045861,-3.174728883318897,0.0,-0.8583042270683037,-0.0,0.0,0.5131411636155121
1782096917848085490,0,3.637701429045861,-3.174728883318897,0.0,-0.8583349675752205,-0.0,0.0,0.513089742089671
1782096917868128619,0,3.637701429045861,-3.174728883318897,0.0,-0.8583658177954643,-0.0,0.0,0.5130381300062635
1782096917888085248,0,3.637701429045861,-3.174728883318897,0.0,-0.8583965317922175,-0.0,0.0,0.5129867388218651
1782096917908117541,0,3.637701429045861,-3.174728883318897,0.0,-0.858427359144333,-0.0,0.0,0.512935150942579
1782096917928084838,0,3.637701429045861,-3.174728883318897,0.0,-0.8584580833899665,-0.0,0.0,0.512883728599792
1782096917948117114,0,3.637701429045861,-3.174728883318897,0.0,-0.858488904525224,-0.0,0.0,0.5128321370654153
1782096917968092383,0,3.637701429045861,-3.174728883318897,0.0,-0.8585554830293932,-0.0,0.0,0.5127206671864958
1782096917988085308,0,3.637701429045861,-3.174728883318897,0.0,-0.8586528500052423,-0.0,0.0,0.5125575901085407
1782096918008089822,0,3.637701429045861,-3.174728883318897,0.0,-0.8588527272512657,-0.0,0.0,0.5122226009198179
1782096918028098179,0,3.637701429045861,-3.174728883318897,0.0,-0.8591190780800257,-0.0,0.0,0.5117757415889567
1782096918048088240,0,3.637701429045861,-3.174728883318897,0.0,-0.8595535611863693,-0.0,0.0,0.5110456686557773
1782096918068120455,0,3.637701429045861,-3.174728883318897,0.0,-0.8602233692366934,-0.0,0.0,0.5099174001924934
1782096918088096169,0,3.637701429045861,-3.174728883318897,0.0,-0.8612199447536437,-0.0,0.0,0.5082324337923849
1782096918108136767,0,3.637701429045861,-3.174728883318897,0.0,-0.8624193988336846,-0.0,0.0,0.5061944098025442
1782096918128087745,0,3.637701429045861,-3.174728883318897,0.0,-0.8639705831065764,-0.0,0.0,0.5035422837523006
1782096918148119502,0,3.637701429045861,-3.174728883318897,0.0,-0.8655198424748721,-0.0,0.0,0.5008746372918802
1782096918168124611,0,3.637701429045861,-3.174728883318897,0.0,-0.8673228152399123,-0.0,0.0,0.4977460538912518
1782096918188161746,0,3.637701429045861,-3.174728883318897,0.0,-0.8694738897324751,-0.0,0.0,0.4939789014456788
1782096918208094293,0,3.637701429045861,-3.174728883318897,0.0,-0.8717586824922499,-0.0,0.0,0.48993550544880565
1782096918228094843,0,3.637701429045861,-3.174728883318897,0.0,-0.8743188881402291,-0.0,0.0,0.48535191546055895
1782096918248123684,0,3.637701429045861,-3.174728883318897,0.0,-0.8770799345066702,-0.0,0.0,0.4803444477515849
1782096918268088533,0,3.637701429045861,-3.174728883318897,0.0,-0.8800170550537669,-0.0,0.0,0.4749420836423063
1782096918288088423,0,3.637701429045861,-3.174728883318897,0.0,-0.8830527029974884,-0.0,0.0,0.4692738259575422
1782096918308109921,0,3.637701429045861,-3.174728883318897,0.0,-0.8862684443288824,-0.0,0.0,0.4631719384708691
1782096918328093906,0,3.637701429045861,-3.174728883318897,0.0,-0.889586776166227,-0.0,0.0,0.45676620679531377
1782096918348134634,0,3.637701429045861,-3.174728883318897,0.0,-0.8930439478394291,-0.0,0.0,0.44996945143794714
1782096918368118711,0,3.637701429045861,-3.174728883318897,0.0,-0.8965547395569785,-0.0,0.0,0.44293295088299595
1782096918388093978,0,3.637701429045861,-3.174728883318897,0.0,-0.9001826406055026,-0.0,0.0,0.4355125871344072
1782096918408098749,0,3.637701429045861,-3.174728883318897,0.0,-0.9039212613575645,-0.0,0.0,0.4276989049153033
1782096918428121344,0,3.637701429045861,-3.174728883318897,0.0,-0.9077591560684334,-0.0,0.0,0.41949173361810793
1782096918448086039,0,3.637701429045861,-3.174728883318897,0.0,-0.9116471920993379,-0.0,0.0,0.41097371830494583
1782096918468087500,0,3.637701429045861,-3.174728883318897,0.0,-0.9156754007282386,-0.0,0.0,0.4019185993471558
1782096918488086071,0,3.637701429045861,-3.174728883318897,0.0,-0.9197662285898167,-0.0,0.0,0.3924666670504196
1782096918508084078,0,3.637701429045861,-3.174728883318897,0.0,-0.9239354345154361,-0.0,0.0,0.38254844509783614
1782096918528115638,0,3.637701429045861,-3.174728883318897,0.0,-0.9280790300882278,-0.0,0.0,0.3723832889785663
1782096918548120077,0,3.637701429045861,-3.174728883318897,0.0,-0.9321995676188507,-0.0,0.0,0.3619447003773198
1782096918568086873,0,3.637701429045861,-3.174728883318897,0.0,-0.9361952789205172,-0.0,0.0,0.35148029777917117
1782096918588094556,0,3.637701429045861,-3.174728883318897,0.0,-0.9400813471632468,-0.0,0.0,0.34095023202182323
1782096918608092301,0,3.637701429045861,-3.174728883318897,0.0,-0.9438471384353698,-0.0,0.0,0.33038247421339373
1782096918628123375,0,3.637701429045861,-3.174728883318897,0.0,-0.9474584763017416,-0.0,0.0,0.31987878279745624
1782096918648147976,0,3.637701429045861,-3.174728883318897,0.0,-0.9509115449550948,-0.0,0.0,0.3094628146823375
1782096918668142936,0,3.637701429045861,-3.174728883318897,0.0,-0.9541854425907126,-0.0,0.0,0.29921587716557735
1782096918688123158,0,3.637701429045861,-3.174728883318897,0.0,-0.9572715497001654,-0.0,0.0,0.2891905602447005
1782096918708121346,0,3.637701429045861,-3.174728883318897,0.0,-0.9602354208119113,-0.0,0.0,0.2791915769112166
1782096918728123796,0,3.637701429045861,-3.174728883318897,0.0,-0.9630254281162464,-0.0,0.0,0.26941051353189677
1782096918748204787,0,3.637701429045861,-3.174728883318897,0.0,-0.9656922863524823,-0.0,0.0,0.2596890603766653
1782096918768122647,0,3.637701429045861,-3.174728883318897,0.0,-0.9682081635678942,-0.0,0.0,0.2501458614498467
1782096918788086149,0,3.637701429045861,-3.174728883318897,0.0,-0.9706351756738202,-0.0,0.0,0.24055634629884987
1782096918808086384,0,3.637701429045861,-3.174728883318897,0.0,-0.9729714151996182,-0.0,0.0,0.23092558369408148
1782096918828102919,0,3.637701429045861,-3.174728883318897,0.0,-0.9751695777612504,-0.0,0.0,0.2214594649342057
1782096918848086892,0,3.637701429045861,-3.174728883318897,0.0,-0.9772871196105816,-0.0,0.0,0.2119195268097133
1782096918868142069,0,3.637701429045861,-3.174728883318897,0.0,-0.9792899679884299,-0.0,0.0,0.20246273384803395
1782096918888087174,0,3.637701429045861,-3.174728883318897,0.0,-0.9811795166985353,-0.0,0.0,0.19309778872692648
1782096918908086840,0,3.637701429045861,-3.174728883318897,0.0,-0.9829475547054112,-0.0,0.0,0.18388611883079323
1782096918928088232,0,3.637701429045861,-3.174728883318897,0.0,-0.9846065381711898,-0.0,0.0,0.17478548277973593
1782096918948121290,0,3.637701429045861,-3.174728883318897,0.0,-0.9861621121447807,-0.0,0.0,0.1657838610062661
1782096918968144445,0,3.637701429045861,-3.174728883318897,0.0,-0.9876142714809222,-0.0,0.0,0.15690140460559118
1782096918988153909,0,3.637701429045861,-3.174728883318897,0.0,-0.9889855164822569,-0.0,0.0,0.14801232444740436
1782096919008088243,0,3.637701429045861,-3.174728883318897,0.0,-0.9902540202201819,-0.0,0.0,0.13927302480296563
1782096919028173408,0,3.637701429045861,-3.174728883318897,0.0,-0.9914356671176843,-0.0,0.0,0.13059601053214573
1782096919048138955,0,3.637701429045861,-3.174728883318897,0.0,-0.992527617799672,-0.0,0.0,0.12202019466017969
1782096919068140087,0,3.637701429045861,-3.174728883318897,0.0,-0.9935618747424687,-0.0,0.0,0.11329078099400178
1782096919088136205,0,3.637701429045861,-3.174728883318897,0.0,-0.9945118065420749,-0.0,0.0,0.10462440751764622
1782096919108161362,0,3.637701429045861,-3.174728883318897,0.0,-0.9953873618353856,-0.0,0.0,0.0959374791121346
1782096919128153744,0,3.637701429045861,-3.174728883318897,0.0,-0.9961857926259627,-0.0,0.0,0.08725747286153984
1782096919148176721,0,3.637701429045861,-3.174728883318897,0.0,-0.9969150841405188,-0.0,0.0,0.07848767427502501
1782096919168135514,0,3.637701429045861,-3.174728883318897,0.0,-0.9975603322419221,-0.0,0.0,0.0698096235298973
1782096919188180156,0,3.637701429045861,-3.174728883318897,0.0,-0.9981323274447713,-0.0,0.0,0.06108892624431825
1782096919208167415,0,3.637701429045861,-3.174728883318897,0.0,-0.9986236340642908,-0.0,0.0,0.052448426937606714
1782096919228138478,0,3.637701429045861,-3.174728883318897,0.0,-0.9990398369463888,-0.0,0.0,0.043811005399703874
1782096919248152918,0,3.637701429045861,-3.174728883318897,0.0,-0.999374938360054,-0.0,0.0,0.03535155693655288
1782096919268161001,0,3.637701429045861,-3.174728883318897,0.0,-0.999641826659841,-0.0,0.0,0.026762256858797375
1782096919288139110,0,3.637701429045861,-3.174728883318897,0.0,-0.9998311909239169,-0.0,0.0,0.01837361302689282
1782096919308246907,0,3.637701429045861,-3.174728883318897,0.0,-0.9999507041859169,-0.0,0.0,0.009929209338556042
1782096919328125237,0,3.637701429045861,-3.174728883318897,0.0,-0.999998751050977,-0.0,0.0,0.0015804735006098012
1782096919348224649,0,3.637701429045861,-3.174728883318897,0.0,-0.999976461520208,0.0,-0.0,-0.006861224783077075
1782096919368145205,0,3.637701429045861,-3.174728883318897,0.0,-0.9998851168341637,0.0,-0.0,-0.015157609756518364
1782096919388150071,0,3.637701429045861,-3.174728883318897,0.0,-0.999724117539555,0.0,-0.0,-0.02348805674716198
1782096919408145106,0,3.637701429045861,-3.174728883318897,0.0,-0.9994938453988521,0.0,-0.0,-0.031812780604900205
1782096919428173083,0,3.637701429045861,-3.174728883318897,0.0,-0.9991884684018429,0.0,-0.0,-0.0402790840608281
1782096919448173726,0,3.637701429045861,-3.174728883318897,0.0,-0.9988245783109148,0.0,-0.0,-0.048471246755405054
1782096919468149049,0,3.637701429045861,-3.174728883318897,0.0,-0.9983867476533542,0.0,-0.0,-0.05677941625411031
1782096919488137539,0,3.637701429045861,-3.174728883318897,0.0,-0.9979008671209129,0.0,-0.0,-0.0647600138922952
1782096919508140501,0,3.637701429045861,-3.174728883318897,0.0,-0.997345678552236,0.0,-0.0,-0.0728120695570457
1782096919528150546,0,3.637701429045861,-3.174728883318897,0.0,-0.996735796862004,0.0,-0.0,-0.08073259102658606
1782096919548194778,0,3.637701429045861,-3.174728883318897,0.0,-0.996056478062309,0.0,-0.0,-0.08872143207877668
1782096919568164090,0,3.637701429045861,-3.174728883318897,0.0,-0.9953092680546406,0.0,-0.0,-0.0967443069360447
1782096919588164721,0,3.637701429045861,-3.174728883318897,0.0,-0.9944961137826778,0.0,-0.0,-0.10477346835507165
1782096919608171092,0,3.637701429045861,-3.174728883318897,0.0,-0.9936179280705497,0.0,-0.0,-0.1127981073280392
1782096919628156983,0,3.637701429045861,-3.174728883318897,0.0,-0.9926687454047213,0.0,-0.0,-0.12086671128402873
1782096919648130877,0,3.637701429045861,-3.174728883318897,0.0,-0.9916456568678127,0.0,-0.0,-0.12899182615656046
1782096919668128531,0,3.637701429045861,-3.174728883318897,0.0,-0.9905725435939773,0.0,-0.0,-0.13698918160846882
1782096919688131454,0,3.637701429045861,-3.174728883318897,0.0,-0.9894259247409514,0.0,-0.0,-0.14503909628273742
1782096919708162977,0,3.637701429045861,-3.174728883318897,0.0,-0.9882213076002729,0.0,-0.0,-0.1530315235655935
1782096919728149605,0,3.637701429045861,-3.174728883318897,0.0,-0.9869550465922919,0.0,-0.0,-0.16099607450496045
1782096919748153282,0,3.637701429045861,-3.174728883318897,0.0,-0.9856234342294333,0.0,-0.0,-0.16895693503901513
1782096919768140725,0,3.637701429045861,-3.174728883318897,0.0,-0.9842287687786723,0.0,-0.0,-0.17690034117666073
1782096919788153258,0,3.637701429045861,-3.174728883318897,0.0,-0.9827682150823129,0.0,-0.0,-0.18484219059490914
1782096919808130754,0,3.637701429045861,-3.174728883318897,0.0,-0.9812597794462011,0.0,-0.0,-0.19268950475101848
1782096919828098809,0,3.637701429045861,-3.174728883318897,0.0,-0.9796894420165904,0.0,-0.0,-0.2005208148826994
1782096919848129565,0,3.637701429045861,-3.174728883318897,0.0,-0.9780242421163963,0.0,-0.0,-0.20849120325003795
1782096919868181543,0,3.637701429045861,-3.174728883318897,0.0,-0.976320536119643,0.0,-0.0,-0.21632894108522066
1782096919888126156,0,3.637701429045861,-3.174728883318897,0.0,-0.9745479996804034,0.0,-0.0,-0.2241789381697677
1782096919908117555,0,3.637701429045861,-3.174728883318897,0.0,-0.9726940492807538,0.0,-0.0,-0.23209111679211386
1782096919928163864,0,3.637701429045861,-3.174728883318897,0.0,-0.9708017707464094,0.0,-0.0,-0.23988314220810947
1782096919948164748,0,3.637701429045861,-3.174728883318897,0.0,-0.9688342349777148,0.0,-0.0,-0.247709961719641
1782096919968133795,0,3.637701429045861,-3.174728883318897,0.0,-0.966806881141033,0.0,-0.0,-0.2555082280051828
1782096919988143764,0,3.637701429045861,-3.174728883318897,0.0,-0.9646966035295481,0.0,-0.0,-0.263363746819022
1782096920008125089,0,3.637701429045861,-3.174728883318897,0.0,-0.9625771177302733,0.0,-0.0,-0.2710079194822164
1782096920028177153,0,3.637701429045861,-3.174728883318897,0.0,-0.9603892357988788,0.0,-0.0,-0.27866200990024736
1782096920048182301,0,3.637701429045861,-3.174728883318897,0.0,-0.9581458244796179,0.0,-0.0,-0.2862805949279016
1782096920068128013,0,3.637701429045861,-3.174728883318897,0.0,-0.9558489115911216,0.0,-0.0,-0.29385856837953206
1782096920088142631,0,3.637701429045861,-3.174728883318897,0.0,-0.9535049339610387,0.0,-0.0,-0.30137740610728475
1782096920108201702,0,3.637701429045861,-3.174728883318897,0.0,-0.9511149966395653,0.0,-0.0,-0.30883695239935205
1782096920128181407,0,3.637701429045861,-3.174728883318897,0.0,-0.9486575465756528,0.0,-0.0,-0.31630500995884187
1782096920148153309,0,3.637701429045861,-3.174728883318897,0.0,-0.94616184915828,0.0,-0.0,-0.3236939220890377
1782096920168219915,0,3.637701429045861,-3.174728883318897,0.0,-0.9435764242062525,0.0,-0.0,-0.33115484547586205
1782096920188229984,0,3.637701429045861,-3.174728883318897,0.0,-0.9409600229739669,0.0,-0.0,-0.3385177028824812
1782096920208234163,0,3.637701429045861,-3.174728883318897,0.0,-0.9383111777259049,0.0,-0.0,-0.34579203830427524
1782096920228286871,0,3.637701429045861,-3.174728883318897,0.0,-0.9355534395118722,0.0,-0.0,-0.35318516647433773
1782096920248223345,0,3.637701429045861,-3.174728883318897,0.0,-0.9327539406768484,0.0,-0.0,-0.36051364211609316
1782096920268173137,0,3.637701429045861,-3.174728883318897,0.0,-0.9299684707536003,0.0,-0.0,-0.36763928435928883
1782096920288143145,0,3.637701429045861,-3.174728883318897,0.0,-0.9271256610570879,0.0,-0.0,-0.37475059520894377
1782096920308164399,0,3.637701429045861,-3.174728883318897,0.0,-0.9242209688818205,0.0,-0.0,-0.3818580897128527
1782096920328162824,0,3.637701429045861,-3.174728883318897,0.0,-0.9212651955780301,0.0,-0.0,-0.3889350066740895
1782096920348170130,0,3.637701429045861,-3.174728883318897,0.0,-0.9183053754328939,0.0,-0.0,-0.39587275411557665
1782096920368165164,0,3.637701429045861,-3.174728883318897,0.0,-0.9153716671325391,0.0,-0.0,-0.4026098744578876
1782096920388151599,0,3.637701429045861,-3.174728883318897,0.0,-0.9123652822055858,0.0,-0.0,-0.40937707779737975
1782096920408129785,0,3.637701429045861,-3.174728883318897,0.0,-0.9093350791710931,0.0,-0.0,-0.4160645548336242
1782096920428152219,0,3.637701429045861,-3.174728883318897,0.0,-0.9062489847172023,0.0,-0.0,-0.4227443408243806
1782096920448179150,0,3.637701429045861,-3.174728883318897,0.0,-0.9031131131032802,0.0,-0.0,-0.42940273047676564
1782096920468182196,0,3.637701429045861,-3.174728883318897,0.0,-0.8999321491908315,0.0,-0.0,-0.43602996095769714
1782096920488178704,0,3.637701429045861,-3.174728883318897,0.0,-0.896703617621109,0.0,-0.0,-0.4426314744177327
1782096920508153221,0,3.637701429045861,-3.174728883318897,0.0,-0.8934302913513572,0.0,-0.0,-0.44920186386059097
1782096920528140412,0,3.637701429045861,-3.174728883318897,0.0,-0.8901067001290974,0.0,-0.0,-0.4557521940542789
1782096920548162294,0,3.637701429045861,-3.174728883318897,0.0,-0.8867291912780569,0.0,-0.0,-0.46228923990869947
1782096920568173730,0,3.637701429045861,-3.174728883318897,0.0,-0.883277328647147,0.0,-0.0,-0.46885089388627577
1782096920588115360,0,3.637701429045861,-3.174728883318897,0.0,-0.8797892063721374,0.0,-0.0,-0.4753640208840847
1782096920608143632,0,3.637701429045861,-3.174728883318897,0.0,-0.8762375900322744,0.0,-0.0,-0.48187932702537856
1782096920628194112,0,3.637701429045861,-3.174728883318897,0.0,-0.8725994320527364,0.0,-0.0,-0.4884365170431486
1782096920648094315,0,3.637701429045861,-3.174728883318897,0.0,-0.868974492143073,0.0,-0.0,-0.49485688032469394
1782096920668092581,0,3.637701429045861,-3.174728883318897,0.0,-0.8652841015206537,0.0,-0.0,-0.5012817806938479
1782096920688122008,0,3.637701429045861,-3.174728883318897,0.0,-0.8615708514790992,0.0,-0.0,-0.5076373389355634
1782096920708139717,0,3.637701429045861,-3.174728883318897,0.0,-0.857782267220259,0.0,-0.0,-0.5140132119337714
1782096920728087950,0,3.637701429045861,-3.174728883318897,0.0,-0.8540273566314843,0.0,-0.0,-0.5202280981694852
1782096920748085891,0,3.637701429045861,-3.174728883318897,0.0,-0.8502494741951202,0.0,-0.0,-0.5263799308778039
1782096920768088211,0,3.637701429045861,-3.174728883318897,0.0,-0.8463944816613531,0.0,-0.0,-0.5325564584278454
1782096920788089421,0,3.637701429045861,-3.174728883318897,0.0,-0.8425271616335905,0.0,-0.0,-0.5386538609437842
1782096920808160700,0,3.637701429045861,-3.174728883318897,0.0,-0.8386404039955516,0.0,-0.0,-0.5446854806089271
1782096920828169350,0,3.637701429045861,-3.174728883318897,0.0,-0.834761358037616,0.0,-0.0,-0.5506119097215344
1782096920848156984,0,3.637701429045861,-3.174728883318897,0.0,-0.8308056396051996,0.0,-0.0,-0.556562655233169
1782096920868230170,0,3.637701429045861,-3.174728883318897,0.0,-0.8267902971014951,0.0,-0.0,-0.5625102706785198
1782096920888132243,0,3.637701429045861,-3.174728883318897,0.0,-0.8228067377182634,0.0,-0.0,-0.5683212756579055
1782096920908129950,0,3.637701429045861,-3.174728883318897,0.0,-0.8186825233807913,0.0,-0.0,-0.5742463982567589
1782096920928184605,0,3.637701429045861,-3.174728883318897,0.0,-0.8144688095506816,0.0,-0.0,-0.5802073407576773
1782096920948189180,0,3.637701429045861,-3.174728883318897,0.0,-0.8101813386377739,0.0,-0.0,-0.5861793228382461
1782096920968183869,0,3.637701429045861,-3.174728883318897,0.0,-0.8058522311003418,0.0,-0.0,-0.5921166959566344
1782096920988179017,0,3.637701429045861,-3.174728883318897,0.0,-0.8014436378812169,0.0,-0.0,-0.598070309662435
1782096921008134597,0,3.637701429045861,-3.174728883318897,0.0,-0.7969999148552624,0.0,-0.0,-0.6039794166366139
1782096921028132355,0,3.637701429045861,-3.174728883318897,0.0,-0.7924604060879739,0.0,-0.0,-0.6099233597616045
1782096921048162628,0,3.637701429045861,-3.174728883318897,0.0,-0.7878690800219889,0.0,-0.0,-0.6158427662523162
1782096921068144320,0,3.637701429045861,-3.174728883318897,0.0,-0.7832883136069475,0.0,-0.0,-0.6216586022623544
1782096921088249448,0,3.637701429045861,-3.174728883318897,0.0,-0.778635921651625,0.0,-0.0,-0.6274759768419222
1782096921108244712,0,3.637701429045861,-3.174728883318897,0.0,-0.7739217842644117,0.0,-0.0,-0.6332811949213314
1782096921128230925,0,3.637701429045861,-3.174728883318897,0.0,-0.7691665295781412,0.0,-0.0,-0.6390483939239018
1782096921148218198,0,3.637701429045861,-3.174728883318897,0.0,-0.7644131478185262,0.0,-0.0,-0.6447267168670553
1782096921168249533,0,3.637701429045861,-3.174728883318897,0.0,-0.7596463123889939,0.0,-0.0,-0.6503364360650594
1782096921188216396,0,3.637701429045861,-3.174728883318897,0.0,-0.7548996858338836,0.0,-0.0,-0.6558402734873057
1782096921208135998,0,3.637701429045861,-3.174728883318897,0.0,-0.7502562724797401,0.0,-0.0,-0.661147128561265
1782096921228142743,0,3.637701429045861,-3.174728883318897,0.0,-0.7455549948561803,0.0,-0.0,-0.6664441084179534
1782096921248135792,0,3.637701429045861,-3.174728883318897,0.0,-0.7409471428892556,0.0,-0.0,-0.6715633487946234
1782096921268222350,0,3.637701429045861,-3.174728883318897,0.0,-0.7362415658822924,0.0,-0.0,-0.676718816545831
1782096921288217069,0,3.637701429045861,-3.174728883318897,0.0,-0.7314741615289564,0.0,-0.0,-0.6818691597480488
1782096921308184855,0,3.637701429045861,-3.174728883318897,0.0,-0.7266772233934934,0.0,-0.0,-0.6869790484440722
1782096921328193963,0,3.637701429045861,-3.174728883318897,0.0,-0.7217445367872481,0.0,-0.0,-0.6921595362470712
1782096921348184239,0,3.637701429045861,-3.174728883318897,0.0,-0.7167796138873284,0.0,-0.0,-0.6972997813821058
1782096921368180739,0,3.637701429045861,-3.174728883318897,0.0,-0.7118256781536718,0.0,-0.0,-0.7023561802398163
1782096921388265173,0,3.637701429045861,-3.174728883318897,0.0,-0.706671962478969,0.0,-0.0,-0.7075413326768427
1782096921408225718,0,3.637701429045861,-3.174728883318897,0.0,-0.7015552896884595,0.0,-0.0,-0.7126150261607889
1782096921428094255,0,3.637701429045861,-3.174728883318897,0.0,-0.6963333422013479,0.0,-0.0,-0.7177185218027333
1782096921448135124,0,3.637701429045861,-3.174728883318897,0.0,-0.6909343278417872,0.0,-0.0,-0.7229175296047383
1782096921468234805,0,3.637701429045861,-3.174728883318897,0.0,-0.6854804827589918,0.0,-0.0,-0.7280910023867206
1782096921488259337,0,3.637701429045861,-3.174728883318897,0.0,-0.6799644618850579,0.0,-0.0,-0.7332450685639582
1782096921508124759,0,3.637701429045861,-3.174728883318897,0.0,-0.6744539779962903,0.0,-0.0,-0.7383168910196892
1782096921528217893,0,3.637701429045861,-3.174728883318897,0.0,-0.6688418478661685,0.0,-0.0,-0.743404723244996
1782096921548219141,0,3.637701429045861,-3.174728883318897,0.0,-0.6632172648971945,0.0,-0.0,-0.7484269233146844
1782096921568123302,0,3.637701429045861,-3.174728883318897,0.0,-0.6575825480333386,0.0,-0.0,-0.7533825008068491
1782096921588162298,0,3.637701429045861,-3.174728883318897,0.0,-0.6518722570241009,0.0,-0.0,-0.7583287944699875
1782096921608219944,0,3.637701429045861,-3.174728883318897,0.0,-0.6461653200820078,0.0,-0.0,-0.7631974705954655
1782096921628251857,0,3.637701429045861,-3.174728883318897,0.0,-0.6404294129255923,0.0,-0.0,-0.7680170356572705
1782096921648225038,0,3.637701429045861,-3.174728883318897,0.0,-0.6347285547644229,0.0,-0.0,-0.7727351821721766
1782096921668248856,0,3.637701429045861,-3.174728883318897,0.0,-0.6290250529507632,0.0,-0.0,-0.7773850286442938
1782096921688252710,0,3.637701429045861,-3.174728883318897,0.0,-0.6233479745051643,0.0,-0.0,-0.7819445649662826
1782096921708127503,0,3.637701429045861,-3.174728883318897,0.0,-0.6176747929483608,0.0,-0.0,-0.7864336273050636
1782096921728181006,0,3.637701429045861,-3.174728883318897,0.0,-0.6119178358647149,0.0,-0.0,-0.7909213375239309
1782096921748156434,0,3.637701429045861,-3.174728883318897,0.0,-0.6061508780405264,0.0,-0.0,-0.7953496797325682
1782096921768233393,0,3.637701429045861,-3.174728883318897,0.0,-0.600370486647174,0.0,-0.0,-0.7997220009247186
1782096921788152333,0,3.637701429045861,-3.174728883318897,0.0,-0.5945563773025163,0.0,-0.0,-0.8040539249384383
1782096921808159232,0,3.637701429045861,-3.174728883318897,0.0,-0.5886285247995011,0.0,-0.0,-0.8084036490469121
1782096921828160284,0,3.637701429045861,-3.174728883318897,0.0,-0.582670597638956,0.0,-0.0,-0.8127084192052287
1782096921848130680,0,3.637701429045861,-3.174728883318897,0.0,-0.576690393989912,0.0,-0.0,-0.8169627834116803
1782096921868230984,0,3.637701429045861,-3.174728883318897,0.0,-0.5706399239488927,0.0,-0.0,-0.8212003879660565
1782096921888126815,0,3.637701429045861,-3.174728883318897,0.0,-0.5646778107836857,0.0,-0.0,-0.8253114381907862
1782096921908259987,0,3.637701429045861,-3.174728883318897,0.0,-0.5585058793327409,0.0,-0.0,-0.8295005622365557
1782096921928205500,0,3.637701429045861,-3.174728883318897,0.0,-0.5523608317263291,0.0,-0.0,-0.833605129287601
1782096921948159705,0,3.637701429045861,-3.174728883318897,0.0,-0.5462330663449844,0.0,-0.0,-0.8376332355102416
1782096921968189910,0,3.637701429045861,-3.174728883318897,0.0,-0.5400524206451784,0.0,-0.0,-0.8416313818740858
1782096921988160364,0,3.637701429045861,-3.174728883318897,0.0,-0.5338104193334373,0.0,-0.0,-0.8456041841258
1782096922008156788,0,3.637701429045861,-3.174728883318897,0.0,-0.5275310200652613,0.0,-0.0,-0.8495357690344209
1782096922028132074,0,3.637701429045861,-3.174728883318897,0.0,-0.5212293492194824,0.0,-0.0,-0.8534166423923516
1782096922048161530,0,3.637701429045861,-3.174728883318897,0.0,-0.514881924364342,0.0,-0.0,-0.8572611060598002
1782096922068099586,0,3.637701429045861,-3.174728883318897,0.0,-0.5085868048429991,0.0,-0.0,-0.8610107211525238
1782096922088126589,0,3.637701429045861,-3.174728883318897,0.0,-0.502236114177315,0.0,-0.0,-0.864730527746113
1782096922108253801,0,3.637701429045861,-3.174728883318897,0.0,-0.49577379992774556,0.0,-0.0,-0.8684516908298375
1782096922128164288,0,3.637701429045861,-3.174728883318897,0.0,-0.48940603338228017,0.0,-0.0,-0.8720560386173715
1782096922148166406,0,3.637701429045861,-3.174728883318897,0.0,-0.4829825781147753,0.0,-0.0,-0.8756299613635916
1782096922168100583,0,3.637701429045861,-3.174728883318897,0.0,-0.4765549764231543,0.0,-0.0,-0.8791446720798158
1782096922188183708,0,3.637701429045861,-3.174728883318897,0.0,-0.47005348585802637,0.0,-0.0,-0.882637932808645
1782096922208224410,0,3.637701429045861,-3.174728883318897,0.0,-0.4636023554602419,0.0,-0.0,-0.8860433714055511
1782096922228137733,0,3.637701429045861,-3.174728883318897,0.0,-0.45710580415900404,0.0,-0.0,-0.8894123249675318
1782096922248155249,0,3.637701429045861,-3.174728883318897,0.0,-0.450496975992899,0.0,-0.0,-0.8927779537047571
1782096922268126988,0,3.637701429045861,-3.174728883318897,0.0,-0.44387856669873527,0.0,-0.0,-0.8960869478044395
1782096922288235760,0,3.637701429045861,-3.174728883318897,0.0,-0.43719019275978843,0.0,-0.0,-0.8993690762721714
1782096922308179025,0,3.637701429045861,-3.174728883318897,0.0,-0.4304158932355238,0.0,-0.0,-0.9026306879617301
1782096922328207699,0,3.637701429045861,-3.174728883318897,0.0,-0.4236425233414815,0.0,-0.0,-0.905829461000724
1782096922348254315,0,3.637701429045861,-3.174728883318897,0.0,-0.4168392830457405,0.0,-0.0,-0.908980204465374
1782096922368103636,0,3.637701429045861,-3.174728883318897,0.0,-0.41014327317454236,0.0,-0.0,-0.9120211047282145
1782096922388181248,0,3.637701429045861,-3.174728883318897,0.0,-0.40328338328898433,0.0,-0.0,-0.9150751405010357
1782096922408129590,0,3.637701429045861,-3.174728883318897,0.0,-0.39662826991025824,0.0,-0.0,-0.9179793110457312
1782096922428196978,0,3.637701429045861,-3.174728883318897,0.0,-0.38991234173273753,0.0,-0.0,-0.9208519782052341
1782096922448085654,0,3.637701429045861,-3.174728883318897,0.0,-0.38323569478716446,0.0,-0.0,-0.9236505844966479
1782096922468098003,0,3.637701429045861,-3.174728883318897,0.0,-0.3765528769350871,0.0,-0.0,-0.9263951267531092
1782096922488246911,0,3.637701429045861,-3.174728883318897,0.0,-0.36974844107631466,0.0,-0.0,-0.929131901465898
1782096922508284682,0,3.637701429045861,-3.174728883318897,0.0,-0.36296181171705555,0.0,-0.0,-0.9318040154641279
1782096922528181005,0,3.637701429045861,-3.174728883318897,0.0,-0.35613891309576595,0.0,-0.0,-0.9344330230567446
1782096922548153263,0,3.637701429045861,-3.174728883318897,0.0,-0.3492146817093976,0.0,-0.0,-0.9370427450648151
1782096922568155099,0,3.637701429045861,-3.174728883318897,0.0,-0.3423174127614957,0.0,-0.0,-0.9395843703043787
1782096922588179193,0,3.637701429045861,-3.174728883318897,0.0,-0.33527132102128665,0.0,-0.0,-0.9421216170434905
1782096922608276882,0,3.637701429045861,-3.174728883318897,0.0,-0.3282468711099047,0.0,-0.0,-0.9445919709623609
1782096922628248346,0,3.637701429045861,-3.174728883318897,0.0,-0.32124850923105974,0.0,-0.0,-0.9469949288759797
1782096922648127146,0,3.637701429045861,-3.174728883318897,0.0,-0.31419909956625935,0.0,-0.0,-0.9493571118560981
1782096922668195788,0,3.637701429045861,-3.174728883318897,0.0,-0.30713159921321853,0.0,-0.0,-0.9516670535248821
1782096922688242998,0,3.637701429045861,-3.174728883318897,0.0,-0.29993038840816555,0.0,-0.0,-0.9539610904587917
1782096922708138374,0,3.637701429045861,-3.174728883318897,0.0,-0.29276677936794554,0.0,-0.0,-0.9561838802754001
1782096922728179048,0,3.637701429045861,-3.174728883318897,0.0,-0.2856590423409368,0.0,-0.0,-0.9583313161578614
1782096922748131108,0,3.637701429045861,-3.174728883318897,0.0,-0.2784425312330143,0.0,-0.0,-0.9604528915051231
1782096922768098206,0,3.637701429045861,-3.174728883318897,0.0,-0.271204809248443,0.0,-0.0,-0.962521662842201
1782096922788162978,0,3.637701429045861,-3.174728883318897,0.0,-0.26384846500500225,0.0,-0.0,-0.9645641438051199
1782096922808161408,0,3.637701429045861,-3.174728883318897,0.0,-0.2565687922029634,0.0,-0.0,-0.9665259721639727
1782096922828133062,0,3.637701429045861,-3.174728883318897,0.0,-0.2492843112965874,0.0,-0.0,-0.9684303444963845
1782096922848128807,0,3.637701429045861,-3.174728883318897,0.0,-0.24190898041202008,0.0,-0.0,-0.9702989463026418
1782096922868254292,0,3.637701429045861,-3.174728883318897,0.0,-0.23459882291753742,0.0,-0.0,-0.9720922756023247
1782096922888222056,0,3.637701429045861,-3.174728883318897,0.0,-0.22727448285703436,0.0,-0.0,-0.9738307396267935
1782096922908128617,0,3.637701429045861,-3.174728883318897,0.0,-0.21989180521551616,0.0,-0.0,-0.9755242662276841
1782096922928133582,0,3.637701429045861,-3.174728883318897,0.0,-0.21265540223699544,0.0,-0.0,-0.97712725880482
1782096922948092831,0,3.637701429045861,-3.174728883318897,0.0,-0.20542389358684784,0.0,-0.0,-0.9786730935014099
1782096922968132944,0,3.637701429045861,-3.174728883318897,0.0,-0.19808303513703804,0.0,-0.0,-0.9801852433039884
1782096922988157195,0,3.637701429045861,-3.174728883318897,0.0,-0.19093343576322627,0.0,-0.0,-0.9816029865009834
1782096923008183684,0,3.637701429045861,-3.174728883318897,0.0,-0.18377289195556276,0.0,-0.0,-0.9829687300124501
1782096923028182289,0,3.637701429045861,-3.174728883318897,0.0,-0.1766125729407632,0.0,-0.0,-0.9842804473722129
1782096923048152622,0,3.637701429045861,-3.174728883318897,0.0,-0.16938415123484135,0.0,-0.0,-0.985550104921334
1782096923068218562,0,3.637701429045861,-3.174728883318897,0.0,-0.16205253376324655,0.0,-0.0,-0.9867821321350078
1782096923088136544,0,3.637701429045861,-3.174728883318897,0.0,-0.15476611773754342,0.0,-0.0,-0.9879511368486039
1782096923108156968,0,3.637701429045861,-3.174728883318897,0.0,-0.14736442712119865,0.0,-0.0,-0.9890822643335796
1782096923128122439,0,3.637701429045861,-3.174728883318897,0.0,-0.13991551789757461,0.0,-0.0,-0.9901634450187774
1782096923148220211,0,3.637701429045861,-3.174728883318897,0.0,-0.1324690056089391,0.0,-0.0,-0.9911871480971587
1782096923168206966,0,3.637701429045861,-3.174728883318897,0.0,-0.12499671393035329,0.0,-0.0,-0.9921571556495541
1782096923188164634,0,3.637701429045861,-3.174728883318897,0.0,-0.117528215239332,0.0,-0.0,-0.993069543699059
1782096923208158838,0,3.637701429045861,-3.174728883318897,0.0,-0.11003937275245403,0.0,-0.0,-0.9939272289479982
1782096923228097703,0,3.637701429045861,-3.174728883318897,0.0,-0.10249561286337741,0.0,-0.0,-0.9947334564312998
1782096923248133219,0,3.637701429045861,-3.174728883318897,0.0,-0.09484950805558387,0.0,-0.0,-0.995491622677767
1782096923268249302,0,3.637701429045861,-3.174728883318897,0.0,-0.08716702374861816,0.0,-0.0,-0.9961937110676858
1782096923288223370,0,3.637701429045861,-3.174728883318897,0.0,-0.07959337482762129,0.0,-0.0,-0.9968274146930098
1782096923308279553,0,3.637701429045861,-3.174728883318897,0.0,-0.07205397884196589,0.0,-0.0,-0.9974007339745853
1782096923328227059,0,3.637701429045861,-3.174728883318897,0.0,-0.06455134927829409,0.0,-0.0,-0.9979143867618864
1782096923348233708,0,3.637701429045861,-3.174728883318897,0.0,-0.05715263976006129,0.0,-0.0,-0.9983654520106636
1782096923368251985,0,3.637701429045861,-3.174728883318897,0.0,-0.049616528954416275,0.0,-0.0,-0.9987683415359718
1782096923388234134,0,3.637701429045861,-3.174728883318897,0.0,-0.04215109348362355,0.0,-0.0,-0.9991112477187587
1782096923408227974,0,3.637701429045861,-3.174728883318897,0.0,-0.03467893405730997,0.0,-0.0,-0.9993985048681275
1782096923428248730,0,3.637701429045861,-3.174728883318897,0.0,-0.027194772674829643,0.0,-0.0,-0.9996301537764677
1782096923448252955,0,3.637701429045861,-3.174728883318897,0.0,-0.019785269395668475,0.0,-0.0,-0.9998042523989088
1782096923468140106,0,3.637701429045861,-3.174728883318897,0.0,-0.012288795143458988,0.0,-0.0,-0.9999244899060739
1782096923488168357,0,3.637701429045861,-3.174728883318897,0.0,-0.004738436021966026,0.0,-0.0,-0.9999887735490163
1782096923508095075,0,3.637701429045861,-3.174728883318897,0.0,0.00277391545540423,0.0,0.0,-0.9999961526891222
1782096923528128603,0,3.637701429045861,-3.174728883318897,0.0,0.010396488895665072,0.0,0.0,-0.9999459550488928
1782096923548157163,0,3.637701429045861,-3.174728883318897,0.0,0.01801656821893515,0.0,0.0,-0.9998376884622886
1782096923568125737,0,3.637701429045861,-3.174728883318897,0.0,0.025612784010254214,0.0,0.0,-0.9996719388355583
1782096923588273176,0,3.637701429045861,-3.174728883318897,0.0,0.033275541694382356,0.0,0.0,-0.9994462158240159
1782096923608254934,0,3.637701429045861,-3.174728883318897,0.0,0.04087335495892842,0.0,0.0,-0.9991643352594214
1782096923628225471,0,3.637701429045861,-3.174728883318897,0.0,0.048594196574925294,0.0,0.0,-0.9988186041815789
1782096923648189805,0,3.637701429045861,-3.174728883318897,0.0,0.05630973886264909,0.0,0.0,-0.9984133479222022
1782096923668139698,0,3.637701429045861,-3.174728883318897,0.0,0.06401634260392293,0.0,0.0,-0.9979488503323289
1782096923688214688,0,3.637701429045861,-3.174728883318897,0.0,0.07169733711928711,0.0,0.0,-0.9974264343048079
1782096923708097284,0,3.637701429045861,-3.174728883318897,0.0,0.07924107106766158,0.0,0.0,-0.9968554823323438
1782096923728135107,0,3.637701429045861,-3.174728883318897,0.0,0.08689899728355305,0.0,0.0,-0.9962171270717609
1782096923748224737,0,3.637701429045861,-3.174728883318897,0.0,0.09457157095461781,0.0,0.0,-0.9955180651134241
1782096923768126997,0,3.637701429045861,-3.174728883318897,0.0,0.10210765605986441,0.0,0.0,-0.9947733543747341
1782096923788142277,0,3.637701429045861,-3.174728883318897,0.0,0.10980994394142037,0.0,0.0,-0.9939526025981229
1782096923808130058,0,3.637701429045861,-3.174728883318897,0.0,0.11749507495696514,0.0,0.0,-0.9930734652385276
1782096923828170229,0,3.637701429045861,-3.174728883318897,0.0,0.12519329119775227,0.0,0.0,-0.9921323701195697
1782096923848132162,0,3.637701429045861,-3.174728883318897,0.0,0.1328539676401286,0.0,0.0,-0.9911356230517979
1782096923868246179,0,3.637701429045861,-3.174728883318897,0.0,0.14063468785987268,0.0,0.0,-0.9900615559502127
1782096923888158972,0,3.637701429045861,-3.174728883318897,0.0,0.1482600991171385,0.0,0.0,-0.9889484026023685
1782096923908233845,0,3.637701429045861,-3.174728883318897,0.0,0.1560675529168527,0.0,0.0,-0.9877463839096275
1782096923928095730,0,3.637701429045861,-3.174728883318897,0.0,0.1637825894560786,0.0,0.0,-0.9864964588841977
1782096923948159415,0,3.637701429045861,-3.174728883318897,0.0,0.17143737107812557,0.0,0.0,-0.985195020185253
1782096923968186171,0,3.637701429045861,-3.174728883318897,0.0,0.17913671688383828,0.0,0.0,-0.9838241899161047
1782096923988217932,0,3.637701429045861,-3.174728883318897,0.0,0.18682702688942207,0.0,0.0,-0.9823928247008216
1782096924008249151,0,3.637701429045861,-3.174728883318897,0.0,0.19443692636072593,0.0,0.0,-0.9809150226535394
1782096924028226421,0,3.637701429045861,-3.174728883318897,0.0,0.20201469348730977,0.0,0.0,-0.9793824909682776
1782096924048232688,0,3.637701429045861,-3.174728883318897,0.0,0.20959135855617922,0.0,0.0,-0.9777890684695627
1782096924068249468,0,3.637701429045861,-3.174728883318897,0.0,0.2171594311446651,0.0,0.0,-0.9761361490411701
1782096924088132572,0,3.637701429045861,-3.174728883318897,0.0,0.224664062626753,0.0,0.0,-0.9744362775287271
1782096924108221979,0,3.637701429045861,-3.174728883318897,0.0,0.23216465831281735,0.0,0.0,-0.9726764988579156
1782096924128221448,0,3.637701429045861,-3.174728883318897,0.0,0.23968594545262661,0.0,0.0,-0.9708504764135827
1782096924148254349,0,3.637701429045861,-3.174728883318897,0.0,0.24720541106058813,0.0,0.0,-0.9689630977196013
1782096924168246768,0,3.637701429045861,-3.174728883318897,0.0,0.2547625341545143,0.0,0.0,-0.9670036459037629
1782096924188132340,0,3.637701429045861,-3.174728883318897,0.0,0.2622638665476762,0.0,0.0,-0.9649961991134798
1782096924208264808,0,3.637701429045861,-3.174728883318897,0.0,0.2697743714295057,0.0,0.0,-0.9629235631761304
1782096924228096157,0,3.637701429045861,-3.174728883318897,0.0,0.27728038584163817,0.0,0.0,-0.9607890442899066
1782096924248132004,0,3.637701429045861,-3.174728883318897,0.0,0.2848466521340065,0.0,0.0,-0.9585730982914388
1782096924268211041,0,3.637701429045861,-3.174728883318897,0.0,0.2923538605234991,0.0,0.0,-0.956310211300186
1782096924288139273,0,3.637701429045861,-3.174728883318897,0.0,0.2998439493164387,0.0,0.0,-0.9539882630610929
1782096924308166270,0,3.637701429045861,-3.174728883318897,0.0,0.30729540971742725,0.0,0.0,-0.9516141713775591
1782096924328176791,0,3.637701429045861,-3.174728883318897,0.0,0.31465548995431164,0.0,0.0,-0.9492059432186527
1782096924348219984,0,3.637701429045861,-3.174728883318897,0.0,0.32200867081847423,0.0,0.0,-0.9467367194303385
1782096924368164345,0,3.637701429045861,-3.174728883318897,0.0,0.32930636321132334,0.0,0.0,-0.94422312995845
1782096924388236522,0,3.637701429045861,-3.174728883318897,0.0,0.33669716751613826,0.0,0.0,-0.94161298705286
1782096924408226419,0,3.637701429045861,-3.174728883318897,0.0,0.34397142257623187,0.0,0.0,-0.9389801171754828
1782096924428139857,0,3.637701429045861,-3.174728883318897,0.0,0.3512626442394683,0.0,0.0,-0.9362769647715876
1782096924448165545,0,3.637701429045861,-3.174728883318897,0.0,0.35857354451997847,0.0,0.0,-0.9335014800043859
1782096924468098979,0,3.637701429045861,-3.174728883318897,0.0,0.36569912396638504,0.0,0.0,-0.9307331254071806
1782096924488094682,0,3.637701429045861,-3.174728883318897,0.0,0.3728254913522242,0.0,0.0,-0.9279014780664877
1782096924508140230,0,3.637701429045861,-3.174728883318897,0.0,0.38001251427307925,0.0,0.0,-0.9249813452150549
1782096924528096842,0,3.637701429045861,-3.174728883318897,0.0,0.387144933830897,0.0,0.0,-0.9220188719375924
1782096924548142222,0,3.637701429045861,-3.174728883318897,0.0,0.3942858315212086,0.0,0.0,-0.9189878579511424
1782096924568197057,0,3.637701429045861,-3.174728883318897,0.0,0.40140635265973107,0.0,0.0,-0.9159000709926883
1782096924588178846,0,3.637701429045861,-3.174728883318897,0.0,0.4085407267660629,0.0,0.0,-0.9127400914682433
1782096924608126959,0,3.637701429045861,-3.174728883318897,0.0,0.4155747630452584,0.0,0.0,-0.9095590229995397
1782096924628131786,0,3.637701429045861,-3.174728883318897,0.0,0.42266738110454205,0.0,0.0,-0.9062848806805881
1782096924648127054,0,3.637701429045861,-3.174728883318897,0.0,0.42966764188766715,0.0,0.0,-0.9029871081663854
1782096924668153720,0,3.637701429045861,-3.174728883318897,0.0,0.43665310608068864,0.0,0.0,-0.8996299600113854
1782096924688202572,0,3.637701429045861,-3.174728883318897,0.0,0.4436829241194983,0.0,0.0,-0.8961838331752987
1782096924708142935,0,3.637701429045861,-3.174728883318897,0.0,0.45052311815618457,0.0,0.0,-0.8927647618532155
1782096924728150695,0,3.637701429045861,-3.174728883318897,0.0,0.45748449479884434,0.0,0.0,-0.8892175982393995
1782096924748235168,0,3.637701429045861,-3.174728883318897,0.0,0.4644444748414288,0.0,0.0,-0.8856022412964352
1782096924768131111,0,3.637701429045861,-3.174728883318897,0.0,0.4712495380385095,0.0,0.0,-0.8819999279469877
1782096924788128569,0,3.637701429045861,-3.174728883318897,0.0,0.47812264365013485,0.0,0.0,-0.8782930818519558
1782096924808132047,0,3.637701429045861,-3.174728883318897,0.0,0.4848461886158038,0.0,0.0,-0.874599435961817
1782096924828093905,0,3.637701429045861,-3.174728883318897,0.0,0.49158814345613877,0.0,0.0,-0.8708278229439771
1782096924848134344,0,3.637701429045861,-3.174728883318897,0.0,0.49826631399313925,0.0,0.0,-0.8670240367715825
1782096924868234546,0,3.637701429045861,-3.174728883318897,0.0,0.5049348364923195,0.0,0.0,-0.8631574658754186
1782096924888145586,0,3.637701429045861,-3.174728883318897,0.0,0.5115709026016294,0.0,0.0,-0.8592410672281406
1782096924908099346,0,3.637701429045861,-3.174728883318897,0.0,0.5182504628908718,0.0,0.0,-0.8552288920010812
1782096924928243647,0,3.637701429045861,-3.174728883318897,0.0,0.5249618886199567,0.0,0.0,-0.8511257342464557
1782096924948162824,0,3.637701429045861,-3.174728883318897,0.0,0.531616984723155,0.0,0.0,-0.8469848768153188
1782096924968160939,0,3.637701429045861,-3.174728883318897,0.0,0.5381560434012266,0.0,0.0,-0.8428452247896627
1782096924988169157,0,3.637701429045861,-3.174728883318897,0.0,0.5446074167928068,0.0,0.0,-0.8386911002116727
1782096925008239658,0,3.637701429045861,-3.174728883318897,0.0,0.5511638901612936,0.0,0.0,-0.8343970075343448
1782096925028159240,0,3.637701429045861,-3.174728883318897,0.0,0.557521838327685,0.0,0.0,-0.830162273165746
1782096925048095279,0,3.637701429045861,-3.174728883318897,0.0,0.5638524638082137,0.0,0.0,-0.8258755348461456
1782096925068133836,0,3.637701429045861,-3.174728883318897,0.0,0.5701824294142714,0.0,0.0,-0.8215181052096414
1782096925088094067,0,3.637701429045861,-3.174728883318897,0.0,0.5763481572791922,0.0,0.0,-0.8172042594118557
1782096925108178621,0,3.637701429045861,-3.174728883318897,0.0,0.5825193463405791,0.0,0.0,-0.8128168373864707
1782096925128131688,0,3.637701429045861,-3.174728883318897,0.0,0.5886170650492499,0.0,0.0,-0.8084119931896157
1782096925148134693,0,3.637701429045861,-3.174728883318897,0.0,0.59469661273927,0.0,0.0,-0.8039502091525561
1782096925168130239,0,3.637701429045861,-3.174728883318897,0.0,0.6007960398347253,0.0,0.0,-0.7994023508339909
1782096925188162795,0,3.637701429045861,-3.174728883318897,0.0,0.6069196467510433,0.0,0.0,-0.7947631989388971
1782096925208130462,0,3.637701429045861,-3.174728883318897,0.0,0.6129404415505105,0.0,0.0,-0.790129112937794
1782096925228097043,0,3.637701429045861,-3.174728883318897,0.0,0.6190274626832238,0.0,0.0,-0.7853693401476594
1782096925248129267,0,3.637701429045861,-3.174728883318897,0.0,0.6251989818320393,0.0,0.0,-0.7804653952073605
1782096925268141002,0,3.637701429045861,-3.174728883318897,0.0,0.6312245189512227,0.0,0.0,-0.7756001590219006
1782096925288192994,0,3.637701429045861,-3.174728883318897,0.0,0.6372242035565141,0.0,0.0,-0.7706784766695942
1782096925308177866,0,3.637701429045861,-3.174728883318897,0.0,0.6432650890538462,0.0,0.0,-0.7656435366438793
1782096925328252779,0,3.637701429045861,-3.174728883318897,0.0,0.6492931403001564,0.0,0.0,-0.760538242272643
1782096925348191319,0,3.637701429045861,-3.174728883318897,0.0,0.6551949507050306,0.0,0.0,-0.7554598444461708
1782096925368181043,0,3.637701429045861,-3.174728883318897,0.0,0.6610720393064478,0.0,0.0,-0.7503224365879074
1782096925388144180,0,3.637701429045861,-3.174728883318897,0.0,0.6668490445390436,0.0,0.0,-0.7451928286003325
1782096925408195123,0,3.637701429045861,-3.174728883318897,0.0,0.6725149436079173,0.0,0.0,-0.7400835430031124
1782096925428154008,0,3.637701429045861,-3.174728883318897,0.0,0.6780206007424686,0.0,0.0,-0.73504290008735
1782096925448171491,0,3.637701429045861,-3.174728883318897,0.0,0.6835044757518538,0.0,0.0,-0.7299463210587361
1782096925468157977,0,3.637701429045861,-3.174728883318897,0.0,0.6887967595689504,0.0,0.0,-0.7249544978874974
1782096925488177961,0,3.637701429045861,-3.174728883318897,0.0,0.694018126684018,0.0,0.0,-0.7199575264097225
1782096925508166694,0,3.637701429045861,-3.174728883318897,0.0,0.6991951780405838,0.0,0.0,-0.7149308379170648
1782096925528268003,0,3.637701429045861,-3.174728883318897,0.0,0.7044074756783436,0.0,0.0,-0.7097958214926767
1782096925548155302,0,3.637701429045861,-3.174728883318897,0.0,0.709618255918208,0.0,0.0,-0.7045863544432297
1782096925568130880,0,3.637701429045861,-3.174728883318897,0.0,0.7148133835758234,0.0,0.0,-0.6993152555613833
1782096925588134461,0,3.637701429045861,-3.174728883318897,0.0,0.7200251455348616,0.0,0.0,-0.6939479734083106
1782096925608163599,0,3.637701429045861,-3.174728883318897,0.0,0.7252445596775547,0.0,0.0,-0.6884913424714284
1782096925628224596,0,3.637701429045861,-3.174728883318897,0.0,0.7304787786422,0.0,0.0,-0.6829353951534507
1782096925648228893,0,3.637701429045861,-3.174728883318897,0.0,0.7356964715127766,0.0,0.0,-0.6773113772879135
1782096925668233565,0,3.637701429045861,-3.174728883318897,0.0,0.7409179866502337,0.0,0.0,-0.6715955159604359
1782096925688222575,0,3.637701429045861,-3.174728883318897,0.0,0.746091058857082,0.0,0.0,-0.66584392457506
1782096925708241761,0,3.637701429045861,-3.174728883318897,0.0,0.7512271919866571,0.0,0.0,-0.660043715233955
1782096925728250763,0,3.637701429045861,-3.174728883318897,0.0,0.7563156563789757,0.0,0.0,-0.654206869358645
1782096925748250038,0,3.637701429045861,-3.174728883318897,0.0,0.761356330598231,0.0,0.0,-0.6483336624439587
1782096925768249346,0,3.637701429045861,-3.174728883318897,0.0,0.7663963717930764,0.0,0.0,-0.6423679641003345
1782096925788205789,0,3.637701429045861,-3.174728883318897,0.0,0.7712520035863367,0.0,0.0,-0.6365299262124768
1782096925808262851,0,3.637701429045861,-3.174728883318897,0.0,0.7761252538487735,0.0,0.0,-0.630578774094226
1782096925828255984,0,3.637701429045861,-3.174728883318897,0.0,0.7809372716584818,0.0,0.0,-0.6246094601705986
1782096925848237584,0,3.637701429045861,-3.174728883318897,0.0,0.7856202919112847,0.0,0.0,-0.6187089436376589
1782096925868246930,0,3.637701429045861,-3.174728883318897,0.0,0.7902651404609242,0.0,0.0,-0.6127650510369171
1782096925888247277,0,3.637701429045861,-3.174728883318897,0.0,0.7947840700612457,0.0,0.0,-0.6068923149759607
1782096925908257394,0,3.637701429045861,-3.174728883318897,0.0,0.7993036220304153,0.0,0.0,-0.6009273831413069
1782096925928255171,0,3.637701429045861,-3.174728883318897,0.0,0.8037340191034984,0.0,0.0,-0.5949887616886032
1782096925948253983,0,3.637701429045861,-3.174728883318897,0.0,0.8081205205498139,0.0,0.0,-0.5890171680573478
1782096925968167982,0,3.637701429045861,-3.174728883318897,0.0,0.8124849699685973,0.0,0.0,-0.582982138298531
1782096925988156169,0,3.637701429045861,-3.174728883318897,0.0,0.8167050309638548,0.0,0.0,-0.5770553633736792
1782096926008162100,0,3.637701429045861,-3.174728883318897,0.0,0.8209598050052062,0.0,0.0,-0.5709859880643429
1782096926028159855,0,3.637701429045861,-3.174728883318897,0.0,0.8250943298134865,0.0,0.0,-0.5649949972430142
1782096926048153114,0,3.637701429045861,-3.174728883318897,0.0,0.8292233343910591,0.0,0.0,-0.5589174015016652
1782096926068094590,0,3.637701429045861,-3.174728883318897,0.0,0.8333301232654017,0.0,0.0,-0.5527756377215538
1782096926088126583,0,3.637701429045861,-3.174728883318897,0.0,0.837267388393089,0.0,0.0,-0.5467936725433244
1782096926108190372,0,3.637701429045861,-3.174728883318897,0.0,0.8410973287812753,0.0,0.0,-0.5408837985344018
1782096926128101490,0,3.637701429045861,-3.174728883318897,0.0,0.8448568871989718,0.0,0.0,-0.5349923739199128
1782096926148154846,0,3.637701429045861,-3.174728883318897,0.0,0.8485326284576358,0.0,0.0,-0.5291430604692609
1782096926168159305,0,3.637701429045861,-3.174728883318897,0.0,0.8519862902322799,0.0,0.0,-0.5235640946973324
1782096926188162939,0,3.637701429045861,-3.174728883318897,0.0,0.8551647348529622,0.0,0.0,-0.518356321716889
1782096926208245595,0,3.637701429045861,-3.174728883318897,0.0,0.8581897254249008,0.0,0.0,-0.5133326359926216
1782096926228139553,0,3.637701429045861,-3.174728883318897,0.0,0.8610206416693097,0.0,0.0,-0.5085700095555874
1782096926248223952,0,3.637701429045861,-3.174728883318897,0.0,0.8635532303647646,0.0,0.0,-0.5042576903990457
1782096926268157812,0,3.637701429045861,-3.174728883318897,0.0,0.8658859774521285,0.0,0.0,-0.500241415770198
1782096926288140467,0,3.637701429045861,-3.174728883318897,0.0,0.8658859774521285,0.0,0.0,-0.500241415770198
1782096926308094739,0,3.6377344345761347,-3.174786136244434,0.0,0.8658406478368504,0.0,0.0,-0.500319870236495
1782096926328137241,0,3.63776767361957,-3.1748438183632666,0.0,0.8657954055316002,0.0,0.0,-0.5003981572311913
1782096926348187210,0,3.63776767361957,-3.1748438183632666,0.0,0.8657954055316002,0.0,0.0,-0.5003981572311913
1782096926368239580,0,3.637784405283851,-3.1748728630945537,0.0,0.8657731002812643,0.0,0.0,-0.5004367480804821
1782096926388157836,0,3.637801180584495,-3.1749019894907584,0.0,0.8657514388600827,0.0,0.0,-0.5004742212259256
1782096926408168976,0,3.637767067118896,-3.1748427650381292,0.0,0.8657936455614852,0.0,0.0,-0.5004012023420341
1782096926428250438,0,3.6377497037569553,-3.174812629182478,0.0,0.8658139900361438,0.0,0.0,-0.500366000701179
1782096926448172200,0,3.6377321938607845,-3.174782244547315,0.0,0.8658331456571993,0.0,0.0,-0.5003328530901796
1782096926468171889,0,3.637750083288829,-3.1748132876138757,0.0,0.8658151337935226,0.0,0.0,-0.500364021582392
1782096926488190885,0,3.637750083288829,-3.1748132876138757,0.0,0.8658151337935226,0.0,0.0,-0.500364021582392
1782096926508187965,0,3.637750083288829,-3.1748132876138757,0.0,0.8658151337935226,0.0,0.0,-0.500364021582392
1782096926528242733,0,3.637750083288829,-3.1748132876138757,0.0,0.8658151337935226,0.0,0.0,-0.500364021582392
1782096926548209587,0,3.637750083288829,-3.1748132876138757,0.0,0.8658151337935226,0.0,0.0,-0.500364021582392
1782096926568217255,0,3.637750083288829,-3.1748132876138757,0.0,0.8658151337935226,0.0,0.0,-0.500364021582392
1782096926588218354,0,3.637750083288829,-3.1748132876138757,0.0,0.8658151337935226,0.0,0.0,-0.500364021582392
1782096926608223679,0,3.637750083288829,-3.1748132876138757,0.0,0.8658151337935226,0.0,0.0,-0.500364021582392
1782096926628220917,0,3.637750083288829,-3.1748132876138757,0.0,0.8658151337935226,0.0,0.0,-0.500364021582392
1782096926648248750,0,3.637750083288829,-3.1748132876138757,0.0,0.8658151337935226,0.0,0.0,-0.500364021582392
1782096926668243700,0,3.637750083288829,-3.1748132876138757,0.0,0.8658151337935226,0.0,0.0,-0.500364021582392
1782096926688220705,0,3.637750083288829,-3.1748132876138757,0.0,0.8658151337935226,0.0,0.0,-0.500364021582392
1782096926708222467,0,3.6377700515882165,-3.174847941110348,0.0,0.8658142959196573,0.0,0.0,-0.5003654714117952
1782096926728253805,0,3.6377700515882165,-3.174847941110348,0.0,0.8658142959196573,0.0,0.0,-0.5003654714117952
1782096926748258099,0,3.6377700515882165,-3.174847941110348,0.0,0.8658142959196573,0.0,0.0,-0.5003654714117952
1782096926768155906,0,3.6377700515882165,-3.174847941110348,0.0,0.8658142959196573,0.0,0.0,-0.5003654714117952
1782096926788095117,0,3.6377700515882165,-3.174847941110348,0.0,0.8658142959196573,0.0,0.0,-0.5003654714117952
1782096926808189571,0,3.6377700515882165,-3.174847941110348,0.0,0.8658142959196573,0.0,0.0,-0.5003654714117952
1782096926828218441,0,3.6377700515882165,-3.174847941110348,0.0,0.8658142959196573,0.0,0.0,-0.5003654714117952
1782096926848236872,0,3.6377700515882165,-3.174847941110348,0.0,0.8658142959196573,0.0,0.0,-0.5003654714117952
1782096926868254917,0,3.6377700515882165,-3.174847941110348,0.0,0.8658142959196573,0.0,0.0,-0.5003654714117952
1782096926888226843,0,3.6377700515882165,-3.174847941110348,0.0,0.8658142959196573,0.0,0.0,-0.5003654714117952
1782096926908232452,0,3.6377700515882165,-3.174847941110348,0.0,0.8658142959196573,0.0,0.0,-0.5003654714117952
1782096926928232275,0,3.6377700515882165,-3.174847941110348,0.0,0.8658142959196573,0.0,0.0,-0.5003654714117952
1782096926948246654,0,3.637790036698743,-3.1748826239155536,0.0,0.8658142959196573,0.0,0.0,-0.5003654714117952
1782096926968249335,0,3.6378100101283732,-3.174917286449357,0.0,0.8658142959196573,0.0,0.0,-0.5003654714117952
1782096926988229619,0,3.637889814389901,-3.1750557813380254,0.0,0.8658142959196573,0.0,0.0,-0.5003654714117952
1782096927008222634,0,3.6380295608319284,-3.175298301819509,0.0,0.8658142959196573,0.0,0.0,-0.5003654714117952
1782096927028268942,0,3.638249747741407,-3.1756804212819367,0.0,0.8658142959196573,0.0,0.0,-0.5003654714117952
1782096927048248358,0,3.63856895091983,-3.176234376770164,0.0,0.8658142959196573,0.0,0.0,-0.5003654714117952
1782096927068253113,0,3.6390483629155406,-3.177066363805696,0.0,0.8658142959196573,0.0,0.0,-0.5003654714117952
1782096927088244562,0,3.63964722929536,-3.178105655831087,0.0,0.8658142959196573,0.0,0.0,-0.5003654714117952
1782096927108249883,0,3.6404063197341068,-3.1794230058546247,0.0,0.8658142959196573,0.0,0.0,-0.5003654714117952
1782096927128256517,0,3.6413852111275973,-3.181121805542284,0.0,0.8658142959196573,0.0,0.0,-0.5003654714117952
1782096927148260718,0,3.6425637329757614,-3.1831670503578624,0.0,0.8658142959196573,0.0,0.0,-0.5003654714117952
1782096927168217587,0,3.6438988878153826,-3.18548412111731,0.0,0.8658142959196573,0.0,0.0,-0.5003654714117952
1782096927188227377,0,3.645427398124053,-3.1881367471923094,0.0,0.8658142959196573,0.0,0.0,-0.5003654714117952
1782096927208249294,0,3.6471567611152893,-3.1911379394889194,0.0,0.8658142959196573,0.0,0.0,-0.5003654714117952
1782096927228133728,0,3.649072802871603,-3.194463100133722,0.0,0.8658142959196573,0.0,0.0,-0.5003654714117952
1782096927248268955,0,3.651133645390017,-3.198039552690035,0.0,0.8658142959196573,0.0,0.0,-0.5003654714117952
1782096927268265443,0,3.653340025941843,-3.2018685766422617,0.0,0.8658142959196573,0.0,0.0,-0.5003654714117952
1782096927288227377,0,3.6556821230351226,-3.2059331274565817,0.0,0.8658142959196573,0.0,0.0,-0.5003654714117952
1782096927308259102,0,3.6581324207830783,-3.2101854531758334,0.0,0.8658142959196573,0.0,0.0,-0.5003654714117952
1782096927328229306,0,3.6606748981304453,-3.214597750344159,0.0,0.8658142959196573,0.0,0.0,-0.5003654714117952
1782096927348156547,0,3.6632914982635527,-3.2191386825848745,0.0,0.8658142959196573,0.0,0.0,-0.5003654714117952
1782096927368097105,0,3.6660293153458583,-3.2238899786277453,0.0,0.8658142959196573,0.0,0.0,-0.5003654714117952
1782096927388096801,0,3.6687752520117116,-3.2286553656577133,0.0,0.8658142959196573,0.0,0.0,-0.5003654714117952
1782096927408098038,0,3.6716012880666686,-3.233559759750244,0.0,0.8658142959196573,0.0,0.0,-0.5003654714117952
1782096927428157379,0,3.6745256688734167,-3.238634824496074,0.0,0.8658142959196573,0.0,0.0,-0.5003654714117952
1782096927448096595,0,3.6775320872662403,-3.2438522599139907,0.0,0.8658142959196573,0.0,0.0,-0.5003654714117952
1782096927468107391,0,3.68066918786572,-3.249296485447075,0.0,0.8658142959196573,0.0,0.0,-0.5003654714117952
1782096927488095364,0,3.683922462892664,-3.254942323827501,0.0,0.8658142959196573,0.0,0.0,-0.5003654714117952
1782096927508197520,0,3.6872746134270167,-3.2607597539516298,0.0,0.8658142959196573,0.0,0.0,-0.5003654714117952
1782096927528251885,0,3.690738944703958,-3.2667718661536216,0.0,0.8658142959196573,0.0,0.0,-0.5003654714117952
1782096927548221941,0,3.694368179583645,-3.2730701573849763,0.0,0.8658142959196573,0.0,0.0,-0.5003654714117952
1782096927568227269,0,3.698123680955288,-3.279587575557794,0.0,0.8658142959196573,0.0,0.0,-0.5003654714117952
1782096927588240269,0,3.7020005251921,-3.2863155760514284,0.0,0.8658142959196573,0.0,0.0,-0.5003654714117952
1782096927608224716,0,3.7060115247826624,-3.2932763940716536,0.0,0.8658142959196573,0.0,0.0,-0.5003654714117952
1782096927628284321,0,3.7102178812324653,-3.3005762406845007,0.0,0.8658142959196573,0.0,0.0,-0.5003654714117952
1782096927648242802,0,3.714542537737922,-3.3080813890283944,0.0,0.8658142959196573,0.0,0.0,-0.5003654714117952
1782096927668257577,0,3.7190092980731664,-3.3158331489404946,0.0,0.8658142959196573,0.0,0.0,-0.5003654714117952
1782096927688220273,0,3.7236239038174372,-3.32384148454256,0.0,0.8658142959196573,0.0,0.0,-0.5003654714117952
1782096927708249747,0,3.728393947324174,-3.3321195718495367,0.0,0.8658142959196573,0.0,0.0,-0.5003654714117952
1782096927728225268,0,3.7332907660031016,-3.340617668878092,0.0,0.8658142959196573,0.0,0.0,-0.5003654714117952
1782096927748220118,0,3.738292150962384,-3.3492972336012072,0.0,0.8658142959196573,0.0,0.0,-0.5003654714117952
1782096927768220942,0,3.743414859909358,-3.358187347884527,0.0,0.8658142959196573,0.0,0.0,-0.5003654714117952
1782096927788230098,0,3.7486396022647477,-3.367254534234776,0.0,0.8658142959196573,0.0,0.0,-0.5003654714117952
1782096927808153807,0,3.753842032906434,-3.3762830001176503,0.0,0.8658142959196573,0.0,0.0,-0.5003654714117952
1782096927828195536,0,3.7591753426471457,-3.3855385978090413,0.0,0.8658142959196573,0.0,0.0,-0.5003654714117952
1782096927848093925,0,3.764589724119807,-3.394934889998129,0.0,0.8658142959196573,0.0,0.0,-0.5003654714117952
1782096927868264596,0,3.7702393230431412,-3.404739386135478,0.0,0.8658142959196573,0.0,0.0,-0.5003654714117952
1782096927888250371,0,3.775956874012492,-3.4146618084445346,0.0,0.8658142959196573,0.0,0.0,-0.5003654714117952
1782096927908225527,0,3.7817810895555852,-3.424769339894158,0.0,0.8658142959196573,0.0,0.0,-0.5003654714117952
1782096927928249019,0,3.787719369520604,-3.4350748224194816,0.0,0.8658142959196573,0.0,0.0,-0.5003654714117952
1782096927948260246,0,3.7938138681293148,-3.445651411816202,0.0,0.8658142959196573,0.0,0.0,-0.5003654714117952
1782096927968245960,0,3.8000402920437986,-3.4564569486423458,0.0,0.8658142959196573,0.0,0.0,-0.5003654714117952
1782096927988237157,0,3.806388195569222,-3.467473305102311,0.0,0.8658142959196573,0.0,0.0,-0.5003654714117952
1782096928008245852,0,3.812861532167258,-3.4787073421609693,0.0,0.8658142959196573,0.0,0.0,-0.5003654714117952
1782096928028246892,0,3.8194721946887005,-3.4901796990550227,0.0,0.8658142959196573,0.0,0.0,-0.5003654714117952
1782096928048254179,0,3.8262247681245314,-3.5018983327257014,0.0,0.8658142959196573,0.0,0.0,-0.5003654714117952
1782096928068221767,0,3.833083573485965,-3.5138013247054167,0.0,0.8658142959196573,0.0,0.0,-0.5003654714117952
1782096928088281506,0,3.8400942144998766,-3.525967817172224,0.0,0.8658142959196573,0.0,0.0,-0.5003654714117952
1782096928108269650,0,3.847199587630224,-3.5382987108084474,0.0,0.8658142959196573,0.0,0.0,-0.5003654714117952
1782096928128230133,0,3.854414715248016,-3.5508200759211017,0.0,0.8658142959196573,0.0,0.0,-0.5003654714117952
1782096928148225812,0,3.8616625319596936,-3.56339817074131,0.0,0.8658142959196573,0.0,0.0,-0.5003654714117952
1782096928168228993,0,3.8689130679149124,-3.575980984624436,0.0,0.8658142959196573,0.0,0.0,-0.5003654714117952
1782096928188226556,0,3.87598185258832,-3.588248381472725,0.0,0.8658142959196573,0.0,0.0,-0.5003654714117952
1782096928208259695,0,3.882943189452162,-3.6003293099277456,0.0,0.8658142959196573,0.0,0.0,-0.5003654714117952
1782096928228134807,0,3.889849613345025,-3.6123149406423116,0.0,0.8658142959196573,0.0,0.0,-0.5003654714117952
1782096928248219633,0,3.896608301440106,-3.6240441858898165,0.0,0.8658142959196573,0.0,0.0,-0.5003654714117952
1782096928268229873,0,3.903102118605464,-3.6353137655853796,0.0,0.8658142959196573,0.0,0.0,-0.5003654714117952
1782096928288219437,0,3.9090303366910377,-3.6456017864006696,0.0,0.8658142959196573,0.0,0.0,-0.5003654714117952
1782096928308169805,0,3.914458861727504,-3.6550226237864414,0.0,0.8658142959196573,0.0,0.0,-0.5003654714117952
1782096928328226590,0,3.9195157937031504,-3.6637985865928058,0.0,0.8658142959196573,0.0,0.0,-0.5003654714117952
1782096928348273889,0,3.924169974421537,-3.671875601881005,0.0,0.8658142959196573,0.0,0.0,-0.5003654714117952
1782096928368286271,0,3.928406394856206,-3.6792276225025566,0.0,0.8658142959196573,0.0,0.0,-0.5003654714117952
1782096928388173096,0,3.9323183699904978,-3.686016590288428,0.0,0.8658142959196573,0.0,0.0,-0.5003654714117952
1782096928408134052,0,3.936045610117747,-3.6924849629864798,0.0,0.8658142959196573,0.0,0.0,-0.5003654714117952
1782096928428261393,0,3.9396431354619836,-3.698728224467558,0.0,0.8658142959196573,0.0,0.0,-0.5003654714117952
1782096928448232817,0,3.9432127924773046,-3.7049231223520507,0.0,0.8658142959196573,0.0,0.0,-0.5003654714117952
1782096928468263552,0,3.9467730491537094,-3.711101706585296,0.0,0.8658142959196573,0.0,0.0,-0.5003654714117952
1782096928488236975,0,3.950283230705099,-3.7171933888319564,0.0,0.8658142959196573,0.0,0.0,-0.5003654714117952
1782096928508222362,0,3.95379551484111,-3.723288719971769,0.0,0.8658142959196573,0.0,0.0,-0.5003654714117952
1782096928528221918,0,3.9573502297716527,-3.7294576868805396,0.0,0.8658142959196573,0.0,0.0,-0.5003654714117952
1782096928548257831,0,3.960871393478938,-3.735568427914646,0.0,0.8658142959196573,0.0,0.0,-0.5003654714117952
1782096928568227126,0,3.9643010893342905,-3.7415204326892204,0.0,0.8658142959196573,0.0,0.0,-0.5003654714117952
1782096928588238769,0,3.9675981817651,-3.747242313205177,0.0,0.8658142959196573,0.0,0.0,-0.5003654714117952
1782096928608144800,0,3.970798365858102,-3.7527960158669837,0.0,0.8658142959196573,0.0,0.0,-0.5003654714117952
1782096928628237123,0,3.97378774393542,-3.757983878971929,0.0,0.8658142959196573,0.0,0.0,-0.5003654714117952
1782096928648241887,0,3.9767640948005494,-3.763149134232797,0.0,0.8658142959196573,0.0,0.0,-0.5003654714117952
1782096928668256147,0,3.979332166104444,-3.7676058479785257,0.0,0.8658142959196573,0.0,0.0,-0.5003654714117952
1782096928688269967,0,3.9816203972601376,-3.771576918107893,0.0,0.8658142959196573,0.0,0.0,-0.5003654714117952
1782096928708217557,0,3.983363258827062,-3.7746015362680096,0.0,0.8658142959196573,0.0,0.0,-0.5003654714117952
1782096928728234707,0,3.9845825193085465,-3.7767174802214387,0.0,0.8658142959196573,0.0,0.0,-0.5003654714117952
1782096928748264910,0,3.985242549349222,-3.7778629176360634,0.0,0.8658142959196573,0.0,0.0,-0.5003654714117952
1782096928768242346,0,3.985581669117844,-3.778451437017114,0.0,0.8658142959196573,0.0,0.0,-0.5003654714117952
1782096928788235168,0,3.9855617055327923,-3.778416791567911,0.0,0.8658142959196573,0.0,0.0,-0.5003654714117952
1782096928808221280,0,3.985202481637842,-3.7777933828378063,0.0,0.8658142959196573,0.0,0.0,-0.5003654714117952
1782096928828215527,0,3.984563601383027,-3.7766846494435202,0.0,0.8658142959196573,0.0,0.0,-0.5003654714117952
1782096928848157343,0,3.9838467459170084,-3.775440595353492,0.0,0.8658142959196573,0.0,0.0,-0.5003654714117952
1782096928868246101,0,3.983064430088668,-3.7740829392399777,0.0,0.8658142959196573,0.0,0.0,-0.5003654714117952
1782096928888227780,0,3.982366094076886,-3.772871024407969,0.0,0.8658142959196573,0.0,0.0,-0.5003654714117952
1782096928908217227,0,3.9816874467628343,-3.771693277976842,0.0,0.8658142959196573,0.0,0.0,-0.5003654714117952
1782096928928223383,0,3.9811081167201405,-3.770687889940818,0.0,0.8658142959196573,0.0,0.0,-0.5003654714117952
1782096928948245554,0,3.9807082589255143,-3.769993963831,0.0,0.8658142959196573,0.0,0.0,-0.5003654714117952
1782096928968213002,0,3.980468999956957,-3.7695787461022934,0.0,0.8658142959196573,0.0,0.0,-0.5003654714117952
1782096928988218689,0,3.9804490235257277,-3.7695440783594036,0.0,0.8658142959196573,0.0,0.0,-0.5003654714117952
1782096929008212519,0,3.9804689881172988,-3.7695787255553603,0.0,0.8658142959196573,0.0,0.0,-0.5003654714117952
1782096929028211592,0,3.980588807074082,-3.7697866632364074,0.0,0.8658142959196573,0.0,0.0,-0.5003654714117952
1782096929048247764,0,3.9806688345606926,-3.769925545517079,0.0,0.8658142959196573,0.0,0.0,-0.5003654714117952
1782096929068233559,0,3.980748660833991,-3.7700640786056705,0.0,0.8658142959196573,0.0,0.0,-0.5003654714117952
1782096929088160362,0,3.980788456159177,-3.7701331406961525,0.0,0.8658142959196573,0.0,0.0,-0.5003654714117952
1782096929108162105,0,3.9808084286521788,-3.7701678016045004,0.0,0.8658142959196573,0.0,0.0,-0.5003654714117952
1782096929128141221,0,3.9807485789572277,-3.7700639365140964,0.0,0.8658142959196573,0.0,0.0,-0.5003654714117952
1782096929148159158,0,3.9805087150067036,-3.7696476688801783,0.0,0.8658142959196573,0.0,0.0,-0.5003654714117952
1782096929168096542,0,3.9800508257808525,-3.7688530331534387,0.0,0.8658142959196573,0.0,0.0,-0.5003654714117952
1782096929188131536,0,3.979390637868381,-3.7677073217630297,0.0,0.8658142959196573,0.0,0.0,-0.5003654714117952
1782096929208249089,0,3.9785268481333884,-3.766208273204865,0.0,0.8658142959196573,0.0,0.0,-0.5003654714117952
1782096929228152921,0,3.977433738306138,-3.7643112551643987,0.0,0.8658142959196573,0.0,0.0,-0.5003654714117952
1782096929248225435,0,3.976030717131272,-3.7618764069784905,0.0,0.8658142959196573,0.0,0.0,-0.5003654714117952
1782096929268235425,0,3.974442249391386,-3.7591197288441047,0.0,0.8658142959196573,0.0,0.0,-0.5003654714117952
1782096929288218068,0,3.972636464939852,-3.755985912281161,0.0,0.8658142959196573,0.0,0.0,-0.5003654714117952
1782096929308247898,0,3.9706664119800643,-3.7525670188523086,0.0,0.8658142959196573,0.0,0.0,-0.5003654714117952
1782096929328128669,0,3.9685522062580874,-3.7488979580719017,0.0,0.8658142959196573,0.0,0.0,-0.5003654714117952
1782096929348237373,0,3.9662932854469894,-3.744977754059613,0.0,0.8658142959196573,0.0,0.0,-0.5003654714117952
1782096929368260372,0,3.9640040048327845,-3.741004862666093,0.0,0.8658142959196573,0.0,0.0,-0.5003654714117952
1782096929388243780,0,3.9616593882344735,-3.736935939421515,0.0,0.8658142959196573,0.0,0.0,-0.5003654714117952
1782096929408222859,0,3.959355179204414,-3.7329371407737777,0.0,0.8658142959196573,0.0,0.0,-0.5003654714117952
1782096929428225205,0,3.95714815229022,-3.729106995103464,0.0,0.8658142959196573,0.0,0.0,-0.5003654714117952
1782096929448217038,0,3.954882397601392,-3.7251749313594185,0.0,0.8658142959196573,0.0,0.0,-0.5003654714117952
1782096929468224424,0,3.9526947927489346,-3.721378491361287,0.0,0.8658142959196573,0.0,0.0,-0.5003654714117952
1782096929488223063,0,3.950508144292258,-3.7175837111232357,0.0,0.8658142959196573,0.0,0.0,-0.5003654714117952
1782096929508250547,0,3.9484383310448483,-3.7139916904745696,0.0,0.8658142959196573,0.0,0.0,-0.5003654714117952
1782096929528251430,0,3.9464311818471747,-3.7105084190383653,0.0,0.8658142959196573,0.0,0.0,-0.5003654714117952
1782096929548268978,0,3.944562278169546,-3.7072650633352366,0.0,0.8658142959196573,0.0,0.0,-0.5003654714117952
1782096929568243977,0,3.9426973470055686,-3.7040286016603807,0.0,0.8658142959196573,0.0,0.0,-0.5003654714117952
1782096929588185837,0,3.9409748988173914,-3.701039409535969,0.0,0.8658142959196573,0.0,0.0,-0.5003654714117952
1782096929608127222,0,3.9392724037709486,-3.6980848447370707,0.0,0.8658142959196573,0.0,0.0,-0.5003654714117952
1782096929628207308,0,3.937558067131475,-3.6951097296558255,0.0,0.8658142959196573,0.0,0.0,-0.5003654714117952
1782096929648202957,0,3.935791040104402,-3.692043173976989,0.0,0.8658142959196573,0.0,0.0,-0.5003654714117952
1782096929668192304,0,3.934144330619063,-3.689185421239596,0.0,0.8658142959196573,0.0,0.0,-0.5003654714117952
1782096929688155473,0,3.932439975764375,-3.6862276288695184,0.0,0.8658142959196573,0.0,0.0,-0.5003654714117952
1782096929708121174,0,3.9307154683456518,-3.6832348630900102,0.0,0.8658142959196573,0.0,0.0,-0.5003654714117952
1782096929728128752,0,3.9289473871459806,-3.680166477966045,0.0,0.8658142959196573,0.0,0.0,-0.5003654714117952
1782096929748127003,0,3.9271401922361986,-3.6770302136483735,0.0,0.8658142959196573,0.0,0.0,-0.5003654714117952
1782096929768125925,0,3.92527302754278,-3.6737898758345167,0.0,0.8658142959196573,0.0,0.0,-0.5003654714117952
1782096929788169795,0,3.923381651908349,-3.6705075215729788,0.0,0.8658142959196573,0.0,0.0,-0.5003654714117952
1782096929808125610,0,3.9214188787642006,-3.6671012617709287,0.0,0.8658142959196573,0.0,0.0,-0.5003654714117952
1782096929828125264,0,3.9194517937935562,-3.6636875190861473,0.0,0.8658142959196573,0.0,0.0,-0.5003654714117952
1782096929848188738,0,3.9174583975728,-3.660228115009543,0.0,0.8658142959196573,0.0,0.0,-0.5003654714117952
1782096929868120887,0,3.915458146040241,-3.65675681400379,0.0,0.8658142959196573,0.0,0.0,-0.5003654714117952
1782096929888089584,0,3.9134342874189447,-3.6532445444950468,0.0,0.8658142959196573,0.0,0.0,-0.5003654714117952
1782096929908117332,0,3.911404443886593,-3.6497218885786764,0.0,0.8658142959196573,0.0,0.0,-0.5003654714117952
1782096929928112132,0,3.909377939685488,-3.6462050278454305,0.0,0.8658142959196573,0.0,0.0,-0.5003654714117952
1782096929948110638,0,3.9072911519747238,-3.6425835491657454,0.0,0.8658142959196573,0.0,0.0,-0.5003654714117952
1782096929968120205,0,3.9051632495384685,-3.638890718665724,0.0,0.8658142959196573,0.0,0.0,-0.5003654714117952
1782096929988107428,0,3.9029978073394127,-3.635132740450906,0.0,0.8658142959196573,0.0,0.0,-0.5003654714117952
1782096930008086439,0,3.900673656466776,-3.631099334086556,0.0,0.8658142959196573,0.0,0.0,-0.5003654714117952
1782096930028086338,0,3.8982272517023824,-3.6268537643764964,0.0,0.8658142959196573,0.0,0.0,-0.5003654714117952
1782096930048085415,0,3.895661128560777,-3.6224004315344227,0.0,0.8658142959196573,0.0,0.0,-0.5003654714117952
1782096930068088955,0,3.892914664117875,-3.6176341285831426,0.0,0.8658142959196573,0.0,0.0,-0.5003654714117952
1782096930088125191,0,3.8901036899221446,-3.6127558733267473,0.0,0.8658142959196573,0.0,0.0,-0.5003654714117952
1782096930108082832,0,3.887134350116073,-3.607602785283832,0.0,0.8658142959196573,0.0,0.0,-0.5003654714117952
1782096930128109859,0,3.884054698314952,-3.6022582582478058,0.0,0.8658142959196573,0.0,0.0,-0.5003654714117952
1782096930148107148,0,3.8808398431707496,-3.596679094970694,0.0,0.8658142959196573,0.0,0.0,-0.5003654714117952
1782096930168083810,0,3.877468724508884,-3.5908287469464706,0.0,0.8658142959196573,0.0,0.0,-0.5003654714117952
1782096930188088246,0,3.8739730678734223,-3.584762271707269,0.0,0.8658142959196573,0.0,0.0,-0.5003654714117952
1782096930208087674,0,3.870338495107504,-3.5784547169360414,0.0,0.8658142959196573,0.0,0.0,-0.5003654714117952
1782096930228084416,0,3.866564638004393,-3.571905443634955,0.0,0.8658142959196573,0.0,0.0,-0.5003654714117952
1782096930248105881,0,3.862606185354132,-3.565035817269251,0.0,0.8658142959196573,0.0,0.0,-0.5003654714117952
1782096930268084335,0,3.8585365410596233,-3.557973225338864,0.0,0.8658142959196573,0.0,0.0,-0.5003654714117952
1782096930288089667,0,3.854361541090397,-3.5507277957734806,0.0,0.8658142959196573,0.0,0.0,-0.5003654714117952
1782096930308114361,0,3.8501025188788778,-3.543336551299603,0.0,0.8658142959196573,0.0,0.0,-0.5003654714117952
1782096930328136094,0,3.845844126438021,-3.535946399750036,0.0,0.8658142959196573,0.0,0.0,-0.5003654714117952
1782096930348087075,0,3.8415410166002233,-3.5284786441879468,0.0,0.8658142959196573,0.0,0.0,-0.5003654714117952
1782096930368121265,0,3.837169947720938,-3.520892950313985,0.0,0.8658142959196573,0.0,0.0,-0.5003654714117952
1782096930388127883,0,3.83274496260988,-3.513213688472925,0.0,0.8658142959196573,0.0,0.0,-0.5003654714117952
1782096930408089215,0,3.8283698577423313,-3.5056209904147884,0.0,0.8658142959196573,0.0,0.0,-0.5003654714117952
1782096930428086561,0,3.823986859362121,-3.498014593700274,0.0,0.8658142959196573,0.0,0.0,-0.5003654714117952
1782096930448117313,0,3.819666544186156,-3.4905169794395596,0.0,0.8658142959196573,0.0,0.0,-0.5003654714117952
1782096930468116600,0,3.8153729855912304,-3.483065799412326,0.0,0.8658142959196573,0.0,0.0,-0.5003654714117952
1782096930488132274,0,3.8110958953868317,-3.475643199161025,0.0,0.8658142959196573,0.0,0.0,-0.5003654714117952
1782096930508083878,0,3.806872341044834,-3.4683135067715276,0.0,0.8658142959196573,0.0,0.0,-0.5003654714117952
1782096930528118580,0,3.8026712065769535,-3.461022722554483,0.0,0.8658142959196573,0.0,0.0,-0.5003654714117952
1782096930548119432,0,3.798497141558466,-3.453778915532746,0.0,0.8658142959196573,0.0,0.0,-0.5003654714117952
1782096930568084881,0,3.794370337529483,-3.446617126756093,0.0,0.8658142959196573,0.0,0.0,-0.5003654714117952
1782096930588122175,0,3.790248691365941,-3.439464289105423,0.0,0.8658142959196573,0.0,0.0,-0.5003654714117952
1782096930608090859,0,3.786161097714871,-3.4323705472828947,0.0,0.8658142959196573,0.0,0.0,-0.5003654714117952
1782096930628087086,0,3.782087833030712,-3.425301672411576,0.0,0.8658142959196573,0.0,0.0,-0.5003654714117952
1782096930648086322,0,3.7780139554082575,-3.4182317338273616,0.0,0.8658142959196573,0.0,0.0,-0.5003654714117952
1782096930668117530,0,3.7739335650362453,-3.411150492807573,0.0,0.8658142959196573,0.0,0.0,-0.5003654714117952
1782096930688125896,0,3.769857827617616,-3.404077326673105,0.0,0.8658142959196573,0.0,0.0,-0.5003654714117952
1782096930708120368,0,3.7657849204298803,-3.3970090722126023,0.0,0.8658142959196573,0.0,0.0,-0.5003654714117952
1782096930728112558,0,3.7617324410828172,-3.3899762688854707,0.0,0.8658142959196573,0.0,0.0,-0.5003654714117952
1782096930748120863,0,3.757676695174928,-3.382937796663359,0.0,0.8658142959196573,0.0,0.0,-0.5003654714117952
1782096930768129194,0,3.7536209439967565,-3.3758993152950345,0.0,0.8658142959196573,0.0,0.0,-0.5003654714117952
1782096930788116484,0,3.7495694578950016,-3.3688682356778332,0.0,0.8658142959196573,0.0,0.0,-0.5003654714117952
1782096930808092758,0,3.745520204770845,-3.3618410312419633,0.0,0.8658142959196573,0.0,0.0,-0.5003654714117952
1782096930828089486,0,3.7414468380321613,-3.354771979261917,0.0,0.8658142959196573,0.0,0.0,-0.5003654714117952
1782096930848122269,0,3.73738613035723,-3.347724896229287,0.0,0.8658142959196573,0.0,0.0,-0.5003654714117952
1782096930868120759,0,3.733352342967207,-3.340724531527106,0.0,0.8658142959196573,0.0,0.0,-0.5003654714117952
1782096930888084801,0,3.7293454387837692,-3.333770820808455,0.0,0.8658142959196573,0.0,0.0,-0.5003654714117952
1782096930908087822,0,3.7253506850875344,-3.3268381964370852,0.0,0.8658142959196573,0.0,0.0,-0.5003654714117952
1782096930928122048,0,3.7213296945500844,-3.319860039805478,0.0,0.8658142959196573,0.0,0.0,-0.5003654714117952
1782096930948084638,0,3.7173430152285474,-3.312941427964311,0.0,0.8658142959196573,0.0,0.0,-0.5003654714117952
1782096930968089703,0,3.713347853330147,-3.306008095185733,0.0,0.8658142959196573,0.0,0.0,-0.5003654714117952
1782096930988099350,0,3.709351776371888,-3.299073174382785,0.0,0.8658142959196573,0.0,0.0,-0.5003654714117952
1782096931008093975,0,3.7053387339950565,-3.292108811245409,0.0,0.8658142959196573,0.0,0.0,-0.5003654714117952
1782096931028121330,0,3.701299124401807,-3.2850983425040226,0.0,0.8658142959196573,0.0,0.0,-0.5003654714117952
1782096931048116305,0,3.697246080526542,-3.2780645594764546,0.0,0.8658142959196573,0.0,0.0,-0.5003654714117952
1782096931068141999,0,3.693146816916944,-3.2709505652316184,0.0,0.8658142959196573,0.0,0.0,-0.5003654714117952
1782096931088121803,0,3.688997095122924,-3.2637490042265482,0.0,0.8658142959196573,0.0,0.0,-0.5003654714117952
1782096931108113023,0,3.6847851164961836,-3.256439400706561,0.0,0.8658142959196573,0.0,0.0,-0.5003654714117952
1782096931128089027,0,3.680516503256808,-3.2490315116536883,0.0,0.8658142959196573,0.0,0.0,-0.5003654714117952
1782096931148088996,0,3.6761129592089508,-3.241389459325068,0.0,0.8658142959196573,0.0,0.0,-0.5003654714117952
1782096931168118605,0,3.6717028890987096,-3.2337360814573457,0.0,0.8658142959196573,0.0,0.0,-0.5003654714117952
1782096931188092053,0,3.6672054632824396,-3.225931103680686,0.0,0.8658142959196573,0.0,0.0,-0.5003654714117952
1782096931208111580,0,3.66257772040183,-3.217899969468625,0.0,0.8658142959196573,0.0,0.0,-0.5003654714117952
1782096931228130064,0,3.657850272675072,-3.20969580425168,0.0,0.8658142959196573,0.0,0.0,-0.5003654714117952
1782096931248089206,0,3.6529973291476385,-3.201273849575752,0.0,0.8658142959196573,0.0,0.0,-0.5003654714117952
1782096931268085273,0,3.6479956397756923,-3.1925937565650897,0.0,0.8658142959196573,0.0,0.0,-0.5003654714117952
1782096931288087500,0,3.6428725714854875,-3.1837030186659443,0.0,0.8658142959196573,0.0,0.0,-0.5003654714117952
1782096931308087899,0,3.63763014484384,-3.174605142435094,0.0,0.8658142959196573,0.0,0.0,-0.5003654714117952
1782096931328082706,0,3.632269390315495,-3.1653019161743035,0.0,0.8658142959196573,0.0,0.0,-0.5003654714117952
1782096931348106342,0,3.626860917733517,-3.1559158784646235,0.0,0.8658142959196573,0.0,0.0,-0.5003654714117952
1782096931368123419,0,3.6213742653898877,-3.1463941650757543,0.0,0.8658142959196573,0.0,0.0,-0.5003654714117952
1782096931388084059,0,3.6158632199626077,-3.1368301191429793,0.0,0.8658142959196573,0.0,0.0,-0.5003654714117952
1782096931408082487,0,3.610321771913823,-3.127213311520538,0.0,0.8658142959196573,0.0,0.0,-0.5003654714117952
1782096931428090501,0,3.6047576891435456,-3.117557222872589,0.0,0.8658142959196573,0.0,0.0,-0.5003654714117952
1782096931448088377,0,3.599196425677125,-3.107906026935463,0.0,0.8658142959196573,0.0,0.0,-0.5003654714117952
1782096931468096374,0,3.5936523261141144,-3.098284617789735,0.0,0.8658142959196573,0.0,0.0,-0.5003654714117952
1782096931488087005,0,3.5881330003028737,-3.0887062018116285,0.0,0.8658142959196573,0.0,0.0,-0.5003654714117952
1782096931508109246,0,3.5826049471088433,-3.079112640052031,0.0,0.8658142959196573,0.0,0.0,-0.5003654714117952
1782096931528109454,0,3.577102947831952,-3.069564293100322,0.0,0.8658142959196573,0.0,0.0,-0.5003654714117952
1782096931548123754,0,3.571637042029075,-3.0600785839272038,0.0,0.8658142959196573,0.0,0.0,-0.5003654714117952
1782096931568085336,0,3.56618553351324,-3.0506178602702483,0.0,0.8658142959196573,0.0,0.0,-0.5003654714117952
1782096931588117767,0,3.5607146761338275,-3.041123557971568,0.0,0.8658142959196573,0.0,0.0,-0.5003654714117952
1782096931608108099,0,3.555295238268697,-3.0317184907559347,0.0,0.8658142959196573,0.0,0.0,-0.5003654714117952
1782096931628120155,0,3.5499098766241315,-3.0223725605122342,0.0,0.8658142959196573,0.0,0.0,-0.5003654714117952
1782096931648123518,0,3.5445468281693775,-3.0130653532976015,0.0,0.8658142959196573,0.0,0.0,-0.5003654714117952
1782096931668087201,0,3.539194418213896,-3.003776608477622,0.0,0.8658142959196573,0.0,0.0,-0.5003654714117952
1782096931688120488,0,3.5338033431827047,-2.9944207630385544,0.0,0.8658142959196573,0.0,0.0,-0.5003654714117952
1782096931708083414,0,3.528471069659656,-2.9851669636327105,0.0,0.8658142959196573,0.0,0.0,-0.5003654714117952
1782096931728085162,0,3.523128426438165,-2.975895168317828,0.0,0.8658142959196573,0.0,0.0,-0.5003654714117952
1782096931748082032,0,3.517767118804374,-2.966590982180024,0.0,0.8658142959196573,0.0,0.0,-0.5003654714117952
1782096931768131198,0,3.5123917902291084,-2.9572624636482803,0.0,0.8658142959196573,0.0,0.0,-0.5003654714117952
1782096931788086662,0,3.507021657823666,-2.9479429627172027,0.0,0.8658142959196573,0.0,0.0,-0.5003654714117952
1782096931808084487,0,3.501620156906862,-2.938569023860065,0.0,0.8658142959196573,0.0,0.0,-0.5003654714117952
1782096931828089071,0,3.49619685528257,-2.929157251352199,0.0,0.8658142959196573,0.0,0.0,-0.5003654714117952
1782096931848146041,0,3.4907793790398682,-2.919755588399384,0.0,0.8658142959196573,0.0,0.0,-0.5003654714117952
1782096931868093937,0,3.4853714456992884,-2.910370486506604,0.0,0.8658142959196573,0.0,0.0,-0.5003654714117952
1782096931888141331,0,3.4799565559765093,-2.900973312283861,0.0,0.8658142959196573,0.0,0.0,-0.5003654714117952
1782096931908123275,0,3.474579297647758,-2.8916414447957073,0.0,0.8658142959196573,0.0,0.0,-0.5003654714117952
1782096931928090985,0,3.4692258080240195,-2.882350826284623,0.0,0.8658142959196573,0.0,0.0,-0.5003654714117952
1782096931948120240,0,3.4638558177340077,-2.8730315719852473,0.0,0.8658142959196573,0.0,0.0,-0.5003654714117952
1782096931968153749,0,3.4584846869153645,-2.8637103383757156,0.0,0.8658142959196573,0.0,0.0,-0.5003654714117952
1782096931988156930,0,3.453161635192999,-2.854472542780122,0.0,0.8658142959196573,0.0,0.0,-0.5003654714117952
1782096932008185025,0,3.44783195359959,-2.8452232414925382,0.0,0.8658142959196573,0.0,0.0,-0.5003654714117952
1782096932028098354,0,3.442572580911723,-2.8360959565466692,0.0,0.8658142959196573,0.0,0.0,-0.5003654714117952
1782096932048139945,0,3.4372793325388966,-2.826909882644839,0.0,0.8658142959196573,0.0,0.0,-0.5003654714117952
1782096932068088923,0,3.4320304640279535,-2.817800826986321,0.0,0.8658142959196573,0.0,0.0,-0.5003654714117952
1782096932088090573,0,3.426767736741781,-2.8086677203624055,0.0,0.8658142959196573,0.0,0.0,-0.5003654714117952
1782096932108085969,0,3.4215266214669886,-2.7995721199198953,0.0,0.8658142959196573,0.0,0.0,-0.5003654714117952
1782096932128211504,0,3.4162312982214975,-2.7903824452171366,0.0,0.8658142959196573,0.0,0.0,-0.5003654714117952
1782096932148189311,0,3.4110147416410634,-2.7813294647246845,0.0,0.8658142959196573,0.0,0.0,-0.5003654714117952
1782096932168090101,0,3.405818295553154,-2.772311384629391,0.0,0.8658142959196573,0.0,0.0,-0.5003654714117952
1782096932188088588,0,3.4005763700774954,-2.7632143781381635,0.0,0.8658142959196573,0.0,0.0,-0.5003654714117952
1782096932208088784,0,3.395314025360037,-2.754081935436321,0.0,0.8658142959196573,0.0,0.0,-0.5003654714117952
1782096932228086212,0,3.3900324410176723,-2.744916103669046,0.0,0.8658142959196573,0.0,0.0,-0.5003654714117952
1782096932248090591,0,3.384749020824574,-2.7357470859072275,0.0,0.8658142959196573,0.0,0.0,-0.5003654714117952
1782096932268097380,0,3.3794449862498603,-2.726542293282861,0.0,0.8658142959196573,0.0,0.0,-0.5003654714117952
1782096932288119363,0,3.374136923567424,-2.717330510150464,0.0,0.8658142959196573,0.0,0.0,-0.5003654714117952
1782096932308091240,0,3.368842144573661,-2.708141779959703,0.0,0.8658142959196573,0.0,0.0,-0.5003654714117952
1782096932328085900,0,3.3635413255391993,-2.69894256768757,0.0,0.8658142959196573,0.0,0.0,-0.5003654714117952
1782096932348119112,0,3.3582102822595776,-2.6896909032858463,0.0,0.8658142959196573,0.0,0.0,-0.5003654714117952
1782096932368114796,0,3.3529291585306003,-2.6805258708819024,0.0,0.8658142959196573,0.0,0.0,-0.5003654714117952
1782096932388084387,0,3.3476349855822645,-2.6713381924419255,0.0,0.8658142959196573,0.0,0.0,-0.5003654714117952
1782096932408115814,0,3.342344421655819,-2.66215677721491,0.0,0.8658142959196573,0.0,0.0,-0.5003654714117952
1782096932428086251,0,3.3370699659923457,-2.6530033167868505,0.0,0.8658142959196573,0.0,0.0,-0.5003654714117952
1782096932448224847,0,3.3317309878349737,-2.6437378819424118,0.0,0.8658142959196573,0.0,0.0,-0.5003654714117952
1782096932468194532,0,3.3263769686992277,-2.634446344499135,0.0,0.8658142959196573,0.0,0.0,-0.5003654714117952
1782096932488183170,0,3.321037827274314,-2.6251806263149358,0.0,0.8658142959196573,0.0,0.0,-0.5003654714117952
1782096932508088170,0,3.315721026296537,-2.615953678463032,0.0,0.8658142959196573,0.0,0.0,-0.5003654714117952
1782096932528089869,0,3.3103783961633764,-2.6066819058620605,0.0,0.8658142959196573,0.0,0.0,-0.5003654714117952
1782096932548122409,0,3.305027528127225,-2.597395836938625,0.0,0.8658142959196573,0.0,0.0,-0.5003654714117952
1782096932568088178,0,3.2997144321219634,-2.5881753188154977,0.0,0.8658142959196573,0.0,0.0,-0.5003654714117952
1782096932588089234,0,3.294391945883906,-2.5789385045796087,0.0,0.8658142959196573,0.0,0.0,-0.5003654714117952
1782096932608085568,0,3.289070716218499,-2.5697038710404185,0.0,0.8658142959196573,0.0,0.0,-0.5003654714117952
1782096932628129710,0,3.2837367643537267,-2.560447158986221,0.0,0.8658142959196573,0.0,0.0,-0.5003654714117952
1782096932648124762,0,3.2783959096928688,-2.5511784675971216,0.0,0.8658142959196573,0.0,0.0,-0.5003654714117952
1782096932668121591,0,3.273054580379649,-2.541908952480998,0.0,0.8658142959196573,0.0,0.0,-0.5003654714117952
1782096932688101129,0,3.267717869644962,-2.5326474525949894,0.0,0.8658142959196573,0.0,0.0,-0.5003654714117952
1782096932708111611,0,3.2623728934950695,-2.523371608640941,0.0,0.8658142959196573,0.0,0.0,-0.5003654714117952
1782096932728086391,0,3.2570374536641205,-2.51411231432227,0.0,0.8658142959196573,0.0,0.0,-0.5003654714117952
1782096932748122730,0,3.2517055782577136,-2.5048592058208796,0.0,0.8658142959196573,0.0,0.0,-0.5003654714117952
1782096932768106798,0,3.2463876127007834,-2.4956302369207672,0.0,0.8658142959196573,0.0,0.0,-0.5003654714117952
1782096932788121125,0,3.2410615949134507,-2.486387293920387,0.0,0.8658142959196573,0.0,0.0,-0.5003654714117952
1782096932808084815,0,3.235749052151418,-2.477167735913406,0.0,0.8658142959196573,0.0,0.0,-0.5003654714117952
1782096932828086437,0,3.230426415294954,-2.467930660289468,0.0,0.8658142959196573,0.0,0.0,-0.5003654714117952
1782096932848121646,0,3.225094840593146,-2.4586780736405323,0.0,0.8658142959196573,0.0,0.0,-0.5003654714117952
1782096932868088923,0,3.2197813432936067,-2.4494568590983756,0.0,0.8658142959196573,0.0,0.0,-0.5003654714117952
1782096932888090637,0,3.214458681954993,-2.4402197409873394,0.0,0.8658142959196573,0.0,0.0,-0.5003654714117952
1782096932908087735,0,3.2091572165781206,-2.4310194070317404,0.0,0.8658142959196573,0.0,0.0,-0.5003654714117952
1782096932928128308,0,3.203844225468498,-2.4217990709478943,0.0,0.8658142959196573,0.0,0.0,-0.5003654714117952
1782096932948088010,0,3.198572605060033,-2.412650530912799,0.0,0.8658142959196573,0.0,0.0,-0.5003654714117952
1782096932968086742,0,3.1933306153659307,-2.403553412974808,0.0,0.8658142959196573,0.0,0.0,-0.5003654714117952
1782096932988088664,0,3.1881676797712903,-2.3945934880700537,0.0,0.8658142959196573,0.0,0.0,-0.5003654714117952
1782096933008089162,0,3.183144910470173,-2.385876812270602,0.0,0.8658142959196573,0.0,0.0,-0.5003654714117952
1782096933028114860,0,3.1781957984474922,-2.3772879636871536,0.0,0.8658142959196573,0.0,0.0,-0.5003654714117952
1782096933048092174,0,3.1734980213255874,-2.3691352897945595,0.0,0.8658142959196573,0.0,0.0,-0.5003654714117952
1782096933068093051,0,3.169034362650747,-2.361388912603928,0.0,0.8658142959196573,0.0,0.0,-0.5003654714117952
1782096933088086490,0,3.16492173740552,-2.3542517301457777,0.0,0.8658142959196573,0.0,0.0,-0.5003654714117952
1782096933108117942,0,3.161201336002675,-2.3477952255905765,0.0,0.8658142959196573,0.0,0.0,-0.5003654714117952
1782096933128119087,0,3.1579658890149713,-2.342180326564287,0.0,0.8658142959196573,0.0,0.0,-0.5003654714117952
1782096933148132068,0,3.1551182098601687,-2.337238372338397,0.0,0.8658142959196573,0.0,0.0,-0.5003654714117952
1782096933168122594,0,3.15275279678807,-2.3331333582226477,0.0,0.8658142959196573,0.0,0.0,-0.5003654714117952
1782096933188085047,0,3.1508093040570366,-2.3297605582711856,0.0,0.8658142959196573,0.0,0.0,-0.5003654714117952
1782096933208085854,0,3.149411295031586,-2.327334408330992,0.0,0.8658142959196573,0.0,0.0,-0.5003654714117952
1782096933228084876,0,3.1483728667085136,-2.3255322863360184,0.0,0.8658142959196573,0.0,0.0,-0.5003654714117952
1782096933248141251,0,3.147732001265027,-2.3244201077813176,0.0,0.8658142959196573,0.0,0.0,-0.5003654714117952
1782096933268124917,0,3.1470934591070603,-2.3233119611312136,0.0,0.8658142959196573,0.0,0.0,-0.5003654714117952
1782096933288085003,0,3.1468542883533073,-2.322896896493327,0.0,0.8658142959196573,0.0,0.0,-0.5003654714117952
1782096933308118000,0,3.146914299454862,-2.3230010416939773,0.0,0.8658142959196573,0.0,0.0,-0.5003654714117952
1782096933328129792,0,3.147174072302859,-2.323451859870509,0.0,0.8658142959196573,0.0,0.0,-0.5003654714117952
1782096933348115450,0,3.147633070206988,-2.3242484196332724,0.0,0.8658142959196573,0.0,0.0,-0.5003654714117952
1782096933368196587,0,3.1481744680095507,-2.3251879788366803,0.0,0.8658142959196573,0.0,0.0,-0.5003654714117952
1782096933388091085,0,3.1487108339284835,-2.326118805546995,0.0,0.8658142959196573,0.0,0.0,-0.5003654714117952
1782096933408110514,0,3.1492305778960987,-2.3270207859870307,0.0,0.8658142959196573,0.0,0.0,-0.5003654714117952
1782096933428141803,0,3.1497306277746433,-2.327888588669882,0.0,0.8658142959196573,0.0,0.0,-0.5003654714117952
1782096933448209063,0,3.1501313860304685,-2.3285840774691002,0.0,0.8658142959196573,0.0,0.0,-0.5003654714117952
1782096933468121993,0,3.150389875551945,-2.329032668519424,0.0,0.8658142959196573,0.0,0.0,-0.5003654714117952
1782096933488122177,0,3.1505296721035863,-2.32927527596275,0.0,0.8658142959196573,0.0,0.0,-0.5003654714117952
1782096933508118851,0,3.1505496395350012,-2.3293099280870577,0.0,0.8658142959196573,0.0,0.0,-0.5003654714117952
1782096933528123726,0,3.1505096882941612,-2.329240595415507,0.0,0.8658142959196573,0.0,0.0,-0.5003654714117952
1782096933548123566,0,3.150449776518132,-2.3291366225875865,0.0,0.8658142959196573,0.0,0.0,-0.5003654714117952
1782096933568132194,0,3.1503898384166633,-2.329032604073651,0.0,0.8658142959196573,0.0,0.0,-0.5003654714117952
1782096933588127694,0,3.1503499058984024,-2.3289633038938695,0.0,0.8658142959196573,0.0,0.0,-0.5003654714117952
1782096933608081878,0,3.1503499058984024,-2.3289633038938695,0.0,0.8658142959196573,0.0,0.0,-0.5003654714117952
1782096933628082357,0,3.1504297908217986,-2.3291019387657452,0.0,0.8658142959196573,0.0,0.0,-0.5003654714117952
1782096933648082072,0,3.1506494659578093,-2.3294831700799867,0.0,0.8658142959196573,0.0,0.0,-0.5003654714117952
1782096933668084616,0,3.150989011938235,-2.330072429122756,0.0,0.8658142959196573,0.0,0.0,-0.5003654714117952
1782096933688087216,0,3.151328558869278,-2.3306616898152366,0.0,0.8658142959196573,0.0,0.0,-0.5003654714117952
1782096933708089801,0,3.151867838869436,-2.3315975737160666,0.0,0.8658142959196573,0.0,0.0,-0.5003654714117952
1782096933728084218,0,3.1526265155621584,-2.3329142057113983,0.0,0.8658142959196573,0.0,0.0,-0.5003654714117952
1782096933748128925,0,3.153607269804342,-2.334616238246745,0.0,0.8658142959196573,0.0,0.0,-0.5003654714117952
1782096933768086104,0,3.154763093378064,-2.3366220917449776,0.0,0.8658142959196573,0.0,0.0,-0.5003654714117952
1782096933788089159,0,3.156101338154365,-2.338944524880169,0.0,0.8658142959196573,0.0,0.0,-0.5003654714117952
1782096933808089222,0,3.1576890178519172,-2.341699835420481,0.0,0.8658142959196573,0.0,0.0,-0.5003654714117952
1782096933828085144,0,3.1594161355640975,-2.344697131187423,0.0,0.8658142959196573,0.0,0.0,-0.5003654714117952
1782096933848086869,0,3.1613035343205014,-2.3479725838466137,0.0,0.8658142959196573,0.0,0.0,-0.5003654714117952
1782096933868095048,0,3.1633913313815314,-2.3515958141853033,0.0,0.8658142959196573,0.0,0.0,-0.5003654714117952
1782096933888086136,0,3.165577154212898,-2.3553891616065736,0.0,0.8658142959196573,0.0,0.0,-0.5003654714117952
1782096933908088579,0,3.167924004152827,-2.3594619606642175,0.0,0.8658142959196573,0.0,0.0,-0.5003654714117952
1782096933928112934,0,3.170373400396072,-2.3637127218831355,0.0,0.8658142959196573,0.0,0.0,-0.5003654714117952
1782096933948116998,0,3.1729201885798735,-2.3681325002160025,0.0,0.8658142959196573,0.0,0.0,-0.5003654714117952
1782096933968118892,0,3.175606508978826,-2.3727944272541346,0.0,0.8658142959196573,0.0,0.0,-0.5003654714117952
1782096933988108305,0,3.178351033799887,-2.377557364123122,0.0,0.8658142959196573,0.0,0.0,-0.5003654714117952
1782096934008117636,0,3.1811981935903426,-2.3824984170273633,0.0,0.8658142959196573,0.0,0.0,-0.5003654714117952
1782096934028119028,0,3.184134098398142,-2.3875934808961907,0.0,0.8658142959196573,0.0,0.0,-0.5003654714117952
1782096934048119193,0,3.1871696775872853,-2.392861522900309,0.0,0.8658142959196573,0.0,0.0,-0.5003654714117952
1782096934068118002,0,3.1903048989799214,-2.3983024871972325,0.0,0.8658142959196573,0.0,0.0,-0.5003654714117952
1782096934088084209,0,3.193534694288838,-2.403907578117923,0.0,0.8658142959196573,0.0,0.0,-0.5003654714117952
1782096934108086833,0,3.1967703805241503,-2.409522892342222,0.0,0.8658142959196573,0.0,0.0,-0.5003654714117952
1782096934128119905,0,3.200131014718544,-2.415355045283556,0.0,0.8658142959196573,0.0,0.0,-0.5003654714117952
1782096934148084060,0,3.2036196324879733,-2.4214093050476992,0.0,0.8658142959196573,0.0,0.0,-0.5003654714117952
1782096934168125094,0,3.207261766471872,-2.4277299818004017,0.0,0.8658142959196573,0.0,0.0,-0.5003654714117952
1782096934188093436,0,3.2109704465809945,-2.4341661448445406,0.0,0.8658142959196573,0.0,0.0,-0.5003654714117952
1782096934208125137,0,3.2148309110594924,-2.4408657193774252,0.0,0.8658142959196573,0.0,0.0,-0.5003654714117952
1782096934228146126,0,3.218789269599585,-2.4477351824213023,0.0,0.8658142959196573,0.0,0.0,-0.5003654714117952
1782096934248084026,0,3.2228108357080036,-2.454714337917323,0.0,0.8658142959196573,0.0,0.0,-0.5003654714117952
1782096934268092371,0,3.2268665897240205,-2.4617528242105347,0.0,0.8658142959196573,0.0,0.0,-0.5003654714117952
1782096934288090641,0,3.2309402705706707,-2.4688224213036647,0.0,0.8658142959196573,0.0,0.0,-0.5003654714117952
1782096934308116188,0,3.2350195077875648,-2.4759016611008877,0.0,0.8658142959196573,0.0,0.0,-0.5003654714117952
1782096934328088926,0,3.2389882701711152,-2.482789179310172,0.0,0.8658142959196573,0.0,0.0,-0.5003654714117952
1782096934348085944,0,3.242921921579827,-2.489615764801598,0.0,0.8658142959196573,0.0,0.0,-0.5003654714117952
1782096934368116975,0,3.2468622637504034,-2.496453961656895,0.0,0.8658142959196573,0.0,0.0,-0.5003654714117952
1782096934388127052,0,3.250758522311106,-2.503215654394191,0.0,0.8658142959196573,0.0,0.0,-0.5003654714117952
1782096934408109221,0,3.25458948810657,-2.5098640359613866,0.0,0.8658142959196573,0.0,0.0,-0.5003654714117952
1782096934428086406,0,3.258399550363063,-2.5164761408530345,0.0,0.8658142959196573,0.0,0.0,-0.5003654714117952
1782096934448119625,0,3.2621602875743076,-2.5230026454707377,0.0,0.8658142959196573,0.0,0.0,-0.5003654714117952
1782096934468117052,0,3.26585440135931,-2.5294135296463316,0.0,0.8658142959196573,0.0,0.0,-0.5003654714117952
1782096934488117825,0,3.2695691048130198,-2.5358601457968777,0.0,0.8658142959196573,0.0,0.0,-0.5003654714117952
1782096934508085531,0,3.2732377897086633,-2.542226899857949,0.0,0.8658142959196573,0.0,0.0,-0.5003654714117952
1782096934528113827,0,3.276917606860455,-2.548612973195279,0.0,0.8658142959196573,0.0,0.0,-0.5003654714117952
1782096934548121618,0,3.280553699466449,-2.554923165545968,0.0,0.8658142959196573,0.0,0.0,-0.5003654714117952
1782096934568085153,0,3.2842016836401204,-2.5612539949066515,0.0,0.8658142959196573,0.0,0.0,-0.5003654714117952
1782096934588087197,0,3.2878367318217543,-2.5675623747296394,0.0,0.8658142959196573,0.0,0.0,-0.5003654714117952
1782096934608213547,0,3.2915144675671386,-2.573944835927182,0.0,0.8658142959196573,0.0,0.0,-0.5003654714117952
1782096934628188802,0,3.295224431613884,-2.580383227158076,0.0,0.8658142959196573,0.0,0.0,-0.5003654714117952
1782096934648126955,0,3.298947413815983,-2.586844210515522,0.0,0.8658142959196573,0.0,0.0,-0.5003654714117952
1782096934668121081,0,3.302740742144819,-2.5934272748095544,0.0,0.8658142959196573,0.0,0.0,-0.5003654714117952
1782096934688089468,0,3.306529187215546,-2.6000018645400025,0.0,0.8658142959196573,0.0,0.0,-0.5003654714117952
1782096934708119573,0,3.310389344116498,-2.606700905292907,0.0,0.8658142959196573,0.0,0.0,-0.5003654714117952
1782096934728120197,0,3.314243819505274,-2.613390086166383,0.0,0.8658142959196573,0.0,0.0,-0.5003654714117952
1782096934748125171,0,3.3181390844362473,-2.620150054526602,0.0,0.8658142959196573,0.0,0.0,-0.5003654714117952
1782096934768120675,0,3.3220325054178628,-2.6269068228376535,0.0,0.8658142959196573,0.0,0.0,-0.5003654714117952
1782096934788086578,0,3.3259002261982755,-2.6336189901908624,0.0,0.8658142959196573,0.0,0.0,-0.5003654714117952
1782096934808086112,0,3.329754491524693,-2.640307806515352,0.0,0.8658142959196573,0.0,0.0,-0.5003654714117952
1782096934828082865,0,3.333628188452851,-2.647030345068042,0.0,0.8658142959196573,0.0,0.0,-0.5003654714117952
1782096934848084669,0,3.3374429460617,-2.6536505984255654,0.0,0.8658142959196573,0.0,0.0,-0.5003654714117952
1782096934868090212,0,3.3412184641212055,-2.660202754203922,0.0,0.8658142959196573,0.0,0.0,-0.5003654714117952
1782096934888120712,0,3.344998692155548,-2.666763083824486,0.0,0.8658142959196573,0.0,0.0,-0.5003654714117952
1782096934908083731,0,3.348766184932766,-2.6733013122691918,0.0,0.8658142959196573,0.0,0.0,-0.5003654714117952
1782096934928085119,0,3.352560891023764,-2.679886767576105,0.0,0.8658142959196573,0.0,0.0,-0.5003654714117952
1782096934948084785,0,3.356355270413243,-2.6864716559146617,0.0,0.8658142959196573,0.0,0.0,-0.5003654714117952
1782096934968090879,0,3.3601109155822777,-2.6929893236381086,0.0,0.8658142959196573,0.0,0.0,-0.5003654714117952
1782096934988094527,0,3.3638860760105698,-2.699540858771712,0.0,0.8658142959196573,0.0,0.0,-0.5003654714117952
1782096935008111878,0,3.367663822518319,-2.706096881871012,0.0,0.8658142959196573,0.0,0.0,-0.5003654714117952
1782096935028085057,0,3.3714132887170494,-2.7126038264101626,0.0,0.8658142959196573,0.0,0.0,-0.5003654714117952
1782096935048113694,0,3.3751931651593297,-2.719163545866523,0.0,0.8658142959196573,0.0,0.0,-0.5003654714117952
1782096935068102697,0,3.3789456019193858,-2.725675645613579,0.0,0.8658142959196573,0.0,0.0,-0.5003654714117952
1782096935088089278,0,3.3826975840093536,-2.7321869563114975,0.0,0.8658142959196573,0.0,0.0,-0.5003654714117952
1782096935108089232,0,3.386472047292664,-2.7387372815972433,0.0,0.8658142959196573,0.0,0.0,-0.5003654714117952
1782096935128084967,0,3.3902257478178126,-2.7452515745229955,0.0,0.8658142959196573,0.0,0.0,-0.5003654714117952
1782096935148084327,0,3.3940200691523175,-2.7518363621110775,0.0,0.8658142959196573,0.0,0.0,-0.5003654714117952
1782096935168087621,0,3.3977951627724505,-2.758387781303664,0.0,0.8658142959196573,0.0,0.0,-0.5003654714117952
1782096935188098847,0,3.4015917353498364,-2.7649764757712414,0.0,0.8658142959196573,0.0,0.0,-0.5003654714117952
1782096935208118645,0,3.405389934225394,-2.7715679925690906,0.0,0.8658142959196573,0.0,0.0,-0.5003654714117952
1782096935228116763,0,3.409203988837826,-2.7781870259239727,0.0,0.8658142959196573,0.0,0.0,-0.5003654714117952
1782096935248106816,0,3.413036466147599,-2.7848380306218323,0.0,0.8658142959196573,0.0,0.0,-0.5003654714117952
1782096935268106741,0,3.4168508653923007,-2.791457662062651,0.0,0.8658142959196573,0.0,0.0,-0.5003654714117952
1782096935288087127,0,3.4206814893523956,-2.7981054503977254,0.0,0.8658142959196573,0.0,0.0,-0.5003654714117952
1782096935308086814,0,3.4244758727260387,-2.804690345650529,0.0,0.8658142959196573,0.0,0.0,-0.5003654714117952
1782096935328089284,0,3.4282907573548553,-2.8113108194426117,0.0,0.8658142959196573,0.0,0.0,-0.5003654714117952
1782096935348087059,0,3.4320847779797696,-2.8178950851695794,0.0,0.8658142959196573,0.0,0.0,-0.5003654714117952
1782096935368132863,0,3.4358879107692446,-2.824495164440737,0.0,0.8658142959196573,0.0,0.0,-0.5003654714117952
1782096935388089681,0,3.4396741609445596,-2.8310659450789166,0.0,0.8658142959196573,0.0,0.0,-0.5003654714117952
1782096935408069610,0,3.4434448450378157,-2.837609711836382,0.0,0.8658142959196573,0.0,0.0,-0.5003654714117952
1782096935428085205,0,3.447222260146923,-2.8441651598157924,0.0,0.8658142959196573,0.0,0.0,-0.5003654714117952
1782096935448085220,0,3.4509767641353233,-2.8506808470975797,0.0,0.8658142959196573,0.0,0.0,-0.5003654714117952
1782096935468171986,0,3.4547876683230077,-2.8572944131037725,0.0,0.8658142959196573,0.0,0.0,-0.5003654714117952
1782096935488094435,0,3.4585673979381686,-2.863853877751612,0.0,0.8658142959196573,0.0,0.0,-0.5003654714117952
1782096935508121250,0,3.4623869256618804,-2.870482409320283,0.0,0.8658142959196573,0.0,0.0,-0.5003654714117952
1782096935528116764,0,3.4661805173250397,-2.8770659306131896,0.0,0.8658142959196573,0.0,0.0,-0.5003654714117952
1782096935548127748,0,3.4699770439896764,-2.88365454540229,0.0,0.8658142959196573,0.0,0.0,-0.5003654714117952
1782096935568121928,0,3.4737703825635085,-2.890237627475807,0.0,0.8658142959196573,0.0,0.0,-0.5003654714117952
1782096935588083731,0,3.477537645852831,-2.896775457659808,0.0,0.8658142959196573,0.0,0.0,-0.5003654714117952
1782096935608117512,0,3.481318493089303,-2.903336861863701,0.0,0.8658142959196573,0.0,0.0,-0.5003654714117952
1782096935628085481,0,3.4850869200483285,-2.909876711517636,0.0,0.8658142959196573,0.0,0.0,-0.5003654714117952
1782096935648115923,0,3.488867137136707,-2.916437022142213,0.0,0.8658142959196573,0.0,0.0,-0.5003654714117952
1782096935668124304,0,3.4926032327698313,-2.9229207629706866,0.0,0.8658142959196573,0.0,0.0,-0.5003654714117952
1782096935688126990,0,3.496338264995336,-2.9294026583273047,0.0,0.8658142959196573,0.0,0.0,-0.5003654714117952
1782096935708224283,0,3.5000708949150465,-2.9358803846449866,0.0,0.8658142959196573,0.0,0.0,-0.5003654714117952
1782096935728095643,0,3.5037814050917597,-2.9423197236474397,0.0,0.8658142959196573,0.0,0.0,-0.5003654714117952
1782096935748094492,0,3.5074558119193004,-2.9486964077336064,0.0,0.8658142959196573,0.0,0.0,-0.5003654714117952
1782096935768097144,0,3.5111508909157068,-2.9551089669681807,0.0,0.8658142959196573,0.0,0.0,-0.5003654714117952
1782096935788125276,0,3.514850676818622,-2.9615296947200753,0.0,0.8658142959196573,0.0,0.0,-0.5003654714117952
1782096935808095349,0,3.51851979660534,-2.9678972035051365,0.0,0.8658142959196573,0.0,0.0,-0.5003654714117952
1782096935828099831,0,3.522195238389117,-2.9742756836877393,0.0,0.8658142959196573,0.0,0.0,-0.5003654714117952
1782096935848094092,0,3.5258488371977585,-2.9806162568669836,0.0,0.8658142959196573,0.0,0.0,-0.5003654714117952
1782096935868095247,0,3.5295236677087876,-2.9869936762271343,0.0,0.8658142959196573,0.0,0.0,-0.5003654714117952
1782096935888097122,0,3.53321860317041,-2.9934059863668128,0.0,0.8658142959196573,0.0,0.0,-0.5003654714117952
1782096935908249146,0,3.536961398168979,-2.999901353490102,0.0,0.8658142959196573,0.0,0.0,-0.5003654714117952
1782096935928221178,0,3.5406707636143957,-3.0063387058889535,0.0,0.8658142959196573,0.0,0.0,-0.5003654714117952
1782096935948240758,0,3.5443889600544947,-3.0127913838807063,0.0,0.8658142959196573,0.0,0.0,-0.5003654714117952
1782096935968095975,0,3.5480766296842607,-3.019191084661512,0.0,0.8658142959196573,0.0,0.0,-0.5003654714117952
1782096935988093665,0,3.551790760538563,-3.0256367071045864,0.0,0.8658142959196573,0.0,0.0,-0.5003654714117952
1782096936008086440,0,3.5554840149621474,-3.03204609991665,0.0,0.8658142959196573,0.0,0.0,-0.5003654714117952
1782096936028128437,0,3.5591463366834657,-3.038401811119813,0.0,0.8658142959196573,0.0,0.0,-0.5003654714117952
1782096936048126543,0,3.5627607002964106,-3.044674294275349,0.0,0.8658142959196573,0.0,0.0,-0.5003654714117952
1782096936068122953,0,3.566294888850568,-3.0508076390486916,0.0,0.8658142959196573,0.0,0.0,-0.5003654714117952
1782096936088132754,0,3.569831444145502,-3.0569450911402796,0.0,0.8658142959196573,0.0,0.0,-0.5003654714117952
1782096936108230506,0,3.5733434071989216,-3.063039865063002,0.0,0.8658142959196573,0.0,0.0,-0.5003654714117952
1782096936128224106,0,3.5767772774008315,-3.068999114133184,0.0,0.8658142959196573,0.0,0.0,-0.5003654714117952
1782096936148219136,0,3.580151495715054,-3.0748548413940635,0.0,0.8658142959196573,0.0,0.0,-0.5003654714117952
1782096936168219440,0,3.5834067777556293,-3.080504162810669,0.0,0.8658142959196573,0.0,0.0,-0.5003654714117952
1782096936188219580,0,3.586582149375826,-3.0860148051071046,0.0,0.8658142959196573,0.0,0.0,-0.5003654714117952
1782096936208225174,0,3.5897583869137955,-3.091526950145178,0.0,0.8658142959196573,0.0,0.0,-0.5003654714117952
1782096936228095367,0,3.5928139216000514,-3.096829623562438,0.0,0.8658142959196573,0.0,0.0,-0.5003654714117952
1782096936248228207,0,3.595749017567629,-3.101923283743868,0.0,0.8658142959196573,0.0,0.0,-0.5003654714117952
1782096936268097234,0,3.5983778134691495,-3.1064853809143123,0.0,0.8658142959196573,0.0,0.0,-0.5003654714117952
1782096936288225702,0,3.600860043826382,-3.1107931235133424,0.0,0.8658142959196573,0.0,0.0,-0.5003654714117952
1782096936308153765,0,3.6030389755128494,-3.1145745118195722,0.0,0.8658142959196573,0.0,0.0,-0.5003654714117952
1782096936328119764,0,3.6048831295667054,-3.117774916227567,0.0,0.8658142959196573,0.0,0.0,-0.5003654714117952
1782096936348265948,0,3.6063114168626247,-3.1202536120546376,0.0,0.8658142959196573,0.0,0.0,-0.5003654714117952
1782096936368218857,0,3.607387298281824,-3.122120731360256,0.0,0.8658142959196573,0.0,0.0,-0.5003654714117952
1782096936388221140,0,3.6080863543789925,-3.123333895851672,0.0,0.8658142959196573,0.0,0.0,-0.5003654714117952
1782096936408258769,0,3.608406487603349,-3.1238894653716076,0.0,0.8658142959196573,0.0,0.0,-0.5003654714117952
1782096936428096834,0,3.608406487603349,-3.1238894653716076,0.0,0.8658142959196573,0.0,0.0,-0.5003654714117952
1782096936448255431,0,3.608144809081289,-3.1234353400268655,0.0,0.8658142959196573,0.0,0.0,-0.5003654714117952
1782096936468257789,0,3.60766545452945,-3.1226034526812785,0.0,0.8658142959196573,0.0,0.0,-0.5003654714117952
1782096936488254328,0,3.6070864029718845,-3.1215985479373276,0.0,0.8658142959196573,0.0,0.0,-0.5003654714117952
1782096936508258081,0,3.6064871680118853,-3.1205586162660004,0.0,0.8658142959196573,0.0,0.0,-0.5003654714117952
1782096936528253436,0,3.605928116819586,-3.119588420800825,0.0,0.8658142959196573,0.0,0.0,-0.5003654714117952
1782096936548216645,0,3.605449700469699,-3.118758161641162,0.0,0.8658142959196573,0.0,0.0,-0.5003654714117952
1782096936568139716,0,3.604972246023053,-3.1179295717994004,0.0,0.8658142959196573,0.0,0.0,-0.5003654714117952
1782096936588248501,0,3.6046710553670995,-3.1174068758234674,0.0,0.8658142959196573,0.0,0.0,-0.5003654714117952
1782096936608221188,0,3.6044516771042994,-3.1170261597125637,0.0,0.8658142959196573,0.0,0.0,-0.5003654714117952
1782096936628262801,0,3.6042315417642894,-3.116644129745463,0.0,0.8658142959196573,0.0,0.0,-0.5003654714117952
1782096936648249065,0,3.6041317565880697,-3.1164709593331863,0.0,0.8658142959196573,0.0,0.0,-0.5003654714117952
1782096936668098494,0,3.6041317565880697,-3.1164709593331863,0.0,0.8658142959196573,0.0,0.0,-0.5003654714117952
1782096936688128950,0,3.6042117612441165,-3.1166098019929644,0.0,0.8658142959196573,0.0,0.0,-0.5003654714117952
1782096936708178597,0,3.6043318832011377,-3.1168182655103993,0.0,0.8658142959196573,0.0,0.0,-0.5003654714117952
1782096936728131104,0,3.604431499839196,-3.1169911434361164,0.0,0.8658142959196573,0.0,0.0,-0.5003654714117952
1782096936748128493,0,3.604551308706761,-3.117199063607996,0.0,0.8658142959196573,0.0,0.0,-0.5003654714117952
1782096936768122725,0,3.604651133664714,-3.1173723030587808,0.0,0.8658142959196573,0.0,0.0,-0.5003654714117952
1782096936788086981,0,3.6047308739080024,-3.117510686848124,0.0,0.8658142959196573,0.0,0.0,-0.5003654714117952
1782096936808118441,0,3.6047908804053024,-3.1176148240583923,0.0,0.8658142959196573,0.0,0.0,-0.5003654714117952
1782096936828116069,0,3.6048108487893153,-3.1176494778358754,0.0,0.8658142959196573,0.0,0.0,-0.5003654714117952
1782096936848122639,0,3.6048108487893153,-3.1176494778358754,0.0,0.8658142959196573,0.0,0.0,-0.5003654714117952
1782096936868207266,0,3.6048108487893153,-3.1176494778358754,0.0,0.8658142959196573,0.0,0.0,-0.5003654714117952
1782096936888179904,0,3.6048108487893153,-3.1176494778358754,0.0,0.8658142959196573,0.0,0.0,-0.5003654714117952
1782096936908224064,0,3.6048108487893153,-3.1176494778358754,0.0,0.8658142959196573,0.0,0.0,-0.5003654714117952
1782096936928248194,0,3.6048108487893153,-3.1176494778358754,0.0,0.8658142959196573,0.0,0.0,-0.5003654714117952
1782096936948255936,0,3.6048108487893153,-3.1176494778358754,0.0,0.8658142959196573,0.0,0.0,-0.5003654714117952
1782096936968232836,0,3.6048108487893153,-3.1176494778358754,0.0,0.8658142959196573,0.0,0.0,-0.5003654714117952
1782096936988226160,0,3.6048108487893153,-3.1176494778358754,0.0,0.8658142959196573,0.0,0.0,-0.5003654714117952
1782096937008215526,0,3.6048108487893153,-3.1176494778358754,0.0,0.8658142959196573,0.0,0.0,-0.5003654714117952
1782096937028220223,0,3.6048108487893153,-3.1176494778358754,0.0,0.8658142959196573,0.0,0.0,-0.5003654714117952
1782096937048227784,0,3.6048108487893153,-3.1176494778358754,0.0,0.8658142959196573,0.0,0.0,-0.5003654714117952
1782096937068251307,0,3.6048108487893153,-3.1176494778358754,0.0,0.8658142959196573,0.0,0.0,-0.5003654714117952
1782096937088233247,0,3.6048108487893153,-3.1176494778358754,0.0,0.8658142959196573,0.0,0.0,-0.5003654714117952
1782096937108274653,0,3.6048108487893153,-3.1176494778358754,0.0,0.8658142959196573,0.0,0.0,-0.5003654714117952
1782096937128220052,0,3.6048108487893153,-3.1176494778358754,0.0,0.8658142959196573,0.0,0.0,-0.5003654714117952
1782096937148258391,0,3.6048108487893153,-3.1176494778358754,0.0,0.8658142959196573,0.0,0.0,-0.5003654714117952
1782096937168242636,0,3.6048108487893153,-3.1176494778358754,0.0,0.8658142959196573,0.0,0.0,-0.5003654714117952
1782096937188228041,0,3.6048108487893153,-3.1176494778358754,0.0,0.8658142959196573,0.0,0.0,-0.5003654714117952
1782096937208290864,0,3.6048108487893153,-3.1176494778358754,0.0,0.8658142959196573,0.0,0.0,-0.5003654714117952
1782096937228216955,0,3.6048108487893153,-3.1176494778358754,0.0,0.8658142959196573,0.0,0.0,-0.5003654714117952
1782096937248224150,0,3.6048108487893153,-3.1176494778358754,0.0,0.8658142959196573,0.0,0.0,-0.5003654714117952
1782096937268226821,0,3.604803755723012,-3.117688849347793,0.0,0.8658142959196573,0.0,0.0,-0.5003654714117952
1782096937288226815,0,3.604803755723012,-3.117688849347793,0.0,0.8658142959196573,0.0,0.0,-0.5003654714117952
1782096937308238907,0,3.604803755723012,-3.117688849347793,0.0,0.8658142959196573,0.0,0.0,-0.5003654714117952
1782096937328218814,0,3.604803755723012,-3.117688849347793,0.0,0.8658142959196573,0.0,0.0,-0.5003654714117952
1782096937348217570,0,3.604785918473788,-3.117724649259219,0.0,0.8658142959196573,0.0,0.0,-0.5003654714117952
1782096937368248189,0,3.604785918473788,-3.117724649259219,0.0,0.8658142959196573,0.0,0.0,-0.5003654714117952
1782096937388229338,0,3.604785918473788,-3.117724649259219,0.0,0.8658142959196573,0.0,0.0,-0.5003654714117952
1782096937408216211,0,3.604785918473788,-3.117724649259219,0.0,0.8658142959196573,0.0,0.0,-0.5003654714117952
1782096937428218464,0,3.604785918473788,-3.117724649259219,0.0,0.8658142959196573,0.0,0.0,-0.5003654714117952
1782096937448217381,0,3.604785918473788,-3.117724649259219,0.0,0.8658142959196573,0.0,0.0,-0.5003654714117952
1782096937468246027,0,3.604785918473788,-3.117724649259219,0.0,0.8658142959196573,0.0,0.0,-0.5003654714117952
1782096937488225563,0,3.604785918473788,-3.117724649259219,0.0,0.8658142959196573,0.0,0.0,-0.5003654714117952
1782096937508151464,0,3.604785918473788,-3.117724649259219,0.0,0.8658142959196573,0.0,0.0,-0.5003654714117952
1782096937528254941,0,3.604785918473788,-3.117724649259219,0.0,0.8658142959196573,0.0,0.0,-0.5003654714117952
1782096937548249683,0,3.604785918473788,-3.117724649259219,0.0,0.8658142959196573,0.0,0.0,-0.5003654714117952
1782096937568253910,0,3.604785918473788,-3.117724649259219,0.0,0.8658142959196573,0.0,0.0,-0.5003654714117952
1782096937588152011,0,3.604785918473788,-3.117724649259219,0.0,0.8658142959196573,0.0,0.0,-0.5003654714117952
1782096937608093724,0,3.604785918473788,-3.117724649259219,0.0,0.8658142959196573,0.0,0.0,-0.5003654714117952
1782096937628203556,0,3.604785918473788,-3.117724649259219,0.0,0.8658142959196573,0.0,0.0,-0.5003654714117952
1782096937648134740,0,3.604716992805104,-3.1177647152838683,0.0,0.8658142959196573,0.0,0.0,-0.5003654714117952
1782096937668156401,0,3.6045092771492286,-3.1178854589886096,0.0,0.8658142959196573,0.0,0.0,-0.5003654714117952
1782096937688096536,0,3.604164494058964,-3.1180858790651533,0.0,0.8658142959196573,0.0,0.0,-0.5003654714117952
1782096937708094720,0,3.6036803924987297,-3.118367284025243,0.0,0.8658142959196573,0.0,0.0,-0.5003654714117952
1782096937728098843,0,3.602953602701105,-3.1187887902765588,0.0,0.8658142959196573,0.0,0.0,-0.5003654714117952
1782096937748170525,0,3.601981276856359,-3.119352696681428,0.0,0.8658142959196573,0.0,0.0,-0.5003654714117952
1782096937768251364,0,3.6006263480153593,-3.1201384960672107,0.0,0.8658142959196573,0.0,0.0,-0.5003654714117952
1782096937788156637,0,3.59897332311145,-3.121097178113732,0.0,0.8658142959196573,0.0,0.0,-0.5003654714117952
1782096937808155111,0,3.597001164997398,-3.122240943445014,0.0,0.8658142959196573,0.0,0.0,-0.5003654714117952
1782096937828156318,0,3.5947173014393656,-3.123565484281998,0.0,0.8658142959196573,0.0,0.0,-0.5003654714117952
1782096937848155885,0,3.5920357118182893,-3.1251206888162897,0.0,0.8658142959196573,0.0,0.0,-0.5003654714117952
1782096937868208067,0,3.588965453418585,-3.126901304219609,0.0,0.8658142959196573,0.0,0.0,-0.5003654714117952
1782096937888182783,0,3.585907056103981,-3.1286750407130515,0.0,0.8658142959196573,0.0,0.0,-0.5003654714117952
1782096937908248190,0,3.58255511093792,-3.130614545120316,0.0,0.8658142959196573,0.0,0.0,-0.5003654714117952
1782096937928274062,0,3.578967102951545,-3.1326906403301424,0.0,0.8658142959196573,0.0,0.0,-0.5003654714117952
1782096937948235451,0,3.575079652384226,-3.134939999175479,0.0,0.8658142959196573,0.0,0.0,-0.5003654714117952
1782096937968236960,0,3.5710112655706365,-3.1372940514539294,0.0,0.8658142959196573,0.0,0.0,-0.5003654714117952
1782096937988198472,0,3.566743682421372,-3.1397633628287713,0.0,0.8658142959196573,0.0,0.0,-0.5003654714117952
1782096938008181348,0,3.562298570191605,-3.142335396180538,0.0,0.8658142959196573,0.0,0.0,-0.5003654714117952
1782096938028225791,0,3.5577009672937714,-3.144995663768888,0.0,0.8658142959196573,0.0,0.0,-0.5003654714117952
1782096938048149402,0,3.5529241409487615,-3.147759633729581,0.0,0.8658142959196573,0.0,0.0,-0.5003654714117952
1782096938068250028,0,3.5479308934244806,-3.1506488294353985,0.0,0.8658142959196573,0.0,0.0,-0.5003654714117952
1782096938088151525,0,3.5429009835272667,-3.15355923874417,0.0,0.8658142959196573,0.0,0.0,-0.5003654714117952
1782096938108247477,0,3.537613198761829,-3.1566188597550027,0.0,0.8658142959196573,0.0,0.0,-0.5003654714117952
1782096938128191984,0,3.5322271593932535,-3.159735332899858,0.0,0.8658142959196573,0.0,0.0,-0.5003654714117952
1782096938148247132,0,3.5266029368393075,-3.162989623734107,0.0,0.8658142959196573,0.0,0.0,-0.5003654714117952
1782096938168247178,0,3.5207864348499034,-3.1663551714040206,0.0,0.8658142959196573,0.0,0.0,-0.5003654714117952
1782096938188223931,0,3.5147692168468407,-3.169836857487247,0.0,0.8658142959196573,0.0,0.0,-0.5003654714117952
1782096938208153742,0,3.508490134626197,-3.1734700635921143,0.0,0.8658142959196573,0.0,0.0,-0.5003654714117952
1782096938228097325,0,3.5020340915864883,-3.1772056628661693,0.0,0.8658142959196573,0.0,0.0,-0.5003654714117952
1782096938248245848,0,3.495267552906958,-3.181120921302909,0.0,0.8658142959196573,0.0,0.0,-0.5003654714117952
1782096938268245321,0,3.488343343963996,-3.1851274109966243,0.0,0.8658142959196573,0.0,0.0,-0.5003654714117952
1782096938288223940,0,3.4812188455154573,-3.1892497923173013,0.0,0.8658142959196573,0.0,0.0,-0.5003654714117952
1782096938308271432,0,3.4740697865314023,-3.193386384868926,0.0,0.8658142959196573,0.0,0.0,-0.5003654714117952
1782096938328221066,0,3.466852019798177,-3.197562733137216,0.0,0.8658142959196573,0.0,0.0,-0.5003654714117952
1782096938348244349,0,3.459503620417666,-3.2018146681417536,0.0,0.8658142959196573,0.0,0.0,-0.5003654714117952
1782096938368259910,0,3.452192703919366,-3.2060449147797843,0.0,0.8658142959196573,0.0,0.0,-0.5003654714117952
1782096938388218518,0,3.445044933156432,-3.2101903087704353,0.0,0.8658142959196573,0.0,0.0,-0.5003654714117952
1782096938408246941,0,3.437941461866823,-3.2143100110067446,0.0,0.8658142959196573,0.0,0.0,-0.5003654714117952
1782096938428250155,0,3.43088153897722,-3.2184044570783477,0.0,0.8658142959196573,0.0,0.0,-0.5003654714117952
1782096938448220535,0,3.4239714069053755,-3.222412031036057,0.0,0.8658142959196573,0.0,0.0,-0.5003654714117952
1782096938468217312,0,3.4171213337670285,-3.226384773442754,0.0,0.8658142959196573,0.0,0.0,-0.5003654714117952
1782096938488220809,0,3.41037278270977,-3.230298637488793,0.0,0.8658142959196573,0.0,0.0,-0.5003654714117952
1782096938508230174,0,3.4036914878134543,-3.234173495907109,0.0,0.8658142959196573,0.0,0.0,-0.5003654714117952
1782096938528235975,0,3.397115219001732,-3.2379874437962086,0.0,0.8658142959196573,0.0,0.0,-0.5003654714117952
1782096938548217363,0,3.390581544959668,-3.241776688584428,0.0,0.8658142959196573,0.0,0.0,-0.5003654714117952
1782096938568178660,0,3.3840889754488317,-3.2455420945447933,0.0,0.8658142959196573,0.0,0.0,-0.5003654714117952
1782096938588134532,0,3.3775981704620954,-3.249306477158471,0.0,0.8658142959196573,0.0,0.0,-0.5003654714117952
1782096938608196991,0,3.371072697211748,-3.25309096584667,0.0,0.8658142959196573,0.0,0.0,-0.5003654714117952
1782096938628197388,0,3.3646366149259426,-3.256823611690496,0.0,0.8658142959196573,0.0,0.0,-0.5003654714117952
1782096938648174007,0,3.358208184346481,-3.2605518198797667,0.0,0.8658142959196573,0.0,0.0,-0.5003654714117952
1782096938668207038,0,3.3517269413913824,-3.2643106569338776,0.0,0.8658142959196573,0.0,0.0,-0.5003654714117952
1782096938688137248,0,3.3452100019410396,-3.268090196391833,0.0,0.8658142959196573,0.0,0.0,-0.5003654714117952
1782096938708216879,0,3.338644203617181,-3.271898071856547,0.0,0.8658142959196573,0.0,0.0,-0.5003654714117952
1782096938728196587,0,3.3321110789149526,-3.275686998051721,0.0,0.8658142959196573,0.0,0.0,-0.5003654714117952
1782096938748195590,0,3.325502444478357,-3.279519716585717,0.0,0.8658142959196573,0.0,0.0,-0.5003654714117952
1782096938768187653,0,3.318896103352236,-3.2833511051000808,0.0,0.8658142959196573,0.0,0.0,-0.5003654714117952
1782096938788186348,0,3.312218371258471,-3.2872238972489654,0.0,0.8658142959196573,0.0,0.0,-0.5003654714117952
1782096938808204749,0,3.30549942535499,-3.29112059160243,0.0,0.8658142959196573,0.0,0.0,-0.5003654714117952
1782096938828228604,0,3.298744006148509,-3.2950384388742093,0.0,0.8658142959196573,0.0,0.0,-0.5003654714117952
1782096938848184229,0,3.2920461302869435,-3.2989229135261744,0.0,0.8658142959196573,0.0,0.0,-0.5003654714117952
1782096938868210922,0,3.285393697582926,-3.302781033137039,0.0,0.8658142959196573,0.0,0.0,-0.5003654714117952
1782096938888199497,0,3.278788509060107,-3.3066117531919637,0.0,0.8658142959196573,0.0,0.0,-0.5003654714117952
1782096938908194721,0,3.2722157170996806,-3.310423684659589,0.0,0.8658142959196573,0.0,0.0,-0.5003654714117952
1782096938928192053,0,3.2656768295609955,-3.314215953047517,0.0,0.8658142959196573,0.0,0.0,-0.5003654714117952
1782096938948247497,0,3.259188335376751,-3.3179789954969485,0.0,0.8658142959196573,0.0,0.0,-0.5003654714117952
1782096938968196444,0,3.252768809583984,-3.3217020392999497,0.0,0.8658142959196573,0.0,0.0,-0.5003654714117952
1782096938988090162,0,3.2463670563578533,-3.3254147757926833,0.0,0.8658142959196573,0.0,0.0,-0.5003654714117952
1782096939008131360,0,3.2399871909070037,-3.329114818334371,0.0,0.8658142959196573,0.0,0.0,-0.5003654714117952
1782096939028210657,0,3.2337341532651025,-3.3327413063015654,0.0,0.8658142959196573,0.0,0.0,-0.5003654714117952
1782096939048201079,0,3.2275433782277756,-3.3363316846850277,0.0,0.8658142959196573,0.0,0.0,-0.5003654714117952
1782096939068192217,0,3.2214215547410245,-3.3398820741890467,0.0,0.8658142959196573,0.0,0.0,-0.5003654714117952
1782096939088125225,0,3.2153865043670753,-3.343382139088049,0.0,0.8658142959196573,0.0,0.0,-0.5003654714117952
1782096939108218884,0,3.209407105751581,-3.346849928404534,0.0,0.8658142959196573,0.0,0.0,-0.5003654714117952
1782096939128204158,0,3.20356368944756,-3.350238853935996,0.0,0.8658142959196573,0.0,0.0,-0.5003654714117952
1782096939148135002,0,3.197736187718912,-3.3536185497107573,0.0,0.8658142959196573,0.0,0.0,-0.5003654714117952
1782096939168138622,0,3.1919912320145554,-3.3569503724067107,0.0,0.8658142959196573,0.0,0.0,-0.5003654714117952
1782096939188214544,0,3.1863297109455417,-3.3602338066683646,0.0,0.8658142959196573,0.0,0.0,-0.5003654714117952
1782096939208218583,0,3.180757679206723,-3.3634653410378745,0.0,0.8658142959196573,0.0,0.0,-0.5003654714117952
1782096939228191428,0,3.175367110868948,-3.366591634582361,0.0,0.8658142959196573,0.0,0.0,-0.5003654714117952
1782096939248209668,0,3.170172091331969,-3.3696045183868573,0.0,0.8658142959196573,0.0,0.0,-0.5003654714117952
1782096939268213533,0,3.1652749756840675,-3.372444630983027,0.0,0.8658142959196573,0.0,0.0,-0.5003654714117952
1782096939288140749,0,3.1607413838521574,-3.3750739156872167,0.0,0.8658142959196573,0.0,0.0,-0.5003654714117952
1782096939308088347,0,3.1566518012820404,-3.3774456944658993,0.0,0.8658142959196573,0.0,0.0,-0.5003654714117952
1782096939328203852,0,3.153049821160963,-3.3795346851797237,0.0,0.8658142959196573,0.0,0.0,-0.5003654714117952
1782096939348196317,0,3.1500924727956385,-3.3812498177082406,0.0,0.8658142959196573,0.0,0.0,-0.5003654714117952
1782096939368213273,0,3.147841442228714,-3.3825553168483746,0.0,0.8658142959196573,0.0,0.0,-0.5003654714117952
1782096939388091325,0,3.1464314143218,-3.383373071279212,0.0,0.8658142959196573,0.0,0.0,-0.5003654714117952
1782096939408092561,0,3.145600917266647,-3.38385472319781,0.0,0.8658142959196573,0.0,0.0,-0.5003654714117952
1782096939428085720,0,3.1453933768467306,-3.3839750875516805,0.0,0.8658142959196573,0.0,0.0,-0.5003654714117952
1782096939448088551,0,3.1456356244763666,-3.383834594536246,0.0,0.8658142959196573,0.0,0.0,-0.5003654714117952
1782096939468092939,0,3.146431642907164,-3.383372938709701,0.0,0.8658142959196573,0.0,0.0,-0.5003654714117952
1782096939488088317,0,3.147400272382504,-3.382811176037197,0.0,0.8658142959196573,0.0,0.0,-0.5003654714117952
1782096939508197215,0,3.148513562329143,-3.382165516627047,0.0,0.8658142959196573,0.0,0.0,-0.5003654714117952
1782096939528216954,0,3.149587280035702,-3.3815428073829934,0.0,0.8658142959196573,0.0,0.0,-0.5003654714117952
1782096939548092223,0,3.150550091110525,-3.3809844191279548,0.0,0.8658142959196573,0.0,0.0,-0.5003654714117952
1782096939568210716,0,3.151455070774745,-3.3804595705582208,0.0,0.8658142959196573,0.0,0.0,-0.5003654714117952
1782096939588085253,0,3.152349076693613,-3.379941086280176,0.0,0.8658142959196573,0.0,0.0,-0.5003654714117952
1782096939608115177,0,3.1531114575754864,-3.3794989387587804,0.0,0.8658142959196573,0.0,0.0,-0.5003654714117952
1782096939628117575,0,3.1535959423469255,-3.3792179588103877,0.0,0.8658142959196573,0.0,0.0,-0.5003654714117952
1782096939648121090,0,3.153803590268032,-3.379097532110522,0.0,0.8658142959196573,0.0,0.0,-0.5003654714117952
1782096939668146953,0,3.153803590268032,-3.379097532110522,0.0,0.8658142959196573,0.0,0.0,-0.5003654714117952
1782096939688166675,0,3.1536996821885137,-3.3791577942457685,0.0,0.8658142959196573,0.0,0.0,-0.5003654714117952
1782096939708133670,0,3.1534924133658753,-3.379278001085113,0.0,0.8658142959196573,0.0,0.0,-0.5003654714117952
1782096939728123719,0,3.153284905229548,-3.379398346715925,0.0,0.8658142959196573,0.0,0.0,-0.5003654714117952
1782096939748208281,0,3.1530416677829636,-3.379539413781838,0.0,0.8658142959196573,0.0,0.0,-0.5003654714117952
1782096939768210386,0,3.152868640051248,-3.379639762288116,0.0,0.8658142959196573,0.0,0.0,-0.5003654714117952
1782096939788092201,0,3.1527998451800614,-3.3796796603003876,0.0,0.8658142959196573,0.0,0.0,-0.5003654714117952
1782096939808147251,0,3.152834542328718,-3.3796595374738003,0.0,0.8658142959196573,0.0,0.0,-0.5003654714117952
1782096939828212045,0,3.1530081123501312,-3.379558874463251,0.0,0.8658142959196573,0.0,0.0,-0.5003654714117952
1782096939848145590,0,3.153421955535159,-3.379318863541083,0.0,0.8658142959196573,0.0,0.0,-0.5003654714117952
1782096939868163598,0,3.1540799836696114,-3.3789372360428405,0.0,0.8658142959196573,0.0,0.0,-0.5003654714117952
1782096939888192395,0,3.1550848837184557,-3.3783544380262476,0.0,0.8658142959196573,0.0,0.0,-0.5003654714117952
1782096939908190718,0,3.1562958488599784,-3.377652131280955,0.0,0.8658142959196573,0.0,0.0,-0.5003654714117952
1782096939928131652,0,3.157813836331958,-3.3767717650306994,0.0,0.8658142959196573,0.0,0.0,-0.5003654714117952
1782096939948203278,0,3.1596195792728214,-3.3757245132113556,0.0,0.8658142959196573,0.0,0.0,-0.5003654714117952
1782096939968142677,0,3.161585911680343,-3.37458412653471,0.0,0.8658142959196573,0.0,0.0,-0.5003654714117952
1782096939988093581,0,3.163553378658382,-3.373443081856855,0.0,0.8658142959196573,0.0,0.0,-0.5003654714117952
1782096940008082949,0,3.165766723460673,-3.3721594388096743,0.0,0.8658142959196573,0.0,0.0,-0.5003654714117952
1782096940028134066,0,3.1680909764691294,-3.3708114738603867,0.0,0.8658142959196573,0.0,0.0,-0.5003654714117952
1782096940048087780,0,3.1704729824087434,-3.3694300147404355,0.0,0.8658142959196573,0.0,0.0,-0.5003654714117952
1782096940068119551,0,3.1729336204100194,-3.3680029524685806,0.0,0.8658142959196573,0.0,0.0,-0.5003654714117952
1782096940088126825,0,3.175322020158742,-3.3666177852193857,0.0,0.8658142959196573,0.0,0.0,-0.5003654714117952
1782096940108131813,0,3.1777447576177402,-3.365212703602116,0.0,0.8658142959196573,0.0,0.0,-0.5003654714117952
1782096940128084508,0,3.180092122036769,-3.3638513350469057,0.0,0.8658142959196573,0.0,0.0,-0.5003654714117952
1782096940148103119,0,3.1823087048024683,-3.362565814122769,0.0,0.8658142959196573,0.0,0.0,-0.5003654714117952
1782096940168114053,0,3.1845590581582255,-3.3612607077354517,0.0,0.8658142959196573,0.0,0.0,-0.5003654714117952
1782096940188093560,0,3.186736744569956,-3.359997744993064,0.0,0.8658142959196573,0.0,0.0,-0.5003654714117952
1782096940208086477,0,3.18881212358364,-3.3587941160607726,0.0,0.8658142959196573,0.0,0.0,-0.5003654714117952
1782096940228085103,0,3.1909572942917213,-3.3575500110024126,0.0,0.8658142959196573,0.0,0.0,-0.5003654714117952
1782096940248088123,0,3.193068329254825,-3.3563257031810845,0.0,0.8658142959196573,0.0,0.0,-0.5003654714117952
1782096940268096679,0,3.1950414816096377,-3.3551813612336967,0.0,0.8658142959196573,0.0,0.0,-0.5003654714117952
1782096940288088053,0,3.1970475264768443,-3.3540179430697292,0.0,0.8658142959196573,0.0,0.0,-0.5003654714117952
1782096940308086730,0,3.1989851050522504,-3.3528942323563693,0.0,0.8658142959196573,0.0,0.0,-0.5003654714117952
1782096940328085919,0,3.2009919341197084,-3.3517303593905967,0.0,0.8658142959196573,0.0,0.0,-0.5003654714117952
1782096940348084159,0,3.2029986679592697,-3.350566541652833,0.0,0.8658142959196573,0.0,0.0,-0.5003654714117952
1782096940368124207,0,3.204974925911213,-3.3494203985951354,0.0,0.8658142959196573,0.0,0.0,-0.5003654714117952
1782096940388158166,0,3.2070892260468047,-3.3481941971167717,0.0,0.8658142959196573,0.0,0.0,-0.5003654714117952
1782096940408218525,0,3.209206312327844,-3.346966379796077,0.0,0.8658142959196573,0.0,0.0,-0.5003654714117952
1782096940428086559,0,3.211303101433787,-3.345750333947979,0.0,0.8658142959196573,0.0,0.0,-0.5003654714117952
1782096940448093006,0,3.2134837241978436,-3.3444856682498414,0.0,0.8658142959196573,0.0,0.0,-0.5003654714117952
1782096940468098827,0,3.2156988907766952,-3.3432009686520447,0.0,0.8658142959196573,0.0,0.0,-0.5003654714117952
1782096940488126759,0,3.2179511556627287,-3.341894753660888,0.0,0.8658142959196573,0.0,0.0,-0.5003654714117952
1782096940508271513,0,3.2202165579055646,-3.34058091957816,0.0,0.8658142959196573,0.0,0.0,-0.5003654714117952
1782096940528161366,0,3.2225565291842266,-3.3392238387205686,0.0,0.8658142959196573,0.0,0.0,-0.5003654714117952
1782096940548248026,0,3.2249196541145246,-3.337853329759086,0.0,0.8658142959196573,0.0,0.0,-0.5003654714117952
1782096940568100110,0,3.227289527813318,-3.3364789068074496,0.0,0.8658142959196573,0.0,0.0,-0.5003654714117952
1782096940588114735,0,3.2297134323772885,-3.335073148320411,0.0,0.8658142959196573,0.0,0.0,-0.5003654714117952
1782096940608095044,0,3.2322023166032836,-3.3336297044753205,0.0,0.8658142959196573,0.0,0.0,-0.5003654714117952
1782096940628158212,0,3.234753589207609,-3.3321500781032287,0.0,0.8658142959196573,0.0,0.0,-0.5003654714117952
1782096940648138479,0,3.237363455367968,-3.330636470034871,0.0,0.8658142959196573,0.0,0.0,-0.5003654714117952
1782096940668182629,0,3.2399816660654683,-3.3291180225004413,0.0,0.8658142959196573,0.0,0.0,-0.5003654714117952
1782096940688130969,0,3.2426563870482554,-3.32756680147553,0.0,0.8658142959196573,0.0,0.0,-0.5003654714117952
1782096940708136239,0,3.245304130248155,-3.3260312263831415,0.0,0.8658142959196573,0.0,0.0,-0.5003654714117952
1782096940728126007,0,3.2480189902689642,-3.3244567264741565,0.0,0.8658142959196573,0.0,0.0,-0.5003654714117952
1782096940748132624,0,3.2506669117473934,-3.32292104798803,0.0,0.8658142959196573,0.0,0.0,-0.5003654714117952
1782096940768153904,0,3.253386051491161,-3.3213440660271654,0.0,0.8658142959196573,0.0,0.0,-0.5003654714117952
1782096940788099738,0,3.256060436463493,-3.3197930398735997,0.0,0.8658142959196573,0.0,0.0,-0.5003654714117952
1782096940808168308,0,3.2587512781713017,-3.318232469534219,0.0,0.8658142959196573,0.0,0.0,-0.5003654714117952
1782096940828165264,0,3.2614325177032737,-3.31667746803628,0.0,0.8658142959196573,0.0,0.0,-0.5003654714117952
1782096940848095678,0,3.2641048351252526,-3.3151276409713737,0.0,0.8658142959196573,0.0,0.0,-0.5003654714117952
1782096940868163745,0,3.266760889651597,-3.313587245673657,0.0,0.8658142959196573,0.0,0.0,-0.5003654714117952
1782096940888134696,0,3.2694731940889192,-3.3120142278911646,0.0,0.8658142959196573,0.0,0.0,-0.5003654714117952
1782096940908254771,0,3.2721709417099203,-3.310449652424594,0.0,0.8658142959196573,0.0,0.0,-0.5003654714117952
1782096940928126556,0,3.2748353980158034,-3.308904384462721,0.0,0.8658142959196573,0.0,0.0,-0.5003654714117952
1782096940948256042,0,3.277534407486114,-3.3073390771788147,0.0,0.8658142959196573,0.0,0.0,-0.5003654714117952
1782096940968168211,0,3.2802387285940786,-3.3057706893776984,0.0,0.8658142959196573,0.0,0.0,-0.5003654714117952
1782096940988174364,0,3.2830250388859032,-3.304154751440833,0.0,0.8658142959196573,0.0,0.0,-0.5003654714117952
1782096941008259201,0,3.285857056460069,-3.302512305282057,0.0,0.8658142959196573,0.0,0.0,-0.5003654714117952
1782096941028253140,0,3.288745439885599,-3.3008371693981586,0.0,0.8658142959196573,0.0,0.0,-0.5003654714117952
1782096941048262804,0,3.2916707136860883,-3.299140638712472,0.0,0.8658142959196573,0.0,0.0,-0.5003654714117952
1782096941068224632,0,3.294623530129917,-3.297428134499938,0.0,0.8658142959196573,0.0,0.0,-0.5003654714117952
1782096941088195880,0,3.2976122919839583,-3.2956947835237904,0.0,0.8658142959196573,0.0,0.0,-0.5003654714117952
1782096941108259631,0,3.300684321752954,-3.2939131408038658,0.0,0.8658142959196573,0.0,0.0,-0.5003654714117952
1782096941128152507,0,3.3037301882643004,-3.2921466716274916,0.0,0.8658142959196573,0.0,0.0,-0.5003654714117952
1782096941148252525,0,3.3068773207718487,-3.290321472608493,0.0,0.8658142959196573,0.0,0.0,-0.5003654714117952
1782096941168233532,0,3.3099712504386685,-3.2885271289069773,0.0,0.8658142959196573,0.0,0.0,-0.5003654714117952
1782096941188197013,0,3.313062466317778,-3.2867343590834763,0.0,0.8658142959196573,0.0,0.0,-0.5003654714117952
1782096941208251055,0,3.3161330095084645,-3.2849535785138584,0.0,0.8658142959196573,0.0,0.0,-0.5003654714117952
1782096941228097110,0,3.319171707095823,-3.2831912669994234,0.0,0.8658142959196573,0.0,0.0,-0.5003654714117952
1782096941248132648,0,3.3222394170755725,-3.281412129568071,0.0,0.8658142959196573,0.0,0.0,-0.5003654714117952
1782096941268253721,0,3.3252506007254294,-3.279665774932361,0.0,0.8658142959196573,0.0,0.0,-0.5003654714117952
1782096941288157504,0,3.3282637017345,-3.27791830831228,0.0,0.8658142959196573,0.0,0.0,-0.5003654714117952
1782096941308170176,0,3.3312586628241108,-3.276181362051005,0.0,0.8658142959196573,0.0,0.0,-0.5003654714117952
1782096941328240106,0,3.334296915719808,-3.274419308438261,0.0,0.8658142959196573,0.0,0.0,-0.5003654714117952
1782096941348158599,0,3.337243321914008,-3.272710521889761,0.0,0.8658142959196573,0.0,0.0,-0.5003654714117952
1782096941368255823,0,3.340320476848904,-3.2709259067980834,0.0,0.8658142959196573,0.0,0.0,-0.5003654714117952
1782096941388172077,0,3.3434043799325956,-3.2691373780756527,0.0,0.8658142959196573,0.0,0.0,-0.5003654714117952
1782096941408145758,0,3.3464971752157173,-3.2673436922669974,0.0,0.8658142959196573,0.0,0.0,-0.5003654714117952
1782096941428129677,0,3.3495915557869,-3.2655490870606996,0.0,0.8658142959196573,0.0,0.0,-0.5003654714117952
1782096941448120327,0,3.352756149950134,-3.263713761046174,0.0,0.8658142959196573,0.0,0.0,-0.5003654714117952
1782096941468118527,0,3.3558873404452076,-3.261897807696188,0.0,0.8658142959196573,0.0,0.0,-0.5003654714117952
1782096941488087414,0,3.359117585738343,-3.2600244069016404,0.0,0.8658142959196573,0.0,0.0,-0.5003654714117952
1782096941508219157,0,3.362478664707114,-3.258075128305371,0.0,0.8658142959196573,0.0,0.0,-0.5003654714117952
1782096941528214938,0,3.365782449573365,-3.256159077779237,0.0,0.8658142959196573,0.0,0.0,-0.5003654714117952
1782096941548174014,0,3.3690801698891275,-3.2542465444267843,0.0,0.8658142959196573,0.0,0.0,-0.5003654714117952
1782096941568206619,0,3.3725286722503527,-3.2522465640917875,0.0,0.8658142959196573,0.0,0.0,-0.5003654714117952
1782096941588159844,0,3.375894467682761,-3.2502945501531744,0.0,0.8658142959196573,0.0,0.0,-0.5003654714117952
1782096941608191152,0,3.379308090631277,-3.248314798349925,0.0,0.8658142959196573,0.0,0.0,-0.5003654714117952
1782096941628186586,0,3.382750194210056,-3.2463185290284957,0.0,0.8658142959196573,0.0,0.0,-0.5003654714117952
1782096941648119678,0,3.386112593521809,-3.2443684846911203,0.0,0.8658142959196573,0.0,0.0,-0.5003654714117952
1782096941668218921,0,3.3895030198956992,-3.2424021858852092,0.0,0.8658142959196573,0.0,0.0,-0.5003654714117952
1782096941688124287,0,3.392964057014716,-3.240394935939672,0.0,0.8658142959196573,0.0,0.0,-0.5003654714117952
1782096941708086573,0,3.396434991074733,-3.2383819462018137,0.0,0.8658142959196573,0.0,0.0,-0.5003654714117952
1782096941728087931,0,3.3999127187622684,-3.2363650164575364,0.0,0.8658142959196573,0.0,0.0,-0.5003654714117952
1782096941748100011,0,3.4034269333500515,-3.234326925909128,0.0,0.8658142959196573,0.0,0.0,-0.5003654714117952
1782096941768090305,0,3.4070064925807313,-3.232250938329757,0.0,0.8658142959196573,0.0,0.0,-0.5003654714117952
1782096941788086365,0,3.4106216794581994,-3.2301542882756418,0.0,0.8658142959196573,0.0,0.0,-0.5003654714117952
1782096941808094999,0,3.4142737563066476,-3.228036243654031,0.0,0.8658142959196573,0.0,0.0,-0.5003654714117952
1782096941828088126,0,3.4179575928236265,-3.2258997798156552,0.0,0.8658142959196573,0.0,0.0,-0.5003654714117952
1782096941848120863,0,3.421648727686897,-3.2237590832560747,0.0,0.8658142959196573,0.0,0.0,-0.5003654714117952
1782096941868098441,0,3.425329699220612,-3.2216242809825046,0.0,0.8658142959196573,0.0,0.0,-0.5003654714117952
1782096941888125769,0,3.4290891357007074,-3.219443972476579,0.0,0.8658142959196573,0.0,0.0,-0.5003654714117952
1782096941908218311,0,3.432895575930504,-3.217236403854462,0.0,0.8658142959196573,0.0,0.0,-0.5003654714117952
1782096941928197430,0,3.4367150945406526,-3.215021250344534,0.0,0.8658142959196573,0.0,0.0,-0.5003654714117952
1782096941948194921,0,3.440607320438956,-3.212763929791842,0.0,0.8658142959196573,0.0,0.0,-0.5003654714117952
1782096941968152035,0,3.44449168753112,-3.2105111670025166,0.0,0.8658142959196573,0.0,0.0,-0.5003654714117952
1782096941988129018,0,3.448414483993956,-3.208236116861307,0.0,0.8658142959196573,0.0,0.0,-0.5003654714117952
1782096942008180623,0,3.4524213161805855,-3.2059123296808134,0.0,0.8658142959196573,0.0,0.0,-0.5003654714117952
1782096942028215637,0,3.456459495348732,-3.203570362623951,0.0,0.8658142959196573,0.0,0.0,-0.5003654714117952
1782096942048224815,0,3.4603886138088407,-3.2012916460011964,0.0,0.8658142959196573,0.0,0.0,-0.5003654714117952
1782096942068144144,0,3.464369013810407,-3.198983188330391,0.0,0.8658142959196573,0.0,0.0,-0.5003654714117952
1782096942088122806,0,3.4683612700885207,-3.1966678545384553,0.0,0.8658142959196573,0.0,0.0,-0.5003654714117952
1782096942108101236,0,3.472318915349844,-3.194372593620398,0.0,0.8658142959196573,0.0,0.0,-0.5003654714117952
1782096942128120915,0,3.476250095847329,-3.1920926811062844,0.0,0.8658142959196573,0.0,0.0,-0.5003654714117952
1782096942148203850,0,3.480193697660541,-3.189805564773065,0.0,0.8658142959196573,0.0,0.0,-0.5003654714117952
1782096942168207483,0,3.484156335533069,-3.1875074083591737,0.0,0.8658142959196573,0.0,0.0,-0.5003654714117952
1782096942188158504,0,3.4881775854001877,-3.185175259555446,0.0,0.8658142959196573,0.0,0.0,-0.5003654714117952
1782096942208102605,0,3.49223194576374,-3.1828239081139365,0.0,0.8658142959196573,0.0,0.0,-0.5003654714117952
1782096942228097800,0,3.49636587989882,-3.1804264073700472,0.0,0.8658142959196573,0.0,0.0,-0.5003654714117952
1782096942248203942,0,3.5005923231473184,-3.1779752553920093,0.0,0.8658142959196573,0.0,0.0,-0.5003654714117952
1782096942268129827,0,3.5048498224305917,-3.175506092273961,0.0,0.8658142959196573,0.0,0.0,-0.5003654714117952
1782096942288148462,0,3.5091964074793496,-3.1729852633136413,0.0,0.8658142959196573,0.0,0.0,-0.5003654714117952
1782096942308209361,0,3.5136215838546296,-3.170418854826005,0.0,0.8658142959196573,0.0,0.0,-0.5003654714117952
1782096942328211156,0,3.5179991175665575,-3.167880076996503,0.0,0.8658142959196573,0.0,0.0,-0.5003654714117952
1782096942348206710,0,3.522375285391686,-3.1653420913215213,0.0,0.8658142959196573,0.0,0.0,-0.5003654714117952
1782096942368126495,0,3.52676933383302,-3.1627937356722646,0.0,0.8658142959196573,0.0,0.0,-0.5003654714117952
1782096942388137263,0,3.531148831349196,-3.160253818922303,0.0,0.8658142959196573,0.0,0.0,-0.5003654714117952
1782096942408215990,0,3.535508463990294,-3.1577254229298624,0.0,0.8658142959196573,0.0,0.0,-0.5003654714117952
1782096942428094063,0,3.5398245292414914,-3.155222294115443,0.0,0.8658142959196573,0.0,0.0,-0.5003654714117952
1782096942448088925,0,3.5441659525313978,-3.1527044587491804,0.0,0.8658142959196573,0.0,0.0,-0.5003654714117952
1782096942468122304,0,3.548411760243227,-3.1502420762305205,0.0,0.8658142959196573,0.0,0.0,-0.5003654714117952
1782096942488087361,0,3.5526085464970785,-3.1478081240104827,0.0,0.8658142959196573,0.0,0.0,-0.5003654714117952
1782096942508089297,0,3.55681308495921,-3.1453696758491723,0.0,0.8658142959196573,0.0,0.0,-0.5003654714117952
1782096942528118291,0,3.5610579633287203,-3.1429078323083437,0.0,0.8658142959196573,0.0,0.0,-0.5003654714117952
1782096942548119595,0,3.5651585565038073,-3.1405296678610095,0.0,0.8658142959196573,0.0,0.0,-0.5003654714117952
1782096942568119321,0,3.569328028908068,-3.138111556477472,0.0,0.8658142959196573,0.0,0.0,-0.5003654714117952
1782096942588209510,0,3.573481602708544,-3.135702665587814,0.0,0.8658142959196573,0.0,0.0,-0.5003654714117952
1782096942608115344,0,3.57759706178058,-3.1333158795713323,0.0,0.8658142959196573,0.0,0.0,-0.5003654714117952
1782096942628125009,0,3.58176860623253,-3.130896566490875,0.0,0.8658142959196573,0.0,0.0,-0.5003654714117952
1782096942648175175,0,3.5859485941902496,-3.128472356546872,0.0,0.8658142959196573,0.0,0.0,-0.5003654714117952
1782096942668223471,0,3.5901628778291976,-3.126028256609812,0.0,0.8658142959196573,0.0,0.0,-0.5003654714117952
1782096942688117501,0,3.5943791523774586,-3.123583002032546,0.0,0.8658142959196573,0.0,0.0,-0.5003654714117952
1782096942708117976,0,3.598617986524966,-3.121124663875763,0.0,0.8658142959196573,0.0,0.0,-0.5003654714117952
1782096942728126808,0,3.602927826080578,-3.1186251456921066,0.0,0.8658142959196573,0.0,0.0,-0.5003654714117952
1782096942748138986,0,3.607238386354084,-3.116125209523648,0.0,0.8658142959196573,0.0,0.0,-0.5003654714117952
1782096942768147914,0,3.611582863751597,-3.1136056029087356,0.0,0.8658142959196573,0.0,0.0,-0.5003654714117952
1782096942788118969,0,3.615884566260093,-3.111110803856032,0.0,0.8658142959196573,0.0,0.0,-0.5003654714117952
1782096942808115817,0,3.6202264207641126,-3.108592718404466,0.0,0.8658142959196573,0.0,0.0,-0.5003654714117952
1782096942828127587,0,3.6245022708170453,-3.1061129126437304,0.0,0.8658142959196573,0.0,0.0,-0.5003654714117952
1782096942848085700,0,3.6287666561526515,-3.1036397559169226,0.0,0.8658142959196573,0.0,0.0,-0.5003654714117952
1782096942868118077,0,3.6330469092365107,-3.1011573965910944,0.0,0.8658142959196573,0.0,0.0,-0.5003654714117952
1782096942888116864,0,3.6372853856349168,-3.0986992659131274,0.0,0.8658142959196573,0.0,0.0,-0.5003654714117952
1782096942908131129,0,3.641492515733909,-3.0962593147159345,0.0,0.8658142959196573,0.0,0.0,-0.5003654714117952
1782096942928133161,0,3.6456970743758714,-3.0938208548512036,0.0,0.8658142959196573,0.0,0.0,-0.5003654714117952
1782096942948121819,0,3.6499679861626615,-3.091343913068554,0.0,0.8658142959196573,0.0,0.0,-0.5003654714117952
1782096942968151550,0,3.6541783673165456,-3.0889020764019093,0.0,0.8658142959196573,0.0,0.0,-0.5003654714117952
1782096942988096302,0,3.658405391716775,-3.0864505873813175,0.0,0.8658142959196573,0.0,0.0,-0.5003654714117952
1782096943008249043,0,3.6627113625864998,-3.0839533128660412,0.0,0.8658142959196573,0.0,0.0,-0.5003654714117952
1782096943028197009,0,3.6669045561997664,-3.0815214442201966,0.0,0.8658142959196573,0.0,0.0,-0.5003654714117952
1782096943048179689,0,3.671139618934163,-3.079065293317844,0.0,0.8658142959196573,0.0,0.0,-0.5003654714117952
1782096943068149477,0,3.6754064988291906,-3.076590689855825,0.0,0.8658142959196573,0.0,0.0,-0.5003654714117952
1782096943088211997,0,3.679658482587636,-3.074124725500613,0.0,0.8658142959196573,0.0,0.0,-0.5003654714117952
1782096943108207868,0,3.6839655303845658,-3.0716268264147284,0.0,0.8658142959196573,0.0,0.0,-0.5003654714117952
1782096943128208525,0,3.688239005958805,-3.069148397747641,0.0,0.8658142959196573,0.0,0.0,-0.5003654714117952
1782096943148209861,0,3.69251262661277,-3.066669884940667,0.0,0.8658142959196573,0.0,0.0,-0.5003654714117952
1782096943168180419,0,3.6967796710312055,-3.0641951860622796,0.0,0.8658142959196573,0.0,0.0,-0.5003654714117952
1782096943188133521,0,3.7010429856826748,-3.0617226502853767,0.0,0.8658142959196573,0.0,0.0,-0.5003654714117952
1782096943208200496,0,3.7053653490578413,-3.059215868834897,0.0,0.8658142959196573,0.0,0.0,-0.5003654714117952
1782096943228125640,0,3.709691634691437,-3.0567068126463037,0.0,0.8658142959196573,0.0,0.0,-0.5003654714117952
1782096943248169815,0,3.714043765162352,-3.054182767583995,0.0,0.8658142959196573,0.0,0.0,-0.5003654714117952
1782096943268151705,0,3.7184169425248297,-3.05164651624638,0.0,0.8658142959196573,0.0,0.0,-0.5003654714117952
1782096943288151319,0,3.722863201524689,-3.049067880759846,0.0,0.8658142959196573,0.0,0.0,-0.5003654714117952
1782096943308151729,0,3.7273096374890717,-3.0464891426416396,0.0,0.8658142959196573,0.0,0.0,-0.5003654714117952
1782096943328170208,0,3.7317947244495646,-3.0438879886384895,0.0,0.8658142959196573,0.0,0.0,-0.5003654714117952
1782096943348221816,0,3.736287233874363,-3.0412825299311286,0.0,0.8658142959196573,0.0,0.0,-0.5003654714117952
1782096943368127147,0,3.740815846703818,-3.0386561328302863,0.0,0.8658142959196573,0.0,0.0,-0.5003654714117952
1782096943388251403,0,3.74542908305255,-3.035980657794537,0.0,0.8658142959196573,0.0,0.0,-0.5003654714117952
1782096943408124683,0,3.749984786262868,-3.0333385494592746,0.0,0.8658142959196573,0.0,0.0,-0.5003654714117952
1782096943428131633,0,3.754674973663246,-3.030618446183808,0.0,0.8658142959196573,0.0,0.0,-0.5003654714117952
1782096943448138017,0,3.75933041535709,-3.0279184938963666,0.0,0.8658142959196573,0.0,0.0,-0.5003654714117952
1782096943468114239,0,3.764047960093864,-3.0251825245639608,0.0,0.8658142959196573,0.0,0.0,-0.5003654714117952
1782096943488095312,0,3.768732081203306,-3.022465939471546,0.0,0.8658142959196573,0.0,0.0,-0.5003654714117952
1782096943508098251,0,3.7734213283133493,-3.019746381523294,0.0,0.8658142959196573,0.0,0.0,-0.5003654714117952
1782096943528094929,0,3.7781091076702737,-3.0170276748075664,0.0,0.8658142959196573,0.0,0.0,-0.5003654714117952
1782096943548094574,0,3.782728379852385,-3.0143486992528135,0.0,0.8658142959196573,0.0,0.0,-0.5003654714117952
1782096943568098835,0,3.7873487181814363,-3.0116691053795175,0.0,0.8658142959196573,0.0,0.0,-0.5003654714117952
1782096943588095443,0,3.791863501109454,-3.0090507290157986,0.0,0.8658142959196573,0.0,0.0,-0.5003654714117952
1782096943608191072,0,3.796331105899178,-3.0064597139060267,0.0,0.8658142959196573,0.0,0.0,-0.5003654714117952
1782096943628145638,0,3.8007673499519794,-3.0038868866501622,0.0,0.8658142959196573,0.0,0.0,-0.5003654714117952
1782096943648102329,0,3.8052385934754622,-3.001293761234185,0.0,0.8658142959196573,0.0,0.0,-0.5003654714117952
1782096943668128534,0,3.8097254114256978,-2.9986916033327993,0.0,0.8658142959196573,0.0,0.0,-0.5003654714117952
1782096943688219116,0,3.8142961702538973,-2.996040763398564,0.0,0.8658142959196573,0.0,0.0,-0.5003654714117952
1782096943708129072,0,3.818860280982799,-2.9933937790707588,0.0,0.8658142959196573,0.0,0.0,-0.5003654714117952
1782096943728126933,0,3.8234791411185225,-2.9907150424848594,0.0,0.8658142959196573,0.0,0.0,-0.5003654714117952
1782096943748131639,0,3.8281688024626797,-2.9879952442989643,0.0,0.8658142959196573,0.0,0.0,-0.5003654714117952
1782096943768235276,0,3.8328816559940297,-2.9852619956602378,0.0,0.8658142959196573,0.0,0.0,-0.5003654714117952
1782096943788146307,0,3.837549357304058,-2.9825549333323464,0.0,0.8658142959196573,0.0,0.0,-0.5003654714117952
1782096943808155434,0,3.842309290585986,-2.9797943805002514,0.0,0.8658142959196573,0.0,0.0,-0.5003654714117952
1782096943828276792,0,3.8471307342244114,-2.9769981543553548,0.0,0.8658142959196573,0.0,0.0,-0.5003654714117952
1782096943848083881,0,3.851808336849301,-2.9742853496984867,0.0,0.8658142959196573,0.0,0.0,-0.5003654714117952
1782096943868159674,0,3.856618862284327,-2.971495455633384,0.0,0.8658142959196573,0.0,0.0,-0.5003654714117952
1782096943888223553,0,3.861357107923347,-2.9687474806843173,0.0,0.8658142959196573,0.0,0.0,-0.5003654714117952
1782096943908094683,0,3.8660842133606104,-2.966005966564358,0.0,0.8658142959196573,0.0,0.0,-0.5003654714117952
1782096943928253919,0,3.8708101008491274,-2.963265158801327,0.0,0.8658142959196573,0.0,0.0,-0.5003654714117952
1782096943948252070,0,3.8755328242947944,-2.9605261860445764,0.0,0.8658142959196573,0.0,0.0,-0.5003654714117952
1782096943968131504,0,3.8802619051548697,-2.9577835262659025,0.0,0.8658142959196573,0.0,0.0,-0.5003654714117952
1782096943988249322,0,3.8850476947326933,-2.9550079779146166,0.0,0.8658142959196573,0.0,0.0,-0.5003654714117952
1782096944008093838,0,3.8897684690159555,-2.952270135586692,0.0,0.8658142959196573,0.0,0.0,-0.5003654714117952
1782096944028250242,0,3.8945983103139175,-2.9494690391670697,0.0,0.8658142959196573,0.0,0.0,-0.5003654714117952
1782096944048251389,0,3.899390949208588,-2.9466895185119912,0.0,0.8658142959196573,0.0,0.0,-0.5003654714117952
1782096944068098337,0,3.9041809763963458,-2.943911512532542,0.0,0.8658142959196573,0.0,0.0,-0.5003654714117952
1782096944088228658,0,3.9090742221009394,-2.941073644334,0.0,0.8658142959196573,0.0,0.0,-0.5003654714117952
1782096944108240078,0,3.9139385655437313,-2.9382525381814584,0.0,0.8658142959196573,0.0,0.0,-0.5003654714117952
1782096944128228414,0,3.918797297765329,-2.935434686291456,0.0,0.8658142959196573,0.0,0.0,-0.5003654714117952
1782096944148238943,0,3.923661424625289,-2.932613705747469,0.0,0.8658142959196573,0.0,0.0,-0.5003654714117952
1782096944168260525,0,3.928528238230529,-2.929791167008895,0.0,0.8658142959196573,0.0,0.0,-0.5003654714117952
1782096944188228691,0,3.9333820675613222,-2.9269761585808296,0.0,0.8658142959196573,0.0,0.0,-0.5003654714117952
1782096944208256884,0,3.938250488157689,-2.924152687857793,0.0,0.8658142959196573,0.0,0.0,-0.5003654714117952
1782096944228222499,0,3.943069155424333,-2.9213580718869436,0.0,0.8658142959196573,0.0,0.0,-0.5003654714117952
1782096944248254333,0,3.9479038045341412,-2.918554187147009,0.0,0.8658142959196573,0.0,0.0,-0.5003654714117952
1782096944268150624,0,3.95270574057113,-2.915769274556579,0.0,0.8658142959196573,0.0,0.0,-0.5003654714117952
1782096944288218067,0,3.957583701993697,-2.9129402705721996,0.0,0.8658142959196573,0.0,0.0,-0.5003654714117952
1782096944308261921,0,3.962421252110087,-2.9101347033755043,0.0,0.8658142959196573,0.0,0.0,-0.5003654714117952
1782096944328260865,0,3.967247963274261,-2.907335422296382,0.0,0.8658142959196573,0.0,0.0,-0.5003654714117952
1782096944348126842,0,3.972042583078848,-2.904554752800308,0.0,0.8658142959196573,0.0,0.0,-0.5003654714117952
1782096944368256280,0,3.976900788748266,-2.9017372062875135,0.0,0.8658142959196573,0.0,0.0,-0.5003654714117952
1782096944388095377,0,3.9817232441963584,-2.898940393337337,0.0,0.8658142959196573,0.0,0.0,-0.5003654714117952
1782096944408095560,0,3.9865848561674615,-2.896120871318757,0.0,0.8658142959196573,0.0,0.0,-0.5003654714117952
1782096944428109138,0,3.991449724173393,-2.8932994609425733,0.0,0.8658142959196573,0.0,0.0,-0.5003654714117952
1782096944448264409,0,3.9963141645934823,-2.8904782985474564,0.0,0.8658142959196573,0.0,0.0,-0.5003654714117952
1782096944468248144,0,4.001206352246812,-2.8876410439723066,0.0,0.8658142959196573,0.0,0.0,-0.5003654714117952
1782096944488156461,0,4.0060111907384774,-2.884854448085281,0.0,0.8658142959196573,0.0,0.0,-0.5003654714117952
1782096944508130601,0,4.010866472219484,-2.882038597473693,0.0,0.8658142959196573,0.0,0.0,-0.5003654714117952
1782096944528225708,0,4.0157511581622005,-2.87920569356215,0.0,0.8658142959196573,0.0,0.0,-0.5003654714117952
1782096944548219338,0,4.020576586801497,-2.8764071562912874,0.0,0.8658142959196573,0.0,0.0,-0.5003654714117952
1782096944568221743,0,4.025404133272144,-2.8736073907709936,0.0,0.8658142959196573,0.0,0.0,-0.5003654714117952
1782096944588183691,0,4.030187379372895,-2.8708333175250167,0.0,0.8658142959196573,0.0,0.0,-0.5003654714117952
1782096944608152941,0,4.034972375165769,-2.868058229534245,0.0,0.8658142959196573,0.0,0.0,-0.5003654714117952
1782096944628261067,0,4.039790648176141,-2.8652638422147603,0.0,0.8658142959196573,0.0,0.0,-0.5003654714117952
1782096944648185369,0,4.044495931589279,-2.862534983913043,0.0,0.8658142959196573,0.0,0.0,-0.5003654714117952
1782096944668272971,0,4.04920502606915,-2.85980391535954,0.0,0.8658142959196573,0.0,0.0,-0.5003654714117952
1782096944688132570,0,4.053860670283101,-2.8571038456193043,0.0,0.8658142959196573,0.0,0.0,-0.5003654714117952
1782096944708257906,0,4.058474154208441,-2.8544282269999566,0.0,0.8658142959196573,0.0,0.0,-0.5003654714117952
1782096944728253266,0,4.062954061418492,-2.8518300770252103,0.0,0.8658142959196573,0.0,0.0,-0.5003654714117952
1782096944748263970,0,4.067402785916557,-2.849250011657698,0.0,0.8658142959196573,0.0,0.0,-0.5003654714117952
1782096944768119299,0,4.071782616193077,-2.8467099019213182,0.0,0.8658142959196573,0.0,0.0,-0.5003654714117952
1782096944788107587,0,4.075984285755859,-2.8442731175959657,0.0,0.8658142959196573,0.0,0.0,-0.5003654714117952
1782096944808102320,0,4.080083531768893,-2.8418957344436246,0.0,0.8658142959196573,0.0,0.0,-0.5003654714117952
1782096944828106597,0,4.084011687840158,-2.8396175759642506,0.0,0.8658142959196573,0.0,0.0,-0.5003654714117952
1782096944848280265,0,4.087798594581607,-2.837421335909862,0.0,0.8658142959196573,0.0,0.0,-0.5003654714117952
1782096944868216601,0,4.091196032935561,-2.835450970462625,0.0,0.8658142959196573,0.0,0.0,-0.5003654714117952
1782096944888145721,0,4.09421296954415,-2.8337012793628147,0.0,0.8658142959196573,0.0,0.0,-0.5003654714117952
1782096944908114898,0,4.09666591870078,-2.832278676284099,0.0,0.8658142959196573,0.0,0.0,-0.5003654714117952
1782096944928107023,0,4.098672038927465,-2.831115214414932,0.0,0.8658142959196573,0.0,0.0,-0.5003654714117952
1782096944948103309,0,4.09998666711351,-2.8303527876439794,0.0,0.8658142959196573,0.0,0.0,-0.5003654714117952
1782096944968115392,0,4.1007137461138585,-2.829931113667754,0.0,0.8658142959196573,0.0,0.0,-0.5003654714117952
1782096944988105086,0,4.10092125056508,-2.8298107701741393,0.0,0.8658142959196573,0.0,0.0,-0.5003654714117952
1782096945008083082,0,4.100748431387694,-2.82991099772804,0.0,0.8658142959196573,0.0,0.0,-0.5003654714117952
1782096945028081823,0,4.100575432756167,-2.8300113293574714,0.0,0.8658142959196573,0.0,0.0,-0.5003654714117952
1782096945048105405,0,4.099986506749823,-2.8303528806478773,0.0,0.8658142959196573,0.0,0.0,-0.5003654714117952
1782096945068125986,0,4.099189843964074,-2.8308149101720637,0.0,0.8658142959196573,0.0,0.0,-0.5003654714117952
1782096945088107345,0,4.098256463266737,-2.8313562300971262,0.0,0.8658142959196573,0.0,0.0,-0.5003654714117952
1782096945108102553,0,4.0974608101282515,-2.831817674070123,0.0,0.8658142959196573,0.0,0.0,-0.5003654714117952
1782096945128105688,0,4.096699448891848,-2.8322592302418026,0.0,0.8658142959196573,0.0,0.0,-0.5003654714117952
1782096945148106173,0,4.09597279127004,-2.8326806598369347,0.0,0.8658142959196573,0.0,0.0,-0.5003654714117952
1782096945168107970,0,4.095384505995875,-2.833021839530747,0.0,0.8658142959196573,0.0,0.0,-0.5003654714117952
1782096945188109844,0,4.0950038493758365,-2.833242603698707,0.0,0.8658142959196573,0.0,0.0,-0.5003654714117952
1782096945208081706,0,4.094796530030963,-2.833362839838738,0.0,0.8658142959196573,0.0,0.0,-0.5003654714117952
1782096945228102985,0,4.094796530030963,-2.833362839838738,0.0,0.8658142959196573,0.0,0.0,-0.5003654714117952
1782096945248103109,0,4.094865734273832,-2.833322704408816,0.0,0.8658142959196573,0.0,0.0,-0.5003654714117952
1782096945268086717,0,4.094969454911369,-2.8332625509817144,0.0,0.8658142959196573,0.0,0.0,-0.5003654714117952
1782096945288084437,0,4.0950040528736595,-2.833242485678882,0.0,0.8658142959196573,0.0,0.0,-0.5003654714117952
1782096945308106579,0,4.0950386930883385,-2.8332223958715086,0.0,0.8658142959196573,0.0,0.0,-0.5003654714117952
1782096945328113574,0,4.0950386930883385,-2.8332223958715086,0.0,0.8658142959196573,0.0,0.0,-0.5003654714117952
1782096945348085672,0,4.094900478553179,-2.8333025542485024,0.0,0.8658142959196573,0.0,0.0,-0.5003654714117952
1782096945368089253,0,4.094554397553535,-2.833503266070936,0.0,0.8658142959196573,0.0,0.0,-0.5003654714117952
1782096945388086801,0,4.093897041976292,-2.833884503515447,0.0,0.8658142959196573,0.0,0.0,-0.5003654714117952
1782096945408108004,0,4.092961800063187,-2.8344269028641356,0.0,0.8658142959196573,0.0,0.0,-0.5003654714117952
1782096945428107083,0,4.091716188890261,-2.8351493027902275,0.0,0.8658142959196573,0.0,0.0,-0.5003654714117952
1782096945448081573,0,4.09047210920452,-2.835870814520829,0.0,0.8658142959196573,0.0,0.0,-0.5003654714117952
1782096945468114597,0,4.088808475273319,-2.8368356493385316,0.0,0.8658142959196573,0.0,0.0,-0.5003654714117952
1782096945488087635,0,4.086804270341614,-2.837998000420503,0.0,0.8658142959196573,0.0,0.0,-0.5003654714117952
1782096945508104254,0,4.084449385488736,-2.839363730497977,0.0,0.8658142959196573,0.0,0.0,-0.5003654714117952
1782096945528084511,0,4.081701249619948,-2.8409575289414124,0.0,0.8658142959196573,0.0,0.0,-0.5003654714117952
1782096945548106493,0,4.0786702552522955,-2.842715372925786,0.0,0.8658142959196573,0.0,0.0,-0.5003654714117952
1782096945568114478,0,4.075295222668612,-2.8446727440075814,0.0,0.8658142959196573,0.0,0.0,-0.5003654714117952
1782096945588111360,0,4.071679887177685,-2.8467694802510013,0.0,0.8658142959196573,0.0,0.0,-0.5003654714117952
1782096945608081764,0,4.067827483890857,-2.849003705433144,0.0,0.8658142959196573,0.0,0.0,-0.5003654714117952
1782096945628111646,0,4.06368637834417,-2.851405365281676,0.0,0.8658142959196573,0.0,0.0,-0.5003654714117952
1782096945648107385,0,4.0593793589796165,-2.8539032478780224,0.0,0.8658142959196573,0.0,0.0,-0.5003654714117952
1782096945668120285,0,4.054895521979241,-2.85650367695905,0.0,0.8658142959196573,0.0,0.0,-0.5003654714117952
1782096945688108980,0,4.0502441964769185,-2.8592012420356894,0.0,0.8658142959196573,0.0,0.0,-0.5003654714117952
1782096945708102088,0,4.04552266397607,-2.8619395240966017,0.0,0.8658142959196573,0.0,0.0,-0.5003654714117952
1782096945728104087,0,4.040660610574634,-2.8647593021254436,0.0,0.8658142959196573,0.0,0.0,-0.5003654714117952
1782096945748105702,0,4.0356948362068055,-2.8676392337721235,0.0,0.8658142959196573,0.0,0.0,-0.5003654714117952
1782096945768110613,0,4.030693633073526,-2.8705397125510745,0.0,0.8658142959196573,0.0,0.0,-0.5003654714117952
1782096945788085032,0,4.025613658865873,-2.8734858751032166,0.0,0.8658142959196573,0.0,0.0,-0.5003654714117952
1782096945808116987,0,4.020519051872356,-2.876440524030286,0.0,0.8658142959196573,0.0,0.0,-0.5003654714117952
1782096945828110216,0,4.015434293830201,-2.8793894609969306,0.0,0.8658142959196573,0.0,0.0,-0.5003654714117952
1782096945848108706,0,4.01043469593903,-2.8822890088057718,0.0,0.8658142959196573,0.0,0.0,-0.5003654714117952
1782096945868134043,0,4.005428386330881,-2.885192449116498,0.0,0.8658142959196573,0.0,0.0,-0.5003654714117952
1782096945888110467,0,4.000382463390172,-2.888118863425164,0.0,0.8658142959196573,0.0,0.0,-0.5003654714117952
1782096945908107377,0,3.9954524537558203,-2.890978053092812,0.0,0.8658142959196573,0.0,0.0,-0.5003654714117952
1782096945928109998,0,3.990521036139684,-2.8938380593282242,0.0,0.8658142959196573,0.0,0.0,-0.5003654714117952
1782096945948106248,0,3.9855565937332673,-2.8967172184956147,0.0,0.8658142959196573,0.0,0.0,-0.5003654714117952
1782096945968115928,0,3.980658054524097,-2.89955815669497,0.0,0.8658142959196573,0.0,0.0,-0.5003654714117952
1782096945988110518,0,3.9757978020903386,-2.902376890241436,0.0,0.8658142959196573,0.0,0.0,-0.5003654714117952
1782096946008104623,0,3.9709030757731347,-2.9052156171304477,0.0,0.8658142959196573,0.0,0.0,-0.5003654714117952
1782096946028113253,0,3.9660394105189947,-2.908036329963266,0.0,0.8658142959196573,0.0,0.0,-0.5003654714117952
1782096946048103812,0,3.96124930870185,-2.9108143792244934,0.0,0.8658142959196573,0.0,0.0,-0.5003654714117952
1782096946068185715,0,3.95640257552394,-2.913625272194673,0.0,0.8658142959196573,0.0,0.0,-0.5003654714117952
1782096946088087377,0,3.95159934320522,-2.916410936571736,0.0,0.8658142959196573,0.0,0.0,-0.5003654714117952
1782096946108114439,0,3.9467658458095047,-2.919214153367935,0.0,0.8658142959196573,0.0,0.0,-0.5003654714117952
1782096946128117523,0,3.941903528668035,-2.92203408435445,0.0,0.8658142959196573,0.0,0.0,-0.5003654714117952
1782096946148104795,0,3.9369758951724445,-2.924891895965691,0.0,0.8658142959196573,0.0,0.0,-0.5003654714117952
1782096946168121716,0,3.9320409520547286,-2.927753946837617,0.0,0.8658142959196573,0.0,0.0,-0.5003654714117952
1782096946188088236,0,3.9270493466242153,-2.930648859369318,0.0,0.8658142959196573,0.0,0.0,-0.5003654714117952
1782096946208112441,0,3.922043320014678,-2.9335521355532435,0.0,0.8658142959196573,0.0,0.0,-0.5003654714117952
1782096946228112338,0,3.916991467937249,-2.9364819885015225,0.0,0.8658142959196573,0.0,0.0,-0.5003654714117952
1782096946248108388,0,3.9119405875885795,-2.9394112778896875,0.0,0.8658142959196573,0.0,0.0,-0.5003654714117952
1782096946268106377,0,3.9068892174603245,-2.9423408513285643,0.0,0.8658142959196573,0.0,0.0,-0.5003654714117952
1782096946288130391,0,3.9018312735756946,-2.9452742372582175,0.0,0.8658142959196573,0.0,0.0,-0.5003654714117952
1782096946308106679,0,3.8967508240364803,-2.948220675481854,0.0,0.8658142959196573,0.0,0.0,-0.5003654714117952
1782096946328118404,0,3.8915921174959602,-2.9512124993388134,0.0,0.8658142959196573,0.0,0.0,-0.5003654714117952
1782096946348118637,0,3.8863671691700943,-2.954242740530073,0.0,0.8658142959196573,0.0,0.0,-0.5003654714117952
1782096946368114029,0,3.881074297522044,-2.957312374273353,0.0,0.8658142959196573,0.0,0.0,-0.5003654714117952
1782096946388122152,0,3.875778055920113,-2.9603839624422856,0.0,0.8658142959196573,0.0,0.0,-0.5003654714117952
1782096946408103990,0,3.870454201524477,-2.9634715648222154,0.0,0.8658142959196573,0.0,0.0,-0.5003654714117952
1782096946428118138,0,3.865052485719024,-2.9666043234097184,0.0,0.8658142959196573,0.0,0.0,-0.5003654714117952
1782096946448116421,0,3.8596550517956376,-2.96973459869317,0.0,0.8658142959196573,0.0,0.0,-0.5003654714117952
1782096946468113417,0,3.854188771670596,-2.972904801758307,0.0,0.8658142959196573,0.0,0.0,-0.5003654714117952
1782096946488124906,0,3.8487185298106055,-2.9760773024562037,0.0,0.8658142959196573,0.0,0.0,-0.5003654714117952
1782096946508125441,0,3.8432858851829823,-2.9792279984059777,0.0,0.8658142959196573,0.0,0.0,-0.5003654714117952
1782096946528120578,0,3.8379238939107654,-2.9823377185040356,0.0,0.8658142959196573,0.0,0.0,-0.5003654714117952
1782096946548127736,0,3.8325932933893028,-2.98542923334147,0.0,0.8658142959196573,0.0,0.0,-0.5003654714117952
1782096946568115610,0,3.827233249797796,-2.9885378238700144,0.0,0.8658142959196573,0.0,0.0,-0.5003654714117952
1782096946588120194,0,3.8219379449853377,-2.9916088687420817,0.0,0.8658142959196573,0.0,0.0,-0.5003654714117952
1782096946608127678,0,3.816676487453067,-2.9946602836740577,0.0,0.8658142959196573,0.0,0.0,-0.5003654714117952
1782096946628114569,0,3.811420445354098,-2.9977085578919005,0.0,0.8658142959196573,0.0,0.0,-0.5003654714117952
1782096946648120215,0,3.806159471168914,-3.000759692503736,0.0,0.8658142959196573,0.0,0.0,-0.5003654714117952
1782096946668093375,0,3.8009761505365716,-3.0037657914559257,0.0,0.8658142959196573,0.0,0.0,-0.5003654714117952
1782096946688109031,0,3.7957471730387407,-3.0067983693904554,0.0,0.8658142959196573,0.0,0.0,-0.5003654714117952
1782096946708110568,0,3.7905218840502033,-3.0098288081511426,0.0,0.8658142959196573,0.0,0.0,-0.5003654714117952
1782096946728101658,0,3.785299324281636,-3.0128576640837834,0.0,0.8658142959196573,0.0,0.0,-0.5003654714117952
1782096946748106385,0,3.7800385917699866,-3.015908658535549,0.0,0.8658142959196573,0.0,0.0,-0.5003654714117952
1782096946768108338,0,3.7747439833952448,-3.018979299504243,0.0,0.8658142959196573,0.0,0.0,-0.5003654714117952
1782096946788101896,0,3.7694515972153755,-3.022048651697238,0.0,0.8658142959196573,0.0,0.0,-0.5003654714117952
1782096946808101948,0,3.7641574920440326,-3.0251190008300077,0.0,0.8658142959196573,0.0,0.0,-0.5003654714117952
1782096946828100958,0,3.7589328632200316,-3.0281490567241742,0.0,0.8658142959196573,0.0,0.0,-0.5003654714117952
1782096946848099942,0,3.753742840890412,-3.0311590423672707,0.0,0.8658142959196573,0.0,0.0,-0.5003654714117952
1782096946868107693,0,3.7485851587843046,-3.034150272097136,0.0,0.8658142959196573,0.0,0.0,-0.5003654714117952
1782096946888104965,0,3.7434271907742835,-3.0371347784635527,0.0,0.8658142959196573,0.0,0.0,-0.5003654714117952
1782096946908118760,0,3.738264960927681,-3.040121750816265,0.0,0.8658142959196573,0.0,0.0,-0.5003654714117952
1782096946928123032,0,3.7331051873825785,-3.0431073019024057,0.0,0.8658142959196573,0.0,0.0,-0.5003654714117952
1782096946948103151,0,3.727882469001448,-3.0461292741651635,0.0,0.8658142959196573,0.0,0.0,-0.5003654714117952
1782096946968116466,0,3.7226510733266784,-3.0491562672884664,0.0,0.8658142959196573,0.0,0.0,-0.5003654714117952
1782096946988138039,0,3.7173828596740246,-3.052204564050951,0.0,0.8658142959196573,0.0,0.0,-0.5003654714117952
1782096947008110645,0,3.7120929559495077,-3.0552654111350885,0.0,0.8658142959196573,0.0,0.0,-0.5003654714117952
1782096947028102318,0,3.7067664811688963,-3.0583545332235285,0.0,0.8658142959196573,0.0,0.0,-0.5003654714117952
1782096947048105159,0,3.701471637736501,-3.061425310515362,0.0,0.8658142959196573,0.0,0.0,-0.5003654714117952
1782096947068105905,0,3.696142745594139,-3.0645158345677426,0.0,0.8658142959196573,0.0,0.0,-0.5003654714117952
1782096947088085683,0,3.6908194400539176,-3.067603118635567,0.0,0.8658142959196573,0.0,0.0,-0.5003654714117952
1782096947108101982,0,3.6855210342274094,-3.070675961959972,0.0,0.8658142959196573,0.0,0.0,-0.5003654714117952
1782096947128117405,0,3.6802228602821088,-3.0737486708034267,0.0,0.8658142959196573,0.0,0.0,-0.5003654714117952
1782096947148104837,0,3.674897515450929,-3.0768371375706915,0.0,0.8658142959196573,0.0,0.0,-0.5003654714117952
1782096947168108479,0,3.669567851713761,-3.0799281091142627,0.0,0.8658142959196573,0.0,0.0,-0.5003654714117952
1782096947188106103,0,3.6642743892451093,-3.082998085507611,0.0,0.8658142959196573,0.0,0.0,-0.5003654714117952
1782096947208100686,0,3.6589817317430575,-3.0860675950555883,0.0,0.8658142959196573,0.0,0.0,-0.5003654714117952
1782096947228100243,0,3.6537223588094228,-3.0891178010116493,0.0,0.8658142959196573,0.0,0.0,-0.5003654714117952
1782096947248108150,0,3.6484261743836757,-3.0921893560209024,0.0,0.8658142959196573,0.0,0.0,-0.5003654714117952
1782096947268106529,0,3.6431671112339727,-3.095239382315851,0.0,0.8658142959196573,0.0,0.0,-0.5003654714117952
1782096947288104394,0,3.6379427815347767,-3.098269264730733,0.0,0.8658142959196573,0.0,0.0,-0.5003654714117952
1782096947308106737,0,3.6327172819832767,-3.1012998256087143,0.0,0.8658142959196573,0.0,0.0,-0.5003654714117952
1782096947328102717,0,3.627528039234608,-3.1043093591290005,0.0,0.8658142959196573,0.0,0.0,-0.5003654714117952
1782096947348104244,0,3.622302752858514,-3.1073397963745797,0.0,0.8658142959196573,0.0,0.0,-0.5003654714117952
1782096947368104663,0,3.6171815635264717,-3.1103098618937675,0.0,0.8658142959196573,0.0,0.0,-0.5003654714117952
1782096947388102623,0,3.6120264053854814,-3.1132996278344094,0.0,0.8658142959196573,0.0,0.0,-0.5003654714117952
1782096947408105581,0,3.6069391730250913,-3.116249999797256,0.0,0.8658142959196573,0.0,0.0,-0.5003654714117952
1782096947428102241,0,3.601974628828525,-3.119129217998473,0.0,0.8658142959196573,0.0,0.0,-0.5003654714117952
1782096947448105780,0,3.5970775929881884,-3.121969284309747,0.0,0.8658142959196573,0.0,0.0,-0.5003654714117952
1782096947468115285,0,3.592213715040479,-3.1247901204955197,0.0,0.8658142959196573,0.0,0.0,-0.5003654714117952
1782096947488108950,0,3.5873882779539836,-3.127588662665388,0.0,0.8658142959196573,0.0,0.0,-0.5003654714117952
1782096947508105936,0,3.5826312328715217,-3.1303475404682923,0.0,0.8658142959196573,0.0,0.0,-0.5003654714117952
1782096947528102527,0,3.5779434739098295,-3.133066235355686,0.0,0.8658142959196573,0.0,0.0,-0.5003654714117952
1782096947548114142,0,3.573252192903268,-3.135786972874841,0.0,0.8658142959196573,0.0,0.0,-0.5003654714117952
1782096947568113907,0,3.5685290882985856,-3.13852616668713,0.0,0.8658142959196573,0.0,0.0,-0.5003654714117952
1782096947588106336,0,3.563876893902648,-3.141224235684008,0.0,0.8658142959196573,0.0,0.0,-0.5003654714117952
1782096947608104236,0,3.559258024759188,-3.143902977494004,0.0,0.8658142959196573,0.0,0.0,-0.5003654714117952
1782096947628102140,0,3.5546737530409547,-3.146561654312625,0.0,0.8658142959196573,0.0,0.0,-0.5003654714117952
1782096947648105414,0,3.5502266803599993,-3.149140761698559,0.0,0.8658142959196573,0.0,0.0,-0.5003654714117952
1782096947668110216,0,3.5457446576949727,-3.151740138544541,0.0,0.8658142959196573,0.0,0.0,-0.5003654714117952
1782096947688223883,0,3.541342640007913,-3.1542931160072896,0.0,0.8658142959196573,0.0,0.0,-0.5003654714117952
1782096947708200351,0,3.5370743328189316,-3.1567685472372875,0.0,0.8658142959196573,0.0,0.0,-0.5003654714117952
1782096947728212495,0,3.532833025582375,-3.159228319677403,0.0,0.8658142959196573,0.0,0.0,-0.5003654714117952
1782096947748118716,0,3.528820805428269,-3.161555231643056,0.0,0.8658142959196573,0.0,0.0,-0.5003654714117952
1782096947768111075,0,3.5249641668984313,-3.1637919130806647,0.0,0.8658142959196573,0.0,0.0,-0.5003654714117952
1782096947788119607,0,3.5213813418828024,-3.1658697946722714,0.0,0.8658142959196573,0.0,0.0,-0.5003654714117952
1782096947808115651,0,3.518112108693733,-3.1677658067389003,0.0,0.8658142959196573,0.0,0.0,-0.5003654714117952
1782096947828103975,0,3.5153628632690483,-3.169360248676154,0.0,0.8658142959196573,0.0,0.0,-0.5003654714117952
1782096947848102305,0,3.5131139273110814,-3.1706645330348304,0.0,0.8658142959196573,0.0,0.0,-0.5003654714117952
1782096947868105156,0,3.5116258332365304,-3.171527562423815,0.0,0.8658142959196573,0.0,0.0,-0.5003654714117952
1782096947888084158,0,3.5107616938055055,-3.172028725446976,0.0,0.8658142959196573,0.0,0.0,-0.5003654714117952
1782096947908107715,0,3.5105191951701733,-3.1721693640347204,0.0,0.8658142959196573,0.0,0.0,-0.5003654714117952
1782096947928108001,0,3.510588399973608,-3.1721292282796987,0.0,0.8658142959196573,0.0,0.0,-0.5003654714117952
1782096947948104189,0,3.5111419249621814,-3.17180820802913,0.0,0.8658142959196573,0.0,0.0,-0.5003654714117952
1782096947968109287,0,3.5116956965931503,-3.1714870447367693,0.0,0.8658142959196573,0.0,0.0,-0.5003654714117952
1782096947988085269,0,3.512456024329468,-3.1710460879498803,0.0,0.8658142959196573,0.0,0.0,-0.5003654714117952
1782096948008102138,0,3.5133910637902868,-3.1705038060146573,0.0,0.8658142959196573,0.0,0.0,-0.5003654714117952
1782096948028081322,0,3.5143934746179375,-3.1699224516373437,0.0,0.8658142959196573,0.0,0.0,-0.5003654714117952
1782096948048081683,0,3.5151547302700794,-3.1694809566999083,0.0,0.8658142959196573,0.0,0.0,-0.5003654714117952
1782096948068111969,0,3.5159171249304335,-3.169038801187598,0.0,0.8658142959196573,0.0,0.0,-0.5003654714117952
1782096948088082490,0,3.516608142990744,-3.168638040977221,0.0,0.8658142959196573,0.0,0.0,-0.5003654714117952
1782096948108127095,0,3.5171630082357477,-3.168316243436633,0.0,0.8658142959196573,0.0,0.0,-0.5003654714117952
1782096948128105797,0,3.517474093741636,-3.168135827467873,0.0,0.8658142959196573,0.0,0.0,-0.5003654714117952
1782096948148103625,0,3.51761248633821,-3.168055565823058,0.0,0.8658142959196573,0.0,0.0,-0.5003654714117952
1782096948168106422,0,3.5175778795922255,-3.1680756362200557,0.0,0.8658142959196573,0.0,0.0,-0.5003654714117952
1782096948188108531,0,3.5174394573695014,-3.1681559150467353,0.0,0.8658142959196573,0.0,0.0,-0.5003654714117952
1782096948208108036,0,3.517231851074484,-3.1682763176052897,0.0,0.8658142959196573,0.0,0.0,-0.5003654714117952
1782096948228103306,0,3.5170934761802477,-3.168356568983526,0.0,0.8658142959196573,0.0,0.0,-0.5003654714117952
1782096948248105858,0,3.5168858382556336,-3.16847698988586,0.0,0.8658142959196573,0.0,0.0,-0.5003654714117952
1782096948268114917,0,3.5166781327846333,-3.1685974499621383,0.0,0.8658142959196573,0.0,0.0,-0.5003654714117952
1782096948288110011,0,3.516505165701408,-3.168697763294952,0.0,0.8658142959196573,0.0,0.0,-0.5003654714117952
1782096948308208367,0,3.516366077412735,-3.1687784284107123,0.0,0.8658142959196573,0.0,0.0,-0.5003654714117952
1782096948328129762,0,3.516331711873876,-3.1687985892094317,0.0,0.8658142959196573,0.0,0.0,-0.5003654714117952
1782096948348118824,0,3.5162975369122953,-3.168819333426718,0.0,0.8658142959196573,0.0,0.0,-0.5003654714117952
1782096948368130166,0,3.5162975369122953,-3.168819333426718,0.0,0.8658142959196573,0.0,0.0,-0.5003654714117952
1782096948388085551,0,3.5162975369122953,-3.168819333426718,0.0,0.8658142959196573,0.0,0.0,-0.5003654714117952
1782096948408089284,0,3.5162975369122953,-3.168819333426718,0.0,0.8658142959196573,0.0,0.0,-0.5003654714117952
1782096948428112286,0,3.5162975369122953,-3.168819333426718,0.0,0.8658142959196573,0.0,0.0,-0.5003654714117952
1782096948448108904,0,3.5162975369122953,-3.168819333426718,0.0,0.8658142959196573,0.0,0.0,-0.5003654714117952
1782096948468106717,0,3.5162975369122953,-3.168819333426718,0.0,0.8658142959196573,0.0,0.0,-0.5003654714117952
1782096948488106010,0,3.5162975369122953,-3.168819333426718,0.0,0.8658142959196573,0.0,0.0,-0.5003654714117952
1782096948508104119,0,3.5162975369122953,-3.168819333426718,0.0,0.8658142959196573,0.0,0.0,-0.5003654714117952
1782096948528112322,0,3.5162975369122953,-3.168819333426718,0.0,0.8658142959196573,0.0,0.0,-0.5003654714117952
1782096948548109717,0,3.5162975369122953,-3.168819333426718,0.0,0.8658142959196573,0.0,0.0,-0.5003654714117952
1782096948568114207,0,3.5162975369122953,-3.168819333426718,0.0,0.8658142959196573,0.0,0.0,-0.5003654714117952
1782096948588105941,0,3.5162975369122953,-3.168819333426718,0.0,0.8658142959196573,0.0,0.0,-0.5003654714117952
1782096948608103191,0,3.5162975369122953,-3.168819333426718,0.0,0.8658142959196573,0.0,0.0,-0.5003654714117952
1782096948628103217,0,3.5162975369122953,-3.168819333426718,0.0,0.8658142959196573,0.0,0.0,-0.5003654714117952
1782096948648102341,0,3.5162975369122953,-3.168819333426718,0.0,0.8658142959196573,0.0,0.0,-0.5003654714117952
1782096948668105153,0,3.5162975369122953,-3.168819333426718,0.0,0.8658142959196573,0.0,0.0,-0.5003654714117952
1782096948688103425,0,3.5162975369122953,-3.168819333426718,0.0,0.8658142959196573,0.0,0.0,-0.5003654714117952
1782096948708101937,0,3.5162975369122953,-3.168819333426718,0.0,0.8658142959196573,0.0,0.0,-0.5003654714117952
1782096948728108988,0,3.5162975369122953,-3.168819333426718,0.0,0.8658142959196573,0.0,0.0,-0.5003654714117952
1782096948748105612,0,3.5162975369122953,-3.168819333426718,0.0,0.8658142959196573,0.0,0.0,-0.5003654714117952
1782096948768120690,0,3.5162975369122953,-3.168819333426718,0.0,0.8658142959196573,0.0,0.0,-0.5003654714117952
1782096948788113043,0,3.5162975369122953,-3.168819333426718,0.0,0.8658142959196573,0.0,0.0,-0.5003654714117952
1782096948808102962,0,3.5162975369122953,-3.168819333426718,0.0,0.8658142959196573,0.0,0.0,-0.5003654714117952
1782096948828106832,0,3.51628480931404,-3.1687814041813467,0.0,0.8658142959196573,0.0,0.0,-0.5003654714117952
1782096948848103082,0,3.516270431164871,-3.168744085700206,0.0,0.8658142959196573,0.0,0.0,-0.5003654714117952
1782096948868121080,0,3.516270431164871,-3.168744085700206,0.0,0.8658142959196573,0.0,0.0,-0.5003654714117952
1782096948888105781,0,3.516270431164871,-3.168744085700206,0.0,0.8658142959196573,0.0,0.0,-0.5003654714117952
1782096948908102659,0,3.516270431164871,-3.168744085700206,0.0,0.8658142959196573,0.0,0.0,-0.5003654714117952
1782096948928121409,0,3.516270431164871,-3.168744085700206,0.0,0.8658142959196573,0.0,0.0,-0.5003654714117952
1782096948948104866,0,3.516270431164871,-3.168744085700206,0.0,0.8658142959196573,0.0,0.0,-0.5003654714117952
1782096948968114420,0,3.516270431164871,-3.168744085700206,0.0,0.8658142959196573,0.0,0.0,-0.5003654714117952
1782096948988104856,0,3.516270431164871,-3.168744085700206,0.0,0.8658142959196573,0.0,0.0,-0.5003654714117952
1782096949008106288,0,3.51629040334733,-3.168778746069625,0.0,0.8658142959196573,0.0,0.0,-0.5003654714117952
1782096949028104970,0,3.51629040334733,-3.168778746069625,0.0,0.8658142959196573,0.0,0.0,-0.5003654714117952
1782096949048104038,0,3.51629040334733,-3.168778746069625,0.0,0.8658142959196573,0.0,0.0,-0.5003654714117952
1782096949068113534,0,3.51629040334733,-3.168778746069625,0.0,0.8658142959196573,0.0,0.0,-0.5003654714117952
1782096949088110985,0,3.51629040334733,-3.168778746069625,0.0,0.8658142959196573,0.0,0.0,-0.5003654714117952
1782096949108103648,0,3.51629040334733,-3.168778746069625,0.0,0.8658142959196573,0.0,0.0,-0.5003654714117952
1782096949128108684,0,3.51629040334733,-3.168778746069625,0.0,0.8658142959196573,0.0,0.0,-0.5003654714117952
1782096949148104986,0,3.51629040334733,-3.168778746069625,0.0,0.8658142959196573,0.0,0.0,-0.5003654714117952
1782096949168115896,0,3.51629040334733,-3.168778746069625,0.0,0.8658142959196573,0.0,0.0,-0.5003654714117952
1782096949188114653,0,3.51629040334733,-3.168778746069625,0.0,0.8658142959196573,0.0,0.0,-0.5003654714117952
1782096949208105220,0,3.51629040334733,-3.168778746069625,0.0,0.8658142959196573,0.0,0.0,-0.5003654714117952
1782096949228120060,0,3.51629040334733,-3.168778746069625,0.0,0.8658142959196573,0.0,0.0,-0.5003654714117952
1782096949248082545,0,3.51629040334733,-3.168778746069625,0.0,0.8658142959196573,0.0,0.0,-0.5003654714117952
1782096949268086400,0,3.51629040334733,-3.168778746069625,0.0,0.8658142959196573,0.0,0.0,-0.5003654714117952
1782096949288083480,0,3.51629040334733,-3.168778746069625,0.0,0.8658142959196573,0.0,0.0,-0.5003654714117952
1782096949308105877,0,3.51629040334733,-3.168778746069625,0.0,0.8658142959196573,0.0,0.0,-0.5003654714117952
1782096949328111066,0,3.51629040334733,-3.168778746069625,0.0,0.8658142959196573,0.0,0.0,-0.5003654714117952
1782096949348115723,0,3.51629040334733,-3.168778746069625,0.0,0.8658142959196573,0.0,0.0,-0.5003654714117952
1782096949368088423,0,3.51629040334733,-3.168778746069625,0.0,0.8658142959196573,0.0,0.0,-0.5003654714117952
1782096949388123022,0,3.51629040334733,-3.168778746069625,0.0,0.8658142959196573,0.0,0.0,-0.5003654714117952
1782096949408111355,0,3.51629040334733,-3.168778746069625,0.0,0.8658142959196573,0.0,0.0,-0.5003654714117952
1782096949428121641,0,3.51629040334733,-3.168778746069625,0.0,0.8658142959196573,0.0,0.0,-0.5003654714117952
1782096949448107370,0,3.51629040334733,-3.168778746069625,0.0,0.8658142959196573,0.0,0.0,-0.5003654714117952
1782096949468123614,0,3.51629040334733,-3.168778746069625,0.0,0.8658142959196573,0.0,0.0,-0.5003654714117952
1782096949488085677,0,3.51629040334733,-3.168778746069625,0.0,0.8658142959196573,0.0,0.0,-0.5003654714117952
1782096949508112214,0,3.51629040334733,-3.168778746069625,0.0,0.8658142959196573,0.0,0.0,-0.5003654714117952
1782096949528114515,0,3.51629040334733,-3.168778746069625,0.0,0.8658142959196573,0.0,0.0,-0.5003654714117952
1782096949548112354,0,3.51629040334733,-3.168778746069625,0.0,0.8658142959196573,0.0,0.0,-0.5003654714117952
1782096949568086667,0,3.51629040334733,-3.168778746069625,0.0,0.8658142959196573,0.0,0.0,-0.5003654714117952
1782096949588083656,0,3.51629040334733,-3.168778746069625,0.0,0.8658142959196573,0.0,0.0,-0.5003654714117952
1782096949608107344,0,3.51629040334733,-3.168778746069625,0.0,0.8658142959196573,0.0,0.0,-0.5003654714117952
1782096949628118359,0,3.51629040334733,-3.168778746069625,0.0,0.8658142959196573,0.0,0.0,-0.5003654714117952
1782096949648083476,0,3.51629040334733,-3.168778746069625,0.0,0.8658142959196573,0.0,0.0,-0.5003654714117952
1782096949668086102,0,3.51629040334733,-3.168778746069625,0.0,0.8658142959196573,0.0,0.0,-0.5003654714117952
1782096949688086110,0,3.51629040334733,-3.168778746069625,0.0,0.8658142959196573,0.0,0.0,-0.5003654714117952
1782096949708111500,0,3.51629040334733,-3.168778746069625,0.0,0.8658142959196573,0.0,0.0,-0.5003654714117952
1782096949728111295,0,3.51629040334733,-3.168778746069625,0.0,0.8658142959196573,0.0,0.0,-0.5003654714117952
1782096949748116015,0,3.51629040334733,-3.168778746069625,0.0,0.8658142959196573,0.0,0.0,-0.5003654714117952
1782096949768120696,0,3.51629040334733,-3.168778746069625,0.0,0.8658142959196573,0.0,0.0,-0.5003654714117952
1782096949788113687,0,3.51629040334733,-3.168778746069625,0.0,0.8658142959196573,0.0,0.0,-0.5003654714117952
1782096949808116858,0,3.51629040334733,-3.168778746069625,0.0,0.8658142959196573,0.0,0.0,-0.5003654714117952
1782096949828110572,0,3.51629040334733,-3.168778746069625,0.0,0.8658142959196573,0.0,0.0,-0.5003654714117952
1782096949848112961,0,3.51629040334733,-3.168778746069625,0.0,0.8658142959196573,0.0,0.0,-0.5003654714117952
1782096949868105666,0,3.51629040334733,-3.168778746069625,0.0,0.8658142959196573,0.0,0.0,-0.5003654714117952
1782096949888084376,0,3.51629040334733,-3.168778746069625,0.0,0.8658142959196573,0.0,0.0,-0.5003654714117952
1782096949908083135,0,3.51629040334733,-3.168778746069625,0.0,0.8658142959196573,0.0,0.0,-0.5003654714117952
1782096949928108394,0,3.51629040334733,-3.168778746069625,0.0,0.8658142959196573,0.0,0.0,-0.5003654714117952
1782096949948101555,0,3.51629040334733,-3.168778746069625,0.0,0.8658142959196573,0.0,0.0,-0.5003654714117952
1782096949968126737,0,3.51629040334733,-3.168778746069625,0.0,0.8658142959196573,0.0,0.0,-0.5003654714117952
1782096949988109357,0,3.51629040334733,-3.168778746069625,0.0,0.8658142959196573,0.0,0.0,-0.5003654714117952
1782096950008115177,0,3.51629040334733,-3.168778746069625,0.0,0.8658142959196573,0.0,0.0,-0.5003654714117952
1782096950028116214,0,3.51629040334733,-3.168778746069625,0.0,0.8658142959196573,0.0,0.0,-0.5003654714117952
1782096950048116525,0,3.51629040334733,-3.168778746069625,0.0,0.8658142959196573,0.0,0.0,-0.5003654714117952
1782096950068132891,0,3.51629040334733,-3.168778746069625,0.0,0.8658142959196573,0.0,0.0,-0.5003654714117952
1782096950088110718,0,3.51629040334733,-3.168778746069625,0.0,0.8658142959196573,0.0,0.0,-0.5003654714117952
1782096950108086562,0,3.51629040334733,-3.168778746069625,0.0,0.8658142959196573,0.0,0.0,-0.5003654714117952
1782096950128093993,0,3.51629040334733,-3.168778746069625,0.0,0.8658142959196573,0.0,0.0,-0.5003654714117952
1782096950148091364,0,3.51629040334733,-3.168778746069625,0.0,0.8658142959196573,0.0,0.0,-0.5003654714117952
1782096950168128622,0,3.51629040334733,-3.168778746069625,0.0,0.8658142959196573,0.0,0.0,-0.5003654714117952
1782096950188087407,0,3.51629040334733,-3.168778746069625,0.0,0.8658142959196573,0.0,0.0,-0.5003654714117952
1782096950208086203,0,3.51629040334733,-3.168778746069625,0.0,0.8658142959196573,0.0,0.0,-0.5003654714117952
1782096950228120701,0,3.51629040334733,-3.168778746069625,0.0,0.8658142959196573,0.0,0.0,-0.5003654714117952
1782096950248116846,0,3.51629040334733,-3.168778746069625,0.0,0.8658142959196573,0.0,0.0,-0.5003654714117952
1782096950268127904,0,3.51629040334733,-3.168778746069625,0.0,0.8658142959196573,0.0,0.0,-0.5003654714117952
1782096950288138718,0,3.51629040334733,-3.168778746069625,0.0,0.8658142959196573,0.0,0.0,-0.5003654714117952
1782096950308088583,0,3.51629040334733,-3.168778746069625,0.0,0.8658142959196573,0.0,0.0,-0.5003654714117952
1782096950328133445,0,3.51629040334733,-3.168778746069625,0.0,0.8658142959196573,0.0,0.0,-0.5003654714117952
1782096950348195013,0,3.51629040334733,-3.168778746069625,0.0,0.8658142959196573,0.0,0.0,-0.5003654714117952
1782096950368168948,0,3.51629040334733,-3.168778746069625,0.0,0.8658142959196573,0.0,0.0,-0.5003654714117952
1782096950388137996,0,3.51629040334733,-3.168778746069625,0.0,0.8658142959196573,0.0,0.0,-0.5003654714117952
1782096950408160862,0,3.51629040334733,-3.168778746069625,0.0,0.8658142959196573,0.0,0.0,-0.5003654714117952
1782096950428120972,0,3.51629040334733,-3.168778746069625,0.0,0.8658142959196573,0.0,0.0,-0.5003654714117952
1782096950448146634,0,3.51629040334733,-3.168778746069625,0.0,0.8658142959196573,0.0,0.0,-0.5003654714117952
1782096950468131393,0,3.51629040334733,-3.168778746069625,0.0,0.8658142959196573,0.0,0.0,-0.5003654714117952
1782096950488103019,0,3.51629040334733,-3.168778746069625,0.0,0.8658142959196573,0.0,0.0,-0.5003654714117952
1782096950508104625,0,3.51629040334733,-3.168778746069625,0.0,0.8658142959196573,0.0,0.0,-0.5003654714117952
1782096950528086216,0,3.51629040334733,-3.168778746069625,0.0,0.8658142959196573,0.0,0.0,-0.5003654714117952
1782096950548122516,0,3.51629040334733,-3.168778746069625,0.0,0.8658142959196573,0.0,0.0,-0.5003654714117952
1782096950568093414,0,3.51629040334733,-3.168778746069625,0.0,0.8658142959196573,0.0,0.0,-0.5003654714117952
1782096950588098227,0,3.51629040334733,-3.168778746069625,0.0,0.8658142959196573,0.0,0.0,-0.5003654714117952
1782096950608093381,0,3.51629040334733,-3.168778746069625,0.0,0.8658142959196573,0.0,0.0,-0.5003654714117952
1782096950628128891,0,3.51629040334733,-3.168778746069625,0.0,0.8658142959196573,0.0,0.0,-0.5003654714117952
1782096950648152692,0,3.51629040334733,-3.168778746069625,0.0,0.8658142959196573,0.0,0.0,-0.5003654714117952
1782096950668138990,0,3.51629040334733,-3.168778746069625,0.0,0.8658142959196573,0.0,0.0,-0.5003654714117952
1782096950688172628,0,3.51629040334733,-3.168778746069625,0.0,0.8658142959196573,0.0,0.0,-0.5003654714117952
1782096950708100539,0,3.51629040334733,-3.168778746069625,0.0,0.8658142959196573,0.0,0.0,-0.5003654714117952
1782096950728130370,0,3.51629040334733,-3.168778746069625,0.0,0.8658142959196573,0.0,0.0,-0.5003654714117952
1782096950748120787,0,3.51629040334733,-3.168778746069625,0.0,0.8658142959196573,0.0,0.0,-0.5003654714117952
1782096950768109576,0,3.51629040334733,-3.168778746069625,0.0,0.8658142959196573,0.0,0.0,-0.5003654714117952
1782096950788105813,0,3.51629040334733,-3.168778746069625,0.0,0.8658142959196573,0.0,0.0,-0.5003654714117952
1782096950808108303,0,3.51629040334733,-3.168778746069625,0.0,0.8658142959196573,0.0,0.0,-0.5003654714117952
1782096950828082629,0,3.51629040334733,-3.168778746069625,0.0,0.8658142959196573,0.0,0.0,-0.5003654714117952
1782096950848084097,0,3.51629040334733,-3.168778746069625,0.0,0.8658142959196573,0.0,0.0,-0.5003654714117952
1782096950868102658,0,3.51629040334733,-3.168778746069625,0.0,0.8658142959196573,0.0,0.0,-0.5003654714117952
1782096950888089815,0,3.51629040334733,-3.168778746069625,0.0,0.8658142959196573,0.0,0.0,-0.5003654714117952
1782096950908108192,0,3.51629040334733,-3.168778746069625,0.0,0.8658142959196573,0.0,0.0,-0.5003654714117952
1782096950928122349,0,3.51629040334733,-3.168778746069625,0.0,0.8658142959196573,0.0,0.0,-0.5003654714117952
1782096950948112703,0,3.51629040334733,-3.168778746069625,0.0,0.8658142959196573,0.0,0.0,-0.5003654714117952
1782096950968117597,0,3.51629040334733,-3.168778746069625,0.0,0.8658142959196573,0.0,0.0,-0.5003654714117952
1782096950988128956,0,3.51629040334733,-3.168778746069625,0.0,0.8658142959196573,0.0,0.0,-0.5003654714117952
1782096951008119562,0,3.51629040334733,-3.168778746069625,0.0,0.8658142959196573,0.0,0.0,-0.5003654714117952
1782096951028122999,0,3.51629040334733,-3.168778746069625,0.0,0.8658142959196573,0.0,0.0,-0.5003654714117952
1782096951048114223,0,3.51629040334733,-3.168778746069625,0.0,0.8658142959196573,0.0,0.0,-0.5003654714117952
1782096951068086132,0,3.51629040334733,-3.168778746069625,0.0,0.8658142959196573,0.0,0.0,-0.5003654714117952
1782096951088100229,0,3.51629040334733,-3.168778746069625,0.0,0.8658142959196573,0.0,0.0,-0.5003654714117952
1782096951108114379,0,3.51629040334733,-3.168778746069625,0.0,0.8658142959196573,0.0,0.0,-0.5003654714117952
1782096951128140447,0,3.51629040334733,-3.168778746069625,0.0,0.8658142959196573,0.0,0.0,-0.5003654714117952
1782096951148100499,0,3.51629040334733,-3.168778746069625,0.0,0.8658142959196573,0.0,0.0,-0.5003654714117952
1782096951168114336,0,3.51629040334733,-3.168778746069625,0.0,0.8658142959196573,0.0,0.0,-0.5003654714117952
1782096951188088069,0,3.51629040334733,-3.168778746069625,0.0,0.8658142959196573,0.0,0.0,-0.5003654714117952
1782096951208083718,0,3.51629040334733,-3.168778746069625,0.0,0.8658142959196573,0.0,0.0,-0.5003654714117952
1782096951228090095,0,3.51629040334733,-3.168778746069625,0.0,0.8658142959196573,0.0,0.0,-0.5003654714117952
1782096951248117790,0,3.51629040334733,-3.168778746069625,0.0,0.8658142959196573,0.0,0.0,-0.5003654714117952
1782096951268113207,0,3.51629040334733,-3.168778746069625,0.0,0.8658142959196573,0.0,0.0,-0.5003654714117952
1782096951288124485,0,3.51629040334733,-3.168778746069625,0.0,0.8658142959196573,0.0,0.0,-0.5003654714117952
1782096951308082989,0,3.51629040334733,-3.168778746069625,0.0,0.8658142959196573,0.0,0.0,-0.5003654714117952
1782096951328081376,0,3.51629040334733,-3.168778746069625,0.0,0.8658142959196573,0.0,0.0,-0.5003654714117952
1782096951348085672,0,3.51629040334733,-3.168778746069625,0.0,0.8658142959196573,0.0,0.0,-0.5003654714117952
1782096951368114082,0,3.51629040334733,-3.168778746069625,0.0,0.8658142959196573,0.0,0.0,-0.5003654714117952
1782096951388085606,0,3.51629040334733,-3.168778746069625,0.0,0.8658142959196573,0.0,0.0,-0.5003654714117952
1782096951408116914,0,3.51629040334733,-3.168778746069625,0.0,0.8658142959196573,0.0,0.0,-0.5003654714117952
1782096951428112597,0,3.51629040334733,-3.168778746069625,0.0,0.8658142959196573,0.0,0.0,-0.5003654714117952
1782096951448085046,0,3.51629040334733,-3.168778746069625,0.0,0.8658142959196573,0.0,0.0,-0.5003654714117952
