1776235754554878771,0,-5.082712804463638,-10.578149167735639,0.0,-0.9031444060441646,-0.0,0.0,0.4293369094675337
1776235754574823556,0,-5.082712804463638,-10.578149167735639,0.0,-0.9031444060441646,-0.0,0.0,0.4293369094675337
1776235754594982913,0,-5.082712804463638,-10.578149167735639,0.0,-0.9031444060441646,-0.0,0.0,0.4293369094675337
1776235754614896092,0,-5.082712804463638,-10.578149167735639,0.0,-0.9031444060441646,-0.0,0.0,0.4293369094675337
1776235754634903696,0,-5.082712804463638,-10.578149167735639,0.0,-0.9031444060441646,-0.0,0.0,0.4293369094675337
1776235754654879958,0,-5.082712804463638,-10.578149167735639,0.0,-0.9031444060441646,-0.0,0.0,0.4293369094675337
1776235754674897540,0,-5.082712804463638,-10.578149167735639,0.0,-0.9031444060441646,-0.0,0.0,0.4293369094675337
1776235754694897404,0,-5.082712804463638,-10.578149167735639,0.0,-0.9031444060441646,-0.0,0.0,0.4293369094675337
1776235754714895613,0,-5.082712804463638,-10.578149167735639,0.0,-0.9031444060441646,-0.0,0.0,0.4293369094675337
1776235754734974568,0,-5.082712804463638,-10.578149167735639,0.0,-0.9031444060441646,-0.0,0.0,0.4293369094675337
1776235754754899712,0,-5.082712804463638,-10.578149167735639,0.0,-0.9031444060441646,-0.0,0.0,0.4293369094675337
1776235754774891613,0,-5.082712804463638,-10.578149167735639,0.0,-0.9031444060441646,-0.0,0.0,0.4293369094675337
1776235754794897290,0,-5.082712804463638,-10.578149167735639,0.0,-0.9031444060441646,-0.0,0.0,0.4293369094675337
1776235754814909007,0,-5.082712804463638,-10.578149167735639,0.0,-0.9031444060441646,-0.0,0.0,0.4293369094675337
1776235754834893201,0,-5.082712804463638,-10.578149167735639,0.0,-0.9031444060441646,-0.0,0.0,0.4293369094675337
1776235754854871575,0,-5.082712804463638,-10.578149167735639,0.0,-0.9031444060441646,-0.0,0.0,0.4293369094675337
1776235754874871950,0,-5.082712804463638,-10.578149167735639,0.0,-0.9031444060441646,-0.0,0.0,0.4293369094675337
1776235754894877108,0,-5.082712804463638,-10.578149167735639,0.0,-0.9031444060441646,-0.0,0.0,0.4293369094675337
1776235754914938528,0,-5.082712804463638,-10.578149167735639,0.0,-0.9031444060441646,-0.0,0.0,0.4293369094675337
1776235754934875130,0,-5.082712804463638,-10.578149167735639,0.0,-0.9031444060441646,-0.0,0.0,0.4293369094675337
1776235754954989546,0,-5.082712804463638,-10.578149167735639,0.0,-0.9031444060441646,-0.0,0.0,0.4293369094675337
1776235754974895580,0,-5.082712804463638,-10.578149167735639,0.0,-0.9031444060441646,-0.0,0.0,0.4293369094675337
1776235754994900863,0,-5.082712804463638,-10.578149167735639,0.0,-0.9031444060441646,-0.0,0.0,0.4293369094675337
1776235755014871084,0,-5.082712804463638,-10.578149167735639,0.0,-0.9031444060441646,-0.0,0.0,0.4293369094675337
1776235755034870756,0,-5.082712804463638,-10.578149167735639,0.0,-0.9031444060441646,-0.0,0.0,0.4293369094675337
1776235755054894033,0,-5.082712804463638,-10.578149167735639,0.0,-0.9031444060441646,-0.0,0.0,0.4293369094675337
1776235755074889251,0,-5.082712804463638,-10.578149167735639,0.0,-0.9031444060441646,-0.0,0.0,0.4293369094675337
1776235755094889007,0,-5.082712804463638,-10.578149167735639,0.0,-0.9031444060441646,-0.0,0.0,0.4293369094675337
1776235755114889014,0,-5.082712804463638,-10.578149167735639,0.0,-0.9031444060441646,-0.0,0.0,0.4293369094675337
1776235755134887737,0,-5.082712804463638,-10.578149167735639,0.0,-0.9031444060441646,-0.0,0.0,0.4293369094675337
1776235755154870866,0,-5.082712804463638,-10.578149167735639,0.0,-0.9031444060441646,-0.0,0.0,0.4293369094675337
1776235755174892116,0,-5.082712804463638,-10.578149167735639,0.0,-0.9031444060441646,-0.0,0.0,0.4293369094675337
1776235755194891487,0,-5.082712804463638,-10.578149167735639,0.0,-0.9031444060441646,-0.0,0.0,0.4293369094675337
1776235755214895361,0,-5.082712804463638,-10.578149167735639,0.0,-0.9031444060441646,-0.0,0.0,0.4293369094675337
1776235755234876573,0,-5.082712804463638,-10.578149167735639,0.0,-0.9031444060441646,-0.0,0.0,0.4293369094675337
1776235755254894726,0,-5.082712804463638,-10.578149167735639,0.0,-0.9031444060441646,-0.0,0.0,0.4293369094675337
1776235755274875684,0,-5.082712804463638,-10.578149167735639,0.0,-0.9031444060441646,-0.0,0.0,0.4293369094675337
1776235755294874996,0,-5.082712804463638,-10.578149167735639,0.0,-0.9031444060441646,-0.0,0.0,0.4293369094675337
1776235755314874845,0,-5.082712804463638,-10.578149167735639,0.0,-0.9031444060441646,-0.0,0.0,0.4293369094675337
1776235755334924265,0,-5.082712804463638,-10.578149167735639,0.0,-0.9031444060441646,-0.0,0.0,0.4293369094675337
1776235755354875804,0,-5.082712804463638,-10.578149167735639,0.0,-0.9031444060441646,-0.0,0.0,0.4293369094675337
1776235755374958314,0,-5.082712804463638,-10.578149167735639,0.0,-0.9031444060441646,-0.0,0.0,0.4293369094675337
1776235755394989025,0,-5.082712804463638,-10.578149167735639,0.0,-0.9031444060441646,-0.0,0.0,0.4293369094675337
1776235755414912684,0,-5.082712804463638,-10.578149167735639,0.0,-0.9031444060441646,-0.0,0.0,0.4293369094675337
1776235755434899409,0,-5.082712804463638,-10.578149167735639,0.0,-0.9031444060441646,-0.0,0.0,0.4293369094675337
1776235755454898120,0,-5.082712804463638,-10.578149167735639,0.0,-0.9031444060441646,-0.0,0.0,0.4293369094675337
1776235755474896073,0,-5.082712804463638,-10.578149167735639,0.0,-0.9031444060441646,-0.0,0.0,0.4293369094675337
1776235755494895786,0,-5.082712804463638,-10.578149167735639,0.0,-0.9031444060441646,-0.0,0.0,0.4293369094675337
1776235755514895265,0,-5.082712804463638,-10.578149167735639,0.0,-0.9031444060441646,-0.0,0.0,0.4293369094675337
1776235755534901385,0,-5.082712804463638,-10.578149167735639,0.0,-0.9031444060441646,-0.0,0.0,0.4293369094675337
1776235755554892843,0,-5.082712804463638,-10.578149167735639,0.0,-0.9031444060441646,-0.0,0.0,0.4293369094675337
1776235755574871032,0,-5.082712804463638,-10.578149167735639,0.0,-0.9031444060441646,-0.0,0.0,0.4293369094675337
1776235755594900854,0,-5.082712804463638,-10.578149167735639,0.0,-0.9031444060441646,-0.0,0.0,0.4293369094675337
1776235755614871764,0,-5.082712804463638,-10.578149167735639,0.0,-0.9031444060441646,-0.0,0.0,0.4293369094675337
1776235755634894646,0,-5.082712804463638,-10.578149167735639,0.0,-0.9031444060441646,-0.0,0.0,0.4293369094675337
1776235755654872351,0,-5.082712804463638,-10.578149167735639,0.0,-0.9031444060441646,-0.0,0.0,0.4293369094675337
1776235755674873216,0,-5.082712804463638,-10.578149167735639,0.0,-0.9031444060441646,-0.0,0.0,0.4293369094675337
1776235755694874371,0,-5.082712804463638,-10.578149167735639,0.0,-0.9031444060441646,-0.0,0.0,0.4293369094675337
1776235755714874538,0,-5.082712804463638,-10.578149167735639,0.0,-0.9031444060441646,-0.0,0.0,0.4293369094675337
1776235755734914545,0,-5.082712804463638,-10.578149167735639,0.0,-0.9031444060441646,-0.0,0.0,0.4293369094675337
1776235755754939844,0,-5.082712804463638,-10.578149167735639,0.0,-0.9031444060441646,-0.0,0.0,0.4293369094675337
1776235755774874669,0,-5.082712804463638,-10.578149167735639,0.0,-0.9031444060441646,-0.0,0.0,0.4293369094675337
1776235755794986800,0,-5.082712804463638,-10.578149167735639,0.0,-0.9031444060441646,-0.0,0.0,0.4293369094675337
1776235755814973097,0,-5.082712804463638,-10.578149167735639,0.0,-0.9031444060441646,-0.0,0.0,0.4293369094675337
1776235755834874526,0,-5.082712804463638,-10.578149167735639,0.0,-0.9031444060441646,-0.0,0.0,0.4293369094675337
1776235755854871575,0,-5.082712804463638,-10.578149167735639,0.0,-0.9031444060441646,-0.0,0.0,0.4293369094675337
1776235755874870692,0,-5.082712804463638,-10.578149167735639,0.0,-0.9031444060441646,-0.0,0.0,0.4293369094675337
1776235755894892077,0,-5.082712804463638,-10.578149167735639,0.0,-0.9031444060441646,-0.0,0.0,0.4293369094675337
1776235755914897806,0,-5.082712804463638,-10.578149167735639,0.0,-0.9031444060441646,-0.0,0.0,0.4293369094675337
1776235755934891556,0,-5.082712804463638,-10.578149167735639,0.0,-0.9031444060441646,-0.0,0.0,0.4293369094675337
1776235755954895957,0,-5.082712804463638,-10.578149167735639,0.0,-0.9031444060441646,-0.0,0.0,0.4293369094675337
1776235755974989355,0,-5.082712804463638,-10.578149167735639,0.0,-0.9031444060441646,-0.0,0.0,0.4293369094675337
1776235755994824358,0,-5.082712804463638,-10.578149167735639,0.0,-0.9031444060441646,-0.0,0.0,0.4293369094675337
1776235756014824910,0,-5.082712804463638,-10.578149167735639,0.0,-0.9031444060441646,-0.0,0.0,0.4293369094675337
1776235756034821273,0,-5.082712804463638,-10.578149167735639,0.0,-0.9031444060441646,-0.0,0.0,0.4293369094675337
1776235756054875333,0,-5.082712804463638,-10.578149167735639,0.0,-0.9031444060441646,-0.0,0.0,0.4293369094675337
1776235756074825434,0,-5.082712804463638,-10.578149167735639,0.0,-0.9031444060441646,-0.0,0.0,0.4293369094675337
1776235756094898818,0,-5.082712804463638,-10.578149167735639,0.0,-0.9031444060441646,-0.0,0.0,0.4293369094675337
1776235756114872001,0,-5.082712804463638,-10.578149167735639,0.0,-0.9031444060441646,-0.0,0.0,0.4293369094675337
1776235756134873006,0,-5.082712804463638,-10.578149167735639,0.0,-0.9031444060441646,-0.0,0.0,0.4293369094675337
1776235756154873286,0,-5.082712804463638,-10.578149167735639,0.0,-0.9031444060441646,-0.0,0.0,0.4293369094675337
1776235756174920910,0,-5.082712804463638,-10.578149167735639,0.0,-0.9031444060441646,-0.0,0.0,0.4293369094675337
1776235756194877163,0,-5.082712804463638,-10.578149167735639,0.0,-0.9031444060441646,-0.0,0.0,0.4293369094675337
1776235756214984561,0,-5.082712804463638,-10.578149167735639,0.0,-0.9031444060441646,-0.0,0.0,0.4293369094675337
1776235756234868000,0,-5.082712804463638,-10.578149167735639,0.0,-0.9031444060441646,-0.0,0.0,0.4293369094675337
1776235756254873359,0,-5.082712804463638,-10.578149167735639,0.0,-0.9031444060441646,-0.0,0.0,0.4293369094675337
1776235756274876036,0,-5.082712804463638,-10.578149167735639,0.0,-0.9031444060441646,-0.0,0.0,0.4293369094675337
1776235756294876740,0,-5.082712804463638,-10.578149167735639,0.0,-0.9031444060441646,-0.0,0.0,0.4293369094675337
1776235756314875055,0,-5.082712804463638,-10.578149167735639,0.0,-0.9031444060441646,-0.0,0.0,0.4293369094675337
1776235756334875655,0,-5.082712804463638,-10.578149167735639,0.0,-0.9031444060441646,-0.0,0.0,0.4293369094675337
1776235756354872944,0,-5.082712804463638,-10.578149167735639,0.0,-0.9031444060441646,-0.0,0.0,0.4293369094675337
1776235756374873981,0,-5.082712804463638,-10.578149167735639,0.0,-0.9031444060441646,-0.0,0.0,0.4293369094675337
1776235756394877974,0,-5.082712804463638,-10.578149167735639,0.0,-0.9031444060441646,-0.0,0.0,0.4293369094675337
1776235756414875591,0,-5.082712804463638,-10.578149167735639,0.0,-0.9031444060441646,-0.0,0.0,0.4293369094675337
1776235756434878238,0,-5.082712804463638,-10.578149167735639,0.0,-0.9031444060441646,-0.0,0.0,0.4293369094675337
1776235756454873701,0,-5.082712804463638,-10.578149167735639,0.0,-0.9031444060441646,-0.0,0.0,0.4293369094675337
1776235756474912595,0,-5.082712804463638,-10.578149167735639,0.0,-0.9031444060441646,-0.0,0.0,0.4293369094675337
1776235756494875989,0,-5.082712804463638,-10.578149167735639,0.0,-0.9031444060441646,-0.0,0.0,0.4293369094675337
1776235756514873564,0,-5.082712804463638,-10.578149167735639,0.0,-0.9031444060441646,-0.0,0.0,0.4293369094675337
1776235756534873646,0,-5.082712804463638,-10.578149167735639,0.0,-0.9031444060441646,-0.0,0.0,0.4293369094675337
1776235756554872333,0,-5.082712804463638,-10.578149167735639,0.0,-0.9031444060441646,-0.0,0.0,0.4293369094675337
1776235756574872814,0,-5.082712804463638,-10.578149167735639,0.0,-0.9031444060441646,-0.0,0.0,0.4293369094675337
1776235756594877134,0,-5.082712804463638,-10.578149167735639,0.0,-0.9031444060441646,-0.0,0.0,0.4293369094675337
1776235756614872024,0,-5.082712804463638,-10.578149167735639,0.0,-0.9031444060441646,-0.0,0.0,0.4293369094675337
1776235756634873370,0,-5.082712804463638,-10.578149167735639,0.0,-0.9031444060441646,-0.0,0.0,0.4293369094675337
1776235756654874960,0,-5.082712804463638,-10.578149167735639,0.0,-0.9031444060441646,-0.0,0.0,0.4293369094675337
1776235756674910726,0,-5.082712804463638,-10.578149167735639,0.0,-0.9031444060441646,-0.0,0.0,0.4293369094675337
1776235756694878064,0,-5.082712804463638,-10.578149167735639,0.0,-0.9031444060441646,-0.0,0.0,0.4293369094675337
1776235756714873183,0,-5.082712804463638,-10.578149167735639,0.0,-0.9031444060441646,-0.0,0.0,0.4293369094675337
1776235756734872887,0,-5.082712804463638,-10.578149167735639,0.0,-0.9031444060441646,-0.0,0.0,0.4293369094675337
1776235756754873207,0,-5.082712804463638,-10.578149167735639,0.0,-0.9031444060441646,-0.0,0.0,0.4293369094675337
1776235756774911089,0,-5.082712804463638,-10.578149167735639,0.0,-0.9031444060441646,-0.0,0.0,0.4293369094675337
1776235756794875021,0,-5.082712804463638,-10.578149167735639,0.0,-0.9031444060441646,-0.0,0.0,0.4293369094675337
1776235756814875534,0,-5.082712804463638,-10.578149167735639,0.0,-0.9031444060441646,-0.0,0.0,0.4293369094675337
1776235756834872539,0,-5.082712804463638,-10.578149167735639,0.0,-0.9031444060441646,-0.0,0.0,0.4293369094675337
1776235756854872312,0,-5.082712804463638,-10.578149167735639,0.0,-0.9031444060441646,-0.0,0.0,0.4293369094675337
1776235756874873739,0,-5.082712804463638,-10.578149167735639,0.0,-0.9031444060441646,-0.0,0.0,0.4293369094675337
1776235756894875002,0,-5.082712804463638,-10.578149167735639,0.0,-0.9031444060441646,-0.0,0.0,0.4293369094675337
1776235756914873456,0,-5.082712804463638,-10.578149167735639,0.0,-0.9031444060441646,-0.0,0.0,0.4293369094675337
1776235756934872866,0,-5.082712804463638,-10.578149167735639,0.0,-0.9031444060441646,-0.0,0.0,0.4293369094675337
1776235756954871535,0,-5.082712804463638,-10.578149167735639,0.0,-0.9031444060441646,-0.0,0.0,0.4293369094675337
1776235756974910764,0,-5.082712804463638,-10.578149167735639,0.0,-0.9031444060441646,-0.0,0.0,0.4293369094675337
1776235756994980920,0,-5.082712804463638,-10.578149167735639,0.0,-0.9031444060441646,-0.0,0.0,0.4293369094675337
1776235757014948817,0,-5.082712804463638,-10.578149167735639,0.0,-0.9031444060441646,-0.0,0.0,0.4293369094675337
1776235757034882492,0,-5.082712804463638,-10.578149167735639,0.0,-0.9031444060441646,-0.0,0.0,0.4293369094675337
1776235757054916618,0,-5.082712804463638,-10.578149167735639,0.0,-0.9031444060441646,-0.0,0.0,0.4293369094675337
1776235757074911694,0,-5.082712804463638,-10.578149167735639,0.0,-0.9031444060441646,-0.0,0.0,0.4293369094675337
1776235757094980543,0,-5.082712804463638,-10.578149167735639,0.0,-0.9031444060441646,-0.0,0.0,0.4293369094675337
1776235757114915651,0,-5.082712804463638,-10.578149167735639,0.0,-0.9031444060441646,-0.0,0.0,0.4293369094675337
1776235757134912598,0,-5.082712804463638,-10.578149167735639,0.0,-0.9031444060441646,-0.0,0.0,0.4293369094675337
1776235757154907349,0,-5.082712804463638,-10.578149167735639,0.0,-0.9031444060441646,-0.0,0.0,0.4293369094675337
1776235757174910343,0,-5.082712804463638,-10.578149167735639,0.0,-0.9031444060441646,-0.0,0.0,0.4293369094675337
1776235757194877403,0,-5.082712804463638,-10.578149167735639,0.0,-0.9031444060441646,-0.0,0.0,0.4293369094675337
1776235757214912376,0,-5.082712804463638,-10.578149167735639,0.0,-0.9031444060441646,-0.0,0.0,0.4293369094675337
1776235757234910991,0,-5.082712804463638,-10.578149167735639,0.0,-0.9031444060441646,-0.0,0.0,0.4293369094675337
1776235757254913116,0,-5.082712804463638,-10.578149167735639,0.0,-0.9031444060441646,-0.0,0.0,0.4293369094675337
1776235757274909958,0,-5.082712804463638,-10.578149167735639,0.0,-0.9031444060441646,-0.0,0.0,0.4293369094675337
1776235757294918540,0,-5.082712804463638,-10.578149167735639,0.0,-0.9031444060441646,-0.0,0.0,0.4293369094675337
1776235757314915356,0,-5.082712804463638,-10.578149167735639,0.0,-0.9031444060441646,-0.0,0.0,0.4293369094675337
1776235757334874433,0,-5.082712804463638,-10.578149167735639,0.0,-0.9031444060441646,-0.0,0.0,0.4293369094675337
1776235757354872138,0,-5.082712804463638,-10.578149167735639,0.0,-0.9031444060441646,-0.0,0.0,0.4293369094675337
1776235757374872710,0,-5.082712804463638,-10.578149167735639,0.0,-0.9031444060441646,-0.0,0.0,0.4293369094675337
1776235757394876184,0,-5.082712804463638,-10.578149167735639,0.0,-0.9031444060441646,-0.0,0.0,0.4293369094675337
1776235757414873315,0,-5.082712804463638,-10.578149167735639,0.0,-0.9031444060441646,-0.0,0.0,0.4293369094675337
1776235757434877486,0,-5.082712804463638,-10.578149167735639,0.0,-0.9031444060441646,-0.0,0.0,0.4293369094675337
1776235757454872924,0,-5.082712804463638,-10.578149167735639,0.0,-0.9031444060441646,-0.0,0.0,0.4293369094675337
1776235757474875436,0,-5.082712804463638,-10.578149167735639,0.0,-0.9031444060441646,-0.0,0.0,0.4293369094675337
1776235757494875795,0,-5.082712804463638,-10.578149167735639,0.0,-0.9031444060441646,-0.0,0.0,0.4293369094675337
1776235757514872920,0,-5.082712804463638,-10.578149167735639,0.0,-0.9031444060441646,-0.0,0.0,0.4293369094675337
1776235757534872826,0,-5.082712804463638,-10.578149167735639,0.0,-0.9031444060441646,-0.0,0.0,0.4293369094675337
1776235757554873373,0,-5.082712804463638,-10.578149167735639,0.0,-0.9031444060441646,-0.0,0.0,0.4293369094675337
1776235757574872816,0,-5.082712804463638,-10.578149167735639,0.0,-0.9031444060441646,-0.0,0.0,0.4293369094675337
1776235757594827474,0,-5.082712804463638,-10.578149167735639,0.0,-0.9031444060441646,-0.0,0.0,0.4293369094675337
1776235757614910643,0,-5.082712804463638,-10.578149167735639,0.0,-0.9031444060441646,-0.0,0.0,0.4293369094675337
1776235757634823129,0,-5.082712804463638,-10.578149167735639,0.0,-0.9031444060441646,-0.0,0.0,0.4293369094675337
1776235757654827233,0,-5.082712804463638,-10.578149167735639,0.0,-0.9031444060441646,-0.0,0.0,0.4293369094675337
1776235757674875984,0,-5.082712804463638,-10.578149167735639,0.0,-0.9031444060441646,-0.0,0.0,0.4293369094675337
1776235757694941450,0,-5.082712804463638,-10.578149167735639,0.0,-0.9031444060441646,-0.0,0.0,0.4293369094675337
1776235757714918303,0,-5.082712804463638,-10.578149167735639,0.0,-0.9031444060441646,-0.0,0.0,0.4293369094675337
1776235757734911722,0,-5.082712804463638,-10.578149167735639,0.0,-0.9031444060441646,-0.0,0.0,0.4293369094675337
1776235757754826289,0,-5.082712804463638,-10.578149167735639,0.0,-0.9031444060441646,-0.0,0.0,0.4293369094675337
1776235757774827977,0,-5.082712804463638,-10.578149167735639,0.0,-0.9031444060441646,-0.0,0.0,0.4293369094675337
1776235757794916801,0,-5.082712804463638,-10.578149167735639,0.0,-0.9031444060441646,-0.0,0.0,0.4293369094675337
1776235757814911888,0,-5.082712804463638,-10.578149167735639,0.0,-0.9031444060441646,-0.0,0.0,0.4293369094675337
1776235757834874149,0,-5.082712804463638,-10.578149167735639,0.0,-0.9031444060441646,-0.0,0.0,0.4293369094675337
1776235757854945125,0,-5.082712804463638,-10.578149167735639,0.0,-0.9031444060441646,-0.0,0.0,0.4293369094675337
1776235757874912261,0,-5.082712804463638,-10.578149167735639,0.0,-0.9031444060441646,-0.0,0.0,0.4293369094675337
1776235757894877390,0,-5.082712804463638,-10.578149167735639,0.0,-0.9031444060441646,-0.0,0.0,0.4293369094675337
1776235757914875320,0,-5.082712804463638,-10.578149167735639,0.0,-0.9031444060441646,-0.0,0.0,0.4293369094675337
1776235757934874377,0,-5.082712804463638,-10.578149167735639,0.0,-0.9031444060441646,-0.0,0.0,0.4293369094675337
1776235757954874613,0,-5.082712804463638,-10.578149167735639,0.0,-0.9031444060441646,-0.0,0.0,0.4293369094675337
1776235757974890253,0,-5.082712804463638,-10.578149167735639,0.0,-0.9031444060441646,-0.0,0.0,0.4293369094675337
1776235757994878602,0,-5.082712804463638,-10.578149167735639,0.0,-0.9031444060441646,-0.0,0.0,0.4293369094675337
1776235758014909653,0,-5.082712804463638,-10.578149167735639,0.0,-0.9031444060441646,-0.0,0.0,0.4293369094675337
1776235758034910996,0,-5.082712804463638,-10.578149167735639,0.0,-0.9031444060441646,-0.0,0.0,0.4293369094675337
1776235758054915439,0,-5.082712804463638,-10.578149167735639,0.0,-0.9031444060441646,-0.0,0.0,0.4293369094675337
1776235758074875969,0,-5.082712804463638,-10.578149167735639,0.0,-0.9031444060441646,-0.0,0.0,0.4293369094675337
1776235758094828402,0,-5.082712804463638,-10.578149167735639,0.0,-0.9031444060441646,-0.0,0.0,0.4293369094675337
1776235758114909953,0,-5.082712804463638,-10.578149167735639,0.0,-0.9031444060441646,-0.0,0.0,0.4293369094675337
1776235758134914788,0,-5.082712804463638,-10.578149167735639,0.0,-0.9031444060441646,-0.0,0.0,0.4293369094675337
1776235758154822717,0,-5.082712804463638,-10.578149167735639,0.0,-0.9031444060441646,-0.0,0.0,0.4293369094675337
1776235758174914999,0,-5.082712804463638,-10.578149167735639,0.0,-0.9031444060441646,-0.0,0.0,0.4293369094675337
1776235758194877885,0,-5.082712804463638,-10.578149167735639,0.0,-0.9031444060441646,-0.0,0.0,0.4293369094675337
1776235758214872570,0,-5.082712804463638,-10.578149167735639,0.0,-0.9031444060441646,-0.0,0.0,0.4293369094675337
1776235758234825449,0,-5.082712804463638,-10.578149167735639,0.0,-0.9031444060441646,-0.0,0.0,0.4293369094675337
1776235758254910989,0,-5.082712804463638,-10.578149167735639,0.0,-0.9031444060441646,-0.0,0.0,0.4293369094675337
1776235758274876326,0,-5.082712804463638,-10.578149167735639,0.0,-0.9031444060441646,-0.0,0.0,0.4293369094675337
1776235758294911459,0,-5.082712804463638,-10.578149167735639,0.0,-0.9031444060441646,-0.0,0.0,0.4293369094675337
1776235758314911589,0,-5.082712804463638,-10.578149167735639,0.0,-0.9031444060441646,-0.0,0.0,0.4293369094675337
1776235758334874474,0,-5.082712804463638,-10.578149167735639,0.0,-0.9031444060441646,-0.0,0.0,0.4293369094675337
1776235758354872785,0,-5.082712804463638,-10.578149167735639,0.0,-0.9031444060441646,-0.0,0.0,0.4293369094675337
1776235758374872494,0,-5.082712804463638,-10.578149167735639,0.0,-0.9031444060441646,-0.0,0.0,0.4293369094675337
1776235758394874472,0,-5.082712804463638,-10.578149167735639,0.0,-0.9031444060441646,-0.0,0.0,0.4293369094675337
1776235758414874198,0,-5.082712804463638,-10.578149167735639,0.0,-0.9031444060441646,-0.0,0.0,0.4293369094675337
1776235758434872362,0,-5.082712804463638,-10.578149167735639,0.0,-0.9031444060441646,-0.0,0.0,0.4293369094675337
1776235758454872233,0,-5.082712804463638,-10.578149167735639,0.0,-0.9031444060441646,-0.0,0.0,0.4293369094675337
1776235758474874393,0,-5.082712804463638,-10.578149167735639,0.0,-0.9031444060441646,-0.0,0.0,0.4293369094675337
1776235758494922119,0,-5.082712804463638,-10.578149167735639,0.0,-0.9031444060441646,-0.0,0.0,0.4293369094675337
1776235758514876142,0,-5.082712804463638,-10.578149167735639,0.0,-0.9031444060441646,-0.0,0.0,0.4293369094675337
1776235758534873220,0,-5.082712804463638,-10.578149167735639,0.0,-0.9031444060441646,-0.0,0.0,0.4293369094675337
1776235758554873402,0,-5.082712804463638,-10.578149167735639,0.0,-0.9031444060441646,-0.0,0.0,0.4293369094675337
1776235758574873266,0,-5.082712804463638,-10.578149167735639,0.0,-0.9031444060441646,-0.0,0.0,0.4293369094675337
1776235758594876199,0,-5.082712804463638,-10.578149167735639,0.0,-0.9031444060441646,-0.0,0.0,0.4293369094675337
1776235758614914612,0,-5.082712804463638,-10.578149167735639,0.0,-0.9031444060441646,-0.0,0.0,0.4293369094675337
1776235758634872757,0,-5.082712804463638,-10.578149167735639,0.0,-0.9031444060441646,-0.0,0.0,0.4293369094675337
1776235758654873990,0,-5.082712804463638,-10.578149167735639,0.0,-0.9031444060441646,-0.0,0.0,0.4293369094675337
1776235758674874592,0,-5.082712804463638,-10.578149167735639,0.0,-0.9031444060441646,-0.0,0.0,0.4293369094675337
1776235758694874189,0,-5.082712804463638,-10.578149167735639,0.0,-0.9031444060441646,-0.0,0.0,0.4293369094675337
1776235758714873239,0,-5.082712804463638,-10.578149167735639,0.0,-0.9031444060441646,-0.0,0.0,0.4293369094675337
1776235758734874186,0,-5.082712804463638,-10.578149167735639,0.0,-0.9031444060441646,-0.0,0.0,0.4293369094675337
1776235758754872739,0,-5.082712804463638,-10.578149167735639,0.0,-0.9031444060441646,-0.0,0.0,0.4293369094675337
1776235758774874317,0,-5.082712804463638,-10.578149167735639,0.0,-0.9031444060441646,-0.0,0.0,0.4293369094675337
1776235758794874954,0,-5.082712804463638,-10.578149167735639,0.0,-0.9031444060441646,-0.0,0.0,0.4293369094675337
1776235758814875348,0,-5.082712804463638,-10.578149167735639,0.0,-0.9031444060441646,-0.0,0.0,0.4293369094675337
1776235758834881094,0,-5.082712804463638,-10.578149167735639,0.0,-0.9031444060441646,-0.0,0.0,0.4293369094675337
1776235758854875947,0,-5.082712804463638,-10.578149167735639,0.0,-0.9031444060441646,-0.0,0.0,0.4293369094675337
1776235758874912709,0,-5.082712804463638,-10.578149167735639,0.0,-0.9031444060441646,-0.0,0.0,0.4293369094675337
1776235758894918102,0,-5.082712804463638,-10.578149167735639,0.0,-0.9031444060441646,-0.0,0.0,0.4293369094675337
1776235758914873860,0,-5.082712804463638,-10.578149167735639,0.0,-0.9031444060441646,-0.0,0.0,0.4293369094675337
1776235758934873237,0,-5.082712804463638,-10.578149167735639,0.0,-0.9031444060441646,-0.0,0.0,0.4293369094675337
1776235758954871978,0,-5.082712804463638,-10.578149167735639,0.0,-0.9031444060441646,-0.0,0.0,0.4293369094675337
1776235758974872937,0,-5.082712804463638,-10.578149167735639,0.0,-0.9031444060441646,-0.0,0.0,0.4293369094675337
1776235758994875436,0,-5.082738061205722,-10.578118143599951,0.0,-0.9031444060441646,-0.0,0.0,0.4293369094675337
1776235759014874086,0,-5.082788564969791,-10.578056107268253,0.0,-0.9031444060441646,-0.0,0.0,0.4293369094675337
1776235759034912168,0,-5.0829656766709,-10.577838551994084,0.0,-0.9031444060441646,-0.0,0.0,0.4293369094675337
1776235759054874018,0,-5.083091703739273,-10.577683746562037,0.0,-0.9031444060441646,-0.0,0.0,0.4293369094675337
1776235759074918774,0,-5.083243564328159,-10.577497208508127,0.0,-0.9031444060441646,-0.0,0.0,0.4293369094675337
1776235759094874984,0,-5.083369555788996,-10.57734244681464,0.0,-0.9031444060441646,-0.0,0.0,0.4293369094675337
1776235759114872780,0,-5.083521060605369,-10.577156345774142,0.0,-0.9031444060441646,-0.0,0.0,0.4293369094675337
1776235759134914500,0,-5.083647591924711,-10.577000920945082,0.0,-0.9031444060441646,-0.0,0.0,0.4293369094675337
1776235759154909164,0,-5.083773826160877,-10.576845861038336,0.0,-0.9031444060441646,-0.0,0.0,0.4293369094675337
1776235759174872663,0,-5.083874656151261,-10.576722006453544,0.0,-0.9031444060441646,-0.0,0.0,0.4293369094675337
1776235759194874580,0,-5.083950424169947,-10.576628936758127,0.0,-0.9031444060441646,-0.0,0.0,0.4293369094675337
1776235759214876504,0,-5.084051448234137,-10.576504843782658,0.0,-0.9031444060441646,-0.0,0.0,0.4293369094675337
1776235759234907808,0,-5.0840767413477135,-10.576473774970033,0.0,-0.9031444060441646,-0.0,0.0,0.4293369094675337
1776235759254908116,0,-5.0840767413477135,-10.576473774970033,0.0,-0.9031444060441646,-0.0,0.0,0.4293369094675337
1776235759274961289,0,-5.0840767413477135,-10.576473774970033,0.0,-0.9031444060441646,-0.0,0.0,0.4293369094675337
1776235759294874312,0,-5.0840767413477135,-10.576473774970033,0.0,-0.9031444060441646,-0.0,0.0,0.4293369094675337
1776235759314874000,0,-5.0840767413477135,-10.576473774970033,0.0,-0.9031444060441646,-0.0,0.0,0.4293369094675337
1776235759334912012,0,-5.0840767413477135,-10.576473774970033,0.0,-0.9031444060441646,-0.0,0.0,0.4293369094675337
1776235759354873367,0,-5.084051536557299,-10.576504735290847,0.0,-0.9031444060441646,-0.0,0.0,0.4293369094675337
1776235759374985171,0,-5.084051536557299,-10.576504735290847,0.0,-0.9031444060441646,-0.0,0.0,0.4293369094675337
1776235759394895804,0,-5.084051536557299,-10.576504735290847,0.0,-0.9031444060441646,-0.0,0.0,0.4293369094675337
1776235759414982225,0,-5.084051536557299,-10.576504735290847,0.0,-0.9031444060441646,-0.0,0.0,0.4293369094675337
1776235759434994677,0,-5.084051536557299,-10.576504735290847,0.0,-0.9031444060441646,-0.0,0.0,0.4293369094675337
1776235759454878249,0,-5.084051536557299,-10.576504735290847,0.0,-0.9031444060441646,-0.0,0.0,0.4293369094675337
1776235759474910453,0,-5.084051536557299,-10.576504735290847,0.0,-0.9031444060441646,-0.0,0.0,0.4293369094675337
1776235759494987616,0,-5.084051536557299,-10.576504735290847,0.0,-0.9031444060441646,-0.0,0.0,0.4293369094675337
1776235759514971941,0,-5.084051536557299,-10.576504735290847,0.0,-0.9031444060441646,-0.0,0.0,0.4293369094675337
1776235759534929780,0,-5.084051536557299,-10.576504735290847,0.0,-0.9031444060441646,-0.0,0.0,0.4293369094675337
1776235759554907042,0,-5.084051536557299,-10.576504735290847,0.0,-0.9031444060441646,-0.0,0.0,0.4293369094675337
1776235759574921786,0,-5.084051536557299,-10.576504735290847,0.0,-0.9031444060441646,-0.0,0.0,0.4293369094675337
1776235759594912825,0,-5.084051536557299,-10.576504735290847,0.0,-0.9031444060441646,-0.0,0.0,0.4293369094675337
1776235759614971235,0,-5.084051536557299,-10.576504735290847,0.0,-0.9031444060441646,-0.0,0.0,0.4293369094675337
1776235759634911693,0,-5.084051536557299,-10.576504735290847,0.0,-0.9031444060441646,-0.0,0.0,0.4293369094675337
1776235759654910405,0,-5.084051536557299,-10.576504735290847,0.0,-0.9031444060441646,-0.0,0.0,0.4293369094675337
1776235759674909944,0,-5.084051536557299,-10.576504735290847,0.0,-0.9031444060441646,-0.0,0.0,0.4293369094675337
1776235759694911901,0,-5.084051536557299,-10.576504735290847,0.0,-0.9031444060441646,-0.0,0.0,0.4293369094675337
1776235759714976002,0,-5.084051536557299,-10.576504735290847,0.0,-0.9031444060441646,-0.0,0.0,0.4293369094675337
1776235759734911751,0,-5.084051536557299,-10.576504735290847,0.0,-0.9031444060441646,-0.0,0.0,0.4293369094675337
1776235759754911314,0,-5.084051536557299,-10.576504735290847,0.0,-0.9031444060441646,-0.0,0.0,0.4293369094675337
1776235759774906401,0,-5.084051536557299,-10.576504735290847,0.0,-0.9031444060441646,-0.0,0.0,0.4293369094675337
1776235759794918565,0,-5.084051536557299,-10.576504735290847,0.0,-0.9031444060441646,-0.0,0.0,0.4293369094675337
1776235759814939429,0,-5.084051536557299,-10.576504735290847,0.0,-0.9031444060441646,-0.0,0.0,0.4293369094675337
1776235759834909318,0,-5.084051536557299,-10.576504735290847,0.0,-0.9031444060441646,-0.0,0.0,0.4293369094675337
1776235759854912295,0,-5.084051536557299,-10.576504735290847,0.0,-0.9031444060441646,-0.0,0.0,0.4293369094675337
1776235759874910532,0,-5.084051536557299,-10.576504735290847,0.0,-0.9031444060441646,-0.0,0.0,0.4293369094675337
1776235759894913936,0,-5.084051536557299,-10.576504735290847,0.0,-0.9031444060441646,-0.0,0.0,0.4293369094675337
1776235759914910801,0,-5.084051536557299,-10.576504735290847,0.0,-0.9031444060441646,-0.0,0.0,0.4293369094675337
1776235759934929105,0,-5.084051536557299,-10.576504735290847,0.0,-0.9031444060441646,-0.0,0.0,0.4293369094675337
1776235759954908920,0,-5.084051536557299,-10.576504735290847,0.0,-0.9031444060441646,-0.0,0.0,0.4293369094675337
1776235759974907611,0,-5.084051536557299,-10.576504735290847,0.0,-0.9031444060441646,-0.0,0.0,0.4293369094675337
1776235759994912986,0,-5.084051536557299,-10.576504735290847,0.0,-0.9031444060441646,-0.0,0.0,0.4293369094675337
1776235760014909289,0,-5.084051536557299,-10.576504735290847,0.0,-0.9031444060441646,-0.0,0.0,0.4293369094675337
1776235760034908422,0,-5.084051536557299,-10.576504735290847,0.0,-0.9031444060441646,-0.0,0.0,0.4293369094675337
1776235760054877004,0,-5.084051536557299,-10.576504735290847,0.0,-0.9031444060441646,-0.0,0.0,0.4293369094675337
1776235760074910711,0,-5.084051536557299,-10.576504735290847,0.0,-0.9031444060441646,-0.0,0.0,0.4293369094675337
1776235760094981934,0,-5.084051536557299,-10.576504735290847,0.0,-0.9031444060441646,-0.0,0.0,0.4293369094675337
1776235760114909613,0,-5.084051536557299,-10.576504735290847,0.0,-0.9031444060441646,-0.0,0.0,0.4293369094675337
1776235760134873712,0,-5.084051536557299,-10.576504735290847,0.0,-0.9031444060441646,-0.0,0.0,0.4293369094675337
1776235760154873105,0,-5.084051536557299,-10.576504735290847,0.0,-0.9031444060441646,-0.0,0.0,0.4293369094675337
1776235760174873702,0,-5.084051536557299,-10.576504735290847,0.0,-0.9031444060441646,-0.0,0.0,0.4293369094675337
1776235760194876975,0,-5.084051536557299,-10.576504735290847,0.0,-0.9031444060441646,-0.0,0.0,0.4293369094675337
1776235760214872967,0,-5.084051536557299,-10.576504735290847,0.0,-0.9031444060441646,-0.0,0.0,0.4293369094675337
1776235760234872928,0,-5.084051536557299,-10.576504735290847,0.0,-0.9031444060441646,-0.0,0.0,0.4293369094675337
1776235760254872526,0,-5.084051536557299,-10.576504735290847,0.0,-0.9031444060441646,-0.0,0.0,0.4293369094675337
1776235760274875674,0,-5.084051536557299,-10.576504735290847,0.0,-0.9031444060441646,-0.0,0.0,0.4293369094675337
1776235760294912450,0,-5.084051536557299,-10.576504735290847,0.0,-0.9031444060441646,-0.0,0.0,0.4293369094675337
1776235760314875020,0,-5.084051536557299,-10.576504735290847,0.0,-0.9031444060441646,-0.0,0.0,0.4293369094675337
1776235760334920898,0,-5.084051536557299,-10.576504735290847,0.0,-0.9031444060441646,-0.0,0.0,0.4293369094675337
1776235760354875133,0,-5.084051536557299,-10.576504735290847,0.0,-0.9031444060441646,-0.0,0.0,0.4293369094675337
1776235760374873976,0,-5.084051536557299,-10.576504735290847,0.0,-0.9031444060441646,-0.0,0.0,0.4293369094675337
1776235760394873971,0,-5.084051536557299,-10.576504735290847,0.0,-0.9031444060441646,-0.0,0.0,0.4293369094675337
1776235760414874313,0,-5.084051536557299,-10.576504735290847,0.0,-0.9031444060441646,-0.0,0.0,0.4293369094675337
1776235760434910265,0,-5.084051536557299,-10.576504735290847,0.0,-0.9031444060441646,-0.0,0.0,0.4293369094675337
1776235760454873464,0,-5.084051536557299,-10.576504735290847,0.0,-0.9031444060441646,-0.0,0.0,0.4293369094675337
1776235760474829285,0,-5.084051536557299,-10.576504735290847,0.0,-0.9031444060441646,-0.0,0.0,0.4293369094675337
1776235760494913446,0,-5.084051536557299,-10.576504735290847,0.0,-0.9031444060441646,-0.0,0.0,0.4293369094675337
1776235760514908874,0,-5.084051536557299,-10.576504735290847,0.0,-0.9031444060441646,-0.0,0.0,0.4293369094675337
1776235760534908920,0,-5.084051536557299,-10.576504735290847,0.0,-0.9031444060441646,-0.0,0.0,0.4293369094675337
1776235760554912913,0,-5.084051536557299,-10.576504735290847,0.0,-0.9031444060441646,-0.0,0.0,0.4293369094675337
1776235760574908808,0,-5.084051536557299,-10.576504735290847,0.0,-0.9031444060441646,-0.0,0.0,0.4293369094675337
1776235760594913047,0,-5.084051536557299,-10.576504735290847,0.0,-0.9031444060441646,-0.0,0.0,0.4293369094675337
1776235760614945074,0,-5.084051536557299,-10.576504735290847,0.0,-0.9031444060441646,-0.0,0.0,0.4293369094675337
1776235760634913351,0,-5.084051536557299,-10.576504735290847,0.0,-0.9031444060441646,-0.0,0.0,0.4293369094675337
1776235760654910980,0,-5.084051536557299,-10.576504735290847,0.0,-0.9031444060441646,-0.0,0.0,0.4293369094675337
1776235760674875676,0,-5.084051536557299,-10.576504735290847,0.0,-0.9031444060441646,-0.0,0.0,0.4293369094675337
1776235760694877692,0,-5.084051536557299,-10.576504735290847,0.0,-0.9031444060441646,-0.0,0.0,0.4293369094675337
1776235760714874858,0,-5.084051536557299,-10.576504735290847,0.0,-0.9031444060441646,-0.0,0.0,0.4293369094675337
1776235760734910363,0,-5.084051536557299,-10.576504735290847,0.0,-0.9031444060441646,-0.0,0.0,0.4293369094675337
1776235760754912297,0,-5.084001024499953,-10.576566781809596,0.0,-0.9031444060441646,-0.0,0.0,0.4293369094675337
1776235760774873982,0,-5.0839254088815995,-10.576659664303968,0.0,-0.9031444060441646,-0.0,0.0,0.4293369094675337
1776235760794912811,0,-5.083798895814288,-10.57681506671313,0.0,-0.9031444060441646,-0.0,0.0,0.4293369094675337
1776235760814926156,0,-5.083622002757464,-10.577032353415433,0.0,-0.9031444060441646,-0.0,0.0,0.4293369094675337
1776235760834909059,0,-5.083445378770028,-10.577249309606188,0.0,-0.9031444060441646,-0.0,0.0,0.4293369094675337
1776235760854874479,0,-5.083168069629471,-10.577589942470787,0.0,-0.9031444060441646,-0.0,0.0,0.4293369094675337
1776235760874877397,0,-5.082789210588656,-10.578055314221949,0.0,-0.9031444060441646,-0.0,0.0,0.4293369094675337
1776235760894876673,0,-5.082233651823637,-10.578737735195155,0.0,-0.9031444060441646,-0.0,0.0,0.4293369094675337
1776235760914875497,0,-5.081551845091303,-10.579575232941792,0.0,-0.9031444060441646,-0.0,0.0,0.4293369094675337
1776235760934872848,0,-5.0806933368637015,-10.580629782086014,0.0,-0.9031444060441646,-0.0,0.0,0.4293369094675337
1776235760954873805,0,-5.079708399883726,-10.58183963007108,0.0,-0.9031444060441646,-0.0,0.0,0.4293369094675337
1776235760974874299,0,-5.078571960423803,-10.583235576226691,0.0,-0.9031444060441646,-0.0,0.0,0.4293369094675337
1776235760994877002,0,-5.077334367530872,-10.58475577426806,0.0,-0.9031444060441646,-0.0,0.0,0.4293369094675337
1776235761014876356,0,-5.075995970749256,-10.58639979483219,0.0,-0.9031444060441646,-0.0,0.0,0.4293369094675337
1776235761034875039,0,-5.0746071150190115,-10.588105796678931,0.0,-0.9031444060441646,-0.0,0.0,0.4293369094675337
1776235761054908565,0,-5.073190543565113,-10.589845843152986,0.0,-0.9031444060441646,-0.0,0.0,0.4293369094675337
1776235761074912155,0,-5.0717508308114585,-10.591614315257779,0.0,-0.9031444060441646,-0.0,0.0,0.4293369094675337
1776235761094877236,0,-5.070364308651387,-10.593317450662077,0.0,-0.9031444060441646,-0.0,0.0,0.4293369094675337
1776235761114875461,0,-5.069025987424711,-10.59496137841824,0.0,-0.9031444060441646,-0.0,0.0,0.4293369094675337
1776235761134873621,0,-5.06773817308048,-10.59654326601224,0.0,-0.9031444060441646,-0.0,0.0,0.4293369094675337
1776235761154908004,0,-5.066523917062488,-10.598034798187982,0.0,-0.9031444060441646,-0.0,0.0,0.4293369094675337
1776235761174874004,0,-5.065364226959767,-10.599459304285915,0.0,-0.9031444060441646,-0.0,0.0,0.4293369094675337
1776235761194874376,0,-5.064303556656926,-10.600762179347761,0.0,-0.9031444060441646,-0.0,0.0,0.4293369094675337
1776235761214880348,0,-5.063343633893178,-10.601941301103942,0.0,-0.9031444060441646,-0.0,0.0,0.4293369094675337
1776235761234874450,0,-5.0625357574333325,-10.602933656683021,0.0,-0.9031444060441646,-0.0,0.0,0.4293369094675337
1776235761254826287,0,-5.0617295887220255,-10.603923914548062,0.0,-0.9031444060441646,-0.0,0.0,0.4293369094675337
1776235761274875532,0,-5.061046063019747,-10.604763523792556,0.0,-0.9031444060441646,-0.0,0.0,0.4293369094675337
1776235761294877636,0,-5.060465169449612,-10.605477064790257,0.0,-0.9031444060441646,-0.0,0.0,0.4293369094675337
1776235761314823762,0,-5.0600622004725455,-10.605972051997426,0.0,-0.9031444060441646,-0.0,0.0,0.4293369094675337
1776235761334825026,0,-5.059809648663391,-10.60628227417778,0.0,-0.9031444060441646,-0.0,0.0,0.4293369094675337
1776235761354826100,0,-5.059683373958352,-10.606437383794486,0.0,-0.9031444060441646,-0.0,0.0,0.4293369094675337
1776235761374907599,0,-5.059632660970836,-10.606499677125939,0.0,-0.9031444060441646,-0.0,0.0,0.4293369094675337
1776235761394877847,0,-5.059632660970836,-10.606499677125939,0.0,-0.9031444060441646,-0.0,0.0,0.4293369094675337
1776235761414910140,0,-5.059657955333192,-10.606468606779359,0.0,-0.9031444060441646,-0.0,0.0,0.4293369094675337
1776235761434909832,0,-5.059708461728684,-10.606406567215366,0.0,-0.9031444060441646,-0.0,0.0,0.4293369094675337
1776235761454914025,0,-5.059809497252951,-10.606282460162909,0.0,-0.9031444060441646,-0.0,0.0,0.4293369094675337
1776235761474877128,0,-5.059885118242741,-10.606189571070544,0.0,-0.9031444060441646,-0.0,0.0,0.4293369094675337
1776235761494970659,0,-5.059961233298724,-10.606096075091621,0.0,-0.9031444060441646,-0.0,0.0,0.4293369094675337
1776235761514977652,0,-5.060037020545495,-10.606002981777372,0.0,-0.9031444060441646,-0.0,0.0,0.4293369094675337
1776235761534876046,0,-5.060112396415148,-10.605910393778487,0.0,-0.9031444060441646,-0.0,0.0,0.4293369094675337
1776235761554911788,0,-5.060162993849817,-10.605848242386436,0.0,-0.9031444060441646,-0.0,0.0,0.4293369094675337
1776235761574872770,0,-5.060188198169248,-10.605817282644146,0.0,-0.9031444060441646,-0.0,0.0,0.4293369094675337
1776235761594877944,0,-5.060188198169248,-10.605817282644146,0.0,-0.9031444060441646,-0.0,0.0,0.4293369094675337
1776235761614874060,0,-5.060188198169248,-10.605817282644146,0.0,-0.9031444060441646,-0.0,0.0,0.4293369094675337
1776235761634873401,0,-5.060188198169248,-10.605817282644146,0.0,-0.9031444060441646,-0.0,0.0,0.4293369094675337
1776235761654873990,0,-5.060188198169248,-10.605817282644146,0.0,-0.9031444060441646,-0.0,0.0,0.4293369094675337
1776235761674876541,0,-5.060188198169248,-10.605817282644146,0.0,-0.9031444060441646,-0.0,0.0,0.4293369094675337
1776235761694900786,0,-5.060188198169248,-10.605817282644146,0.0,-0.9031444060441646,-0.0,0.0,0.4293369094675337
1776235761714987503,0,-5.060188198169248,-10.605817282644146,0.0,-0.9031444060441646,-0.0,0.0,0.4293369094675337
1776235761734910481,0,-5.060188198169248,-10.605817282644146,0.0,-0.9031444060441646,-0.0,0.0,0.4293369094675337
1776235761754912368,0,-5.060162942199932,-10.60584830583062,0.0,-0.9031444060441646,-0.0,0.0,0.4293369094675337
1776235761774911900,0,-5.06011243620849,-10.605910344898298,0.0,-0.9031444060441646,-0.0,0.0,0.4293369094675337
1776235761794906391,0,-5.060011449686288,-10.606034391759081,0.0,-0.9031444060441646,-0.0,0.0,0.4293369094675337
1776235761814876758,0,-5.0599105850075805,-10.60615828895331,0.0,-0.9031444060441646,-0.0,0.0,0.4293369094675337
1776235761834873156,0,-5.059759090782576,-10.606344376983948,0.0,-0.9031444060441646,-0.0,0.0,0.4293369094675337
1776235761854894342,0,-5.059531567763182,-10.606623855033966,0.0,-0.9031444060441646,-0.0,0.0,0.4293369094675337
1776235761874916195,0,-5.059177631249289,-10.607058613182843,0.0,-0.9031444060441646,-0.0,0.0,0.4293369094675337
1776235761894973742,0,-5.058747084995316,-10.60758747495617,0.0,-0.9031444060441646,-0.0,0.0,0.4293369094675337
1776235761914876891,0,-5.058169065239026,-10.608297485902739,0.0,-0.9031444060441646,-0.0,0.0,0.4293369094675337
1776235761934873417,0,-5.057386340085747,-10.609258946857928,0.0,-0.9031444060441646,-0.0,0.0,0.4293369094675337
1776235761954872961,0,-5.056451978715854,-10.610406670259188,0.0,-0.9031444060441646,-0.0,0.0,0.4293369094675337
1776235761974910302,0,-5.05541464854563,-10.611680875453843,0.0,-0.9031444060441646,-0.0,0.0,0.4293369094675337
1776235761994874779,0,-5.054255046903686,-10.613105272890962,0.0,-0.9031444060441646,-0.0,0.0,0.4293369094675337
1776235762014900550,0,-5.052965454503779,-10.614689344560816,0.0,-0.9031444060441646,-0.0,0.0,0.4293369094675337
1776235762034872629,0,-5.051553227969807,-10.616424053949643,0.0,-0.9031444060441646,-0.0,0.0,0.4293369094675337
1776235762054875526,0,-5.050113565093232,-10.618192464787889,0.0,-0.9031444060441646,-0.0,0.0,0.4293369094675337
1776235762074911933,0,-5.048646190898014,-10.619994914842557,0.0,-0.9031444060441646,-0.0,0.0,0.4293369094675337
1776235762094828471,0,-5.047187595356457,-10.621786581632243,0.0,-0.9031444060441646,-0.0,0.0,0.4293369094675337
1776235762114825572,0,-5.045773599515828,-10.623523464350072,0.0,-0.9031444060441646,-0.0,0.0,0.4293369094675337
1776235762134825353,0,-5.044359414172279,-10.625260579843939,0.0,-0.9031444060441646,-0.0,0.0,0.4293369094675337
1776235762154874038,0,-5.042941770824873,-10.62700194297912,0.0,-0.9031444060441646,-0.0,0.0,0.4293369094675337
1776235762174910580,0,-5.041651484808744,-10.628586866652917,0.0,-0.9031444060441646,-0.0,0.0,0.4293369094675337
1776235762194915439,0,-5.04046427797123,-10.630045172950076,0.0,-0.9031444060441646,-0.0,0.0,0.4293369094675337
1776235762214909157,0,-5.039328223527486,-10.631440646170823,0.0,-0.9031444060441646,-0.0,0.0,0.4293369094675337
1776235762234910714,0,-5.0382674903811004,-10.632743598426565,0.0,-0.9031444060441646,-0.0,0.0,0.4293369094675337
1776235762254914826,0,-5.0373329155982045,-10.633891583973828,0.0,-0.9031444060441646,-0.0,0.0,0.4293369094675337
1776235762274877311,0,-5.036450698033017,-10.634975256498379,0.0,-0.9031444060441646,-0.0,0.0,0.4293369094675337
1776235762294916935,0,-5.035615678648268,-10.636000953107057,0.0,-0.9031444060441646,-0.0,0.0,0.4293369094675337
1776235762314911692,0,-5.034858269708417,-10.636931316874843,0.0,-0.9031444060441646,-0.0,0.0,0.4293369094675337
1776235762334875772,0,-5.034177647480382,-10.637767359634843,0.0,-0.9031444060441646,-0.0,0.0,0.4293369094675337
1776235762354874779,0,-5.033495834509145,-10.638604865045039,0.0,-0.9031444060441646,-0.0,0.0,0.4293369094675337
1776235762374872971,0,-5.0328393006298295,-10.639411318866095,0.0,-0.9031444060441646,-0.0,0.0,0.4293369094675337
1776235762394875472,0,-5.03225839553018,-10.640124874026085,0.0,-0.9031444060441646,-0.0,0.0,0.4293369094675337
1776235762414900506,0,-5.0317274064346424,-10.640777114829675,0.0,-0.9031444060441646,-0.0,0.0,0.4293369094675337
1776235762434872433,0,-5.031197825538351,-10.641427625870797,0.0,-0.9031444060441646,-0.0,0.0,0.4293369094675337
1776235762454915032,0,-5.030615755927672,-10.642142611458652,0.0,-0.9031444060441646,-0.0,0.0,0.4293369094675337
1776235762474916599,0,-5.030060133521099,-10.642825110606019,0.0,-0.9031444060441646,-0.0,0.0,0.4293369094675337
1776235762494874713,0,-5.029455316790978,-10.643568037632974,0.0,-0.9031444060441646,-0.0,0.0,0.4293369094675337
1776235762514875746,0,-5.02884919943048,-10.644312562290082,0.0,-0.9031444060441646,-0.0,0.0,0.4293369094675337
1776235762534873530,0,-5.028192678945677,-10.645118999657988,0.0,-0.9031444060441646,-0.0,0.0,0.4293369094675337
1776235762554875150,0,-5.027485521256027,-10.645987637269677,0.0,-0.9031444060441646,-0.0,0.0,0.4293369094675337
1776235762574909812,0,-5.026701303343126,-10.646950931857099,0.0,-0.9031444060441646,-0.0,0.0,0.4293369094675337
1776235762594875240,0,-5.025844165604953,-10.648003797559703,0.0,-0.9031444060441646,-0.0,0.0,0.4293369094675337
1776235762614876215,0,-5.02490973737997,-10.649151603082437,0.0,-0.9031444060441646,-0.0,0.0,0.4293369094675337
1776235762634907296,0,-5.023847438501187,-10.650456478606586,0.0,-0.9031444060441646,-0.0,0.0,0.4293369094675337
1776235762654907706,0,-5.022736257968516,-10.651821397942328,0.0,-0.9031444060441646,-0.0,0.0,0.4293369094675337
1776235762674923040,0,-5.021573702386901,-10.653249423853183,0.0,-0.9031444060441646,-0.0,0.0,0.4293369094675337
1776235762694915737,0,-5.020336728578025,-10.654768861442264,0.0,-0.9031444060441646,-0.0,0.0,0.4293369094675337
1776235762714911453,0,-5.019023823391892,-10.656381569388365,0.0,-0.9031444060441646,-0.0,0.0,0.4293369094675337
1776235762734916122,0,-5.017710330357838,-10.657994999417838,0.0,-0.9031444060441646,-0.0,0.0,0.4293369094675337
1776235762754908946,0,-5.016397615058461,-10.65960747411642,0.0,-0.9031444060441646,-0.0,0.0,0.4293369094675337
1776235762774915396,0,-5.015058743398326,-10.661252077997872,0.0,-0.9031444060441646,-0.0,0.0,0.4293369094675337
1776235762794912815,0,-5.0137709767720136,-10.662833906977532,0.0,-0.9031444060441646,-0.0,0.0,0.4293369094675337
1776235762814874319,0,-5.0125611378485875,-10.664320013412244,0.0,-0.9031444060441646,-0.0,0.0,0.4293369094675337
1776235762834873918,0,-5.011273230837594,-10.66590201483352,0.0,-0.9031444060441646,-0.0,0.0,0.4293369094675337
1776235762854873093,0,-5.010086361322303,-10.667359906780703,0.0,-0.9031444060441646,-0.0,0.0,0.4293369094675337
1776235762874873698,0,-5.009025678662875,-10.668662797020772,0.0,-0.9031444060441646,-0.0,0.0,0.4293369094675337
1776235762894878620,0,-5.0079647670620115,-10.669965968481186,0.0,-0.9031444060441646,-0.0,0.0,0.4293369094675337
1776235762914872929,0,-5.006954911102747,-10.671206425710778,0.0,-0.9031444060441646,-0.0,0.0,0.4293369094675337
1776235762934833690,0,-5.005946749558012,-10.672444801605195,0.0,-0.9031444060441646,-0.0,0.0,0.4293369094675337
1776235762954871853,0,-5.004959980387424,-10.67365690016279,0.0,-0.9031444060441646,-0.0,0.0,0.4293369094675337
1776235762974872208,0,-5.004076089203997,-10.674742628477404,0.0,-0.9031444060441646,-0.0,0.0,0.4293369094675337
1776235762994875260,0,-5.003192078829956,-10.675828503199881,0.0,-0.9031444060441646,-0.0,0.0,0.4293369094675337
1776235763014871985,0,-5.002384096385859,-10.676820988964813,0.0,-0.9031444060441646,-0.0,0.0,0.4293369094675337
1776235763034872184,0,-5.001575973572232,-10.677813647152746,0.0,-0.9031444060441646,-0.0,0.0,0.4293369094675337
1776235763054985687,0,-5.00078866958159,-10.678780732525809,0.0,-0.9031444060441646,-0.0,0.0,0.4293369094675337
1776235763074975179,0,-5.000006219760566,-10.679741855276404,0.0,-0.9031444060441646,-0.0,0.0,0.4293369094675337
1776235763094903529,0,-4.999201000058841,-10.680730947424891,0.0,-0.9031444060441646,-0.0,0.0,0.4293369094675337
1776235763114893846,0,-4.998342793808581,-10.681785125635002,0.0,-0.9031444060441646,-0.0,0.0,0.4293369094675337
1776235763134889953,0,-4.997484338987272,-10.682839609177549,0.0,-0.9031444060441646,-0.0,0.0,0.4293369094675337
1776235763154894790,0,-4.996574990077233,-10.68395660850738,0.0,-0.9031444060441646,-0.0,0.0,0.4293369094675337
1776235763174894426,0,-4.995640624409178,-10.685104337188292,0.0,-0.9031444060441646,-0.0,0.0,0.4293369094675337
1776235763194981914,0,-4.994676790360126,-10.686288263374287,0.0,-0.9031444060441646,-0.0,0.0,0.4293369094675337
1776235763214873703,0,-4.993697229302915,-10.687491507841088,0.0,-0.9031444060441646,-0.0,0.0,0.4293369094675337
1776235763234871275,0,-4.992712459015538,-10.688701151069196,0.0,-0.9031444060441646,-0.0,0.0,0.4293369094675337
1776235763254983594,0,-4.9917220380703515,-10.689917735286492,0.0,-0.9031444060441646,-0.0,0.0,0.4293369094675337
1776235763274998182,0,-4.990736429838682,-10.691128407804001,0.0,-0.9031444060441646,-0.0,0.0,0.4293369094675337
1776235763294976048,0,-4.98972740436882,-10.692367844901383,0.0,-0.9031444060441646,-0.0,0.0,0.4293369094675337
1776235763314970853,0,-4.988742770340961,-10.69357732075504,0.0,-0.9031444060441646,-0.0,0.0,0.4293369094675337
1776235763334871864,0,-4.9877878837960505,-10.694750256268485,0.0,-0.9031444060441646,-0.0,0.0,0.4293369094675337
1776235763354978792,0,-4.9868231169806005,-10.69593532821871,0.0,-0.9031444060441646,-0.0,0.0,0.4293369094675337
1776235763374891007,0,-4.9858928355459415,-10.697078040028863,0.0,-0.9031444060441646,-0.0,0.0,0.4293369094675337
1776235763394889034,0,-4.984933293997679,-10.69825669351873,0.0,-0.9031444060441646,-0.0,0.0,0.4293369094675337
1776235763414872581,0,-4.9839744472260445,-10.699434493579268,0.0,-0.9031444060441646,-0.0,0.0,0.4293369094675337
1776235763434984257,0,-4.982984057945076,-10.70065103890181,0.0,-0.9031444060441646,-0.0,0.0,0.4293369094675337
1776235763454905959,0,-4.9820030238373665,-10.70185609279116,0.0,-0.9031444060441646,-0.0,0.0,0.4293369094675337
1776235763474977211,0,-4.981014625215769,-10.703070192885967,0.0,-0.9031444060441646,-0.0,0.0,0.4293369094675337
1776235763494972706,0,-4.980004709355017,-10.704310723695599,0.0,-0.9031444060441646,-0.0,0.0,0.4293369094675337
1776235763514998547,0,-4.978942688366692,-10.70561525787285,0.0,-0.9031444060441646,-0.0,0.0,0.4293369094675337
1776235763534985388,0,-4.977857498625992,-10.706948251402274,0.0,-0.9031444060441646,-0.0,0.0,0.4293369094675337
1776235763554980808,0,-4.976721347473633,-10.708343843415108,0.0,-0.9031444060441646,-0.0,0.0,0.4293369094675337
1776235763574979897,0,-4.975559735454349,-10.709770710300518,0.0,-0.9031444060441646,-0.0,0.0,0.4293369094675337
1776235763594875213,0,-4.974328786732853,-10.711282746969545,0.0,-0.9031444060441646,-0.0,0.0,0.4293369094675337
1776235763614895017,0,-4.973064857136331,-10.712835295718058,0.0,-0.9031444060441646,-0.0,0.0,0.4293369094675337
1776235763634973843,0,-4.971746495003819,-10.714454706707826,0.0,-0.9031444060441646,-0.0,0.0,0.4293369094675337
1776235763654994065,0,-4.9704067016938875,-10.716100442698405,0.0,-0.9031444060441646,-0.0,0.0,0.4293369094675337
1776235763674872983,0,-4.969076364730347,-10.717734562979736,0.0,-0.9031444060441646,-0.0,0.0,0.4293369094675337
1776235763694997025,0,-4.967729623578309,-10.719388833356739,0.0,-0.9031444060441646,-0.0,0.0,0.4293369094675337
1776235763714872754,0,-4.966374403307123,-10.721053519065308,0.0,-0.9031444060441646,-0.0,0.0,0.4293369094675337
1776235763734870205,0,-4.965061384202054,-10.722666366943812,0.0,-0.9031444060441646,-0.0,0.0,0.4293369094675337
1776235763754905581,0,-4.963669980239837,-10.724375498912991,0.0,-0.9031444060441646,-0.0,0.0,0.4293369094675337
1776235763774874395,0,-4.962283198832777,-10.726078952763501,0.0,-0.9031444060441646,-0.0,0.0,0.4293369094675337
1776235763794974563,0,-4.960887295237237,-10.7277936118602,0.0,-0.9031444060441646,-0.0,0.0,0.4293369094675337
1776235763814908615,0,-4.959502927959305,-10.729494100313609,0.0,-0.9031444060441646,-0.0,0.0,0.4293369094675337
1776235763834910965,0,-4.958063304451807,-10.731262462792813,0.0,-0.9031444060441646,-0.0,0.0,0.4293369094675337
1776235763854912735,0,-4.9566237226885,-10.733030773995559,0.0,-0.9031444060441646,-0.0,0.0,0.4293369094675337
1776235763874912745,0,-4.95508325318829,-10.734923010716045,0.0,-0.9031444060441646,-0.0,0.0,0.4293369094675337
1776235763894984047,0,-4.953410574474619,-10.736977646710542,0.0,-0.9031444060441646,-0.0,0.0,0.4293369094675337
1776235763914935945,0,-4.95167226800236,-10.739112896605342,0.0,-0.9031444060441646,-0.0,0.0,0.4293369094675337
1776235763934876369,0,-4.949859426155127,-10.741339702076843,0.0,-0.9031444060441646,-0.0,0.0,0.4293369094675337
1776235763954874281,0,-4.947952979594492,-10.743681486959439,0.0,-0.9031444060441646,-0.0,0.0,0.4293369094675337
1776235763974872613,0,-4.945995989933342,-10.746085356492664,0.0,-0.9031444060441646,-0.0,0.0,0.4293369094675337
1776235763994980120,0,-4.943926759317955,-10.74862709727563,0.0,-0.9031444060441646,-0.0,0.0,0.4293369094675337
1776235764014876980,0,-4.941929452847626,-10.75108048998787,0.0,-0.9031444060441646,-0.0,0.0,0.4293369094675337
1776235764034923970,0,-4.939891762907662,-10.753583487761503,0.0,-0.9031444060441646,-0.0,0.0,0.4293369094675337
1776235764054911766,0,-4.937935804274646,-10.755986090830639,0.0,-0.9031444060441646,-0.0,0.0,0.4293369094675337
1776235764074874874,0,-4.936007468604943,-10.758354763214705,0.0,-0.9031444060441646,-0.0,0.0,0.4293369094675337
1776235764094916443,0,-4.934122166059433,-10.760670575832428,0.0,-0.9031444060441646,-0.0,0.0,0.4293369094675337
1776235764114913527,0,-4.932266298155101,-10.762950232389393,0.0,-0.9031444060441646,-0.0,0.0,0.4293369094675337
1776235764134911636,0,-4.930498714306692,-10.765121445168383,0.0,-0.9031444060441646,-0.0,0.0,0.4293369094675337
1776235764154908910,0,-4.928756454456435,-10.767261551197628,0.0,-0.9031444060441646,-0.0,0.0,0.4293369094675337
1776235764174912437,0,-4.9270641658064225,-10.769340275070306,0.0,-0.9031444060441646,-0.0,0.0,0.4293369094675337
1776235764194876569,0,-4.925375209954234,-10.771414905098574,0.0,-0.9031444060441646,-0.0,0.0,0.4293369094675337
1776235764214875046,0,-4.923733851958902,-10.77343106826818,0.0,-0.9031444060441646,-0.0,0.0,0.4293369094675337
1776235764234872850,0,-4.922168301602669,-10.775354113074563,0.0,-0.9031444060441646,-0.0,0.0,0.4293369094675337
1776235764254914004,0,-4.920574051942383,-10.777312410689937,0.0,-0.9031444060441646,-0.0,0.0,0.4293369094675337
1776235764274876775,0,-4.919036450717924,-10.779201124162029,0.0,-0.9031444060441646,-0.0,0.0,0.4293369094675337
1776235764294912368,0,-4.917518539072036,-10.781065651927385,0.0,-0.9031444060441646,-0.0,0.0,0.4293369094675337
1776235764314914395,0,-4.9160536827097285,-10.782865009200343,0.0,-0.9031444060441646,-0.0,0.0,0.4293369094675337
1776235764334908692,0,-4.914564146021478,-10.78469468256786,0.0,-0.9031444060441646,-0.0,0.0,0.4293369094675337
1776235764354910509,0,-4.913099305038619,-10.786494020949512,0.0,-0.9031444060441646,-0.0,0.0,0.4293369094675337
1776235764374937243,0,-4.911607351856235,-10.788326662619184,0.0,-0.9031444060441646,-0.0,0.0,0.4293369094675337
1776235764394936424,0,-4.910092198810949,-10.790187801855652,0.0,-0.9031444060441646,-0.0,0.0,0.4293369094675337
1776235764414875310,0,-4.908581613760356,-10.792043329992836,0.0,-0.9031444060441646,-0.0,0.0,0.4293369094675337
1776235764434873509,0,-4.907016032481126,-10.793966412783554,0.0,-0.9031444060441646,-0.0,0.0,0.4293369094675337
1776235764454872466,0,-4.905475644086598,-10.795858549877813,0.0,-0.9031444060441646,-0.0,0.0,0.4293369094675337
1776235764474873694,0,-4.903884570491519,-10.797812946171398,0.0,-0.9031444060441646,-0.0,0.0,0.4293369094675337
1776235764494921403,0,-4.9022897993888765,-10.799771884300831,0.0,-0.9031444060441646,-0.0,0.0,0.4293369094675337
1776235764514985378,0,-4.900693734345529,-10.801732411843169,0.0,-0.9031444060441646,-0.0,0.0,0.4293369094675337
1776235764534911520,0,-4.899133794128778,-10.803648565431075,0.0,-0.9031444060441646,-0.0,0.0,0.4293369094675337
1776235764554910630,0,-4.897618646462513,-10.805509698060241,0.0,-0.9031444060441646,-0.0,0.0,0.4293369094675337
1776235764574909365,0,-4.896027771182576,-10.807463850753308,0.0,-0.9031444060441646,-0.0,0.0,0.4293369094675337
1776235764594874156,0,-4.8945404326345905,-10.809290824033774,0.0,-0.9031444060441646,-0.0,0.0,0.4293369094675337
1776235764614873250,0,-4.893050538579049,-10.811120936373634,0.0,-0.9031444060441646,-0.0,0.0,0.4293369094675337
1776235764634874311,0,-4.891560497985791,-10.812951228713189,0.0,-0.9031444060441646,-0.0,0.0,0.4293369094675337
1776235764654876519,0,-4.890095628367883,-10.814750602268695,0.0,-0.9031444060441646,-0.0,0.0,0.4293369094675337
1776235764674872583,0,-4.888681705853559,-10.816487394916102,0.0,-0.9031444060441646,-0.0,0.0,0.4293369094675337
1776235764694882426,0,-4.887241543054481,-10.818256419834476,0.0,-0.9031444060441646,-0.0,0.0,0.4293369094675337
1776235764715008179,0,-4.885843862648242,-10.819973261477763,0.0,-0.9031444060441646,-0.0,0.0,0.4293369094675337
1776235764734991420,0,-4.884456079324126,-10.82167794603373,0.0,-0.9031444060441646,-0.0,0.0,0.4293369094675337
1776235764754987566,0,-4.883067399781835,-10.82338373145992,0.0,-0.9031444060441646,-0.0,0.0,0.4293369094675337
1776235764774984540,0,-4.881729162274572,-10.825027556379304,0.0,-0.9031444060441646,-0.0,0.0,0.4293369094675337
1776235764794987786,0,-4.88036524729724,-10.826702922235874,0.0,-0.9031444060441646,-0.0,0.0,0.4293369094675337
1776235764814999644,0,-4.8790007451134105,-10.82837900938793,0.0,-0.9031444060441646,-0.0,0.0,0.4293369094675337
1776235764834982980,0,-4.877612955191799,-10.830083702047958,0.0,-0.9031444060441646,-0.0,0.0,0.4293369094675337
1776235764854900376,0,-4.876280043203513,-10.831720985362608,0.0,-0.9031444060441646,-0.0,0.0,0.4293369094675337
1776235764874872165,0,-4.8749687090480105,-10.833331763532193,0.0,-0.9031444060441646,-0.0,0.0,0.4293369094675337
1776235764894888241,0,-4.873603919261191,-10.83500820396155,0.0,-0.9031444060441646,-0.0,0.0,0.4293369094675337
1776235764914893745,0,-4.872366153066798,-10.8365286148779,0.0,-0.9031444060441646,-0.0,0.0,0.4293369094675337
1776235764934870775,0,-4.871180597766999,-10.83798489250762,0.0,-0.9031444060441646,-0.0,0.0,0.4293369094675337
1776235764954869945,0,-4.869892718382156,-10.8395668599943,0.0,-0.9031444060441646,-0.0,0.0,0.4293369094675337
1776235764974888065,0,-4.868730000980596,-10.840995084676749,0.0,-0.9031444060441646,-0.0,0.0,0.4293369094675337
1776235764994893826,0,-4.867669044885458,-10.842298310791755,0.0,-0.9031444060441646,-0.0,0.0,0.4293369094675337
1776235765014872308,0,-4.866559082626145,-10.843661733660653,0.0,-0.9031444060441646,-0.0,0.0,0.4293369094675337
1776235765034987031,0,-4.865441551104654,-10.845034454237684,0.0,-0.9031444060441646,-0.0,0.0,0.4293369094675337
1776235765054871275,0,-4.864412146743399,-10.846298923759697,0.0,-0.9031444060441646,-0.0,0.0,0.4293369094675337
1776235765074899532,0,-4.863501733243238,-10.847417230779449,0.0,-0.9031444060441646,-0.0,0.0,0.4293369094675337
1776235765094872957,0,-4.862518152062629,-10.84862541336745,0.0,-0.9031444060441646,-0.0,0.0,0.4293369094675337
1776235765114984566,0,-4.861553160644336,-10.849810761208772,0.0,-0.9031444060441646,-0.0,0.0,0.4293369094675337
1776235765134895011,0,-4.8606732429231965,-10.850891608718399,0.0,-0.9031444060441646,-0.0,0.0,0.4293369094675337
1776235765154872395,0,-4.8597399168492945,-10.85203806041315,0.0,-0.9031444060441646,-0.0,0.0,0.4293369094675337
1776235765174982136,0,-4.858851191485629,-10.853129726796254,0.0,-0.9031444060441646,-0.0,0.0,0.4293369094675337
1776235765194985917,0,-4.857941890577601,-10.854246667162762,0.0,-0.9031444060441646,-0.0,0.0,0.4293369094675337
1776235765214988991,0,-4.856956849347027,-10.855456643204114,0.0,-0.9031444060441646,-0.0,0.0,0.4293369094675337
1776235765234903846,0,-4.856001298541932,-10.856630394661991,0.0,-0.9031444060441646,-0.0,0.0,0.4293369094675337
1776235765254987538,0,-4.854961568787319,-10.857907547387683,0.0,-0.9031444060441646,-0.0,0.0,0.4293369094675337
1776235765274983367,0,-4.8539263876871726,-10.859179112770697,0.0,-0.9031444060441646,-0.0,0.0,0.4293369094675337
1776235765294992883,0,-4.8528399668025575,-10.86051361857654,0.0,-0.9031444060441646,-0.0,0.0,0.4293369094675337
1776235765314982452,0,-4.851729388572947,-10.861877798072946,0.0,-0.9031444060441646,-0.0,0.0,0.4293369094675337
1776235765334908239,0,-4.8505720341718135,-10.8632994351103,0.0,-0.9031444060441646,-0.0,0.0,0.4293369094675337
1776235765354871433,0,-4.849437714119135,-10.864692777890653,0.0,-0.9031444060441646,-0.0,0.0,0.4293369094675337
1776235765374880329,0,-4.848275532477457,-10.866120344472115,0.0,-0.9031444060441646,-0.0,0.0,0.4293369094675337
1776235765394900374,0,-4.8471127032656565,-10.867548706496756,0.0,-0.9031444060441646,-0.0,0.0,0.4293369094675337
1776235765414994313,0,-4.845970954207603,-10.868951174700726,0.0,-0.9031444060441646,-0.0,0.0,0.4293369094675337
1776235765434978073,0,-4.84483546558309,-10.870345952897026,0.0,-0.9031444060441646,-0.0,0.0,0.4293369094675337
1776235765454980005,0,-4.843698944415193,-10.871741999418717,0.0,-0.9031444060441646,-0.0,0.0,0.4293369094675337
1776235765474974416,0,-4.842562850594787,-10.873137521007813,0.0,-0.9031444060441646,-0.0,0.0,0.4293369094675337
1776235765495005953,0,-4.841424647253929,-10.874535633827747,0.0,-0.9031444060441646,-0.0,0.0,0.4293369094675337
1776235765514987449,0,-4.840314517543158,-10.875899262385765,0.0,-0.9031444060441646,-0.0,0.0,0.4293369094675337
1776235765534975731,0,-4.839204010816546,-10.877263354051415,0.0,-0.9031444060441646,-0.0,0.0,0.4293369094675337
1776235765554875801,0,-4.838148659782393,-10.878559695186084,0.0,-0.9031444060441646,-0.0,0.0,0.4293369094675337
1776235765574981547,0,-4.837107788295471,-10.879838250359391,0.0,-0.9031444060441646,-0.0,0.0,0.4293369094675337
1776235765594998397,0,-4.836096793854098,-10.881080106044237,0.0,-0.9031444060441646,-0.0,0.0,0.4293369094675337
1776235765614990950,0,-4.835213247470504,-10.88216541082376,0.0,-0.9031444060441646,-0.0,0.0,0.4293369094675337
1776235765634983048,0,-4.834430695642686,-10.883126658874517,0.0,-0.9031444060441646,-0.0,0.0,0.4293369094675337
1776235765654876427,0,-4.833752483777262,-10.883959740864043,0.0,-0.9031444060441646,-0.0,0.0,0.4293369094675337
1776235765674891884,0,-4.8331459293075,-10.884704802444617,0.0,-0.9031444060441646,-0.0,0.0,0.4293369094675337
1776235765694876436,0,-4.832616013643387,-10.88535572469803,0.0,-0.9031444060441646,-0.0,0.0,0.4293369094675337
1776235765714984225,0,-4.832260557994951,-10.885792348876798,0.0,-0.9031444060441646,-0.0,0.0,0.4293369094675337
1776235765734984490,0,-4.832083780549043,-10.88600949356836,0.0,-0.9031444060441646,-0.0,0.0,0.4293369094675337
1776235765754981593,0,-4.832058530620371,-10.886040509334812,0.0,-0.9031444060441646,-0.0,0.0,0.4293369094675337
1776235765774987629,0,-4.832083791828554,-10.886009479713167,0.0,-0.9031444060441646,-0.0,0.0,0.4293369094675337
1776235765795004982,0,-4.832210169309354,-10.885854243851774,0.0,-0.9031444060441646,-0.0,0.0,0.4293369094675337
1776235765814989882,0,-4.83238681094779,-10.885637265979412,0.0,-0.9031444060441646,-0.0,0.0,0.4293369094675337
1776235765834976290,0,-4.832563465915067,-10.885420271734546,0.0,-0.9031444060441646,-0.0,0.0,0.4293369094675337
1776235765854823128,0,-4.832763947452358,-10.88517401010678,0.0,-0.9031444060441646,-0.0,0.0,0.4293369094675337
1776235765874987316,0,-4.832967634679941,-10.88492381076724,0.0,-0.9031444060441646,-0.0,0.0,0.4293369094675337
1776235765894904233,0,-4.833118526750885,-10.884738462392974,0.0,-0.9031444060441646,-0.0,0.0,0.4293369094675337
1776235765914873478,0,-4.833295030018602,-10.884521654488367,0.0,-0.9031444060441646,-0.0,0.0,0.4293369094675337
1776235765934871508,0,-4.833421285505663,-10.884366568478093,0.0,-0.9031444060441646,-0.0,0.0,0.4293369094675337
1776235765954871086,0,-4.833522297720878,-10.88424249005731,0.0,-0.9031444060441646,-0.0,0.0,0.4293369094675337
1776235765974871280,0,-4.833572805384103,-10.884180448936057,0.0,-0.9031444060441646,-0.0,0.0,0.4293369094675337
1776235765994823545,0,-4.833572805384103,-10.884180448936057,0.0,-0.9031444060441646,-0.0,0.0,0.4293369094675337
1776235766014983766,0,-4.833572805384103,-10.884180448936057,0.0,-0.9031444060441646,-0.0,0.0,0.4293369094675337
1776235766034893715,0,-4.833572805384103,-10.884180448936057,0.0,-0.9031444060441646,-0.0,0.0,0.4293369094675337
1776235766054979999,0,-4.833547442848422,-10.884211603023367,0.0,-0.9031444060441646,-0.0,0.0,0.4293369094675337
1776235766074977024,0,-4.833496943188058,-10.884273634314297,0.0,-0.9031444060441646,-0.0,0.0,0.4293369094675337
1776235766094983191,0,-4.833370636328899,-10.884428783427552,0.0,-0.9031444060441646,-0.0,0.0,0.4293369094675337
1776235766114914287,0,-4.833194470250854,-10.884645177145003,0.0,-0.9031444060441646,-0.0,0.0,0.4293369094675337
1776235766134893272,0,-4.832992653839272,-10.884893078466447,0.0,-0.9031444060441646,-0.0,0.0,0.4293369094675337
1776235766154891517,0,-4.832714888776801,-10.885234271362997,0.0,-0.9031444060441646,-0.0,0.0,0.4293369094675337
1776235766174896179,0,-4.8323612561569735,-10.88566865622338,0.0,-0.9031444060441646,-0.0,0.0,0.4293369094675337
1776235766194872862,0,-4.831907221592415,-10.886226369878408,0.0,-0.9031444060441646,-0.0,0.0,0.4293369094675337
1776235766214981796,0,-4.831374007782296,-10.88688134341163,0.0,-0.9031444060441646,-0.0,0.0,0.4293369094675337
1776235766234996537,0,-4.830742202807665,-10.887657421466429,0.0,-0.9031444060441646,-0.0,0.0,0.4293369094675337
1776235766254981473,0,-4.8299851658909905,-10.888587328259312,0.0,-0.9031444060441646,-0.0,0.0,0.4293369094675337
1776235766274999707,0,-4.829100484567059,-10.889674027143542,0.0,-0.9031444060441646,-0.0,0.0,0.4293369094675337
1776235766294959595,0,-4.8282183817731035,-10.890757558688776,0.0,-0.9031444060441646,-0.0,0.0,0.4293369094675337
1776235766314972143,0,-4.827157065746183,-10.89206122692621,0.0,-0.9031444060441646,-0.0,0.0,0.4293369094675337
1776235766334980559,0,-4.825994911984461,-10.893488759261324,0.0,-0.9031444060441646,-0.0,0.0,0.4293369094675337
1776235766354875514,0,-4.824713743695652,-10.895062483168779,0.0,-0.9031444060441646,-0.0,0.0,0.4293369094675337
1776235766374975018,0,-4.823292506934626,-10.896808260275904,0.0,-0.9031444060441646,-0.0,0.0,0.4293369094675337
1776235766394897668,0,-4.821707684124787,-10.898754978413315,0.0,-0.9031444060441646,-0.0,0.0,0.4293369094675337
1776235766414986055,0,-4.820033581601352,-10.900811363345483,0.0,-0.9031444060441646,-0.0,0.0,0.4293369094675337
1776235766434905318,0,-4.818247815066174,-10.90300491083967,0.0,-0.9031444060441646,-0.0,0.0,0.4293369094675337
1776235766454873025,0,-4.8164324928422015,-10.90523476308357,0.0,-0.9031444060441646,-0.0,0.0,0.4293369094675337
1776235766474994946,0,-4.81451422422076,-10.90759106960229,0.0,-0.9031444060441646,-0.0,0.0,0.4293369094675337
1776235766494986779,0,-4.812583113860748,-10.909963150279026,0.0,-0.9031444060441646,-0.0,0.0,0.4293369094675337
1776235766514984580,0,-4.810676677881995,-10.912304922163344,0.0,-0.9031444060441646,-0.0,0.0,0.4293369094675337
1776235766534983367,0,-4.808770147905614,-10.914646809509684,0.0,-0.9031444060441646,-0.0,0.0,0.4293369094675337
1776235766555004016,0,-4.806975292092092,-10.916851521824903,0.0,-0.9031444060441646,-0.0,0.0,0.4293369094675337
1776235766574983552,0,-4.805184122068519,-10.919051706697594,0.0,-0.9031444060441646,-0.0,0.0,0.4293369094675337
1776235766594893322,0,-4.803449485992674,-10.921182448058545,0.0,-0.9031444060441646,-0.0,0.0,0.4293369094675337
1776235766614870724,0,-4.801734182402397,-10.9232894423482,0.0,-0.9031444060441646,-0.0,0.0,0.4293369094675337
1776235766634869989,0,-4.800067507024066,-10.925336704141785,0.0,-0.9031444060441646,-0.0,0.0,0.4293369094675337
1776235766654871159,0,-4.798451182928842,-10.927322116903767,0.0,-0.9031444060441646,-0.0,0.0,0.4293369094675337
1776235766674855465,0,-4.79691192300468,-10.929212867840704,0.0,-0.9031444060441646,-0.0,0.0,0.4293369094675337
1776235766694904159,0,-4.7953423886681374,-10.931140806371978,0.0,-0.9031444060441646,-0.0,0.0,0.4293369094675337
1776235766714911056,0,-4.793776126456281,-10.93306472558671,0.0,-0.9031444060441646,-0.0,0.0,0.4293369094675337
1776235766734878587,0,-4.792339008966879,-10.934830009796968,0.0,-0.9031444060441646,-0.0,0.0,0.4293369094675337
1776235766754874079,0,-4.7908746311978785,-10.936628779189533,0.0,-0.9031444060441646,-0.0,0.0,0.4293369094675337
1776235766774902301,0,-4.789433145612209,-10.938399428953694,0.0,-0.9031444060441646,-0.0,0.0,0.4293369094675337
1776235766794902483,0,-4.788044185780366,-10.940105558673686,0.0,-0.9031444060441646,-0.0,0.0,0.4293369094675337
1776235766814873415,0,-4.786606823511745,-10.941871143558664,0.0,-0.9031444060441646,-0.0,0.0,0.4293369094675337
1776235766834912439,0,-4.785240469022833,-10.943549505990845,0.0,-0.9031444060441646,-0.0,0.0,0.4293369094675337
1776235766854909302,0,-4.783801240429641,-10.945317383376803,0.0,-0.9031444060441646,-0.0,0.0,0.4293369094675337
1776235766874974923,0,-4.782357063136262,-10.947091339501874,0.0,-0.9031444060441646,-0.0,0.0,0.4293369094675337
1776235766894904812,0,-4.780847159705177,-10.948946030371275,0.0,-0.9031444060441646,-0.0,0.0,0.4293369094675337
1776235766914957667,0,-4.779353260558496,-10.950781062367462,0.0,-0.9031444060441646,-0.0,0.0,0.4293369094675337
1776235766934910917,0,-4.777766003555525,-10.952730770547646,0.0,-0.9031444060441646,-0.0,0.0,0.4293369094675337
1776235766954913926,0,-4.77612427360013,-10.954747390614635,0.0,-0.9031444060441646,-0.0,0.0,0.4293369094675337
1776235766974900863,0,-4.774509099694663,-10.956731390540263,0.0,-0.9031444060441646,-0.0,0.0,0.4293369094675337
1776235766994906325,0,-4.772816647344593,-10.958810315494013,0.0,-0.9031444060441646,-0.0,0.0,0.4293369094675337
1776235767014971879,0,-4.771169784061515,-10.96083324108745,0.0,-0.9031444060441646,-0.0,0.0,0.4293369094675337
1776235767034873828,0,-4.769486088860868,-10.962901409190962,0.0,-0.9031444060441646,-0.0,0.0,0.4293369094675337
1776235767054873284,0,-4.767819397565207,-10.964948690536623,0.0,-0.9031444060441646,-0.0,0.0,0.4293369094675337
1776235767074872179,0,-4.766127500780135,-10.967026933061717,0.0,-0.9031444060441646,-0.0,0.0,0.4293369094675337
1776235767094903526,0,-4.764458151789574,-10.969077478988659,0.0,-0.9031444060441646,-0.0,0.0,0.4293369094675337
1776235767114981342,0,-4.762835633817863,-10.97107050000291,0.0,-0.9031444060441646,-0.0,0.0,0.4293369094675337
1776235767134909183,0,-4.761225235547466,-10.973048633774113,0.0,-0.9031444060441646,-0.0,0.0,0.4293369094675337
1776235767154911793,0,-4.759608795083727,-10.975034189477434,0.0,-0.9031444060441646,-0.0,0.0,0.4293369094675337
1776235767174899801,0,-4.758018773123711,-10.976987293994377,0.0,-0.9031444060441646,-0.0,0.0,0.4293369094675337
1776235767194902334,0,-4.7564023388824435,-10.978972842054318,0.0,-0.9031444060441646,-0.0,0.0,0.4293369094675337
1776235767214950144,0,-4.754832873750827,-10.980900695577645,0.0,-0.9031444060441646,-0.0,0.0,0.4293369094675337
1776235767234908359,0,-4.753245221788076,-10.982850888906924,0.0,-0.9031444060441646,-0.0,0.0,0.4293369094675337
1776235767254908430,0,-4.751780508674203,-10.984650070220582,0.0,-0.9031444060441646,-0.0,0.0,0.4293369094675337
1776235767274874317,0,-4.750242667444715,-10.986539078503,0.0,-0.9031444060441646,-0.0,0.0,0.4293369094675337
1776235767294911449,0,-4.748749939631304,-10.988372671691216,0.0,-0.9031444060441646,-0.0,0.0,0.4293369094675337
1776235767314937963,0,-4.7472580028384765,-10.990205293228762,0.0,-0.9031444060441646,-0.0,0.0,0.4293369094675337
1776235767334823552,0,-4.745726346436891,-10.992086704373754,0.0,-0.9031444060441646,-0.0,0.0,0.4293369094675337
1776235767354826600,0,-4.744286672692441,-10.99385512856157,0.0,-0.9031444060441646,-0.0,0.0,0.4293369094675337
1776235767374961819,0,-4.742735788930405,-10.99576015764741,0.0,-0.9031444060441646,-0.0,0.0,0.4293369094675337
1776235767394972315,0,-4.741270312337528,-10.997560276780987,0.0,-0.9031444060441646,-0.0,0.0,0.4293369094675337
1776235767414907580,0,-4.739734829719728,-10.999446387861212,0.0,-0.9031444060441646,-0.0,0.0,0.4293369094675337
1776235767434910848,0,-4.7382446247092265,-11.001276882162806,0.0,-0.9031444060441646,-0.0,0.0,0.4293369094675337
1776235767454909095,0,-4.7367800451767135,-11.003075899391717,0.0,-0.9031444060441646,-0.0,0.0,0.4293369094675337
1776235767474889253,0,-4.73526633332826,-11.004935268333092,0.0,-0.9031444060441646,-0.0,0.0,0.4293369094675337
1776235767494908278,0,-4.733876064899826,-11.006643005468582,0.0,-0.9031444060441646,-0.0,0.0,0.4293369094675337
1776235767515018063,0,-4.732377924577593,-11.008483247115542,0.0,-0.9031444060441646,-0.0,0.0,0.4293369094675337
1776235767534988481,0,-4.730991031776972,-11.010186837796404,0.0,-0.9031444060441646,-0.0,0.0,0.4293369094675337
1776235767554978758,0,-4.729602759821232,-11.011892122563346,0.0,-0.9031444060441646,-0.0,0.0,0.4293369094675337
1776235767575040750,0,-4.728184175535299,-11.013634641500985,0.0,-0.9031444060441646,-0.0,0.0,0.4293369094675337
1776235767594826139,0,-4.72678514985896,-11.015353135607683,0.0,-0.9031444060441646,-0.0,0.0,0.4293369094675337
1776235767614824221,0,-4.725573093993953,-11.016841965224074,0.0,-0.9031444060441646,-0.0,0.0,0.4293369094675337
1776235767634981642,0,-4.724325928499892,-11.018373921776302,0.0,-0.9031444060441646,-0.0,0.0,0.4293369094675337
1776235767654978477,0,-4.723214946586671,-11.019738597137746,0.0,-0.9031444060441646,-0.0,0.0,0.4293369094675337
1776235767674988445,0,-4.722355896697421,-11.020793811632409,0.0,-0.9031444060441646,-0.0,0.0,0.4293369094675337
1776235767694896840,0,-4.721626897104551,-11.021689278760235,0.0,-0.9031444060441646,-0.0,0.0,0.4293369094675337
1776235767714872794,0,-4.721021539745662,-11.022432869868886,0.0,-0.9031444060441646,-0.0,0.0,0.4293369094675337
1776235767734898725,0,-4.720566385861444,-11.022991958440947,0.0,-0.9031444060441646,-0.0,0.0,0.4293369094675337
1776235767754980895,0,-4.720338169812985,-11.023272287773707,0.0,-0.9031444060441646,-0.0,0.0,0.4293369094675337
1776235767774996813,0,-4.720312896127014,-11.02330333272247,0.0,-0.9031444060441646,-0.0,0.0,0.4293369094675337
1776235767794981424,0,-4.720413832748138,-11.023179347157722,0.0,-0.9031444060441646,-0.0,0.0,0.4293369094675337
1776235767814959078,0,-4.720615635714706,-11.022931462351458,0.0,-0.9031444060441646,-0.0,0.0,0.4293369094675337
1776235767834825714,0,-4.720891572797649,-11.022592514854722,0.0,-0.9031444060441646,-0.0,0.0,0.4293369094675337
1776235767854821289,0,-4.721219796779687,-11.022189340711193,0.0,-0.9031444060441646,-0.0,0.0,0.4293369094675337
1776235767874820867,0,-4.7215228334135535,-11.021817105463342,0.0,-0.9031444060441646,-0.0,0.0,0.4293369094675337
1776235767894823655,0,-4.721775404465946,-11.021506859645577,0.0,-0.9031444060441646,-0.0,0.0,0.4293369094675337
1776235767914991317,0,-4.722080987934023,-11.021131495992243,0.0,-0.9031444060441646,-0.0,0.0,0.4293369094675337
1776235767934905036,0,-4.722332434330633,-11.020822631646126,0.0,-0.9031444060441646,-0.0,0.0,0.4293369094675337
1776235767954823275,0,-4.722558787448696,-11.020544590645166,0.0,-0.9031444060441646,-0.0,0.0,0.4293369094675337
1776235767974999688,0,-4.722788074485253,-11.020262945763491,0.0,-0.9031444060441646,-0.0,0.0,0.4293369094675337
1776235767994826610,0,-4.7229132496997135,-11.020109186706769,0.0,-0.9031444060441646,-0.0,0.0,0.4293369094675337
1776235768014872224,0,-4.722989183244286,-11.020015913687487,0.0,-0.9031444060441646,-0.0,0.0,0.4293369094675337
1776235768034820266,0,-4.722989183244286,-11.020015913687487,0.0,-0.9031444060441646,-0.0,0.0,0.4293369094675337
1776235768054822086,0,-4.722989183244286,-11.020015913687487,0.0,-0.9031444060441646,-0.0,0.0,0.4293369094675337
1776235768074821915,0,-4.722963929873549,-11.02004693368199,0.0,-0.9031444060441646,-0.0,0.0,0.4293369094675337
1776235768094982996,0,-4.722913015912946,-11.020109473878868,0.0,-0.9031444060441646,-0.0,0.0,0.4293369094675337
1776235768114875610,0,-4.722887897920371,-11.020140327581501,0.0,-0.9031444060441646,-0.0,0.0,0.4293369094675337
1776235768134871252,0,-4.722862649836481,-11.020171341081891,0.0,-0.9031444060441646,-0.0,0.0,0.4293369094675337
1776235768154871075,0,-4.722837396473329,-11.020202361067085,0.0,-0.9031444060441646,-0.0,0.0,0.4293369094675337
1776235768174870630,0,-4.722837396473329,-11.020202361067085,0.0,-0.9031444060441646,-0.0,0.0,0.4293369094675337
1776235768194871603,0,-4.722837396473329,-11.020202361067085,0.0,-0.9031444060441646,-0.0,0.0,0.4293369094675337
1776235768214888462,0,-4.722837396473329,-11.020202361067085,0.0,-0.9031444060441646,-0.0,0.0,0.4293369094675337
1776235768234980677,0,-4.722837396473329,-11.020202361067085,0.0,-0.9031444060441646,-0.0,0.0,0.4293369094675337
1776235768254985946,0,-4.722837396473329,-11.020202361067085,0.0,-0.9031444060441646,-0.0,0.0,0.4293369094675337
1776235768274978589,0,-4.722837396473329,-11.020202361067085,0.0,-0.9031444060441646,-0.0,0.0,0.4293369094675337
1776235768294983300,0,-4.722837396473329,-11.020202361067085,0.0,-0.9031444060441646,-0.0,0.0,0.4293369094675337
1776235768314971354,0,-4.722837396473329,-11.020202361067085,0.0,-0.9031444060441646,-0.0,0.0,0.4293369094675337
1776235768334824554,0,-4.722837396473329,-11.020202361067085,0.0,-0.9031444060441646,-0.0,0.0,0.4293369094675337
1776235768354822106,0,-4.722837396473329,-11.020202361067085,0.0,-0.9031444060441646,-0.0,0.0,0.4293369094675337
1776235768374822533,0,-4.722837396473329,-11.020202361067085,0.0,-0.9031444060441646,-0.0,0.0,0.4293369094675337
1776235768394995832,0,-4.722837396473329,-11.020202361067085,0.0,-0.9031444060441646,-0.0,0.0,0.4293369094675337
1776235768414897498,0,-4.722837396473329,-11.020202361067085,0.0,-0.9031444060441646,-0.0,0.0,0.4293369094675337
1776235768434990084,0,-4.722938878445648,-11.02007770561984,0.0,-0.9031444060441646,-0.0,0.0,0.4293369094675337
1776235768454983915,0,-4.723039861634392,-11.019953662853737,0.0,-0.9031444060441646,-0.0,0.0,0.4293369094675337
1776235768474823351,0,-4.723165115854686,-11.019799806750129,0.0,-0.9031444060441646,-0.0,0.0,0.4293369094675337
1776235768494989206,0,-4.723419745920234,-11.019487031742173,0.0,-0.9031444060441646,-0.0,0.0,0.4293369094675337
1776235768514872240,0,-4.723796334335459,-11.019024449115463,0.0,-0.9031444060441646,-0.0,0.0,0.4293369094675337
1776235768534993059,0,-4.724380675581907,-11.0183066731623,0.0,-0.9031444060441646,-0.0,0.0,0.4293369094675337
1776235768554984359,0,-4.7251379535693,-11.017376470250056,0.0,-0.9031444060441646,-0.0,0.0,0.4293369094675337
1776235768574992236,0,-4.726072704249733,-11.016228268638933,0.0,-0.9031444060441646,-0.0,0.0,0.4293369094675337
1776235768594991293,0,-4.727183809612578,-11.014863441638077,0.0,-0.9031444060441646,-0.0,0.0,0.4293369094675337
1776235768614969837,0,-4.728470360752281,-11.013283105702186,0.0,-0.9031444060441646,-0.0,0.0,0.4293369094675337
1776235768634908747,0,-4.729905418310507,-11.01152035180975,0.0,-0.9031444060441646,-0.0,0.0,0.4293369094675337
1776235768654973694,0,-4.73142555383758,-11.00965309233851,0.0,-0.9031444060441646,-0.0,0.0,0.4293369094675337
1776235768674976714,0,-4.733067284695773,-11.007636471162542,0.0,-0.9031444060441646,-0.0,0.0,0.4293369094675337
1776235768694985676,0,-4.7347852980969325,-11.005526148274939,0.0,-0.9031444060441646,-0.0,0.0,0.4293369094675337
1776235768714982188,0,-4.736577990022825,-11.003324093972516,0.0,-0.9031444060441646,-0.0,0.0,0.4293369094675337
1776235768734872335,0,-4.7383862610419865,-11.001102903080643,0.0,-0.9031444060441646,-0.0,0.0,0.4293369094675337
1776235768754996847,0,-4.74027936600301,-10.99877750636066,0.0,-0.9031444060441646,-0.0,0.0,0.4293369094675337
1776235768774871337,0,-4.742148951492419,-10.996480999799068,0.0,-0.9031444060441646,-0.0,0.0,0.4293369094675337
1776235768794965860,0,-4.744064608200029,-10.994127901626435,0.0,-0.9031444060441646,-0.0,0.0,0.4293369094675337
1776235768814835114,0,-4.745958789500088,-10.991801182784734,0.0,-0.9031444060441646,-0.0,0.0,0.4293369094675337
1776235768834913350,0,-4.747898245954653,-10.989418850177316,0.0,-0.9031444060441646,-0.0,0.0,0.4293369094675337
1776235768854912598,0,-4.74983007256631,-10.987045889692425,0.0,-0.9031444060441646,-0.0,0.0,0.4293369094675337
1776235768874918652,0,-4.751813079165094,-10.984610062236776,0.0,-0.9031444060441646,-0.0,0.0,0.4293369094675337
1776235768895019761,0,-4.753856270067642,-10.982100307352148,0.0,-0.9031444060441646,-0.0,0.0,0.4293369094675337
1776235768914915842,0,-4.755903743179603,-10.9795852924128,0.0,-0.9031444060441646,-0.0,0.0,0.4293369094675337
1776235768934912821,0,-4.758012098995527,-10.976995492164129,0.0,-0.9031444060441646,-0.0,0.0,0.4293369094675337
1776235768954910883,0,-4.7601710713752805,-10.974343517026078,0.0,-0.9031444060441646,-0.0,0.0,0.4293369094675337
1776235768975008818,0,-4.762391580357923,-10.97161595336155,0.0,-0.9031444060441646,-0.0,0.0,0.4293369094675337
1776235768994927245,0,-4.764617407136599,-10.96888185757878,0.0,-0.9031444060441646,-0.0,0.0,0.4293369094675337
1776235769014879984,0,-4.766897455916672,-10.96608115816506,0.0,-0.9031444060441646,-0.0,0.0,0.4293369094675337
1776235769034909730,0,-4.7691357222725745,-10.963331782219413,0.0,-0.9031444060441646,-0.0,0.0,0.4293369094675337
1776235769054907122,0,-4.771446124004816,-10.960493798736955,0.0,-0.9031444060441646,-0.0,0.0,0.4293369094675337
1776235769074997882,0,-4.7737165767369145,-10.957704886635021,0.0,-0.9031444060441646,-0.0,0.0,0.4293369094675337
1776235769094917147,0,-4.776017952054305,-10.954877990755186,0.0,-0.9031444060441646,-0.0,0.0,0.4293369094675337
1776235769114986610,0,-4.778260656670421,-10.952123163069714,0.0,-0.9031444060441646,-0.0,0.0,0.4293369094675337
1776235769135009192,0,-4.780472840319467,-10.94940582583417,0.0,-0.9031444060441646,-0.0,0.0,0.4293369094675337
1776235769154982071,0,-4.782704751952098,-10.946664255717003,0.0,-0.9031444060441646,-0.0,0.0,0.4293369094675337
1776235769174982908,0,-4.784889278423618,-10.943980891193569,0.0,-0.9031444060441646,-0.0,0.0,0.4293369094675337
1776235769194997105,0,-4.786974178222627,-10.941419903158632,0.0,-0.9031444060441646,-0.0,0.0,0.4293369094675337
1776235769214829002,0,-4.789065128829739,-10.938851482609572,0.0,-0.9031444060441646,-0.0,0.0,0.4293369094675337
1776235769234829078,0,-4.7911738111738895,-10.936261281269758,0.0,-0.9031444060441646,-0.0,0.0,0.4293369094675337
1776235769254910309,0,-4.793214981563596,-10.933754008283408,0.0,-0.9031444060441646,-0.0,0.0,0.4293369094675337
1776235769274910363,0,-4.79519739344042,-10.931318911354865,0.0,-0.9031444060441646,-0.0,0.0,0.4293369094675337
1776235769295005305,0,-4.797189210646755,-10.928872261383674,0.0,-0.9031444060441646,-0.0,0.0,0.4293369094675337
1776235769314923941,0,-4.799138401445068,-10.926477971588696,0.0,-0.9031444060441646,-0.0,0.0,0.4293369094675337
1776235769334914513,0,-4.8010946317309,-10.924075034834622,0.0,-0.9031444060441646,-0.0,0.0,0.4293369094675337
1776235769354912243,0,-4.802912683432991,-10.921841829834499,0.0,-0.9031444060441646,-0.0,0.0,0.4293369094675337
1776235769374909499,0,-4.804730692042353,-10.919608677767322,0.0,-0.9031444060441646,-0.0,0.0,0.4293369094675337
1776235769394913840,0,-4.806498826721983,-10.917436788374438,0.0,-0.9031444060441646,-0.0,0.0,0.4293369094675337
1776235769414915413,0,-4.80829197236771,-10.91523417674496,0.0,-0.9031444060441646,-0.0,0.0,0.4293369094675337
1776235769434830808,0,-4.810077392135794,-10.91304105520235,0.0,-0.9031444060441646,-0.0,0.0,0.4293369094675337
1776235769454961996,0,-4.81190757689218,-10.91079294655701,0.0,-0.9031444060441646,-0.0,0.0,0.4293369094675337
1776235769474997851,0,-4.813767043013845,-10.908508870127434,0.0,-0.9031444060441646,-0.0,0.0,0.4293369094675337
1776235769495030126,0,-4.815651471276416,-10.906194131435726,0.0,-0.9031444060441646,-0.0,0.0,0.4293369094675337
1776235769515008053,0,-4.8176064641523215,-10.903792714654955,0.0,-0.9031444060441646,-0.0,0.0,0.4293369094675337
1776235769534966358,0,-4.8195595368655315,-10.901393656507295,0.0,-0.9031444060441646,-0.0,0.0,0.4293369094675337
1776235769554963313,0,-4.821566891172113,-10.898927921528859,0.0,-0.9031444060441646,-0.0,0.0,0.4293369094675337
1776235769574964525,0,-4.823574672809114,-10.896461661638789,0.0,-0.9031444060441646,-0.0,0.0,0.4293369094675337
1776235769594973404,0,-4.82560848893055,-10.89396342227269,0.0,-0.9031444060441646,-0.0,0.0,0.4293369094675337
1776235769614986417,0,-4.8276427252552185,-10.891464666749663,0.0,-0.9031444060441646,-0.0,0.0,0.4293369094675337
1776235769635017359,0,-4.829704076691838,-10.888932604361102,0.0,-0.9031444060441646,-0.0,0.0,0.4293369094675337
1776235769654877218,0,-4.8317478222571015,-10.886422168156159,0.0,-0.9031444060441646,-0.0,0.0,0.4293369094675337
1776235769674969359,0,-4.8338154715825805,-10.883882369751717,0.0,-0.9031444060441646,-0.0,0.0,0.4293369094675337
1776235769694913524,0,-4.835817526670658,-10.881423144071768,0.0,-0.9031444060441646,-0.0,0.0,0.4293369094675337
1776235769714992408,0,-4.83788381173998,-10.878885021452277,0.0,-0.9031444060441646,-0.0,0.0,0.4293369094675337
1776235769734981941,0,-4.839839940351711,-10.87648220958966,0.0,-0.9031444060441646,-0.0,0.0,0.4293369094675337
1776235769754961022,0,-4.841845500412562,-10.874018678574103,0.0,-0.9031444060441646,-0.0,0.0,0.4293369094675337
1776235769774987077,0,-4.843805202981192,-10.871611476639181,0.0,-0.9031444060441646,-0.0,0.0,0.4293369094675337
1776235769795003945,0,-4.8457134566605315,-10.869267471981146,0.0,-0.9031444060441646,-0.0,0.0,0.4293369094675337
1776235769815003834,0,-4.847721105490825,-10.866801375224263,0.0,-0.9031444060441646,-0.0,0.0,0.4293369094675337
1776235769834998915,0,-4.849677777016767,-10.864397896472632,0.0,-0.9031444060441646,-0.0,0.0,0.4293369094675337
1776235769855010297,0,-4.8516107757116895,-10.86202349625848,0.0,-0.9031444060441646,-0.0,0.0,0.4293369094675337
1776235769874910519,0,-4.85350790926182,-10.859693151018469,0.0,-0.9031444060441646,-0.0,0.0,0.4293369094675337
1776235769895004405,0,-4.855474249612312,-10.85727779555986,0.0,-0.9031444060441646,-0.0,0.0,0.4293369094675337
1776235769914963614,0,-4.857427410788839,-10.854878628748224,0.0,-0.9031444060441646,-0.0,0.0,0.4293369094675337
1776235769935003299,0,-4.859312536107192,-10.852563033827579,0.0,-0.9031444060441646,-0.0,0.0,0.4293369094675337
1776235769955011240,0,-4.861270466082443,-10.850158009258891,0.0,-0.9031444060441646,-0.0,0.0,0.4293369094675337
1776235769975011960,0,-4.863151925978519,-10.847846916762101,0.0,-0.9031444060441646,-0.0,0.0,0.4293369094675337
1776235769994910921,0,-4.865149443353529,-10.845393264984985,0.0,-0.9031444060441646,-0.0,0.0,0.4293369094675337
1776235770014934907,0,-4.867058375608055,-10.843048426798681,0.0,-0.9031444060441646,-0.0,0.0,0.4293369094675337
1776235770035007455,0,-4.8690479731138065,-10.84060450339814,0.0,-0.9031444060441646,-0.0,0.0,0.4293369094675337
1776235770055011340,0,-4.870980247636309,-10.838230992721677,0.0,-0.9031444060441646,-0.0,0.0,0.4293369094675337
1776235770074970850,0,-4.872908235757356,-10.835862747249273,0.0,-0.9031444060441646,-0.0,0.0,0.4293369094675337
1776235770094945107,0,-4.874888090627129,-10.833430791222028,0.0,-0.9031444060441646,-0.0,0.0,0.4293369094675337
1776235770115037200,0,-4.8768542555188805,-10.831015651288297,0.0,-0.9031444060441646,-0.0,0.0,0.4293369094675337
1776235770135019820,0,-4.8787844759495,-10.82864466375694,0.0,-0.9031444060441646,-0.0,0.0,0.4293369094675337
1776235770154878072,0,-4.880752832365831,-10.826226831862527,0.0,-0.9031444060441646,-0.0,0.0,0.4293369094675337
1776235770174915249,0,-4.882688322727821,-10.823849371007498,0.0,-0.9031444060441646,-0.0,0.0,0.4293369094675337
1776235770194933668,0,-4.884672554949445,-10.82141203805724,0.0,-0.9031444060441646,-0.0,0.0,0.4293369094675337
1776235770214945284,0,-4.886580307943655,-10.819068648416113,0.0,-0.9031444060441646,-0.0,0.0,0.4293369094675337
1776235770234911336,0,-4.888584560114426,-10.816606723948198,0.0,-0.9031444060441646,-0.0,0.0,0.4293369094675337
1776235770254925510,0,-4.890543100036384,-10.814200950151097,0.0,-0.9031444060441646,-0.0,0.0,0.4293369094675337
1776235770274910330,0,-4.8925240019141665,-10.811767708030878,0.0,-0.9031444060441646,-0.0,0.0,0.4293369094675337
1776235770294943112,0,-4.894509657801029,-10.809328626320514,0.0,-0.9031444060441646,-0.0,0.0,0.4293369094675337
1776235770314910629,0,-4.8964888445998,-10.806897490918722,0.0,-0.9031444060441646,-0.0,0.0,0.4293369094675337
1776235770334910079,0,-4.898521702304103,-10.804400428824913,0.0,-0.9031444060441646,-0.0,0.0,0.4293369094675337
1776235770354911086,0,-4.900453698826299,-10.802027259630314,0.0,-0.9031444060441646,-0.0,0.0,0.4293369094675337
1776235770374908993,0,-4.902486399691332,-10.79953039019015,0.0,-0.9031444060441646,-0.0,0.0,0.4293369094675337
1776235770394910601,0,-4.904468965601156,-10.797095104055089,0.0,-0.9031444060441646,-0.0,0.0,0.4293369094675337
1776235770414874541,0,-4.9064730057630275,-10.79463344000844,0.0,-0.9031444060441646,-0.0,0.0,0.4293369094675337
1776235770434907104,0,-4.908483934507421,-10.792163314366952,0.0,-0.9031444060441646,-0.0,0.0,0.4293369094675337
1776235770454916984,0,-4.9104420542286515,-10.789758056723691,0.0,-0.9031444060441646,-0.0,0.0,0.4293369094675337
1776235770474922852,0,-4.912450303248905,-10.78729122272312,0.0,-0.9031444060441646,-0.0,0.0,0.4293369094675337
1776235770494915561,0,-4.914457231329267,-10.784826011299891,0.0,-0.9031444060441646,-0.0,0.0,0.4293369094675337
1776235770514914650,0,-4.916439547554978,-10.782391031864456,0.0,-0.9031444060441646,-0.0,0.0,0.4293369094675337
1776235770534825587,0,-4.918413126125698,-10.779966785333258,0.0,-0.9031444060441646,-0.0,0.0,0.4293369094675337
1776235770554825237,0,-4.920319738373832,-10.777624796928343,0.0,-0.9031444060441646,-0.0,0.0,0.4293369094675337
1776235770574875947,0,-4.922256535955453,-10.775245730349226,0.0,-0.9031444060441646,-0.0,0.0,0.4293369094675337
1776235770594942072,0,-4.9241694854169555,-10.772895957624101,0.0,-0.9031444060441646,-0.0,0.0,0.4293369094675337
1776235770615003977,0,-4.926107364379179,-10.770515562730424,0.0,-0.9031444060441646,-0.0,0.0,0.4293369094675337
1776235770634963675,0,-4.927984965351781,-10.7682092103448,0.0,-0.9031444060441646,-0.0,0.0,0.4293369094675337
1776235770655004797,0,-4.929895531220263,-10.765862365507722,0.0,-0.9031444060441646,-0.0,0.0,0.4293369094675337
1776235770675005185,0,-4.931802213823621,-10.76352029068191,0.0,-0.9031444060441646,-0.0,0.0,0.4293369094675337
1776235770695008211,0,-4.933709147913545,-10.761177906942422,0.0,-0.9031444060441646,-0.0,0.0,0.4293369094675337
1776235770715005643,0,-4.9356660495028155,-10.758774145592348,0.0,-0.9031444060441646,-0.0,0.0,0.4293369094675337
1776235770734826056,0,-4.937555574678962,-10.756453146103532,0.0,-0.9031444060441646,-0.0,0.0,0.4293369094675337
1776235770754908507,0,-4.939546153773319,-10.754008016967994,0.0,-0.9031444060441646,-0.0,0.0,0.4293369094675337
1776235770774909422,0,-4.941503396200757,-10.751603836949123,0.0,-0.9031444060441646,-0.0,0.0,0.4293369094675337
1776235770794909129,0,-4.943485773682836,-10.749168782269415,0.0,-0.9031444060441646,-0.0,0.0,0.4293369094675337
1776235770814907667,0,-4.945493286895692,-10.746702852098316,0.0,-0.9031444060441646,-0.0,0.0,0.4293369094675337
1776235770834910017,0,-4.9474506697488625,-10.744298499587416,0.0,-0.9031444060441646,-0.0,0.0,0.4293369094675337
1776235770854908324,0,-4.949508662771082,-10.741770562509402,0.0,-0.9031444060441646,-0.0,0.0,0.4293369094675337
1776235770874872671,0,-4.951487535358423,-10.73933981306945,0.0,-0.9031444060441646,-0.0,0.0,0.4293369094675337
1776235770895002570,0,-4.953508234982371,-10.736857685361635,0.0,-0.9031444060441646,-0.0,0.0,0.4293369094675337
1776235770914950156,0,-4.95551063348069,-10.734398037853495,0.0,-0.9031444060441646,-0.0,0.0,0.4293369094675337
1776235770935008858,0,-4.957524186136288,-10.731924689128945,0.0,-0.9031444060441646,-0.0,0.0,0.4293369094675337
1776235770955003946,0,-4.959506105781577,-10.729490196833368,0.0,-0.9031444060441646,-0.0,0.0,0.4293369094675337
1776235770974874840,0,-4.9615008057069705,-10.727040005872347,0.0,-0.9031444060441646,-0.0,0.0,0.4293369094675337
1776235770995002261,0,-4.963495842242393,-10.72458940143617,0.0,-0.9031444060441646,-0.0,0.0,0.4293369094675337
1776235771015031734,0,-4.9654811701401,-10.722150722611495,0.0,-0.9031444060441646,-0.0,0.0,0.4293369094675337
1776235771035002096,0,-4.967410206509674,-10.719781189522287,0.0,-0.9031444060441646,-0.0,0.0,0.4293369094675337
1776235771055023129,0,-4.9693946978318255,-10.717343538305727,0.0,-0.9031444060441646,-0.0,0.0,0.4293369094675337
1776235771074874763,0,-4.971312265674685,-10.714988092588854,0.0,-0.9031444060441646,-0.0,0.0,0.4293369094675337
1776235771094983270,0,-4.973330817905525,-10.71250860263278,0.0,-0.9031444060441646,-0.0,0.0,0.4293369094675337
1776235771114907164,0,-4.975280523239347,-10.710113680807801,0.0,-0.9031444060441646,-0.0,0.0,0.4293369094675337
1776235771134982312,0,-4.977194332884027,-10.707762851476105,0.0,-0.9031444060441646,-0.0,0.0,0.4293369094675337
1776235771154911035,0,-4.97911934713594,-10.705398258957764,0.0,-0.9031444060441646,-0.0,0.0,0.4293369094675337
1776235771174879046,0,-4.981022943166044,-10.703059975526244,0.0,-0.9031444060441646,-0.0,0.0,0.4293369094675337
1776235771194988939,0,-4.98299084992386,-10.700642695970167,0.0,-0.9031444060441646,-0.0,0.0,0.4293369094675337
1776235771214975763,0,-4.984896239440159,-10.698302209508675,0.0,-0.9031444060441646,-0.0,0.0,0.4293369094675337
1776235771235004857,0,-4.986830949025071,-10.695925707721706,0.0,-0.9031444060441646,-0.0,0.0,0.4293369094675337
1776235771254994868,0,-4.9887366423653585,-10.693584848057839,0.0,-0.9031444060441646,-0.0,0.0,0.4293369094675337
1776235771274873368,0,-4.990681905549261,-10.691195382750621,0.0,-0.9031444060441646,-0.0,0.0,0.4293369094675337
1776235771294988516,0,-4.992624927517079,-10.688808670442654,0.0,-0.9031444060441646,-0.0,0.0,0.4293369094675337
1776235771314978713,0,-4.9945558798477325,-10.686436783881398,0.0,-0.9031444060441646,-0.0,0.0,0.4293369094675337
1776235771334983402,0,-4.996488232032574,-10.68406317780832,0.0,-0.9031444060441646,-0.0,0.0,0.4293369094675337
1776235771354986165,0,-4.998445655300953,-10.681658775653396,0.0,-0.9031444060441646,-0.0,0.0,0.4293369094675337
1776235771374984749,0,-5.000402669622217,-10.679254875828882,0.0,-0.9031444060441646,-0.0,0.0,0.4293369094675337
1776235771394994571,0,-5.002360783667703,-10.676849625157395,0.0,-0.9031444060441646,-0.0,0.0,0.4293369094675337
1776235771415004596,0,-5.004293651283264,-10.674475385954679,0.0,-0.9031444060441646,-0.0,0.0,0.4293369094675337
1776235771434996834,0,-5.006250044599929,-10.67207224894156,0.0,-0.9031444060441646,-0.0,0.0,0.4293369094675337
1776235771454978377,0,-5.008281082135044,-10.669577422653816,0.0,-0.9031444060441646,-0.0,0.0,0.4293369094675337
1776235771474996217,0,-5.010239980803119,-10.667171208190688,0.0,-0.9031444060441646,-0.0,0.0,0.4293369094675337
1776235771494989429,0,-5.012221714498663,-10.664736944306568,0.0,-0.9031444060441646,-0.0,0.0,0.4293369094675337
1776235771514991181,0,-5.014153782984112,-10.66236368671587,0.0,-0.9031444060441646,-0.0,0.0,0.4293369094675337
1776235771534987157,0,-5.01616103901574,-10.65989807245353,0.0,-0.9031444060441646,-0.0,0.0,0.4293369094675337
1776235771554990448,0,-5.018067998368709,-10.657555657682153,0.0,-0.9031444060441646,-0.0,0.0,0.4293369094675337
1776235771574998886,0,-5.020076505373263,-10.655088506786377,0.0,-0.9031444060441646,-0.0,0.0,0.4293369094675337
1776235771594988673,0,-5.021956936806317,-10.65277867760281,0.0,-0.9031444060441646,-0.0,0.0,0.4293369094675337
1776235771614988187,0,-5.023914042135209,-10.650374665989034,0.0,-0.9031444060441646,-0.0,0.0,0.4293369094675337
1776235771634982481,0,-5.025895883078954,-10.647940270366526,0.0,-0.9031444060441646,-0.0,0.0,0.4293369094675337
1776235771654872082,0,-5.027842232580577,-10.64554947068023,0.0,-0.9031444060441646,-0.0,0.0,0.4293369094675337
1776235771674961026,0,-5.029808089318594,-10.643134709267322,0.0,-0.9031444060441646,-0.0,0.0,0.4293369094675337
1776235771695002209,0,-5.031794577915322,-10.640694604697224,0.0,-0.9031444060441646,-0.0,0.0,0.4293369094675337
1776235771714994997,0,-5.033801513925946,-10.638229383532881,0.0,-0.9031444060441646,-0.0,0.0,0.4293369094675337
1776235771734822684,0,-5.03574180466938,-10.635846026126195,0.0,-0.9031444060441646,-0.0,0.0,0.4293369094675337
1776235771754822602,0,-5.037698949532745,-10.633441965950198,0.0,-0.9031444060441646,-0.0,0.0,0.4293369094675337
1776235771774984753,0,-5.039773803472675,-10.630893317752857,0.0,-0.9031444060441646,-0.0,0.0,0.4293369094675337
1776235771794977220,0,-5.041831195510051,-10.62836611889496,0.0,-0.9031444060441646,-0.0,0.0,0.4293369094675337
1776235771814996443,0,-5.043967174502717,-10.625742387699027,0.0,-0.9031444060441646,-0.0,0.0,0.4293369094675337
1776235771834981217,0,-5.046099477911172,-10.623123171409375,0.0,-0.9031444060441646,-0.0,0.0,0.4293369094675337
1776235771854983884,0,-5.048284204258506,-10.620439561368379,0.0,-0.9031444060441646,-0.0,0.0,0.4293369094675337
1776235771874977791,0,-5.050467973823293,-10.617757126591854,0.0,-0.9031444060441646,-0.0,0.0,0.4293369094675337
1776235771894896277,0,-5.052693807195043,-10.61502302271046,0.0,-0.9031444060441646,-0.0,0.0,0.4293369094675337
1776235771914976881,0,-5.0549377567857885,-10.612266665759563,0.0,-0.9031444060441646,-0.0,0.0,0.4293369094675337
1776235771934994230,0,-5.057149362269799,-10.609550038713401,0.0,-0.9031444060441646,-0.0,0.0,0.4293369094675337
1776235771954826165,0,-5.059340482392864,-10.606858574873762,0.0,-0.9031444060441646,-0.0,0.0,0.4293369094675337
1776235771974982887,0,-5.061592937950616,-10.604091769612737,0.0,-0.9031444060441646,-0.0,0.0,0.4293369094675337
1776235771994823442,0,-5.063835115066164,-10.60133758988291,0.0,-0.9031444060441646,-0.0,0.0,0.4293369094675337
1776235772014824609,0,-5.066044932691051,-10.598623158954666,0.0,-0.9031444060441646,-0.0,0.0,0.4293369094675337
1776235772034989096,0,-5.068272794633765,-10.595886563276778,0.0,-0.9031444060441646,-0.0,0.0,0.4293369094675337
1776235772054996687,0,-5.070483322010661,-10.593171260524215,0.0,-0.9031444060441646,-0.0,0.0,0.4293369094675337
1776235772074970619,0,-5.072664909870943,-10.590491505645844,0.0,-0.9031444060441646,-0.0,0.0,0.4293369094675337
1776235772094982792,0,-5.074825405661267,-10.587837659225428,0.0,-0.9031444060441646,-0.0,0.0,0.4293369094675337
1776235772115012908,0,-5.077013130036489,-10.585150366554906,0.0,-0.9031444060441646,-0.0,0.0,0.4293369094675337
1776235772134985934,0,-5.079144179975652,-10.58253268996507,0.0,-0.9031444060441646,-0.0,0.0,0.4293369094675337
1776235772154996783,0,-5.081304532828154,-10.57987901912243,0.0,-0.9031444060441646,-0.0,0.0,0.4293369094675337
1776235772174873761,0,-5.0834504330906345,-10.577243101128225,0.0,-0.9031444060441646,-0.0,0.0,0.4293369094675337
1776235772195021252,0,-5.085600097816949,-10.574602559052387,0.0,-0.9031444060441646,-0.0,0.0,0.4293369094675337
1776235772214987082,0,-5.087755590459617,-10.571954858251665,0.0,-0.9031444060441646,-0.0,0.0,0.4293369094675337
1776235772234979936,0,-5.089863511361445,-10.569365592229985,0.0,-0.9031444060441646,-0.0,0.0,0.4293369094675337
1776235772254994804,0,-5.091973753281122,-10.566773475184497,0.0,-0.9031444060441646,-0.0,0.0,0.4293369094675337
1776235772274990483,0,-5.0940819720332104,-10.564183843298288,0.0,-0.9031444060441646,-0.0,0.0,0.4293369094675337
1776235772294986152,0,-5.096215437898925,-10.561563199103482,0.0,-0.9031444060441646,-0.0,0.0,0.4293369094675337
1776235772315012435,0,-5.098276309885483,-10.559031725647735,0.0,-0.9031444060441646,-0.0,0.0,0.4293369094675337
1776235772334999998,0,-5.100358435192904,-10.556474145661362,0.0,-0.9031444060441646,-0.0,0.0,0.4293369094675337
1776235772354996205,0,-5.102441460954827,-10.553915459601107,0.0,-0.9031444060441646,-0.0,0.0,0.4293369094675337
1776235772374984611,0,-5.104523674078456,-10.551357771745678,0.0,-0.9031444060441646,-0.0,0.0,0.4293369094675337
1776235772394986976,0,-5.106582084702806,-10.548829321705831,0.0,-0.9031444060441646,-0.0,0.0,0.4293369094675337
1776235772414990675,0,-5.1086406326069085,-10.546300703038312,0.0,-0.9031444060441646,-0.0,0.0,0.4293369094675337
1776235772434906081,0,-5.11066494760165,-10.543814134387418,0.0,-0.9031444060441646,-0.0,0.0,0.4293369094675337
1776235772454972931,0,-5.112704656224826,-10.541308656962954,0.0,-0.9031444060441646,-0.0,0.0,0.4293369094675337
1776235772474981037,0,-5.1147636576460815,-10.538779481217318,0.0,-0.9031444060441646,-0.0,0.0,0.4293369094675337
1776235772494983012,0,-5.116822028136172,-10.536251080476383,0.0,-0.9031444060441646,-0.0,0.0,0.4293369094675337
1776235772514968972,0,-5.118878750548836,-10.533724704152455,0.0,-0.9031444060441646,-0.0,0.0,0.4293369094675337
1776235772534999804,0,-5.1209147980979015,-10.531223723810804,0.0,-0.9031444060441646,-0.0,0.0,0.4293369094675337
1776235772554875155,0,-5.122960137919518,-10.528711329300023,0.0,-0.9031444060441646,-0.0,0.0,0.4293369094675337
1776235772574872213,0,-5.125043252331009,-10.526152534347034,0.0,-0.9031444060441646,-0.0,0.0,0.4293369094675337
1776235772595001608,0,-5.127140152425957,-10.523576805740703,0.0,-0.9031444060441646,-0.0,0.0,0.4293369094675337
1776235772614972518,0,-5.129220542972989,-10.521021356648404,0.0,-0.9031444060441646,-0.0,0.0,0.4293369094675337
1776235772634972990,0,-5.131278758791799,-10.518493145898034,0.0,-0.9031444060441646,-0.0,0.0,0.4293369094675337
1776235772654995739,0,-5.133389831634593,-10.515900008187607,0.0,-0.9031444060441646,-0.0,0.0,0.4293369094675337
1776235772674975913,0,-5.135471187222171,-10.513343373687128,0.0,-0.9031444060441646,-0.0,0.0,0.4293369094675337
1776235772694973135,0,-5.13757956865849,-10.510753541967631,0.0,-0.9031444060441646,-0.0,0.0,0.4293369094675337
1776235772715015335,0,-5.1396673855592585,-10.508188970708844,0.0,-0.9031444060441646,-0.0,0.0,0.4293369094675337
1776235772734981723,0,-5.141722093849454,-10.505665068433544,0.0,-0.9031444060441646,-0.0,0.0,0.4293369094675337
1776235772754988220,0,-5.143806191531423,-10.503105065679584,0.0,-0.9031444060441646,-0.0,0.0,0.4293369094675337
1776235772774985641,0,-5.145864093376835,-10.500577240598666,0.0,-0.9031444060441646,-0.0,0.0,0.4293369094675337
1776235772794999972,0,-5.147949007134775,-10.498016235417303,0.0,-0.9031444060441646,-0.0,0.0,0.4293369094675337
1776235772814982721,0,-5.149980167254588,-10.49552125855255,0.0,-0.9031444060441646,-0.0,0.0,0.4293369094675337
1776235772834981092,0,-5.152038166862935,-10.492993313384474,0.0,-0.9031444060441646,-0.0,0.0,0.4293369094675337
1776235772855012070,0,-5.154074229252272,-10.490492314813743,0.0,-0.9031444060441646,-0.0,0.0,0.4293369094675337
1776235772874871181,0,-5.156117897842096,-10.487981973161645,0.0,-0.9031444060441646,-0.0,0.0,0.4293369094675337
1776235772895010006,0,-5.158139493484699,-10.485498744828746,0.0,-0.9031444060441646,-0.0,0.0,0.4293369094675337
1776235772914979531,0,-5.160169309442024,-10.483005419066856,0.0,-0.9031444060441646,-0.0,0.0,0.4293369094675337
1776235772934981806,0,-5.162177197786148,-10.480539028103003,0.0,-0.9031444060441646,-0.0,0.0,0.4293369094675337
1776235772954975246,0,-5.164133708727709,-10.478135746605318,0.0,-0.9031444060441646,-0.0,0.0,0.4293369094675337
1776235772974995386,0,-5.166143390414108,-10.475667152788311,0.0,-0.9031444060441646,-0.0,0.0,0.4293369094675337
1776235772994980513,0,-5.168073853008297,-10.473295867795166,0.0,-0.9031444060441646,-0.0,0.0,0.4293369094675337
1776235773015009200,0,-5.170008523279057,-10.470919414299736,0.0,-0.9031444060441646,-0.0,0.0,0.4293369094675337
1776235773034990903,0,-5.171938655132086,-10.468548535572687,0.0,-0.9031444060441646,-0.0,0.0,0.4293369094675337
1776235773054982358,0,-5.173730893696755,-10.466347038156819,0.0,-0.9031444060441646,-0.0,0.0,0.4293369094675337
1776235773074981092,0,-5.175586914732515,-10.464067193500789,0.0,-0.9031444060441646,-0.0,0.0,0.4293369094675337
1776235773094991594,0,-5.1773555939678335,-10.461894635202583,0.0,-0.9031444060441646,-0.0,0.0,0.4293369094675337
1776235773114978494,0,-5.179096949984709,-10.459755639397677,0.0,-0.9031444060441646,-0.0,0.0,0.4293369094675337
1776235773134985424,0,-5.18084005111268,-10.457614499984388,0.0,-0.9031444060441646,-0.0,0.0,0.4293369094675337
1776235773155009727,0,-5.18250881307859,-10.455564675129573,0.0,-0.9031444060441646,-0.0,0.0,0.4293369094675337
1776235773174985371,0,-5.184123074380038,-10.45358179620164,0.0,-0.9031444060441646,-0.0,0.0,0.4293369094675337
1776235773194996001,0,-5.185664361869142,-10.451688554703985,0.0,-0.9031444060441646,-0.0,0.0,0.4293369094675337
1776235773214983247,0,-5.187102898300699,-10.449921527535238,0.0,-0.9031444060441646,-0.0,0.0,0.4293369094675337
1776235773235001513,0,-5.188493114018586,-10.448213855146783,0.0,-0.9031444060441646,-0.0,0.0,0.4293369094675337
1776235773254987622,0,-5.189780152318894,-10.446632920806863,0.0,-0.9031444060441646,-0.0,0.0,0.4293369094675337
1776235773274987448,0,-5.190941807145519,-10.445206001339017,0.0,-0.9031444060441646,-0.0,0.0,0.4293369094675337
1776235773294897590,0,-5.191972552242385,-10.443939884923537,0.0,-0.9031444060441646,-0.0,0.0,0.4293369094675337
1776235773314893703,0,-5.192780509958174,-10.442947429533668,0.0,-0.9031444060441646,-0.0,0.0,0.4293369094675337
1776235773334871937,0,-5.193385936410879,-10.4422037535536,0.0,-0.9031444060441646,-0.0,0.0,0.4293369094675337
1776235773354988089,0,-5.193741539896328,-10.441766947779115,0.0,-0.9031444060441646,-0.0,0.0,0.4293369094675337
1776235773374981248,0,-5.193943499485647,-10.441518870585199,0.0,-0.9031444060441646,-0.0,0.0,0.4293369094675337
1776235773394875129,0,-5.193943499485647,-10.441518870585199,0.0,-0.9031444060441646,-0.0,0.0,0.4293369094675337
1776235773414872677,0,-5.193766746054644,-10.441735985778045,0.0,-0.9031444060441646,-0.0,0.0,0.4293369094675337
1776235773434872672,0,-5.1935899709952,-10.441953127538191,0.0,-0.9031444060441646,-0.0,0.0,0.4293369094675337
1776235773454873136,0,-5.193236412585575,-10.442387421242444,0.0,-0.9031444060441646,-0.0,0.0,0.4293369094675337
1776235773474871602,0,-5.1928828894956265,-10.442821671561774,0.0,-0.9031444060441646,-0.0,0.0,0.4293369094675337
1776235773494874669,0,-5.192504027632731,-10.443287046779425,0.0,-0.9031444060441646,-0.0,0.0,0.4293369094675337
1776235773514871721,0,-5.19215052953877,-10.443721266394888,0.0,-0.9031444060441646,-0.0,0.0,0.4293369094675337
1776235773534871666,0,-5.191847487344072,-10.444093508473436,0.0,-0.9031444060441646,-0.0,0.0,0.4293369094675337
1776235773554873619,0,-5.191519158668234,-10.444496811217633,0.0,-0.9031444060441646,-0.0,0.0,0.4293369094675337
1776235773574871738,0,-5.191291897784842,-10.44477596727274,0.0,-0.9031444060441646,-0.0,0.0,0.4293369094675337
1776235773594985701,0,-5.191139512878495,-10.444963149372356,0.0,-0.9031444060441646,-0.0,0.0,0.4293369094675337
1776235773614876143,0,-5.191089282378433,-10.445024850040042,0.0,-0.9031444060441646,-0.0,0.0,0.4293369094675337
1776235773634992029,0,-5.191089282378433,-10.445024850040042,0.0,-0.9031444060441646,-0.0,0.0,0.4293369094675337
1776235773654986363,0,-5.191114528810738,-10.444993838568358,0.0,-0.9031444060441646,-0.0,0.0,0.4293369094675337
1776235773674873891,0,-5.191139640381321,-10.44496299275417,0.0,-0.9031444060441646,-0.0,0.0,0.4293369094675337
1776235773694875909,0,-5.191190152650799,-10.44490094597483,0.0,-0.9031444060441646,-0.0,0.0,0.4293369094675337
1776235773714873839,0,-5.191291156542432,-10.444776877778331,0.0,-0.9031444060441646,-0.0,0.0,0.4293369094675337
1776235773734872942,0,-5.191366913901591,-10.444683821176547,0.0,-0.9031444060441646,-0.0,0.0,0.4293369094675337
1776235773754871646,0,-5.191417417802031,-10.444621784677338,0.0,-0.9031444060441646,-0.0,0.0,0.4293369094675337
1776235773774999196,0,-5.1914428324434265,-10.444590566585902,0.0,-0.9031444060441646,-0.0,0.0,0.4293369094675337
1776235773794874260,0,-5.1914428324434265,-10.444590566585902,0.0,-0.9031444060441646,-0.0,0.0,0.4293369094675337
1776235773814875060,0,-5.1914428324434265,-10.444590566585902,0.0,-0.9031444060441646,-0.0,0.0,0.4293369094675337
1776235773834871462,0,-5.1914428324434265,-10.444590566585902,0.0,-0.9031444060441646,-0.0,0.0,0.4293369094675337
1776235773854871487,0,-5.1914428324434265,-10.444590566585902,0.0,-0.9031444060441646,-0.0,0.0,0.4293369094675337
1776235773874871418,0,-5.1914428324434265,-10.444590566585902,0.0,-0.9031444060441646,-0.0,0.0,0.4293369094675337
1776235773894874505,0,-5.1914428324434265,-10.444590566585902,0.0,-0.9031444060441646,-0.0,0.0,0.4293369094675337
1776235773914872746,0,-5.1914428324434265,-10.444590566585902,0.0,-0.9031444060441646,-0.0,0.0,0.4293369094675337
1776235773934873721,0,-5.1914428324434265,-10.444590566585902,0.0,-0.9031444060441646,-0.0,0.0,0.4293369094675337
1776235773954871665,0,-5.1914428324434265,-10.444590566585902,0.0,-0.9031444060441646,-0.0,0.0,0.4293369094675337
1776235773974871440,0,-5.1914428324434265,-10.444590566585902,0.0,-0.9031444060441646,-0.0,0.0,0.4293369094675337
1776235773994935777,0,-5.1914428324434265,-10.444590566585902,0.0,-0.9031444060441646,-0.0,0.0,0.4293369094675337
1776235774014877222,0,-5.1914428324434265,-10.444590566585902,0.0,-0.9031444060441646,-0.0,0.0,0.4293369094675337
1776235774034884697,0,-5.1914428324434265,-10.444590566585902,0.0,-0.9031444060441646,-0.0,0.0,0.4293369094675337
1776235774054872737,0,-5.1914428324434265,-10.444590566585902,0.0,-0.9031444060441646,-0.0,0.0,0.4293369094675337
1776235774074909486,0,-5.1914428324434265,-10.444590566585902,0.0,-0.9031444060441646,-0.0,0.0,0.4293369094675337
1776235774094911453,0,-5.1914428324434265,-10.444590566585902,0.0,-0.9031444060441646,-0.0,0.0,0.4293369094675337
1776235774114909619,0,-5.1914428324434265,-10.444590566585902,0.0,-0.9031444060441646,-0.0,0.0,0.4293369094675337
1776235774134901643,0,-5.1914428324434265,-10.444590566585902,0.0,-0.9031444060441646,-0.0,0.0,0.4293369094675337
1776235774154872520,0,-5.1914428324434265,-10.444590566585902,0.0,-0.9031444060441646,-0.0,0.0,0.4293369094675337
1776235774174899690,0,-5.1914428324434265,-10.444590566585902,0.0,-0.9031444060441646,-0.0,0.0,0.4293369094675337
1776235774194874430,0,-5.1914428324434265,-10.444590566585902,0.0,-0.9031444060441646,-0.0,0.0,0.4293369094675337
1776235774214913155,0,-5.1914428324434265,-10.444590566585902,0.0,-0.9031444060441646,-0.0,0.0,0.4293369094675337
1776235774234899182,0,-5.1914428324434265,-10.444590566585902,0.0,-0.9031444060441646,-0.0,0.0,0.4293369094675337
1776235774254873313,0,-5.1914428324434265,-10.444590566585902,0.0,-0.9031444060441646,-0.0,0.0,0.4293369094675337
1776235774274872118,0,-5.1914428324434265,-10.444590566585902,0.0,-0.9031444060441646,-0.0,0.0,0.4293369094675337
1776235774294915301,0,-5.1914428324434265,-10.444590566585902,0.0,-0.9031444060441646,-0.0,0.0,0.4293369094675337
1776235774314898986,0,-5.1914428324434265,-10.444590566585902,0.0,-0.9031444060441646,-0.0,0.0,0.4293369094675337
1776235774334901935,0,-5.1914428324434265,-10.444590566585902,0.0,-0.9031444060441646,-0.0,0.0,0.4293369094675337
1776235774354873522,0,-5.1914428324434265,-10.444590566585902,0.0,-0.9031444060441646,-0.0,0.0,0.4293369094675337
1776235774374897944,0,-5.1914428324434265,-10.444590566585902,0.0,-0.9031444060441646,-0.0,0.0,0.4293369094675337
1776235774394875325,0,-5.1914428324434265,-10.444590566585902,0.0,-0.9031444060441646,-0.0,0.0,0.4293369094675337
1776235774414912026,0,-5.1914428324434265,-10.444590566585902,0.0,-0.9031444060441646,-0.0,0.0,0.4293369094675337
1776235774434898869,0,-5.1914428324434265,-10.444590566585902,0.0,-0.9031444060441646,-0.0,0.0,0.4293369094675337
1776235774454873415,0,-5.1914428324434265,-10.444590566585902,0.0,-0.9031444060441646,-0.0,0.0,0.4293369094675337
1776235774474872994,0,-5.1914428324434265,-10.444590566585902,0.0,-0.9031701640910871,-0.0,0.0,0.429282721170651
1776235774494877652,0,-5.1914428324434265,-10.444590566585902,0.0,-0.9031701640910871,-0.0,0.0,0.429282721170651
1776235774514872719,0,-5.1914428324434265,-10.444590566585902,0.0,-0.9031701640910871,-0.0,0.0,0.429282721170651
1776235774534898185,0,-5.1914428324434265,-10.444590566585902,0.0,-0.9031701640910871,-0.0,0.0,0.429282721170651
1776235774554900001,0,-5.1914428324434265,-10.444590566585902,0.0,-0.9031701640910871,-0.0,0.0,0.429282721170651
1776235774574872480,0,-5.1914428324434265,-10.444590566585902,0.0,-0.903195883990475,-0.0,0.0,0.42922860475819224
1776235774594905209,0,-5.1914428324434265,-10.444590566585902,0.0,-0.9032216782205706,-0.0,0.0,0.42917432354745544
1776235774614906187,0,-5.1914428324434265,-10.444590566585902,0.0,-0.9032216782205706,-0.0,0.0,0.42917432354745544
1776235774634944831,0,-5.1914428324434265,-10.444590566585902,0.0,-0.9032216782205706,-0.0,0.0,0.42917432354745544
1776235774655015743,0,-5.1914428324434265,-10.444590566585902,0.0,-0.9031958348227572,-0.0,0.0,0.42922870821838405
1776235774674985564,0,-5.1914428324434265,-10.444590566585902,0.0,-0.903084373319624,-0.0,0.0,0.4294631703253517
1776235774694975756,0,-5.1914428324434265,-10.444590566585902,0.0,-0.902972737158256,-0.0,0.0,0.429697842616096
1776235774715003389,0,-5.1914428324434265,-10.444590566585902,0.0,-0.9027488631462435,-0.0,0.0,0.4301679789200552
1776235774734983052,0,-5.1914428324434265,-10.444590566585902,0.0,-0.9024693479923677,-0.0,0.0,0.4307540782560635
1776235774754984070,0,-5.1914428324434265,-10.444590566585902,0.0,-0.9020165357490064,-0.0,0.0,0.43170148162284705
1776235774774999083,0,-5.1914428324434265,-10.444590566585902,0.0,-0.9014238132020553,-0.0,0.0,0.43293776572651427
1776235774794863083,0,-5.1914428324434265,-10.444590566585902,0.0,-0.9005793179435906,-0.0,0.0,0.43469172075421125
1776235774814875173,0,-5.1914428324434265,-10.444590566585902,0.0,-0.8995503153253368,-0.0,0.0,0.4368171587725087
1776235774834875032,0,-5.1914428324434265,-10.444590566585902,0.0,-0.898372032326391,-0.0,0.0,0.439235348684222
1776235774854872304,0,-5.1914428324434265,-10.444590566585902,0.0,-0.8970725587516541,-0.0,0.0,0.44188327003266364
1776235774874871737,0,-5.1914428324434265,-10.444590566585902,0.0,-0.8956495345634105,-0.0,0.0,0.44476050997851224
1776235774894876208,0,-5.1914428324434265,-10.444590566585902,0.0,-0.8941855765216667,-0.0,0.0,0.44769649846811904
1776235774914877517,0,-5.1914428324434265,-10.444590566585902,0.0,-0.8927708057391629,-0.0,0.0,0.45051114128270564
1776235774934872845,0,-5.1914428324434265,-10.444590566585902,0.0,-0.8913793251522795,-0.0,0.0,0.4532580928026183
1776235774954872139,0,-5.1914428324434265,-10.444590566585902,0.0,-0.8900383846398188,-0.0,0.0,0.45588559295917885
1776235774974896441,0,-5.1914428324434265,-10.444590566585902,0.0,-0.8887798038254463,-0.0,0.0,0.45833444155114644
1776235774994908704,0,-5.1914428324434265,-10.444590566585902,0.0,-0.8875751784872504,-0.0,0.0,0.4606628946782296
1776235775014873715,0,-5.1914428324434265,-10.444590566585902,0.0,-0.8863996688171408,-0.0,0.0,0.46292075684814893
1776235775034872775,0,-5.1914428324434265,-10.444590566585902,0.0,-0.8852768590273165,-0.0,0.0,0.4650643857260291
1776235775054877481,0,-5.1914428324434265,-10.444590566585902,0.0,-0.884209289579887,-0.0,0.0,0.46709092500350674
1776235775074872111,0,-5.1914428324434265,-10.444590566585902,0.0,-0.8831376222884257,-0.0,0.0,0.46911399478031546
1776235775094899764,0,-5.1914428324434265,-10.444590566585902,0.0,-0.8821208699206706,-0.0,0.0,0.47102311073916453
1776235775114826146,0,-5.1914428324434265,-10.444590566585902,0.0,-0.881105163052194,-0.0,0.0,0.4729203861568739
1776235775134876570,0,-5.1914428324434265,-10.444590566585902,0.0,-0.8801408902985168,-0.0,0.0,0.47471255852835215
1776235775154824379,0,-5.1914428324434265,-10.444590566585902,0.0,-0.8791161452246092,-0.0,0.0,0.47660759877012426
1776235775174874457,0,-5.1914428324434265,-10.444590566585902,0.0,-0.8780484530734409,-0.0,0.0,0.47857174389566437
1776235775194877899,0,-5.1914428324434265,-10.444590566585902,0.0,-0.8769788713041371,-0.0,0.0,0.48052893699143845
1776235775214876729,0,-5.1914428324434265,-10.444590566585902,0.0,-0.8758762261513133,-0.0,0.0,0.4825358395631702
1776235775234910229,0,-5.1914428324434265,-10.444590566585902,0.0,-0.8747670648618342,-0.0,0.0,0.48454368454558516
1776235775254919302,0,-5.1914428324434265,-10.444590566585902,0.0,-0.873591374533399,-0.0,0.0,0.4866601589824738
1776235775274872080,0,-5.1914428324434265,-10.444590566585902,0.0,-0.8724138928217974,-0.0,0.0,0.48876783815173175
1776235775294876434,0,-5.1914428324434265,-10.444590566585902,0.0,-0.8711938915223906,-0.0,0.0,0.49093910352921905
1776235775314874231,0,-5.1914428324434265,-10.444590566585902,0.0,-0.8700034004570127,-0.0,0.0,0.4930457211996011
1776235775334872321,0,-5.1914428324434265,-10.444590566585902,0.0,-0.8688077978741348,-0.0,0.0,0.4951494828363416
1776235775354873935,0,-5.1914428324434265,-10.444590566585902,0.0,-0.8676367320249548,-0.0,0.0,0.49719865369996397
1776235775374872500,0,-5.1914428324434265,-10.444590566585902,0.0,-0.866431058546735,-0.0,0.0,0.4992967261915346
1776235775394876826,0,-5.1914428324434265,-10.444590566585902,0.0,-0.8652500506052623,-0.0,0.0,0.501340552845659
1776235775414874482,0,-5.1914428324434265,-10.444590566585902,0.0,-0.8640998480891698,-0.0,0.0,0.5033204272948532
1776235775434872114,0,-5.1914428324434265,-10.444590566585902,0.0,-0.862975429302813,-0.0,0.0,0.5052458890675169
1776235775454874073,0,-5.1914428324434265,-10.444590566585902,0.0,-0.8617500882302417,-0.0,0.0,0.507333012364828
1776235775474873143,0,-5.1914428324434265,-10.444590566585902,0.0,-0.8605504395224066,-0.0,0.0,0.5093652334403996
1776235775494900088,0,-5.1914428324434265,-10.444590566585902,0.0,-0.8593443162313585,-0.0,0.0,0.5113974444215174
1776235775514899476,0,-5.1914428324434265,-10.444590566585902,0.0,-0.8582377278278839,-0.0,0.0,0.513252377035734
1776235775534873471,0,-5.1914428324434265,-10.444590566585902,0.0,-0.8571285481200634,-0.0,0.0,0.5151025645418513
1776235775554872750,0,-5.1914428324434265,-10.444590566585902,0.0,-0.8559467595201791,-0.0,0.0,0.5170639659335242
1776235775574871901,0,-5.1914428324434265,-10.444590566585902,0.0,-0.8547241580491775,-0.0,0.0,0.5190824728760591
1776235775594874681,0,-5.1914428324434265,-10.444590566585902,0.0,-0.8534653015914326,-0.0,0.0,0.5211496704205472
1776235775614898268,0,-5.1914428324434265,-10.444590566585902,0.0,-0.8522315566709591,-0.0,0.0,0.5231647673670254
1776235775634874087,0,-5.1914428324434265,-10.444590566585902,0.0,-0.8509960141728485,-0.0,0.0,0.5251721468832149
1776235775654876344,0,-5.1914428324434265,-10.444590566585902,0.0,-0.8509960141728485,-0.0,0.0,0.5251721468832149
1776235775674873432,0,-5.1914428324434265,-10.444590566585902,0.0,-0.8509960141728485,-0.0,0.0,0.5251721468832149
1776235775694876464,0,-5.1914428324434265,-10.444590566585902,0.0,-0.8509960141728485,-0.0,0.0,0.5251721468832149
1776235775714873139,0,-5.1914428324434265,-10.444590566585902,0.0,-0.8509960141728485,-0.0,0.0,0.5251721468832149
1776235775734873097,0,-5.191424895819286,-10.444626319501111,0.0,-0.8510125190883152,-0.0,0.0,0.5251454011556799
1776235775754872780,0,-5.191424895819286,-10.444626319501111,0.0,-0.8510125190883152,-0.0,0.0,0.5251454011556799
1776235775774872513,0,-5.19144283233255,-10.444590567033735,0.0,-0.8509973495432208,-0.0,0.0,0.5251699830249377
1776235775794903936,0,-5.19144283233255,-10.444590567033735,0.0,-0.8509973495432208,-0.0,0.0,0.5251699830249377
1776235775814901845,0,-5.19144283233255,-10.444590567033735,0.0,-0.8509973495432208,-0.0,0.0,0.5251699830249377
1776235775834900960,0,-5.19144283233255,-10.444590567033735,0.0,-0.8509973495432208,-0.0,0.0,0.5251699830249377
1776235775854899638,0,-5.1914607661251795,-10.444554815562144,0.0,-0.8509864528391827,-0.0,0.0,0.5251876398813908
1776235775874921511,0,-5.191478719314421,-10.444519021921057,0.0,-0.8509767566947263,-0.0,0.0,0.5252033506798339
1776235775894890948,0,-5.191478719314421,-10.444519021921057,0.0,-0.8509767566947263,-0.0,0.0,0.5252033506798339
1776235775914873448,0,-5.191478719314421,-10.444519021921057,0.0,-0.8509767566947263,-0.0,0.0,0.5252033506798339
1776235775934907199,0,-5.191478719314421,-10.444519021921057,0.0,-0.8509767566947263,-0.0,0.0,0.5252033506798339
1776235775954879266,0,-5.191478719314421,-10.444519021921057,0.0,-0.8509767566947263,-0.0,0.0,0.5252033506798339
1776235775974911591,0,-5.191478719314421,-10.444519021921057,0.0,-0.8509767566947263,-0.0,0.0,0.5252033506798339
1776235775994913958,0,-5.191478719314421,-10.444519021921057,0.0,-0.8509767566947263,-0.0,0.0,0.5252033506798339
1776235776014901740,0,-5.191478719314421,-10.444519021921057,0.0,-0.8509767566947263,-0.0,0.0,0.5252033506798339
1776235776034872905,0,-5.191478719314421,-10.444519021921057,0.0,-0.8509767566947263,-0.0,0.0,0.5252033506798339
1776235776054873784,0,-5.191478719314421,-10.444519021921057,0.0,-0.8509767566947263,-0.0,0.0,0.5252033506798339
1776235776074874247,0,-5.191478719314421,-10.444519021921057,0.0,-0.8509767566947263,-0.0,0.0,0.5252033506798339
1776235776094874141,0,-5.191478719314421,-10.444519021921057,0.0,-0.8509767566947263,-0.0,0.0,0.5252033506798339
1776235776114874351,0,-5.191478719314421,-10.444519021921057,0.0,-0.8509767566947263,-0.0,0.0,0.5252033506798339
1776235776134872807,0,-5.191478719314421,-10.444519021921057,0.0,-0.8509767566947263,-0.0,0.0,0.5252033506798339
1776235776155002140,0,-5.191478719314421,-10.444519021921057,0.0,-0.8509767566947263,-0.0,0.0,0.5252033506798339
1776235776174979644,0,-5.191478719314421,-10.444519021921057,0.0,-0.8509767566947263,-0.0,0.0,0.5252033506798339
1776235776194979404,0,-5.191478719314421,-10.444519021921057,0.0,-0.8509767566947263,-0.0,0.0,0.5252033506798339
1776235776214986177,0,-5.191478719314421,-10.444519021921057,0.0,-0.8509767566947263,-0.0,0.0,0.5252033506798339
1776235776234823326,0,-5.191478719314421,-10.444519021921057,0.0,-0.8508100172322979,-0.0,0.0,0.52547341947731
1776235776254824232,0,-5.191478719314421,-10.444519021921057,0.0,-0.8506418145502753,-0.0,0.0,0.5257456641177509
1776235776274968069,0,-5.191478719314421,-10.444519021921057,0.0,-0.8505729687801334,-0.0,0.0,0.5258570383483996
1776235776294982444,0,-5.191478719314421,-10.444519021921057,0.0,-0.8505729687801334,-0.0,0.0,0.5258570383483996
1776235776314986558,0,-5.191478719314421,-10.444519021921057,0.0,-0.8505729687801334,-0.0,0.0,0.5258570383483996
1776235776334988576,0,-5.191478719314421,-10.444519021921057,0.0,-0.8505729687801334,-0.0,0.0,0.5258570383483996
1776235776354983971,0,-5.191478719314421,-10.444519021921057,0.0,-0.850541423091952,-0.0,0.0,0.5259080600301893
1776235776374974737,0,-5.191478719314421,-10.444519021921057,0.0,-0.8505098816472566,-0.0,0.0,0.5259590680084996
1776235776394987176,0,-5.191478719314421,-10.444519021921057,0.0,-0.850478302942867,-0.0,0.0,0.526010129392411
1776235776414986001,0,-5.191478719314421,-10.444519021921057,0.0,-0.8504467426583342,-0.0,0.0,0.5260611541463872
1776235776434978726,0,-5.191478719314421,-10.444519021921057,0.0,-0.8504467426583342,-0.0,0.0,0.5260611541463872
1776235776454996146,0,-5.191478719314421,-10.444519021921057,0.0,-0.8504467426583342,-0.0,0.0,0.5260611541463872
1776235776474986464,0,-5.191478719314421,-10.444519021921057,0.0,-0.8504151927394935,-0.0,0.0,0.5261121553032682
1776235776494892920,0,-5.191478719314421,-10.444519021921057,0.0,-0.8503837721373714,-0.0,0.0,0.5261629406233541
1776235776514984823,0,-5.191478719314421,-10.444519021921057,0.0,-0.8503520557480183,-0.0,0.0,0.5262141971527556
1776235776534823160,0,-5.191478719314421,-10.444519021921057,0.0,-0.8503207365980451,-0.0,0.0,0.5262648049331801
1776235776554985334,0,-5.191478719314421,-10.444519021921057,0.0,-0.85025176011791,-0.0,0.0,0.5263762384610422
1776235776574979981,0,-5.191478719314421,-10.444519021921057,0.0,-0.850046463703827,-0.0,0.0,0.5267077078841911
1776235776594874249,0,-5.191478719314421,-10.444519021921057,0.0,-0.849810613096012,-0.0,0.0,0.5270881537934429
1776235776614984961,0,-5.191478719314421,-10.444519021921057,0.0,-0.8494659277807507,-0.0,0.0,0.5276434757860542
1776235776634825556,0,-5.191478719314421,-10.444519021921057,0.0,-0.8489525571730259,-0.0,0.0,0.5284690678453945
1776235776654873775,0,-5.191478719314421,-10.444519021921057,0.0,-0.8481888428479505,-0.0,0.0,0.5296939558539958
1776235776674975683,0,-5.191478719314421,-10.444519021921057,0.0,-0.8472131295325136,-0.0,0.0,0.5312531535414395
1776235776694983939,0,-5.191478719314421,-10.444519021921057,0.0,-0.8459564944304317,-0.0,0.0,0.5332519193879895
1776235776714981018,0,-5.191478719314421,-10.444519021921057,0.0,-0.8443799534789831,-0.0,0.0,0.535744803206555
1776235776734974944,0,-5.191478719314421,-10.444519021921057,0.0,-0.8425164068576563,-0.0,0.0,0.5386706824913198
1776235776755012166,0,-5.191478719314421,-10.444519021921057,0.0,-0.8404921193959339,-0.0,0.0,0.5418237695351977
1776235776774988509,0,-5.191478719314421,-10.444519021921057,0.0,-0.8382498893983147,-0.0,0.0,0.545286276118988
1776235776794989413,0,-5.191478719314421,-10.444519021921057,0.0,-0.8359906121487068,-0.0,0.0,0.5487437438360736
1776235776814988539,0,-5.191478719314421,-10.444519021921057,0.0,-0.8336454880928011,-0.0,0.0,0.5522999186877682
1776235776834985038,0,-5.191478719314421,-10.444519021921057,0.0,-0.8311743814013628,-0.0,0.0,0.5560118233473654
1776235776854999893,0,-5.191478719314421,-10.444519021921057,0.0,-0.8287572661921907,-0.0,0.0,0.5596082502372945
1776235776874983830,0,-5.191478719314421,-10.444519021921057,0.0,-0.8263283594904506,-0.0,0.0,0.5631886382925536
1776235776894873506,0,-5.191478719314421,-10.444519021921057,0.0,-0.8240082577421275,-0.0,0.0,0.5665777891629564
1776235776914980769,0,-5.191478719314421,-10.444519021921057,0.0,-0.8217231351707158,-0.0,0.0,0.5698869090663599
1776235776934985241,0,-5.191478719314421,-10.444519021921057,0.0,-0.8195110290544813,-0.0,0.0,0.5730634112016446
1776235776954875149,0,-5.191478719314421,-10.444519021921057,0.0,-0.8175285693363807,-0.0,0.0,0.5758880432157023
1776235776974990829,0,-5.191478719314421,-10.444519021921057,0.0,-0.8155486282513674,-0.0,0.0,0.5786885474564991
1776235776994990120,0,-5.191478719314421,-10.444519021921057,0.0,-0.8136869055527942,-0.0,0.0,0.5813033801139628
1776235777014988779,0,-5.191478719314421,-10.444519021921057,0.0,-0.8118518893630804,-0.0,0.0,0.5838634341501415
1776235777034980857,0,-5.191478719314421,-10.444519021921057,0.0,-0.8100094264858907,-0.0,0.0,0.5864168560026207
1776235777054988764,0,-5.191478719314421,-10.444519021921057,0.0,-0.8081987062992063,-0.0,0.0,0.5889098837142143
1776235777075001026,0,-5.191478719314421,-10.444519021921057,0.0,-0.806302980778524,-0.0,0.0,0.5915027499409171
1776235777094983992,0,-5.191478719314421,-10.444519021921057,0.0,-0.8044373436637284,-0.0,0.0,0.5940375073337074
1776235777114893435,0,-5.191478719314421,-10.444519021921057,0.0,-0.8024577992741254,-0.0,0.0,0.5967088740618222
1776235777134982631,0,-5.191478719314421,-10.444519021921057,0.0,-0.8003731149630668,-0.0,0.0,0.5995021908586469
1776235777154982321,0,-5.191478719314421,-10.444519021921057,0.0,-0.7982458997043285,-0.0,0.0,0.602331705628408
1776235777174999206,0,-5.191478719314421,-10.444519021921057,0.0,-0.796064441030441,-0.0,0.0,0.6052118684616913
1776235777195009168,0,-5.191478719314421,-10.444519021921057,0.0,-0.7937942533464595,-0.0,0.0,0.6081863886623383
1776235777214990317,0,-5.191478719314421,-10.444519021921057,0.0,-0.7915162442310256,-0.0,0.0,0.6111481286221954
1776235777234874090,0,-5.191478719314421,-10.444519021921057,0.0,-0.7892811011730272,-0.0,0.0,0.6140320377073933
1776235777254989486,0,-5.191478719314421,-10.444519021921057,0.0,-0.7868851135712488,-0.0,0.0,0.6170995203692536
1776235777275000920,0,-5.191478719314421,-10.444519021921057,0.0,-0.7845331126511307,-0.0,0.0,0.6200869254821684
1776235777295027787,0,-5.191478719314421,-10.444519021921057,0.0,-0.7822490439943487,-0.0,0.0,0.6229658362783047
1776235777314893782,0,-5.191478719314421,-10.444519021921057,0.0,-0.779972885345282,-0.0,0.0,0.6258133093232802
1776235777334984386,0,-5.191478719314421,-10.444519021921057,0.0,-0.7777425432677116,-0.0,0.0,0.6285829590368097
1776235777354873155,0,-5.191478719314421,-10.444519021921057,0.0,-0.7754809722155573,-0.0,0.0,0.6313709383014189
1776235777374984365,0,-5.191478719314421,-10.444519021921057,0.0,-0.7731839449695844,-0.0,0.0,0.6341818250638146
1776235777394991203,0,-5.191478719314421,-10.444519021921057,0.0,-0.7710161514212821,-0.0,0.0,0.6368155888854438
1776235777414977103,0,-5.191478719314421,-10.444519021921057,0.0,-0.7688033282917571,-0.0,0.0,0.6394852949110844
1776235777434993946,0,-5.191478719314421,-10.444519021921057,0.0,-0.7666613572581198,-0.0,0.0,0.6420516827227678
1776235777454992796,0,-5.191478719314421,-10.444519021921057,0.0,-0.7644676343220659,-0.0,0.0,0.6446621100033909
1776235777474889120,0,-5.191478719314421,-10.444519021921057,0.0,-0.7621926246372297,-0.0,0.0,0.6473502938507182
1776235777494895458,0,-5.191478719314421,-10.444519021921057,0.0,-0.7600255395010925,-0.0,0.0,0.6498932060777933
1776235777514890334,0,-5.191478719314421,-10.444519021921057,0.0,-0.7577664189967664,-0.0,0.0,0.6525259031186554
1776235777534871160,0,-5.191478719314421,-10.444519021921057,0.0,-0.755584857437522,-0.0,0.0,0.6550507791088562
1776235777554901246,0,-5.191478719314421,-10.444519021921057,0.0,-0.7533433722702207,-0.0,0.0,0.6576273743211513
1776235777574900412,0,-5.191478719314421,-10.444519021921057,0.0,-0.75096453318419,-0.0,0.0,0.6603425398226678
1776235777594997865,0,-5.191478719314421,-10.444519021921057,0.0,-0.7486107838091957,-0.0,0.0,0.6630097241855369
1776235777614969808,0,-5.191478719314421,-10.444519021921057,0.0,-0.7462158172412231,-0.0,0.0,0.6657041040124461
1776235777634995659,0,-5.191478719314421,-10.444519021921057,0.0,-0.7438046494584762,-0.0,0.0,0.6683970701940227
1776235777654982016,0,-5.191478719314421,-10.444519021921057,0.0,-0.741435488629857,-0.0,0.0,0.6710241547069712
1776235777674821939,0,-5.191478719314421,-10.444519021921057,0.0,-0.7391212833483206,-0.0,0.0,0.6735723632257573
1776235777694825170,0,-5.191478719314421,-10.444519021921057,0.0,-0.7366844818648065,-0.0,0.0,0.676236625878532
1776235777715008100,0,-5.191478719314421,-10.444519021921057,0.0,-0.7343119662836893,-0.0,0.0,0.6788121508728183
1776235777734875077,0,-5.191478719314421,-10.444519021921057,0.0,-0.7319204188085785,-0.0,0.0,0.6813901235937273
1776235777754823799,0,-5.191478719314421,-10.444519021921057,0.0,-0.7295099246169335,-0.0,0.0,0.6839702258763871
1776235777774823168,0,-5.191478719314421,-10.444519021921057,0.0,-0.7271734231800066,-0.0,0.0,0.6864537949641412
1776235777794873291,0,-5.191478719314421,-10.444519021921057,0.0,-0.7247327125990972,-0.0,0.0,0.6890301120333961
1776235777814893644,0,-5.191478719314421,-10.444519021921057,0.0,-0.7223349776712239,-0.0,0.0,0.6915433319993133
1776235777834982676,0,-5.191478719314421,-10.444519021921057,0.0,-0.7200108802626805,-0.0,0.0,0.6939627744363238
1776235777854982618,0,-5.191478719314421,-10.444519021921057,0.0,-0.7175497528680553,-0.0,0.0,0.6965072520505386
1776235777874871799,0,-5.191478719314421,-10.444519021921057,0.0,-0.7151837022214808,-0.0,0.0,0.6989365293621276
1776235777894872657,0,-5.191478719314421,-10.444519021921057,0.0,-0.7128451689764773,-0.0,0.0,0.7013214420413064
1776235777914873506,0,-5.191478719314421,-10.444519021921057,0.0,-0.7103579239330489,-0.0,0.0,0.7038406210965156
1776235777934925927,0,-5.191478719314421,-10.444519021921057,0.0,-0.7079049013182896,-0.0,0.0,0.7063077591882612
1776235777954886961,0,-5.191478719314421,-10.444519021921057,0.0,-0.7054050301001465,-0.0,0.0,0.7088044465925785
1776235777974874234,0,-5.191478719314421,-10.444519021921057,0.0,-0.7029428072639438,-0.0,0.0,0.7112463776469348
1776235777994873110,0,-5.191478719314421,-10.444519021921057,0.0,-0.7004706944160103,-0.0,0.0,0.7136811656926029
1776235778014873097,0,-5.191478719314421,-10.444519021921057,0.0,-0.6978897483770118,-0.0,0.0,0.7162052074023695
1776235778034873204,0,-5.191478719314421,-10.444519021921057,0.0,-0.6954434227483326,-0.0,0.0,0.7185808554060453
1776235778054871985,0,-5.191478719314421,-10.444519021921057,0.0,-0.6929891733498741,-0.0,0.0,0.7209479909257381
1776235778074909713,0,-5.191478719314421,-10.444519021921057,0.0,-0.6904785818045448,-0.0,0.0,0.7233528378800933
1776235778094875203,0,-5.191478719314421,-10.444519021921057,0.0,-0.6878673058217195,-0.0,0.0,0.7258364620088805
1776235778114898780,0,-5.191478719314421,-10.444519021921057,0.0,-0.6852905009047133,-0.0,0.0,0.7282698190710413
1776235778134899213,0,-5.191478719314421,-10.444519021921057,0.0,-0.6826130834553079,-0.0,0.0,0.7307799794025811
1776235778154876682,0,-5.191478719314421,-10.444519021921057,0.0,-0.6799735074789924,-0.0,0.0,0.7332366801563576
1776235778174899681,0,-5.191478719314421,-10.444519021921057,0.0,-0.6774663375741882,-0.0,0.0,0.7355537787638754
1776235778194875244,0,-5.191478719314421,-10.444519021921057,0.0,-0.6749130209721913,-0.0,0.0,0.7378972923938605
1776235778214872688,0,-5.191478719314421,-10.444519021921057,0.0,-0.6722451613162742,-0.0,0.0,0.7403286048011765
1776235778234873882,0,-5.191478719314421,-10.444519021921057,0.0,-0.6696200344021842,-0.0,0.0,0.7427038504863279
1776235778254873743,0,-5.191478719314421,-10.444519021921057,0.0,-0.6669866908768426,-0.0,0.0,0.7450696304327262
1776235778274872940,0,-5.191478719314421,-10.444519021921057,0.0,-0.6643973929955713,-0.0,0.0,0.7473794914102797
1776235778294876347,0,-5.191478719314421,-10.444519021921057,0.0,-0.6616945685559218,-0.0,0.0,0.7497734977602186
1776235778314875921,0,-5.191478719314421,-10.444519021921057,0.0,-0.6590889316091533,-0.0,0.0,0.7520650106409053
1776235778334874589,0,-5.191478719314421,-10.444519021921057,0.0,-0.6564754775610141,-0.0,0.0,0.7543473651846598
1776235778354873022,0,-5.191478719314421,-10.444519021921057,0.0,-0.6537482258854487,-0.0,0.0,0.756712136252372
1776235778374874014,0,-5.191478719314421,-10.444519021921057,0.0,-0.6512170399201943,-0.0,0.0,0.7588915383093819
1776235778394874324,0,-5.191478719314421,-10.444519021921057,0.0,-0.6485797299911982,-0.0,0.0,0.7611467229414737
1776235778414874486,0,-5.191478719314421,-10.444519021921057,0.0,-0.6458277477802247,-0.0,0.0,0.7634831499104107
1776235778434872462,0,-5.191478719314421,-10.444519021921057,0.0,-0.6432207847149373,-0.0,0.0,0.765680757307313
1776235778454872971,0,-5.191478719314421,-10.444519021921057,0.0,-0.64045242136011,-0.0,0.0,0.7679978489383756
1776235778474872593,0,-5.191478719314421,-10.444519021921057,0.0,-0.6376758344779254,-0.0,0.0,0.7703048293519141
1776235778494873494,0,-5.191478719314421,-10.444519021921057,0.0,-0.6349448423105886,-0.0,0.0,0.7725574717929935
1776235778514873749,0,-5.191478719314421,-10.444519021921057,0.0,-0.6323067012290651,-0.0,0.0,0.774718165258062
1776235778534872376,0,-5.191478719314421,-10.444519021921057,0.0,-0.6295604315477437,-0.0,0.0,0.7769515190984692
1776235778554872845,0,-5.191478719314421,-10.444519021921057,0.0,-0.6269073094825104,-0.0,0.0,0.7790938488509583
1776235778574874100,0,-5.191478719314421,-10.444519021921057,0.0,-0.6241452213735172,-0.0,0.0,0.7813083531081715
1776235778594873208,0,-5.191478719314421,-10.444519021921057,0.0,-0.6214304504265592,-0.0,0.0,0.7834693327008044
1776235778614873734,0,-5.191478719314421,-10.444519021921057,0.0,-0.6188101325730649,-0.0,0.0,0.7855405908194087
1776235778634873290,0,-5.191478719314421,-10.444519021921057,0.0,-0.6160255092420147,-0.0,0.0,0.7877262036793726
1776235778654905723,0,-5.191478719314421,-10.444519021921057,0.0,-0.6132839513851829,-0.0,0.0,0.7898625165010532
1776235778674879658,0,-5.191478719314421,-10.444519021921057,0.0,-0.6105430232625019,-0.0,0.0,0.7919830911992276
1776235778694873650,0,-5.191478719314421,-10.444519021921057,0.0,-0.6076332156678738,-0.0,0.0,0.7942177756869454
1776235778714873465,0,-5.191478719314421,-10.444519021921057,0.0,-0.6049214306858853,-0.0,0.0,0.7962851641823685
1776235778734907490,0,-5.191478719314421,-10.444519021921057,0.0,-0.6021499716789647,-0.0,0.0,0.7983829980698625
1776235778754898813,0,-5.191478719314421,-10.444519021921057,0.0,-0.59937716807321,-0.0,0.0,0.8004667453383302
1776235778774903737,0,-5.191478719314421,-10.444519021921057,0.0,-0.5966996111077205,-0.0,0.0,0.8024646871382535
1776235778794881070,0,-5.191478719314421,-10.444519021921057,0.0,-0.5939146358036728,-0.0,0.0,0.8045280637604824
1776235778814879160,0,-5.191478719314421,-10.444519021921057,0.0,-0.5912244616536263,-0.0,0.0,0.8065070588298529
1776235778834909252,0,-5.191478719314421,-10.444519021921057,0.0,-0.5884181068824241,-0.0,0.0,0.8085568202005993
1776235778854872467,0,-5.191478719314421,-10.444519021921057,0.0,-0.5856140511429605,-0.0,0.0,0.8105900215916366
1776235778874876744,0,-5.191478719314421,-10.444519021921057,0.0,-0.5829028387741266,-0.0,0.0,0.8125418638747572
1776235778894912584,0,-5.191478719314421,-10.444519021921057,0.0,-0.5801808278257022,-0.0,0.0,0.8144876960540797
1776235778914910333,0,-5.191478719314421,-10.444519021921057,0.0,-0.5772942374230717,-0.0,0.0,0.8165361984860893
1776235778934900651,0,-5.191478719314421,-10.444519021921057,0.0,-0.5745651149941363,-0.0,0.0,0.8184588741236635
1776235778954871898,0,-5.191478719314421,-10.444519021921057,0.0,-0.5717748571479834,-0.0,0.0,0.8204105757079215
1776235778974871991,0,-5.191478719314421,-10.444519021921057,0.0,-0.5688670135969647,-0.0,0.0,0.8224295233278477
1776235778994876425,0,-5.191478719314421,-10.444519021921057,0.0,-0.5659514077101035,-0.0,0.0,0.82443859935774
1776235779014885980,0,-5.191478719314421,-10.444519021921057,0.0,-0.5630279573118295,-0.0,0.0,0.826437849620447
1776235779034872895,0,-5.191478719314421,-10.444519021921057,0.0,-0.5601007642697965,-0.0,0.0,0.8284244889332943
1776235779054873108,0,-5.191478719314421,-10.444519021921057,0.0,-0.5571646069035447,-0.0,0.0,0.830402071778496
1776235779074872510,0,-5.191478719314421,-10.444519021921057,0.0,-0.5542215867158692,-0.0,0.0,0.8323691685893612
1776235779094873572,0,-5.191478719314421,-10.444519021921057,0.0,-0.5513798401012434,-0.0,0.0,0.834254320893771
1776235779114872801,0,-5.191478719314421,-10.444519021921057,0.0,-0.5484817756940371,-0.0,0.0,0.8361625091640476
1776235779134873633,0,-5.191478719314421,-10.444519021921057,0.0,-0.5455182064805343,-0.0,0.0,0.8380989717200834
1776235779154873087,0,-5.191478719314421,-10.444519021921057,0.0,-0.5426068041718433,-0.0,0.0,0.839986818983738
1776235779174872112,0,-5.191478719314421,-10.444519021921057,0.0,-0.5395710708512748,-0.0,0.0,0.8419400569520425
1776235779194874178,0,-5.191478719314421,-10.444519021921057,0.0,-0.5365869198367859,-0.0,0.0,0.8438450553626956
1776235779214875039,0,-5.191478719314421,-10.444519021921057,0.0,-0.5336554265213116,-0.0,0.0,0.8457020076506601
1776235779234873069,0,-5.191478719314421,-10.444519021921057,0.0,-0.5305484195565333,-0.0,0.0,0.8476546316195439
1776235779254873591,0,-5.191478719314421,-10.444519021921057,0.0,-0.5276037927904508,-0.0,0.0,0.8494905754822304
1776235779274872918,0,-5.191478719314421,-10.444519021921057,0.0,-0.5246529893800602,-0.0,0.0,0.851316181412386
1776235779294873590,0,-5.191478719314421,-10.444519021921057,0.0,-0.5216359475273636,-0.0,0.0,0.8531681770010117
1776235779314873922,0,-5.191478719314421,-10.444519021921057,0.0,-0.5186124197636038,-0.0,0.0,0.8550094491097391
1776235779334871922,0,-5.191478719314421,-10.444519021921057,0.0,-0.5156941201961867,-0.0,0.0,0.8567727670713402
1776235779354873448,0,-5.191478719314421,-10.444519021921057,0.0,-0.5127177926161414,-0.0,0.0,0.8585571996872611
1776235779374872603,0,-5.191478719314421,-10.444519021921057,0.0,-0.5096754225555908,-0.0,0.0,0.8603667611215463
1776235779394875969,0,-5.191478719314421,-10.444519021921057,0.0,-0.5066863839038102,-0.0,0.0,0.8621304474187654
1776235779414874624,0,-5.191478719314421,-10.444519021921057,0.0,-0.5036314793523032,-0.0,0.0,0.8639185916539883
1776235779434872730,0,-5.191478719314421,-10.444519021921057,0.0,-0.5006309402094167,-0.0,0.0,0.8656608237092837
1776235779454872639,0,-5.191478719314421,-10.444519021921057,0.0,-0.4976761453691432,-0.0,0.0,0.8673629311484965
1776235779474872340,0,-5.191478719314421,-10.444519021921057,0.0,-0.494663450866938,-0.0,0.0,0.8690846163501068
1776235779494873381,0,-5.191478719314421,-10.444519021921057,0.0,-0.49169684760161386,-0.0,0.0,0.8707664497778008
1776235779514873466,0,-5.191478719314421,-10.444519021921057,0.0,-0.48861124679115503,-0.0,0.0,0.8725016043017875
1776235779534873598,0,-5.191478719314421,-10.444519021921057,0.0,-0.48551951558155526,-0.0,0.0,0.8742258289420715
1776235779554872656,0,-5.191478719314421,-10.444519021921057,0.0,-0.48242186647579116,-0.0,0.0,0.8759390062932544
1776235779574872985,0,-5.191478719314421,-10.444519021921057,0.0,-0.47931797498762224,-0.0,0.0,0.8776413156032281
1776235779594872435,0,-5.191478719314421,-10.444519021921057,0.0,-0.4762697639089985,-0.0,0.0,0.879299216413882
1776235779614874688,0,-5.191478719314421,-10.444519021921057,0.0,-0.47326825202751455,-0.0,0.0,0.8809183626323276
1776235779634872900,0,-5.191478719314421,-10.444519021921057,0.0,-0.4702618437539344,-0.0,0.0,0.8825269391407552
1776235779654871825,0,-5.191478719314421,-10.444519021921057,0.0,-0.4671349265704276,-0.0,0.0,0.8841860439851114
1776235779674871995,0,-5.191478719314421,-10.444519021921057,0.0,-0.46400196086734113,-0.0,0.0,0.8858341720159945
1776235779694828186,0,-5.191478719314421,-10.444519021921057,0.0,-0.4609320742229972,-0.0,0.0,0.887435419031991
1776235779714872742,0,-5.191478719314421,-10.444519021921057,0.0,-0.45778065975676685,-0.0,0.0,0.8890651649641095
1776235779734873593,0,-5.191478719314421,-10.444519021921057,0.0,-0.4546303731075866,-0.0,0.0,0.8906802029056538
1776235779754872284,0,-5.191478719314421,-10.444519021921057,0.0,-0.45159071547450474,-0.0,0.0,0.8922252101892352
1776235779774872386,0,-5.191478719314421,-10.444519021921057,0.0,-0.44854559237542574,-0.0,0.0,0.8937599518665951
1776235779794875149,0,-5.191478719314421,-10.444519021921057,0.0,-0.4453784403726377,-0.0,0.0,0.895342417654406
1776235779814875323,0,-5.191478719314421,-10.444519021921057,0.0,-0.44226889994066404,-0.0,0.0,0.8968825007464885
1776235779834873647,0,-5.191478719314421,-10.444519021921057,0.0,-0.4390914378591398,-0.0,0.0,0.8984423794539041
1776235779854873872,0,-5.191478719314421,-10.444519021921057,0.0,-0.4359081713609036,-0.0,0.0,0.8999911478124621
1776235779874872149,0,-5.191478719314421,-10.444519021921057,0.0,-0.43283693801576795,-0.0,0.0,0.9014722320122425
1776235779894875697,0,-5.191478719314421,-10.444519021921057,0.0,-0.4296424538136252,-0.0,0.0,0.9029990929569126
1776235779914873034,0,-5.191478719314421,-10.444519021921057,0.0,-0.42644357797443855,-0.0,0.0,0.9045141650656219
1776235779934873244,0,-5.191478719314421,-10.444519021921057,0.0,-0.4233023197051062,-0.0,0.0,0.9059884911698802
1776235779954873062,0,-5.191478719314421,-10.444519021921057,0.0,-0.42009250403414394,-0.0,0.0,0.9074812879912857
1776235779974898538,0,-5.191478719314421,-10.444519021921057,0.0,-0.4169370035463229,-0.0,0.0,0.9089353855328846
1776235779994873811,0,-5.191478719314421,-10.444519021921057,0.0,-0.4137207510904822,-0.0,0.0,0.9104038335360453
1776235780014873532,0,-5.191478719314421,-10.444519021921057,0.0,-0.410559209457853,-0.0,0.0,0.9118339407640751
1776235780034875767,0,-5.191478719314421,-10.444519021921057,0.0,-0.40751105897409223,-0.0,0.0,0.9132002720180354
1776235780054874755,0,-5.191478719314421,-10.444519021921057,0.0,-0.40439484068705034,-0.0,0.0,0.9145845028348639
1776235780074872343,0,-5.191478719314421,-10.444519021921057,0.0,-0.40127413917623556,-0.0,0.0,0.9159580040746252
1776235780094873949,0,-5.191478719314421,-10.444519021921057,0.0,-0.39814814431165363,-0.0,0.0,0.917321129801983
1776235780114873649,0,-5.191478719314421,-10.444519021921057,0.0,-0.3948983883450793,-0.0,0.0,0.9187248025837003
1776235780134872099,0,-5.191478719314421,-10.444519021921057,0.0,-0.39170828962292636,-0.0,0.0,0.920089460781223
1776235780154874104,0,-5.191478719314421,-10.444519021921057,0.0,-0.3885129067768655,-0.0,0.0,0.9214432816336503
1776235780174873588,0,-5.191478719314421,-10.444519021921057,0.0,-0.38524865429362165,-0.0,0.0,0.9228128057005677
1776235780194873054,0,-5.191478719314421,-10.444519021921057,0.0,-0.38204426651064655,-0.0,0.0,0.9241440247203582
1776235780214877734,0,-5.191478719314421,-10.444519021921057,0.0,-0.37883444161923596,-0.0,0.0,0.925464459524536
1776235780234875007,0,-5.191478719314421,-10.444519021921057,0.0,-0.37555637790352553,-0.0,0.0,0.9267995506127441
1776235780254873290,0,-5.191478719314421,-10.444519021921057,0.0,-0.37233840535380097,-0.0,0.0,0.928097037975334
1776235780274872555,0,-5.191478719314421,-10.444519021921057,0.0,-0.3691715523473669,-0.0,0.0,0.9293612671816247
1776235780294873276,0,-5.191478719314421,-10.444519021921057,0.0,-0.3659443362021507,-0.0,0.0,0.9306367405177851
1776235780314874753,0,-5.191478719314421,-10.444519021921057,0.0,-0.3627685088634864,-0.0,0.0,0.9318792888443023
1776235780334874470,0,-5.191478719314421,-10.444519021921057,0.0,-0.359467436761225,-0.0,0.0,0.9331576297219644
1776235780354872384,0,-5.191478719314421,-10.444519021921057,0.0,-0.35609675455781037,-0.0,0.0,0.9344490897814576
1776235780374872295,0,-5.191478719314421,-10.444519021921057,0.0,-0.3529082332598619,-0.0,0.0,0.9356579390447146
1776235780394873221,0,-5.191478719314421,-10.444519021921057,0.0,-0.3495936462433029,-0.0,0.0,0.936901426248414
1776235780414874194,0,-5.191478719314421,-10.444519021921057,0.0,-0.34639663048016933,-0.0,0.0,0.9380881485190957
1776235780434873271,0,-5.191478719314421,-10.444519021921057,0.0,-0.34307378835619123,-0.0,0.0,0.9393084561223386
1776235780454875417,0,-5.191478719314421,-10.444519021921057,0.0,-0.3396238531375971,-0.0,0.0,0.9405613421675229
1776235780474873291,0,-5.191478719314421,-10.444519021921057,0.0,-0.33622658245215176,-0.0,0.0,0.9417811238565712
1776235780494874486,0,-5.191478719314421,-10.444519021921057,0.0,-0.3327017669054587,-0.0,0.0,0.9430320961123146
1776235780514873632,0,-5.191478719314421,-10.444519021921057,0.0,-0.32929540607000135,-0.0,0.0,0.9442269512893565
1776235780534872948,0,-5.191478719314421,-10.444519021921057,0.0,-0.32582800185293487,-0.0,0.0,0.9454290630229873
1776235780554872783,0,-5.191478719314421,-10.444519021921057,0.0,-0.32228985571382346,-0.0,0.0,0.9466410348722281
1776235780574872752,0,-5.191478719314421,-10.444519021921057,0.0,-0.3187471778415513,-0.0,0.0,0.9478397737054752
1776235780594873126,0,-5.191478719314421,-10.444519021921057,0.0,-0.315389772006862,-0.0,0.0,0.9489622182750268
1776235780614874254,0,-5.191478719314421,-10.444519021921057,0.0,-0.31183825527400305,-0.0,0.0,0.9501352022463254
1776235780634874099,0,-5.191478719314421,-10.444519021921057,0.0,-0.3083491937799799,-0.0,0.0,0.9512732387149533
1776235780654875480,0,-5.191478719314421,-10.444519021921057,0.0,-0.3049128582166305,-0.0,0.0,0.952380254359657
1776235780674872815,0,-5.191478719314421,-10.444519021921057,0.0,-0.3013493069377043,-0.0,0.0,0.9535138149015804
1776235780694874052,0,-5.191478719314421,-10.444519021921057,0.0,-0.2979717778667276,-0.0,0.0,0.9545746799464888
1776235780714873631,0,-5.191478719314421,-10.444519021921057,0.0,-0.29465768622549143,-0.0,0.0,0.9556028714629523
1776235780734874118,0,-5.191478719314421,-10.444519021921057,0.0,-0.2912729303797461,-0.0,0.0,0.9566399949970708
1776235780754874135,0,-5.191478719314421,-10.444519021921057,0.0,-0.2878846039123014,-0.0,0.0,0.9576651057808556
1776235780774872239,0,-5.191478719314421,-10.444519021921057,0.0,-0.2844258926006146,-0.0,0.0,0.9586980294223743
1776235780794873447,0,-5.191478719314421,-10.444519021921057,0.0,-0.2810973035796874,-0.0,0.0,0.9596792724239849
1776235780814874576,0,-5.191478719314421,-10.444519021921057,0.0,-0.27769809275934304,-0.0,0.0,0.9606683971474358
1776235780834873605,0,-5.191478719314421,-10.444519021921057,0.0,-0.27429575899184544,-0.0,0.0,0.9616453798563623
1776235780854876811,0,-5.191478719314421,-10.444519021921057,0.0,-0.27082188231681,-0.0,0.0,0.9626294759970629
1776235780874873467,0,-5.191478719314421,-10.444519021921057,0.0,-0.2672203648620663,-0.0,0.0,0.9636354479796725
1776235780894874956,0,-5.191478719314421,-10.444519021921057,0.0,-0.26373964796899235,-0.0,0.0,0.9645939031992645
1776235780914875146,0,-5.191478719314421,-10.444519021921057,0.0,-0.26013019620992206,-0.0,0.0,0.9655735502900789
1776235780934873242,0,-5.191478719314421,-10.444519021921057,0.0,-0.25651748426427573,-0.0,0.0,0.966539590635959
1776235780954876549,0,-5.191478719314421,-10.444519021921057,0.0,-0.2529679771988129,-0.0,0.0,0.9674746521289025
1776235780974874163,0,-5.191478719314421,-10.444519021921057,0.0,-0.24929019501577096,-0.0,0.0,0.9684288299451844
1776235780994874554,0,-5.191478719314421,-10.444519021921057,0.0,-0.24560830247737508,-0.0,0.0,0.9693691565931847
1776235781014876330,0,-5.191478719314421,-10.444519021921057,0.0,-0.24198083018333563,-0.0,0.0,0.9702810303328534
1776235781034874291,0,-5.191478719314421,-10.444519021921057,0.0,-0.23829240033849472,-0.0,0.0,0.9711934575258003
1776235781054873735,0,-5.191478719314421,-10.444519021921057,0.0,-0.2346585796514001,-0.0,0.0,0.9720778523328198
1776235781074873541,0,-5.191478719314421,-10.444519021921057,0.0,-0.23102141097728823,-0.0,0.0,0.9729486665133279
1776235781094873798,0,-5.191478719314421,-10.444519021921057,0.0,-0.22738092880643826,-0.0,0.0,0.9738058909326445
1776235781114874212,0,-5.191478719314421,-10.444519021921057,0.0,-0.22386394270744087,-0.0,0.0,0.9746204056736549
1776235781134873653,0,-5.191478719314421,-10.444519021921057,0.0,-0.22028568617336194,-0.0,0.0,0.9754353984078756
1776235781154873677,0,-5.191478719314421,-10.444519021921057,0.0,-0.2167043583639955,-0.0,0.0,0.9762372770315878
1776235781174873237,0,-5.191478719314421,-10.444519021921057,0.0,-0.21324720386417662,-0.0,0.0,0.9769982753537031
1776235781194874182,0,-5.191478719314421,-10.444519021921057,0.0,-0.2095915745103332,-0.0,0.0,0.9777890221792631
1776235781214873424,0,-5.191478719314421,-10.444519021921057,0.0,-0.206001821348729,-0.0,0.0,0.9785516080417048
1776235781234873075,0,-5.191478719314421,-10.444519021921057,0.0,-0.20240922028440017,-0.0,0.0,0.9793010300943531
1776235781254872405,0,-5.191478719314421,-10.444519021921057,0.0,-0.19868654874207267,-0.0,0.0,0.9800630874331325
1776235781274873125,0,-5.191478719314421,-10.444519021921057,0.0,-0.19514710655559395,-0.0,0.0,0.9807739835471675
1776235781294877768,0,-5.191478719314421,-10.444519021921057,0.0,-0.19147680328780814,-0.0,0.0,0.9814971389681592
1776235781314873487,0,-5.191478719314421,-10.444519021921057,0.0,-0.1878054595726654,-0.0,0.0,0.9822062458336843
1776235781334874431,0,-5.191478719314421,-10.444519021921057,0.0,-0.18419933558376317,-0.0,0.0,0.98288890764445
1776235781354872714,0,-5.191478719314421,-10.444519021921057,0.0,-0.18052236706447902,-0.0,0.0,0.9835708794944255
1776235781374873128,0,-5.191478719314421,-10.444519021921057,0.0,-0.17697043404854007,-0.0,0.0,0.9842161680609963
1776235781394873855,0,-5.191478719314421,-10.444519021921057,0.0,-0.17322900789115372,-0.0,0.0,0.9848815719796196
1776235781414873383,0,-5.191478719314421,-10.444519021921057,0.0,-0.1694853046423412,-0.0,0.0,0.9855327145814555
1776235781434875150,0,-5.191478719314421,-10.444519021921057,0.0,-0.16586694642293984,-0.0,0.0,0.9861481410438949
1776235781454875133,0,-5.191478719314421,-10.444519021921057,0.0,-0.16237495295472623,-0.0,0.0,0.9867291293222018
1776235781474878240,0,-5.191478719314421,-10.444519021921057,0.0,-0.15868288522315974,-0.0,0.0,0.9873296014691616
1776235781494874969,0,-5.191478719314421,-10.444519021921057,0.0,-0.155187323391387,-0.0,0.0,0.9878850614614116
1776235781514874539,0,-5.191478719314421,-10.444519021921057,0.0,-0.15149163588165565,-0.0,0.0,0.9884585394734065
1776235781534873677,0,-5.191478719314421,-10.444519021921057,0.0,-0.1477939093578227,-0.0,0.0,0.9890181799930331
1776235781554874234,0,-5.191478719314421,-10.444519021921057,0.0,-0.14422249894991793,-0.0,0.0,0.9895452848640334
1776235781574872347,0,-5.191478719314421,-10.444519021921057,0.0,-0.1405209487904472,-0.0,0.0,0.9900777055115586
1776235781594899772,0,-5.191478719314421,-10.444519021921057,0.0,-0.1369409568061039,-0.0,0.0,0.990579211546976
1776235781614873600,0,-5.191478719314421,-10.444519021921057,0.0,-0.1332400918559006,-0.0,0.0,0.9910837895567817
1776235781634873130,0,-5.191478719314421,-10.444519021921057,0.0,-0.12973091017936775,-0.0,0.0,0.9915492377809751
1776235781654872986,0,-5.191478719314421,-10.444519021921057,0.0,-0.12615060564365407,-0.0,0.0,0.9920111010950126
1776235781674873048,0,-5.191478719314421,-10.444519021921057,0.0,-0.12243959886920552,-0.0,0.0,0.992475966776399
1776235781694900273,0,-5.191478719314421,-10.444519021921057,0.0,-0.11885109129493668,-0.0,0.0,0.992912089813596
1776235781714875799,0,-5.191478719314421,-10.444519021921057,0.0,-0.11508179554396389,-0.0,0.0,0.9933560189249256
1776235781734873238,0,-5.191478719314421,-10.444519021921057,0.0,-0.1113663236360537,-0.0,0.0,0.9937794231919826
1776235781754873388,0,-5.191478719314421,-10.444519021921057,0.0,-0.10771838385011023,-0.0,0.0,0.994181447111502
1776235781774872884,0,-5.191478719314421,-10.444519021921057,0.0,-0.10387020166200255,-0.0,0.0,0.9945908612121342
1776235781794874024,0,-5.191478719314421,-10.444519021921057,0.0,-0.10021915361531321,-0.0,0.0,0.9949653869600843
1776235781814872975,0,-5.191478719314421,-10.444519021921057,0.0,-0.09643776909121662,-0.0,0.0,0.9953390159602452
1776235781834872906,0,-5.191478719314421,-10.444519021921057,0.0,-0.0926548067545027,-0.0,0.0,0.995698291042666
1776235781854872997,0,-5.191478719314421,-10.444519021921057,0.0,-0.08880075266239382,-0.0,0.0,0.9960494095809667
1776235781874875084,0,-5.191478719314421,-10.444519021921057,0.0,-0.08520406812641942,-0.0,0.0,0.9963635213990466
1776235781894876368,0,-5.191478719314421,-10.444519021921057,0.0,-0.08141703758196549,-0.0,0.0,0.9966801222013896
1776235781914874849,0,-5.191478719314421,-10.444519021921057,0.0,-0.07768917626725458,-0.0,0.0,0.9969776285809604
1776235781934874161,0,-5.191478719314421,-10.444519021921057,0.0,-0.07390023989130828,-0.0,0.0,0.9972656389067093
1776235781954872577,0,-5.191478719314421,-10.444519021921057,0.0,-0.0702400753460782,-0.0,0.0,0.9975301157435685
1776235781974873562,0,-5.191478719314421,-10.444519021921057,0.0,-0.06663836435090371,-0.0,0.0,0.9977771937645379
1776235781994874348,0,-5.191478719314421,-10.444519021921057,0.0,-0.06303582068135852,-0.0,0.0,0.998011265122307
1776235782014874569,0,-5.191478719314421,-10.444519021921057,0.0,-0.05950243414326082,-0.0,0.0,0.9982281604578319
1776235782034873354,0,-5.191478719314421,-10.444519021921057,0.0,-0.05583876677153814,-0.0,0.0,0.9984397989490572
1776235782054900265,0,-5.191478719314421,-10.444519021921057,0.0,-0.05209919445335152,-0.0,0.0,0.9986419147709112
1776235782074873170,0,-5.191478719314421,-10.444519021921057,0.0,-0.04849865036948339,-0.0,0.0,0.998823248083633
1776235782094873482,0,-5.191478719314421,-10.444519021921057,0.0,-0.04476266252669448,-0.0,0.0,0.9989976496686672
1776235782114875006,0,-5.191478719314421,-10.444519021921057,0.0,-0.04102582208970639,-0.0,0.0,0.9991580865518047
1776235782134873510,0,-5.191478719314421,-10.444519021921057,0.0,-0.037288972060278286,-0.0,0.0,0.9993045244382154
1776235782154872947,0,-5.191478719314421,-10.444519021921057,0.0,-0.033621384684165416,-0.0,0.0,0.9994346414308038
1776235782174873787,0,-5.191478719314421,-10.444519021921057,0.0,-0.03001306282079035,-0.0,0.0,0.999549506557887
1776235782194873622,0,-5.191478719314421,-10.444519021921057,0.0,-0.026344552376384545,-0.0,0.0,0.9996529220484918
1776235782214872587,0,-5.191478719314421,-10.444519021921057,0.0,-0.022805806479809416,-0.0,0.0,0.99973991377298
1776235782234872859,0,-5.191478719314421,-10.444519021921057,0.0,-0.01919655552518175,-0.0,0.0,0.9998157291501113
1776235782254874746,0,-5.191478719314421,-10.444519021921057,0.0,-0.01558676292045413,-0.0,0.0,0.999878519032018
1776235782274872255,0,-5.191478719314421,-10.444519021921057,0.0,-0.012047543545888635,-0.0,0.0,0.9999274257137415
1776235782294874022,0,-5.191478719314421,-10.444519021921057,0.0,-0.008577423218376505,-0.0,0.0,0.9999632132288332
1776235782314875766,0,-5.191478719314421,-10.444519021921057,0.0,-0.004907188543746519,-0.0,0.0,0.9999879596778134
1776235782334873982,0,-5.191478719314421,-10.444519021921057,0.0,-0.0013675235588727177,-0.0,0.0,0.9999990649392207
1776235782354873811,0,-5.191478719314421,-10.444519021921057,0.0,0.00230244273798892,0.0,0.0,0.9999973493752062
1776235782374872718,0,-5.191478719314421,-10.444519021921057,0.0,0.00591221305671997,0.0,0.0,0.9999825227156582
1776235782394874310,0,-5.191478719314421,-10.444519021921057,0.0,0.009582393115751995,0.0,0.0,0.9999540878171234
1776235782415000076,0,-5.191478719314421,-10.444519021921057,0.0,0.013345661949142282,0.0,0.0,0.9999109426879672
1776235782434982524,0,-5.191478719314421,-10.444519021921057,0.0,0.016952077984683702,0.0,0.0,0.9998563032016157
1776235782454990626,0,-5.191478719314421,-10.444519021921057,0.0,0.020822952616983248,0.0,0.0,0.9997831788164426
1776235782474981128,0,-5.191478719314421,-10.444519021921057,0.0,0.024620165091044983,0.0,0.0,0.9996968777939089
1776235782494999163,0,-5.191478719314421,-10.444519021921057,0.0,0.028362221826578684,0.0,0.0,0.9995977112684182
1776235782515006333,0,-5.191478719314421,-10.444519021921057,0.0,0.0320318613438037,0.0,0.0,0.9994868482670751
1776235782534825438,0,-5.191478719314421,-10.444519021921057,0.0,0.03566658116772655,0.0,0.0,0.9993637450837437
1776235782554908106,0,-5.191478719314421,-10.444519021921057,0.0,0.039419390450787954,0.0,0.0,0.999222753772395
1776235782574977822,0,-5.191478719314421,-10.444519021921057,0.0,0.043169224018168056,0.0,0.0,0.9990677745266681
1776235782594978327,0,-5.191478719314421,-10.444519021921057,0.0,0.04690552132716882,0.0,0.0,0.9988993302976164
1776235782614983686,0,-5.191478719314421,-10.444519021921057,0.0,0.05057214001143429,0.0,0.0,0.9987204106528833
1776235782634871531,0,-5.191478719314421,-10.444519021921057,0.0,0.054156969089901454,0.0,0.0,0.998532434475213
1776235782654872199,0,-5.191478719314421,-10.444519021921057,0.0,0.05782133268964594,0.0,0.0,0.9983269471901444
1776235782674979576,0,-5.191478719314421,-10.444519021921057,0.0,0.06150446149162877,0.0,0.0,0.9981068085213249
1776235782694823355,0,-5.191478719314421,-10.444519021921057,0.0,0.06513848554664277,0.0,0.0,0.9978762336586084
1776235782714979723,0,-5.191478719314421,-10.444519021921057,0.0,0.06882887007752392,0.0,0.0,0.9976284812713856
1776235782734896695,0,-5.191478719314421,-10.444519021921057,0.0,0.07247449943189721,0.0,0.0,0.9973702657148427
1776235782754895523,0,-5.191478719314421,-10.444519021921057,0.0,0.07607431510516464,0.0,0.0,0.9971021505248497
1776235782774822476,0,-5.191478719314421,-10.444519021921057,0.0,0.07971979814371326,0.0,0.0,0.9968173121409588
1776235782794823134,0,-5.191478719314421,-10.444519021921057,0.0,0.0833776930566523,0.0,0.0,0.9965180180511292
1776235782814821885,0,-5.191478719314421,-10.444519021921057,0.0,0.08710384608234994,0.0,0.0,0.9961992370995183
1776235782834822455,0,-5.191478719314421,-10.444519021921057,0.0,0.09082911963478446,0.0,0.0,0.9958664925713536
1776235782854820874,0,-5.191478719314421,-10.444519021921057,0.0,0.09448304109421742,0.0,0.0,0.9955264712430245
1776235782874981860,0,-5.191478719314421,-10.444519021921057,0.0,0.09823559956842137,0.0,0.0,0.995163186104386
1776235782894985890,0,-5.191478719314421,-10.444519021921057,0.0,0.10182821440793491,0.0,0.0,0.9948019977616107
1776235782914976586,0,-5.191478719314421,-10.444519021921057,0.0,0.10547674616268417,0.0,0.0,0.9944217696827301
1776235782934899933,0,-5.191478719314421,-10.444519021921057,0.0,0.10911157383754841,0.0,0.0,0.9940295088450308
1776235782954983098,0,-5.191478719314421,-10.444519021921057,0.0,0.11284392509328603,0.0,0.0,0.9936127256479462
1776235782974982703,0,-5.191478719314421,-10.444519021921057,0.0,0.11655916558336962,0.0,0.0,0.9931837498260373
1776235782994989821,0,-5.191478719314421,-10.444519021921057,0.0,0.12027417048904683,0.0,0.0,0.9927407133351446
1776235783014821904,0,-5.191478719314421,-10.444519021921057,0.0,0.12395501280313301,0.0,0.0,0.9922878386844087
1776235783034984338,0,-5.191478719314421,-10.444519021921057,0.0,0.12756543629581704,0.0,0.0,0.9918301565604153
1776235783054946809,0,-5.191478719314421,-10.444519021921057,0.0,0.1311977588092706,0.0,0.0,0.9913562165455082
1776235783074873298,0,-5.191478719314421,-10.444519021921057,0.0,0.1348908840658619,0.0,0.0,0.9908604590939787
1776235783094873551,0,-5.191478719314421,-10.444519021921057,0.0,0.13859579712677314,0.0,0.0,0.9903490319169269
1776235783114873659,0,-5.191478719314421,-10.444519021921057,0.0,0.14229874467916953,0.0,0.0,0.9898237556569011
1776235783134872883,0,-5.191478719314421,-10.444519021921057,0.0,0.14599953825761394,0.0,0.0,0.9892846581386793
1776235783154874777,0,-5.191478719314421,-10.444519021921057,0.0,0.14969878347746668,0.0,0.0,0.9887316492483522
1776235783174872569,0,-5.191478719314421,-10.444519021921057,0.0,0.15332601210385444,0.0,0.0,0.9881756594919391
1776235783194874360,0,-5.191478719314421,-10.444519021921057,0.0,0.15708029957876513,0.0,0.0,0.9875858339831761
1776235783214874452,0,-5.191478719314421,-10.444519021921057,0.0,0.16077278050755023,0.0,0.0,0.986991445275931
1776235783234872646,0,-5.191478719314421,-10.444519021921057,0.0,0.16439362150716505,0.0,0.0,0.9863948181168426
1776235783254873445,0,-5.191478719314421,-10.444519021921057,0.0,0.16814087547627946,0.0,0.0,0.9857629765790914
1776235783274873279,0,-5.191478719314421,-10.444519021921057,0.0,0.17182641401814647,0.0,0.0,0.9851272422614575
1776235783294873251,0,-5.191478719314421,-10.444519021921057,0.0,0.17550957456881844,0.0,0.0,0.9844777240926644
1776235783314873883,0,-5.191478719314421,-10.444519021921057,0.0,0.17924943182765118,0.0,0.0,0.9838036598780593
1776235783334872611,0,-5.191478719314421,-10.444519021921057,0.0,0.18292736158088213,0.0,0.0,0.983126431536177
1776235783354874299,0,-5.191478719314421,-10.444519021921057,0.0,0.18666222733200713,0.0,0.0,0.9824241512134431
1776235783374874981,0,-5.191478719314421,-10.444519021921057,0.0,0.19033530494403386,0.0,0.0,0.9817191409419812
1776235783394872908,0,-5.191478719314421,-10.444519021921057,0.0,0.19413272967342604,0.0,0.0,0.9809752714872809
1776235783414873069,0,-5.191478719314421,-10.444519021921057,0.0,0.19785905503563225,0.0,0.0,0.9802304802139171
1776235783434871980,0,-5.191478719314421,-10.444519021921057,0.0,0.2015822906461235,0.0,0.0,0.9794715820777353
1776235783454873552,0,-5.191478719314421,-10.444519021921057,0.0,0.2052443838303567,0.0,0.0,0.9787107554870832
1776235783474872228,0,-5.191478719314421,-10.444519021921057,0.0,0.2088346245692025,0.0,0.0,0.9779509699269388
1776235783494873855,0,-5.191478719314421,-10.444519021921057,0.0,0.2125496235469548,0.0,0.0,0.9771502737706457
1776235783514877679,0,-5.191478719314421,-10.444519021921057,0.0,0.21626196036422884,0.0,0.0,0.9763353750117941
1776235783534872452,0,-5.191478719314421,-10.444519021921057,0.0,0.21984271118682544,0.0,0.0,0.9755353311582446
1776235783554902298,0,-5.191478719314421,-10.444519021921057,0.0,0.2234951074405316,0.0,0.0,0.9747050512591721
1776235783574985429,0,-5.191478719314421,-10.444519021921057,0.0,0.22708561800352697,0.0,0.0,0.9738747979570865
1776235783594907332,0,-5.191478719314421,-10.444519021921057,0.0,0.2305861020904471,0.0,0.0,0.9730519253990169
1776235783614994640,0,-5.191478719314421,-10.444519021921057,0.0,0.23423956766541756,0.0,0.0,0.9721789058295383
1776235783634984112,0,-5.191478719314421,-10.444519021921057,0.0,0.23780400243182614,0.0,0.0,0.9713131608433009
1776235783654965720,0,-5.191478719314421,-10.444519021921057,0.0,0.24143170459722338,0.0,0.0,0.9704178131172567
1776235783674985337,0,-5.191478719314421,-10.444519021921057,0.0,0.24506292688052023,0.0,0.0,0.9695071747381516
1776235783694981690,0,-5.191478719314421,-10.444519021921057,0.0,0.24861871178222078,0.0,0.0,0.9686014330733509
1776235783714821928,0,-5.191478719314421,-10.444519021921057,0.0,0.252268220389252,0.0,0.0,0.9676573489524274
1776235783734822971,0,-5.191478719314421,-10.444519021921057,0.0,0.2558856747979557,0.0,0.0,0.9667070504724763
1776235783754822919,0,-5.191478719314421,-10.444519021921057,0.0,0.2596248957901408,0.0,0.0,0.9657095388811061
1776235783774822674,0,-5.191478719314421,-10.444519021921057,0.0,0.26336019240430664,0.0,0.0,0.9646975738835288
1776235783794820133,0,-5.191478719314421,-10.444519021921057,0.0,0.2670911166649387,0.0,0.0,0.9636712797415289
1776235783815013810,0,-5.191478719314421,-10.444519021921057,0.0,0.2709129070372471,0.0,0.0,0.9626038628639654
1776235783835003074,0,-5.191478719314421,-10.444519021921057,0.0,0.27469180996467235,0.0,0.0,0.9615323237095736
1776235783854824382,0,-5.191478719314421,-10.444519021921057,0.0,0.2783110307526565,0.0,0.0,0.9604910047269541
1776235783874822284,0,-5.191478719314421,-10.444519021921057,0.0,0.28195849589101973,0.0,0.0,0.9594266030264502
1776235783894824847,0,-5.191478719314421,-10.444519021921057,0.0,0.285478135655574,0.0,0.0,0.9583852221641451
1776235783914976810,0,-5.191478719314421,-10.444519021921057,0.0,0.28896229792733047,0.0,0.0,0.957340477769825
1776235783934987633,0,-5.191478719314421,-10.444519021921057,0.0,0.29241827483188865,0.0,0.0,0.9562905168118849
1776235783954990608,0,-5.191478719314421,-10.444519021921057,0.0,0.29573532887997345,0.0,0.0,0.9552699174852383
1776235783974999128,0,-5.191478719314421,-10.444519021921057,0.0,0.2991165633260501,0.0,0.0,0.9542165799984892
1776235783995012788,0,-5.191478719314421,-10.444519021921057,0.0,0.30249491333044704,0.0,0.0,0.9531509992698981
1776235784014994786,0,-5.191478719314421,-10.444519021921057,0.0,0.30586413182341715,0.0,0.0,0.9520751718556194
1776235784034980696,0,-5.191478719314421,-10.444519021921057,0.0,0.30935372147843265,0.0,0.0,0.9509470411160889
1776235784054992290,0,-5.191478719314421,-10.444519021921057,0.0,0.3128436267983948,0.0,0.0,0.9498046457938741
1776235784074986168,0,-5.191478719314421,-10.444519021921057,0.0,0.31626932733395036,0.0,0.0,0.9486694432665841
1776235784094983364,0,-5.191478719314421,-10.444519021921057,0.0,0.3199377864436654,0.0,0.0,0.9474385535777651
1776235784114987217,0,-5.191478719314421,-10.444519021921057,0.0,0.32360267404614396,0.0,0.0,0.946193061351744
1776235784134986751,0,-5.191478719314421,-10.444519021921057,0.0,0.3273186177411778,0.0,0.0,0.9449140291476281
1776235784154976015,0,-5.191478719314421,-10.444519021921057,0.0,0.33102760199627224,0.0,0.0,0.943621071573011
1776235784174976188,0,-5.191478719314421,-10.444519021921057,0.0,0.3346769590406626,0.0,0.0,0.9423329205155122
1776235784194997065,0,-5.191478719314421,-10.444519021921057,0.0,0.3383250735581811,0.0,0.0,0.9410293006075057
1776235784214897317,0,-5.191478719314421,-10.444519021921057,0.0,0.34200227806702116,0.0,0.0,0.9396991230159619
1776235784234993267,0,-5.191478719314421,-10.444519021921057,0.0,0.3456537654757742,0.0,0.0,0.9383621232831271
1776235784254981575,0,-5.191478719314421,-10.444519021921057,0.0,0.3492149556801695,0.0,0.0,0.9370426429620464
1776235784274895589,0,-5.191478719314421,-10.444519021921057,0.0,0.35275790073956154,0.0,0.0,0.9357146271517923
1776235784294990639,0,-5.191478719314421,-10.444519021921057,0.0,0.3563279349614442,0.0,0.0,0.9343609595686845
1776235784314981571,0,-5.191478719314421,-10.444519021921057,0.0,0.35987431784852436,0.0,0.0,0.9330007906497504
1776235784334988826,0,-5.191478719314421,-10.444519021921057,0.0,0.3634183981867758,0.0,0.0,0.9316260343396153
1776235784354981368,0,-5.191478719314421,-10.444519021921057,0.0,0.3669546265085747,0.0,0.0,0.9302388414186716
1776235784374995015,0,-5.191478719314421,-10.444519021921057,0.0,0.3704335158192799,0.0,0.0,0.9288589830312066
1776235784394908564,0,-5.191478719314421,-10.444519021921057,0.0,0.37382521252113,0.0,0.0,0.9274991700716136
1776235784414975048,0,-5.191478719314421,-10.444519021921057,0.0,0.3774237391547778,0.0,0.0,0.9260406692594155
1776235784434979872,0,-5.191478719314421,-10.444519021921057,0.0,0.3809408076398132,0.0,0.0,0.9245994273601552
1776235784454973447,0,-5.191478719314421,-10.444519021921057,0.0,0.38439502817088583,0.0,0.0,0.923168707397247
1776235784474988229,0,-5.191478719314421,-10.444519021921057,0.0,0.38796743985943216,0.0,0.0,0.9216730795726421
1776235784494979718,0,-5.191478719314421,-10.444519021921057,0.0,0.39141031131982534,0.0,0.0,0.9202162616431625
1776235784514981491,0,-5.191478719314421,-10.444519021921057,0.0,0.394904608165501,0.0,0.0,0.9187221290736672
1776235784534989743,0,-5.191478719314421,-10.444519021921057,0.0,0.3984585611888472,0.0,0.0,0.917186336038274
1776235784554982024,0,-5.191478719314421,-10.444519021921057,0.0,0.40193964104214513,0.0,0.0,0.9156661645812362
1776235784575008875,0,-5.191478719314421,-10.444519021921057,0.0,0.4053660036496634,0.0,0.0,0.9141544744106989
1776235784594896082,0,-5.191478719314421,-10.444519021921057,0.0,0.4087628488939327,0.0,0.0,0.9126406375809243
1776235784614899520,0,-5.191478719314421,-10.444519021921057,0.0,0.41217384399139206,0.0,0.0,0.9111052202294527
1776235784634890441,0,-5.191478719314421,-10.444519021921057,0.0,0.41563149060792337,0.0,0.0,0.9095331022096094
1776235784654907613,0,-5.191478719314421,-10.444519021921057,0.0,0.4190876695179889,0.0,0.0,0.9079457722011711
1776235784674971758,0,-5.191478719314421,-10.444519021921057,0.0,0.42249131990131594,0.0,0.0,0.9063669701660823
1776235784694824214,0,-5.191478719314421,-10.444519021921057,0.0,0.4257903368093222,0.0,0.0,0.9048218548862554
1776235784714824726,0,-5.191478719314421,-10.444519021921057,0.0,0.42922566520041744,0.0,0.0,0.9031972809598461
1776235784734984888,0,-5.191478719314421,-10.444519021921057,0.0,0.43268214252386233,0.0,0.0,0.901546539864116
1776235784754823072,0,-5.191478719314421,-10.444519021921057,0.0,0.43607721958671924,0.0,0.0,0.8999092501788812
1776235784774822913,0,-5.191478719314421,-10.444519021921057,0.0,0.4394936908548658,0.0,0.0,0.8982456766936135
1776235784794823303,0,-5.191478719314421,-10.444519021921057,0.0,0.44296666943218227,0.0,0.0,0.8965380804919331
1776235784814824434,0,-5.191478719314421,-10.444519021921057,0.0,0.44648683315447035,0.0,0.0,0.8947902032430239
1776235784834823642,0,-5.191478719314421,-10.444519021921057,0.0,0.4498836696782383,0.0,0.0,0.8930871647027752
1776235784854872425,0,-5.191478719314421,-10.444519021921057,0.0,0.45339856303361004,0.0,0.0,0.8913078834157463
1776235784874870991,0,-5.191478719314421,-10.444519021921057,0.0,0.45684427380479226,0.0,0.0,0.8895466876402677
1776235784894873549,0,-5.191478719314421,-10.444519021921057,0.0,0.4601684003920344,0.0,0.0,0.8878316525561794
1776235784914872448,0,-5.191478719314421,-10.444519021921057,0.0,0.4636538245546404,0.0,0.0,0.8860164394501124
1776235784934991731,0,-5.191478719314421,-10.444519021921057,0.0,0.46698400020770925,0.0,0.0,0.8842657652255945
1776235784954873592,0,-5.191478719314421,-10.444519021921057,0.0,0.47032102163123507,0.0,0.0,0.8824954031674903
1776235784974872873,0,-5.191478719314421,-10.444519021921057,0.0,0.47361813911389683,0.0,0.0,0.8807302982765436
1776235784994999665,0,-5.191478719314421,-10.444519021921057,0.0,0.4769826601991177,0.0,0.0,0.8789127043508775
1776235785014874164,0,-5.191478719314421,-10.444519021921057,0.0,0.48029816197992586,0.0,0.0,0.8771052819352446
1776235785034874044,0,-5.191478719314421,-10.444519021921057,0.0,0.4836276662833626,0.0,0.0,0.875273831669443
1776235785054875072,0,-5.191478719314421,-10.444519021921057,0.0,0.4870115196258468,0.0,0.0,0.8733955459880268
1776235785074874449,0,-5.191478719314421,-10.444519021921057,0.0,0.49021349480956256,0.0,0.0,0.871602391866036
1776235785094872660,0,-5.191478719314421,-10.444519021921057,0.0,0.49358261559902,0.0,0.0,0.8696989143251991
1776235785114998259,0,-5.191478719314421,-10.444519021921057,0.0,0.4969657357018963,0.0,0.0,0.867770164005581
1776235785134988093,0,-5.191478719314421,-10.444519021921057,0.0,0.5002579937855188,0.0,0.0,0.8658763997555816
1776235785154982768,0,-5.191478719314421,-10.444519021921057,0.0,0.5036561121655799,0.0,0.0,0.8639042311959426
1776235785174873475,0,-5.191478719314421,-10.444519021921057,0.0,0.5069174041229965,0.0,0.0,0.8619946318842147
1776235785194875974,0,-5.191478719314421,-10.444519021921057,0.0,0.5101897242267335,0.0,0.0,0.8600618845719473
1776235785214874147,0,-5.191478719314421,-10.444519021921057,0.0,0.5134539700381249,0.0,0.0,0.8581171369061967
1776235785234875629,0,-5.191478719314421,-10.444519021921057,0.0,0.5167712755598898,0.0,0.0,0.8561235008783513
1776235785254873061,0,-5.191478719314421,-10.444519021921057,0.0,0.5200801709624393,0.0,0.0,0.8541174484646007
1776235785274873222,0,-5.191478719314421,-10.444519021921057,0.0,0.5233817291467495,0.0,0.0,0.8520983309427137
1776235785294875670,0,-5.191478719314421,-10.444519021921057,0.0,0.5266163115595465,0.0,0.0,0.8501030881013306
1776235785314874465,0,-5.191478719314421,-10.444519021921057,0.0,0.5299020609771805,0.0,0.0,0.84805884570125
1776235785334873750,0,-5.191478719314421,-10.444519021921057,0.0,0.5331207359720253,0.0,0.0,0.8460391721880531
1776235785354873146,0,-5.191478719314421,-10.444519021921057,0.0,0.5363317310634658,0.0,0.0,0.8440072714464409
1776235785374966514,0,-5.191478719314421,-10.444519021921057,0.0,0.5395500148989819,0.0,0.0,0.8419535506324018
1776235785394984321,0,-5.191478719314421,-10.444519021921057,0.0,0.5426390887017682,0.0,0.0,0.8399659632466749
1776235785414974396,0,-5.191478719314421,-10.444519021921057,0.0,0.545884076198803,0.0,0.0,0.8378607135751022
1776235785434978478,0,-5.191478719314421,-10.444519021921057,0.0,0.5490646461440618,0.0,0.0,0.8357798839136391
1776235785454975494,0,-5.191478719314421,-10.444519021921057,0.0,0.5522361651102057,0.0,0.0,0.8336877220784612
1776235785474987221,0,-5.191478719314421,-10.444519021921057,0.0,0.5554602800255167,0.0,0.0,0.831543070029433
1776235785494892344,0,-5.191478719314421,-10.444519021921057,0.0,0.55865895753232,0.0,0.0,0.8293974735727747
1776235785514873624,0,-5.191478719314421,-10.444519021921057,0.0,0.5618615377204724,0.0,0.0,0.8272312931885412
1776235785534872916,0,-5.191478719314421,-10.444519021921057,0.0,0.565058594291696,0.0,0.0,0.825050777235615
1776235785554873149,0,-5.191478719314421,-10.444519021921057,0.0,0.5682473384756285,0.0,0.0,0.8228578020018796
1776235785574872818,0,-5.191478719314421,-10.444519021921057,0.0,0.5712633432603097,0.0,0.0,0.8207668320826893
1776235785594955879,0,-5.191478719314421,-10.444519021921057,0.0,0.5742841815146387,0.0,0.0,0.8186560198655242
1776235785614994354,0,-5.191478719314421,-10.444519021921057,0.0,0.5772905399016104,0.0,0.0,0.8165388126354479
1776235785634983461,0,-5.191478719314421,-10.444519021921057,0.0,0.5803386917226375,0.0,0.0,0.8143752224187923
1776235785654822688,0,-5.191478719314421,-10.444519021921057,0.0,0.5832512263112765,0.0,0.0,0.8122918237963449
1776235785674872637,0,-5.191478719314421,-10.444519021921057,0.0,0.586292678345034,0.0,0.0,0.8100993120099576
1776235785694894812,0,-5.191478719314421,-10.444519021921057,0.0,0.5892650755044221,0.0,0.0,0.8079397692840524
1776235785714973641,0,-5.191478719314421,-10.444519021921057,0.0,0.5921893575485832,0.0,0.0,0.805798836438845
1776235785734872380,0,-5.191478719314421,-10.444519021921057,0.0,0.5951836801124601,0.0,0.0,0.8035896881666593
1776235785754895938,0,-5.191478719314421,-10.444519021921057,0.0,0.5981884663061126,0.0,0.0,0.8013554509569026
1776235785774982550,0,-5.191478719314421,-10.444519021921057,0.0,0.6012424404834338,0.0,0.0,0.7990666603991963
1776235785794978261,0,-5.191478719314421,-10.444519021921057,0.0,0.604273896180946,0.0,0.0,0.7967766678275031
1776235785814898665,0,-5.191478719314421,-10.444519021921057,0.0,0.6073881290976697,0.0,0.0,0.7944052244486012
1776235785834891156,0,-5.191478719314421,-10.444519021921057,0.0,0.610504274498548,0.0,0.0,0.7920129612695751
1776235785854972676,0,-5.191478719314421,-10.444519021921057,0.0,0.6136248112865291,0.0,0.0,0.7895977399749644
1776235785874986024,0,-5.191478719314421,-10.444519021921057,0.0,0.6168827767343134,0.0,0.0,0.7870550424008242
1776235785894975241,0,-5.191478719314421,-10.444519021921057,0.0,0.6200243614704825,0.0,0.0,0.784582558551438
1776235785914826879,0,-5.191478719314421,-10.444519021921057,0.0,0.6232354315919479,0.0,0.0,0.7820342683082362
1776235785934982063,0,-5.191478719314421,-10.444519021921057,0.0,0.6263827684660797,0.0,0.0,0.7795156363850373
1776235785954978177,0,-5.191478719314421,-10.444519021921057,0.0,0.6294952078000154,0.0,0.0,0.7770043650822146
1776235785974973866,0,-5.191478719314421,-10.444519021921057,0.0,0.6326439708585424,0.0,0.0,0.7744427713758686
1776235785994904799,0,-5.191478719314421,-10.444519021921057,0.0,0.6356721608990668,0.0,0.0,0.7719591335413495
1776235786014986962,0,-5.191478719314421,-10.444519021921057,0.0,0.6387675471996334,0.0,0.0,0.7693997794674523
1776235786034975498,0,-5.191478719314421,-10.444519021921057,0.0,0.6418382698135463,0.0,0.0,0.7668400324727142
1776235786054977732,0,-5.191478719314421,-10.444519021921057,0.0,0.64484732239518,0.0,0.0,0.76431140957058
1776235786074986272,0,-5.191478719314421,-10.444519021921057,0.0,0.6478016301069631,0.0,0.0,0.7618090627124104
1776235786094989742,0,-5.191478719314421,-10.444519021921057,0.0,0.6505935841723302,0.0,0.0,0.7594260913570202
1776235786114990331,0,-5.191478719314421,-10.444519021921057,0.0,0.6535277701021249,0.0,0.0,0.7569025391061548
1776235786134983711,0,-5.191478719314421,-10.444519021921057,0.0,0.6563983254257912,0.0,0.0,0.7544145003764291
1776235786154982100,0,-5.191478719314421,-10.444519021921057,0.0,0.6592150119315127,0.0,0.0,0.751954498652768
1776235786174990302,0,-5.191478719314421,-10.444519021921057,0.0,0.6621213214023143,0.0,0.0,0.7493966611511245
1776235786194978683,0,-5.191478719314421,-10.444519021921057,0.0,0.6649625925046774,0.0,0.0,0.746876663559291
1776235786214992516,0,-5.191478719314421,-10.444519021921057,0.0,0.6677978722719496,0.0,0.0,0.7443426642273415
1776235786234989149,0,-5.191478719314421,-10.444519021921057,0.0,0.670717483704107,0.0,0.0,0.7417129209159236
1776235786254991774,0,-5.191478719314421,-10.444519021921057,0.0,0.6736276096757422,0.0,0.0,0.7390709326462148
1776235786274988345,0,-5.191478719314421,-10.444519021921057,0.0,0.6765779915500475,0.0,0.0,0.736370980790324
1776235786294975068,0,-5.191478719314421,-10.444519021921057,0.0,0.6795161068856543,0.0,0.0,0.7336605894301288
1776235786314824439,0,-5.191478719314421,-10.444519021921057,0.0,0.6824668107632231,0.0,0.0,0.7309165836172244
1776235786334872326,0,-5.191478719314421,-10.444519021921057,0.0,0.6853919836656405,0.0,0.0,0.7281743120482063
1776235786354823007,0,-5.191478719314421,-10.444519021921057,0.0,0.6883861024692853,0.0,0.0,0.7253444519172574
1776235786374821641,0,-5.191478719314421,-10.444519021921057,0.0,0.6913251188765421,0.0,0.0,0.7225438256675749
1776235786394823179,0,-5.191478719314421,-10.444519021921057,0.0,0.694253165620071,0.0,0.0,0.7197308816679401
1776235786414824126,0,-5.191478719314421,-10.444519021921057,0.0,0.6972700455896518,0.0,0.0,0.7168085403532836
1776235786434978263,0,-5.191478719314421,-10.444519021921057,0.0,0.7002472330305795,0.0,0.0,0.7139004220709058
1776235786454822174,0,-5.191478719314421,-10.444519021921057,0.0,0.7031667436282625,0.0,0.0,0.7110249859570515
1776235786474825891,0,-5.191478719314421,-10.444519021921057,0.0,0.7061473904695109,0.0,0.0,0.7080648719807389
1776235786494824371,0,-5.191478719314421,-10.444519021921057,0.0,0.7090654463258235,0.0,0.0,0.7051426755109641
1776235786514894226,0,-5.191478719314421,-10.444519021921057,0.0,0.7119817593087733,0.0,0.0,0.702197959560966
1776235786534895189,0,-5.191478719314421,-10.444519021921057,0.0,0.7149248437061205,0.0,0.0,0.699201307101023
1776235786554980078,0,-5.191478719314421,-10.444519021921057,0.0,0.7178186443474259,0.0,0.0,0.6962301299335039
1776235786574979399,0,-5.191478719314421,-10.444519021921057,0.0,0.7206393191549327,0.0,0.0,0.693310155477269
1776235786594977229,0,-5.191478719314421,-10.444519021921057,0.0,0.7234479070966564,0.0,0.0,0.6903789725342652
1776235786614981624,0,-5.191478719314421,-10.444519021921057,0.0,0.7262936180300704,0.0,0.0,0.6873845942474927
1776235786634894834,0,-5.191478719314421,-10.444519021921057,0.0,0.7290663471201779,0.0,0.0,0.6844430301324137
1776235786654823870,0,-5.191478719314421,-10.444519021921057,0.0,0.7318768851750082,0.0,0.0,0.6814368825845339
1776235786674822880,0,-5.191478719314421,-10.444519021921057,0.0,0.7345084286781189,0.0,0.0,0.6785995639556517
1776235786694990980,0,-5.191478719314421,-10.444519021921057,0.0,0.7372396588183219,0.0,0.0,0.6756313236266095
1776235786714982041,0,-5.191478719314421,-10.444519021921057,0.0,0.7399350764237309,0.0,0.0,0.6726782906247291
1776235786734873278,0,-5.191478719314421,-10.444519021921057,0.0,0.7426452585942478,0.0,0.0,0.6696850154270161
1776235786754980070,0,-5.191478719314421,-10.444519021921057,0.0,0.7453725037759914,0.0,0.0,0.6666482060387696
1776235786774978920,0,-5.191478719314421,-10.444519021921057,0.0,0.7480727898553282,0.0,0.0,0.6636166823385816
1776235786794984884,0,-5.191478719314421,-10.444519021921057,0.0,0.7507617003997963,0.0,0.0,0.660573136914306
1776235786814994665,0,-5.191478719314421,-10.444519021921057,0.0,0.7534387378035523,0.0,0.0,0.6575181125847334
1776235786834849565,0,-5.191478719314421,-10.444519021921057,0.0,0.7561737213669796,0.0,0.0,0.6543709216598897
1776235786854872480,0,-5.191478719314421,-10.444519021921057,0.0,0.7588272573621888,0.0,0.0,0.6512919418234641
1776235786874872750,0,-5.191478719314421,-10.444519021921057,0.0,0.7614652767400688,0.0,0.0,0.6482057021649612
1776235786894873988,0,-5.191478719314421,-10.444519021921057,0.0,0.764136029396669,0.0,0.0,0.6450551360758962
1776235786914874269,0,-5.191478719314421,-10.444519021921057,0.0,0.7667486847501978,0.0,0.0,0.6419473922634484
1776235786934898684,0,-5.191478719314421,-10.444519021921057,0.0,0.7693134531473912,0.0,0.0,0.6388715135349492
1776235786954872023,0,-5.191478719314421,-10.444519021921057,0.0,0.7718593877594028,0.0,0.0,0.6357932726348084
1776235786974872243,0,-5.191478719314421,-10.444519021921057,0.0,0.7743964070778308,0.0,0.0,0.6327007228579297
1776235786994899315,0,-5.191478719314421,-10.444519021921057,0.0,0.7768802838487868,0.0,0.0,0.6296483340460994
1776235787014900657,0,-5.191478719314421,-10.444519021921057,0.0,0.7793489612959429,0.0,0.0,0.6265901343996209
1776235787034872506,0,-5.191478719314421,-10.444519021921057,0.0,0.7818019866178495,0.0,0.0,0.6235267866903426
1776235787054872012,0,-5.191478719314421,-10.444519021921057,0.0,0.7842091154345521,0.0,0.0,0.6204966263158546
1776235787074898527,0,-5.191478719314421,-10.444519021921057,0.0,0.786688095515094,0.0,0.0,0.6173506624073828
1776235787094897765,0,-5.191478719314421,-10.444519021921057,0.0,0.7891511045159721,0.0,0.0,0.6141990998375211
1776235787114826497,0,-5.191478719314421,-10.444519021921057,0.0,0.7916294023994835,0.0,0.0,0.6110015460345715
1776235787134874235,0,-5.191478719314421,-10.444519021921057,0.0,0.7941094272178086,0.0,0.0,0.607774808299755
1776235787154872845,0,-5.191478719314421,-10.444519021921057,0.0,0.7965339990601503,0.0,0.0,0.6045937382583816
1776235787174872193,0,-5.191478719314421,-10.444519021921057,0.0,0.7990661774747355,0.0,0.0,0.6012430823019209
1776235787194873007,0,-5.191478719314421,-10.444519021921057,0.0,0.8015007306919245,0.0,0.0,0.597993794867732
1776235787214873761,0,-5.191478719314421,-10.444519021921057,0.0,0.8038447388865481,0.0,0.0,0.5948391679810748
1776235787234872668,0,-5.191478719314421,-10.444519021921057,0.0,0.8061761161189523,0.0,0.0,0.5916756457717028
1776235787254872583,0,-5.191478719314421,-10.444519021921057,0.0,0.8083421226153044,0.0,0.0,0.5887130139599296
1776235787274872269,0,-5.191478719314421,-10.444519021921057,0.0,0.8105733554942391,0.0,0.0,0.5856371191811615
1776235787294873672,0,-5.191478719314421,-10.444519021921057,0.0,0.8127930741219649,0.0,0.0,0.5825525029208665
1776235787314903917,0,-5.191478719314421,-10.444519021921057,0.0,0.8150042297994418,0.0,0.0,0.5794550072344001
1776235787334900639,0,-5.191478719314421,-10.444519021921057,0.0,0.81716533325152,0.0,0.0,0.5764033467390108
1776235787354872764,0,-5.191478719314421,-10.444519021921057,0.0,0.8192722927202817,0.0,0.0,0.573404665468335
1776235787374872620,0,-5.191478719314421,-10.444519021921057,0.0,0.8213369258343527,0.0,0.0,0.5704433839225196
1776235787394872766,0,-5.191478719314421,-10.444519021921057,0.0,0.8234986911412638,0.0,0.0,0.5673181697148658
1776235787414874261,0,-5.191478719314421,-10.444519021921057,0.0,0.8255753532260808,0.0,0.0,0.5642918891368474
1776235787434876972,0,-5.191478719314421,-10.444519021921057,0.0,0.8277532694201398,0.0,0.0,0.5610922606526215
1776235787454872418,0,-5.191478719314421,-10.444519021921057,0.0,0.8299180008290928,0.0,0.0,0.557885393158704
1776235787474872501,0,-5.191478719314421,-10.444519021921057,0.0,0.8320708059975398,0.0,0.0,0.554669427503089
1776235787494873118,0,-5.191478719314421,-10.444519021921057,0.0,0.8342442925076453,0.0,0.0,0.5513950130518214
1776235787514873335,0,-5.191478719314421,-10.444519021921057,0.0,0.8364432165510356,0.0,0.0,0.5480535972747167
1776235787534827131,0,-5.191478719314421,-10.444519021921057,0.0,0.8385530440778444,0.0,0.0,0.5448199631692847
1776235787554873901,0,-5.191478719314421,-10.444519021921057,0.0,0.8406601137654639,0.0,0.0,0.5415630832357735
1776235787574872672,0,-5.191478719314421,-10.444519021921057,0.0,0.8428195027932611,0.0,0.0,0.5381963263636423
1776235787594873426,0,-5.191478719314421,-10.444519021921057,0.0,0.8449281795722111,0.0,0.0,0.5348797728132831
1776235787614873570,0,-5.191478719314421,-10.444519021921057,0.0,0.8469918467150072,0.0,0.0,0.5316058799508352
1776235787634872194,0,-5.191478719314421,-10.444519021921057,0.0,0.8490426729884009,0.0,0.0,0.5283242748963097
1776235787654871676,0,-5.191478719314421,-10.444519021921057,0.0,0.8509758510447607,0.0,0.0,0.5252048180839978
1776235787674875442,0,-5.191478719314421,-10.444519021921057,0.0,0.8530023964312512,0.0,0.0,0.5219069952420091
1776235787694874921,0,-5.191478719314421,-10.444519021921057,0.0,0.8549794282032165,0.0,0.0,0.5186619104477415
1776235787714875396,0,-5.191478719314421,-10.444519021921057,0.0,0.8569442122666551,0.0,0.0,0.5154091744067832
1776235787734874878,0,-5.191478719314421,-10.444519021921057,0.0,0.8588965248559266,0.0,0.0,0.5121491575609715
1776235787754871943,0,-5.191478719314421,-10.444519021921057,0.0,0.8609023396994124,0.0,0.0,0.5087702443147372
1776235787774873119,0,-5.191478719314421,-10.444519021921057,0.0,0.8628649438010435,0.0,0.0,0.5054345543779353
1776235787794873844,0,-5.191478719314421,-10.444519021921057,0.0,0.8648447046190973,0.0,0.0,0.5020394774241427
1776235787814873934,0,-5.191478719314421,-10.444519021921057,0.0,0.866811044826812,0.0,0.0,0.4986367541269401
1776235787834872975,0,-5.191478719314421,-10.444519021921057,0.0,0.8688282639683242,0.0,0.0,0.49511357053689004
1776235787854872711,0,-5.191478719314421,-10.444519021921057,0.0,0.8707378173871911,0.0,0.0,0.4917475504481854
1776235787874871945,0,-5.191478719314421,-10.444519021921057,0.0,0.8726342827745497,0.0,0.0,0.488374250474518
1776235787894874052,0,-5.191478719314421,-10.444519021921057,0.0,0.8745809978593588,0.0,0.0,0.4848794470621829
1776235787914873272,0,-5.191478719314421,-10.444519021921057,0.0,0.8764171494675365,0.0,0.0,0.4815526763700912
1776235787934872892,0,-5.191478719314421,-10.444519021921057,0.0,0.8783363074058196,0.0,0.0,0.4780432314056016
1776235787954875585,0,-5.191478719314421,-10.444519021921057,0.0,0.8801467686008687,0.0,0.0,0.4747016596994884
1776235787974873358,0,-5.191478719314421,-10.444519021921057,0.0,0.881977065394209,0.0,0.0,0.4712923255460663
1776235787994875869,0,-5.191478719314421,-10.444519021921057,0.0,0.8838226593109471,0.0,0.0,0.4678220889275383
1776235788014873675,0,-5.191478719314421,-10.444519021921057,0.0,0.8855938041414642,0.0,0.0,0.46446056244448786
1776235788034872952,0,-5.191478719314421,-10.444519021921057,0.0,0.887384565791142,0.0,0.0,0.4610299690862475
1776235788054873095,0,-5.191478719314421,-10.444519021921057,0.0,0.8891621148279899,0.0,0.0,0.45759232243845227
1776235788074872327,0,-5.191478719314421,-10.444519021921057,0.0,0.8909535130268741,0.0,0.0,0.45409452498909497
1776235788094873847,0,-5.191478719314421,-10.444519021921057,0.0,0.8927043151178972,0.0,0.0,0.45064288052723755
1776235788114873725,0,-5.191478719314421,-10.444519021921057,0.0,0.8944416031677949,0.0,0.0,0.4471847700029877
1776235788134876010,0,-5.191478719314421,-10.444519021921057,0.0,0.8961657021002511,0.0,0.0,0.44371954473424313
1776235788154874236,0,-5.191478719314421,-10.444519021921057,0.0,0.897876030420613,0.0,0.0,0.44024837761895547
1776235788174872508,0,-5.191478719314421,-10.444519021921057,0.0,0.8995423441302395,0.0,0.0,0.43683357370590675
1776235788194875820,0,-5.191478719314421,-10.444519021921057,0.0,0.901308760919427,0.0,0.0,0.43317723565520744
1776235788214874251,0,-5.191478719314421,-10.444519021921057,0.0,0.9029782727627993,0.0,0.0,0.4296862098302803
1776235788234873405,0,-5.191478719314421,-10.444519021921057,0.0,0.9046598912132718,0.0,0.0,0.4261343464565972
1776235788254872581,0,-5.191478719314421,-10.444519021921057,0.0,0.9063571171793264,0.0,0.0,0.42251245678486304
1776235788274872698,0,-5.191478719314421,-10.444519021921057,0.0,0.9079309804346964,0.0,0.0,0.41911971412341226
1776235788294873874,0,-5.191478719314421,-10.444519021921057,0.0,0.9096002891291615,0.0,0.0,0.41548443294080933
1776235788314873400,0,-5.191478719314421,-10.444519021921057,0.0,0.9111725217417889,0.0,0.0,0.41202504247036886
1776235788334872834,0,-5.191478719314421,-10.444519021921057,0.0,0.9127601866533072,0.0,0.0,0.40849582820467073
1776235788354873224,0,-5.191478719314421,-10.444519021921057,0.0,0.9143585534467784,0.0,0.0,0.4049054651875112
1776235788374875482,0,-5.191478719314421,-10.444519021921057,0.0,0.9159188619088678,0.0,0.0,0.40136347417218254
1776235788394875192,0,-5.191478719314421,-10.444519021921057,0.0,0.9174891205336619,0.0,0.0,0.3977608750271545
1776235788414874167,0,-5.191478719314421,-10.444519021921057,0.0,0.9189939071544204,0.0,0.0,0.39427173194771725
1776235788434879236,0,-5.191478719314421,-10.444519021921057,0.0,0.920587473654462,0.0,0.0,0.39053643024754436
1776235788454872932,0,-5.191478719314421,-10.444519021921057,0.0,0.9220914800440363,0.0,0.0,0.38697196594869593
1776235788474874142,0,-5.191478719314421,-10.444519021921057,0.0,0.9236550763132043,0.0,0.0,0.38322486871398204
1776235788494874770,0,-5.191478719314421,-10.444519021921057,0.0,0.925203400768014,0.0,0.0,0.379471563107569
1776235788514873408,0,-5.191478719314421,-10.444519021921057,0.0,0.926664924635914,0.0,0.0,0.3758884375044221
1776235788534877568,0,-5.191478719314421,-10.444519021921057,0.0,0.9281613707415527,0.0,0.0,0.37217800830135295
1776235788554875299,0,-5.191478719314421,-10.444519021921057,0.0,0.9296424863374344,0.0,0.0,0.3684628171150423
1776235788574873898,0,-5.191478719314421,-10.444519021921057,0.0,0.9311087943668531,0.0,0.0,0.36474157022843606
1776235788594875633,0,-5.191478719314421,-10.444519021921057,0.0,0.932560433190173,0.0,0.0,0.36101390340007233
1776235788614873804,0,-5.191478719314421,-10.444519021921057,0.0,0.9339968938073742,0.0,0.0,0.35728112510763366
1776235788634873226,0,-5.191478719314421,-10.444519021921057,0.0,0.9353725345556199,0.0,0.0,0.3536639953387902
1776235788654872735,0,-5.191478719314421,-10.444519021921057,0.0,0.9366886609079623,0.0,0.0,0.35016332264594524
1776235788674872399,0,-5.191478719314421,-10.444519021921057,0.0,0.9380124933041082,0.0,0.0,0.34660144605210513
1776235788694873543,0,-5.191478719314421,-10.444519021921057,0.0,0.9393468892033411,0.0,0.0,0.3429685433738875
1776235788714874672,0,-5.191478719314421,-10.444519021921057,0.0,0.9406434572429786,0.0,0.0,0.3393963558230653
1776235788734872701,0,-5.191478719314421,-10.444519021921057,0.0,0.9419497458376958,0.0,0.0,0.3357538924812346
1776235788754872785,0,-5.191478719314421,-10.444519021921057,0.0,0.9432188119751918,0.0,0.0,0.33217205291250473
1776235788774874690,0,-5.191478719314421,-10.444519021921057,0.0,0.944474371622569,0.0,0.0,0.3285850899662878
1776235788794874711,0,-5.191478719314421,-10.444519021921057,0.0,0.9457584154175694,0.0,0.0,0.32487077379605594
1776235788814826611,0,-5.191478719314421,-10.444519021921057,0.0,0.9470055902617663,0.0,0.0,0.32121707926722
1776235788834874048,0,-5.191478719314421,-10.444519021921057,0.0,0.9482858906463232,0.0,0.0,0.31741750046446665
1776235788854873484,0,-5.191478719314421,-10.444519021921057,0.0,0.9494851939862752,0.0,0.0,0.31381183279291025
1776235788874872293,0,-5.191478719314421,-10.444519021921057,0.0,0.9507110664246822,0.0,0.0,0.3100781646257015
1776235788894873462,0,-5.191478719314421,-10.444519021921057,0.0,0.9519040158735473,0.0,0.0,0.3063963847107425
1776235788914901515,0,-5.191478719314421,-10.444519021921057,0.0,0.9530630603889614,0.0,0.0,0.30277186613360724
1776235788934899588,0,-5.191478719314421,-10.444519021921057,0.0,0.9530630603889614,0.0,0.0,0.30277186613360724
1776235788954872283,0,-5.191478719314421,-10.444519021921057,0.0,0.9530630603889614,0.0,0.0,0.30277186613360724
1776235788974900232,0,-5.191544140262509,-10.444565260433254,0.0,0.9530432453598868,0.0,0.0,0.30283423266515735
1776235788994874200,0,-5.191446271122097,-10.444496092739389,0.0,0.9530727518714066,0.0,0.0,0.3027413576640366
1776235789014900066,0,-5.191446271122097,-10.444496092739389,0.0,0.9530727518714066,0.0,0.0,0.3027413576640366
1776235789034906787,0,-5.191446271122097,-10.444496092739389,0.0,0.9530727518714066,0.0,0.0,0.3027413576640366
1776235789054898592,0,-5.191446271122097,-10.444496092739389,0.0,0.9530727518714066,0.0,0.0,0.3027413576640366
1776235789074876188,0,-5.191511530937129,-10.44454221026982,0.0,0.9530555089899698,0.0,0.0,0.302795635344814
1776235789094874530,0,-5.191511530937129,-10.44454221026982,0.0,0.9530555089899698,0.0,0.0,0.302795635344814
1776235789114873192,0,-5.191576854658034,-10.444588383376697,0.0,0.9530405548882903,0.0,0.0,0.30284269966142446
1776235789134873240,0,-5.191609517123468,-10.444611473876545,0.0,0.9530337548960599,0.0,0.0,0.3028640982829045
1776235789154872070,0,-5.191609517123468,-10.444611473876545,0.0,0.9530337548960599,0.0,0.0,0.3028640982829045
1776235789174873449,0,-5.191576852563611,-10.44458838172791,0.0,0.953039515399939,0.0,0.0,0.30284597089320725
1776235789194827980,0,-5.191576852563611,-10.44458838172791,0.0,0.953039515399939,0.0,0.0,0.30284597089320725
1776235789214873530,0,-5.191576852563611,-10.44458838172791,0.0,0.953039515399939,0.0,0.0,0.30284597089320725
1776235789234824816,0,-5.191576852563611,-10.44458838172791,0.0,0.953039515399939,0.0,0.0,0.30284597089320725
1776235789254823949,0,-5.191576852563611,-10.44458838172791,0.0,0.953039515399939,0.0,0.0,0.30284597089320725
1776235789274876078,0,-5.191576852563611,-10.44458838172791,0.0,0.953039515399939,0.0,0.0,0.30284597089320725
1776235789294876358,0,-5.191576852563611,-10.44458838172791,0.0,0.953039515399939,0.0,0.0,0.30284597089320725
1776235789314873886,0,-5.191576852563611,-10.44458838172791,0.0,0.953039515399939,0.0,0.0,0.30284597089320725
1776235789334881256,0,-5.191576852563611,-10.44458838172791,0.0,0.953039515399939,0.0,0.0,0.30284597089320725
1776235789354900628,0,-5.191576852563611,-10.44458838172791,0.0,0.953039515399939,0.0,0.0,0.30284597089320725
1776235789374910149,0,-5.191576852563611,-10.44458838172791,0.0,0.953039515399939,0.0,0.0,0.30284597089320725
1776235789394824858,0,-5.191576852563611,-10.44458838172791,0.0,0.953039515399939,0.0,0.0,0.30284597089320725
1776235789414900201,0,-5.191576852563611,-10.44458838172791,0.0,0.953039515399939,0.0,0.0,0.30284597089320725
1776235789434873035,0,-5.191576852563611,-10.44458838172791,0.0,0.953039515399939,0.0,0.0,0.30284597089320725
1776235789454872825,0,-5.191576852563611,-10.44458838172791,0.0,0.953039515399939,0.0,0.0,0.30284597089320725
1776235789474872802,0,-5.191576852563611,-10.44458838172791,0.0,0.953039515399939,0.0,0.0,0.30284597089320725
1776235789494874525,0,-5.191576852563611,-10.44458838172791,0.0,0.953039515399939,0.0,0.0,0.30284597089320725
1776235789514873638,0,-5.191576852563611,-10.44458838172791,0.0,0.953039515399939,0.0,0.0,0.30284597089320725
1776235789534872610,0,-5.191576852563611,-10.44458838172791,0.0,0.953039515399939,0.0,0.0,0.30284597089320725
1776235789554872697,0,-5.191576852563611,-10.44458838172791,0.0,0.953039515399939,0.0,0.0,0.30284597089320725
1776235789574872320,0,-5.191576852563611,-10.44458838172791,0.0,0.953039515399939,0.0,0.0,0.30284597089320725
1776235789594827003,0,-5.191576852563611,-10.44458838172791,0.0,0.953039515399939,0.0,0.0,0.30284597089320725
1776235789614877104,0,-5.191576852563611,-10.44458838172791,0.0,0.953039515399939,0.0,0.0,0.30284597089320725
1776235789634873799,0,-5.191576852563611,-10.44458838172791,0.0,0.953039515399939,0.0,0.0,0.30284597089320725
1776235789654873147,0,-5.191576852563611,-10.44458838172791,0.0,0.953039515399939,0.0,0.0,0.30284597089320725
1776235789674871853,0,-5.191576852563611,-10.44458838172791,0.0,0.953039515399939,0.0,0.0,0.30284597089320725
1776235789694873828,0,-5.191576852563611,-10.44458838172791,0.0,0.953039515399939,0.0,0.0,0.30284597089320725
1776235789714875327,0,-5.191576852563611,-10.44458838172791,0.0,0.953039515399939,0.0,0.0,0.30284597089320725
1776235789734874459,0,-5.191576852563611,-10.44458838172791,0.0,0.953039515399939,0.0,0.0,0.30284597089320725
1776235789754913432,0,-5.191576852563611,-10.44458838172791,0.0,0.953039515399939,0.0,0.0,0.30284597089320725
1776235789774885964,0,-5.191576852563611,-10.44458838172791,0.0,0.953039515399939,0.0,0.0,0.30284597089320725
1776235789794890082,0,-5.191576852563611,-10.44458838172791,0.0,0.953039515399939,0.0,0.0,0.30284597089320725
1776235789814887052,0,-5.191576852563611,-10.44458838172791,0.0,0.953039515399939,0.0,0.0,0.30284597089320725
1776235789834914918,0,-5.191576852563611,-10.44458838172791,0.0,0.953039515399939,0.0,0.0,0.30284597089320725
1776235789854905311,0,-5.191576852563611,-10.44458838172791,0.0,0.953039515399939,0.0,0.0,0.30284597089320725
1776235789874910138,0,-5.191576852563611,-10.44458838172791,0.0,0.953039515399939,0.0,0.0,0.30284597089320725
1776235789894878661,0,-5.191576852563611,-10.44458838172791,0.0,0.953039515399939,0.0,0.0,0.30284597089320725
1776235789914879251,0,-5.191576852563611,-10.44458838172791,0.0,0.953039515399939,0.0,0.0,0.30284597089320725
1776235789934909370,0,-5.191576852563611,-10.44458838172791,0.0,0.953039515399939,0.0,0.0,0.30284597089320725
1776235789954910597,0,-5.191576852563611,-10.44458838172791,0.0,0.953039515399939,0.0,0.0,0.30284597089320725
1776235789974882968,0,-5.191576852563611,-10.44458838172791,0.0,0.953039515399939,0.0,0.0,0.30284597089320725
1776235789994874819,0,-5.191576852563611,-10.44458838172791,0.0,0.953039515399939,0.0,0.0,0.30284597089320725
1776235790014873729,0,-5.191576852563611,-10.44458838172791,0.0,0.953039515399939,0.0,0.0,0.30284597089320725
1776235790034960330,0,-5.191576852563611,-10.44458838172791,0.0,0.953039515399939,0.0,0.0,0.30284597089320725
1776235790054965772,0,-5.191576852563611,-10.44458838172791,0.0,0.953039515399939,0.0,0.0,0.30284597089320725
1776235790074875621,0,-5.191576852563611,-10.44458838172791,0.0,0.953039515399939,0.0,0.0,0.30284597089320725
1776235790094873795,0,-5.191576852563611,-10.44458838172791,0.0,0.953039515399939,0.0,0.0,0.30284597089320725
1776235790114874877,0,-5.191576852563611,-10.44458838172791,0.0,0.953039515399939,0.0,0.0,0.30284597089320725
1776235790134862872,0,-5.191576852563611,-10.44458838172791,0.0,0.953039515399939,0.0,0.0,0.30284597089320725
1776235790154900000,0,-5.191576852563611,-10.44458838172791,0.0,0.953039515399939,0.0,0.0,0.30284597089320725
1776235790174871969,0,-5.191576852563611,-10.44458838172791,0.0,0.953039515399939,0.0,0.0,0.30284597089320725
1776235790194872872,0,-5.191576852563611,-10.44458838172791,0.0,0.953039515399939,0.0,0.0,0.30284597089320725
1776235790214825419,0,-5.191576852563611,-10.44458838172791,0.0,0.953039515399939,0.0,0.0,0.30284597089320725
1776235790234977376,0,-5.191576852563611,-10.44458838172791,0.0,0.953039515399939,0.0,0.0,0.30284597089320725
1776235790254981761,0,-5.191576852563611,-10.44458838172791,0.0,0.953039515399939,0.0,0.0,0.30284597089320725
1776235790274822008,0,-5.191576852563611,-10.44458838172791,0.0,0.953039515399939,0.0,0.0,0.30284597089320725
1776235790294983100,0,-5.191576852563611,-10.44458838172791,0.0,0.953039515399939,0.0,0.0,0.30284597089320725
1776235790314983743,0,-5.191576852563611,-10.44458838172791,0.0,0.953039515399939,0.0,0.0,0.30284597089320725
1776235790334983833,0,-5.191576852563611,-10.44458838172791,0.0,0.953039515399939,0.0,0.0,0.30284597089320725
1776235790354895181,0,-5.191576852563611,-10.44458838172791,0.0,0.953039515399939,0.0,0.0,0.30284597089320725
1776235790374980597,0,-5.191576852563611,-10.44458838172791,0.0,0.953039515399939,0.0,0.0,0.30284597089320725
1776235790394823978,0,-5.191576852563611,-10.44458838172791,0.0,0.953039515399939,0.0,0.0,0.30284597089320725
1776235790414824401,0,-5.191576852563611,-10.44458838172791,0.0,0.953039515399939,0.0,0.0,0.30284597089320725
1776235790434823746,0,-5.191576852563611,-10.44458838172791,0.0,0.9531182205637536,0.0,0.0,0.3025981784964741
1776235790454824884,0,-5.191576852563611,-10.44458838172791,0.0,0.9532361680748817,0.0,0.0,0.30222641822632923
1776235790474973388,0,-5.191576852563611,-10.44458838172791,0.0,0.9532544345642073,0.0,0.0,0.3021687988255461
1776235790494986721,0,-5.191576852563611,-10.44458838172791,0.0,0.9532725750605793,0.0,0.0,0.3021115648851799
1776235790514824039,0,-5.191576852563611,-10.44458838172791,0.0,0.9532725750605793,0.0,0.0,0.3021115648851799
1776235790534985960,0,-5.191576852563611,-10.44458838172791,0.0,0.9532725750605793,0.0,0.0,0.3021115648851799
1776235790554973691,0,-5.191576852563611,-10.44458838172791,0.0,0.9532725750605793,0.0,0.0,0.3021115648851799
1776235790574823444,0,-5.191576852563611,-10.44458838172791,0.0,0.9532725750605793,0.0,0.0,0.3021115648851799
1776235790594897788,0,-5.191576852563611,-10.44458838172791,0.0,0.9532907674064983,0.0,0.0,0.3020541553720616
1776235790614873683,0,-5.191576852563611,-10.44458838172791,0.0,0.9533088671011245,0.0,0.0,0.30199702632041037
1776235790634989670,0,-5.191576852563611,-10.44458838172791,0.0,0.9533483462463238,0.0,0.0,0.30187237486957863
1776235790654896596,0,-5.191576852563611,-10.44458838172791,0.0,0.953387399047701,0.0,0.0,0.30174901381290326
1776235790674987323,0,-5.191576852563611,-10.44458838172791,0.0,0.9534055843873114,0.0,0.0,0.3016915505265092
1776235790694983712,0,-5.191576852563611,-10.44458838172791,0.0,0.9534236808967641,0.0,0.0,0.3016343559763466
1776235790714989207,0,-5.191576852563611,-10.44458838172791,0.0,0.9534417822136009,0.0,0.0,0.30157713429461525
1776235790734992082,0,-5.191576852563611,-10.44458838172791,0.0,0.9534598777262072,0.0,0.0,0.30151991902082687
1776235790754974048,0,-5.191576852563611,-10.44458838172791,0.0,0.9534598777262072,0.0,0.0,0.30151991902082687
1776235790775014305,0,-5.191576852563611,-10.44458838172791,0.0,0.9534417483929178,0.0,0.0,0.30157724121932006
1776235790794982375,0,-5.191576852563611,-10.44458838172791,0.0,0.9534236809356639,0.0,0.0,0.3016343558533897
1776235790814973557,0,-5.191576852563611,-10.44458838172791,0.0,0.9533663784843208,0.0,0.0,0.30181542103691567
1776235790834979976,0,-5.191576852563611,-10.44458838172791,0.0,0.9531880842033155,0.0,0.0,0.30237803513617395
1776235790854824131,0,-5.191576852563611,-10.44458838172791,0.0,0.9529327266817225,0.0,0.0,0.3031818240246893
1776235790874973009,0,-5.191576852563611,-10.44458838172791,0.0,0.9525532392620467,0.0,0.0,0.30437201969199146
1776235790894991605,0,-5.191576852563611,-10.44458838172791,0.0,0.9520339469644309,0.0,0.0,0.30599242446068364
1776235790914980784,0,-5.191576852563611,-10.44458838172791,0.0,0.951349588977052,0.0,0.0,0.30811354977214844
1776235790934980312,0,-5.191576852563611,-10.44458838172791,0.0,0.9505390864023808,0.0,0.0,0.3106049665110446
1776235790954983150,0,-5.191576852563611,-10.44458838172791,0.0,0.9496185358969716,0.0,0.0,0.3134080986204599
1776235790974999445,0,-5.191576852563611,-10.44458838172791,0.0,0.9485846050963772,0.0,0.0,0.3165236910156174
1776235790994992959,0,-5.191576852563611,-10.44458838172791,0.0,0.9474809190752027,0.0,0.0,0.31981230118369314
1776235791014981937,0,-5.191576852563611,-10.44458838172791,0.0,0.9463660862164445,0.0,0.0,0.3230963182386473
1776235791034985615,0,-5.191576852563611,-10.44458838172791,0.0,0.9452161853798171,0.0,0.0,0.32644503809374603
1776235791054997905,0,-5.191576852563611,-10.44458838172791,0.0,0.9440770296649936,0.0,0.0,0.32972497942819357
1776235791074980391,0,-5.191576852563611,-10.44458838172791,0.0,0.9429282143826055,0.0,0.0,0.3329960698285058
1776235791094999497,0,-5.191576852563611,-10.44458838172791,0.0,0.9418534103744947,0.0,0.0,0.33602403688714544
1776235791114983087,0,-5.191576852563611,-10.44458838172791,0.0,0.9408148470910458,0.0,0.0,0.33892096939117244
1776235791134823917,0,-5.191576852563611,-10.44458838172791,0.0,0.9398189599168097,0.0,0.0,0.3416728297375808
1776235791154824490,0,-5.191576852563611,-10.44458838172791,0.0,0.9388516790714669,0.0,0.0,0.34432183303515224
1776235791174980788,0,-5.191576852563611,-10.44458838172791,0.0,0.9379147660350998,0.0,0.0,0.3468658121713985
1776235791194824835,0,-5.191576852563611,-10.44458838172791,0.0,0.9370549434263394,0.0,0.0,0.34918194827376153
1776235791214992780,0,-5.191576852563611,-10.44458838172791,0.0,0.9362213013721987,0.0,0.0,0.3514109771434961
1776235791234994561,0,-5.191576852563611,-10.44458838172791,0.0,0.9353892907270698,0.0,0.0,0.3536196753478365
1776235791254893213,0,-5.191576852563611,-10.44458838172791,0.0,0.9345811780426236,0.0,0.0,0.3557499425839193
1776235791274887893,0,-5.191576852563611,-10.44458838172791,0.0,0.93378574478162,0.0,0.0,0.3578326184721498
1776235791294878446,0,-5.191576852563611,-10.44458838172791,0.0,0.9329858359871612,0.0,0.0,0.3599130865185899
1776235791314875718,0,-5.191576852563611,-10.44458838172791,0.0,0.9321122347527558,0.0,0.0,0.36216954844964994
1776235791334873516,0,-5.191576852563611,-10.44458838172791,0.0,0.9321122347527558,0.0,0.0,0.36216954844964994
1776235791354873930,0,-5.191606358950796,-10.444615389865712,0.0,0.9321004005998912,0.0,0.0,0.3622000044195506
1776235791374873980,0,-5.19154734550566,-10.44456137647948,0.0,0.9321239333772326,0.0,0.0,0.3621394383733375
1776235791394873906,0,-5.191517836348835,-10.444534372813537,0.0,0.9321354986348714,0.0,0.0,0.3621096687258152
1776235791414886032,0,-5.191458776952246,-10.444480338090736,0.0,0.9321579846241805,0.0,0.0,0.3620517804146058
1776235791434900386,0,-5.191458776952246,-10.444480338090736,0.0,0.9321579846241805,0.0,0.0,0.3620517804146058
1776235791454872607,0,-5.191458776952246,-10.444480338090736,0.0,0.9321579846241805,0.0,0.0,0.3620517804146058
1776235791474874346,0,-5.191429260189902,-10.444453337365841,0.0,0.9321675592614146,0.0,0.0,0.36202712807276916
1776235791494873568,0,-5.191399745714088,-10.444426341599659,0.0,0.9321771320419466,0.0,0.0,0.3620024785799831
1776235791514874813,0,-5.191399745714088,-10.444426341599659,0.0,0.9321771320419466,0.0,0.0,0.3620024785799831
1776235791534873013,0,-5.191370231404896,-10.4443993486799,0.0,0.9321855514719062,0.0,0.0,0.3619807973180597
1776235791554908363,0,-5.191370231404896,-10.4443993486799,0.0,0.9321855514719062,0.0,0.0,0.3619807973180597
1776235791574880066,0,-5.191370231404896,-10.4443993486799,0.0,0.9321855514719062,0.0,0.0,0.3619807973180597
1776235791594875049,0,-5.191370231404896,-10.4443993486799,0.0,0.9321855514719062,0.0,0.0,0.3619807973180597
1776235791614873363,0,-5.191370231404896,-10.4443993486799,0.0,0.9321855514719062,0.0,0.0,0.3619807973180597
1776235791634874155,0,-5.191370231404896,-10.4443993486799,0.0,0.9321855514719062,0.0,0.0,0.3619807973180597
1776235791654906361,0,-5.191340666029276,-10.444372310820778,0.0,0.9321888963500755,0.0,0.0,0.3619721833534011
1776235791674878300,0,-5.191281711948962,-10.444318399128361,0.0,0.9321937712056857,0.0,0.0,0.36195962886117794
1776235791694875326,0,-5.191252197398091,-10.44429140995212,0.0,0.9321953906265661,0.0,0.0,0.3619554581638242
1776235791714873259,0,-5.191222681295095,-10.444264419785155,0.0,0.9321966335995809,0.0,0.0,0.36195225694227784
1776235791734873863,0,-5.191193161113704,-10.444237426162129,0.0,0.9321972156913355,0.0,0.0,0.36195075777973124
1776235791754872399,0,-5.191193161113704,-10.444237426162129,0.0,0.9321972156913355,0.0,0.0,0.36195075777973124
1776235791774901010,0,-5.191193161113704,-10.444237426162129,0.0,0.9321972156913355,0.0,0.0,0.36195075777973124
1776235791794906834,0,-5.191193161113704,-10.444237426162129,0.0,0.9321972156913355,0.0,0.0,0.36195075777973124
1776235791814873164,0,-5.191193161113704,-10.444237426162129,0.0,0.9321972156913355,0.0,0.0,0.36195075777973124
1776235791834874805,0,-5.191193161113704,-10.444237426162129,0.0,0.9321754951855928,0.0,0.0,0.3620066935506783
1776235791854873409,0,-5.191193161113704,-10.444237426162129,0.0,0.9321284297236623,0.0,0.0,0.36212786485011
1776235791874872674,0,-5.191193161113704,-10.444237426162129,0.0,0.9321284297236623,0.0,0.0,0.36212786485011
1776235791894874469,0,-5.191193161113704,-10.444237426162129,0.0,0.9321284297236623,0.0,0.0,0.36212786485011
1776235791914824481,0,-5.191193161113704,-10.444237426162129,0.0,0.9321284297236623,0.0,0.0,0.36212786485011
1776235791934874780,0,-5.191193161113704,-10.444237426162129,0.0,0.9321066457213047,0.0,0.0,0.3621839325566198
1776235791954874075,0,-5.191193161113704,-10.444237426162129,0.0,0.9321066457213047,0.0,0.0,0.3621839325566198
1776235791974872181,0,-5.191193161113704,-10.444237426162129,0.0,0.9321066457213047,0.0,0.0,0.3621839325566198
1776235791994875137,0,-5.191193161113704,-10.444237426162129,0.0,0.9321066457213047,0.0,0.0,0.3621839325566198
1776235792014873927,0,-5.191193161113704,-10.444237426162129,0.0,0.9321066457213047,0.0,0.0,0.3621839325566198
1776235792034873067,0,-5.191193161113704,-10.444237426162129,0.0,0.9321066457213047,0.0,0.0,0.3621839325566198
1776235792054872931,0,-5.191193161113704,-10.444237426162129,0.0,0.9321066457213047,0.0,0.0,0.3621839325566198
1776235792074872525,0,-5.191193161113704,-10.444237426162129,0.0,0.9321066457213047,0.0,0.0,0.3621839325566198
1776235792094876408,0,-5.191193161113704,-10.444237426162129,0.0,0.9320849087876403,0.0,0.0,0.36223986916177003
1776235792114874362,0,-5.191193161113704,-10.444237426162129,0.0,0.9320849087876403,0.0,0.0,0.36223986916177003
1776235792134989733,0,-5.191193161113704,-10.444237426162129,0.0,0.9320630473222195,0.0,0.0,0.36229611620388374
1776235792154979852,0,-5.191193161113704,-10.444237426162129,0.0,0.9320159642271257,0.0,0.0,0.3624172214806867
1776235792174997423,0,-5.191193161113704,-10.444237426162129,0.0,0.9319470276089076,0.0,0.0,0.36259445353027964
1776235792194873969,0,-5.191193161113704,-10.444237426162129,0.0,0.9318064186631945,0.0,0.0,0.36295564210805653
1776235792214984329,0,-5.191193161113704,-10.444237426162129,0.0,0.9315909292243514,0.0,0.0,0.36350837760209803
1776235792234978059,0,-5.191193161113704,-10.444237426162129,0.0,0.931307198389109,0.0,0.0,0.36423468015639143
1776235792254873638,0,-5.191193161113704,-10.444237426162129,0.0,0.9309262407916584,0.0,0.0,0.36520724829267986
1776235792274872546,0,-5.191193161113704,-10.444237426162129,0.0,0.9303517497398921,0.0,0.0,0.36666827208789315
1776235792294995805,0,-5.191193161113704,-10.444237426162129,0.0,0.9295749246886094,0.0,0.0,0.36863323153259836
1776235792314872526,0,-5.191193161113704,-10.444237426162129,0.0,0.9284901662511866,0.0,0.0,0.37135698616673934
1776235792334982561,0,-5.191193161113704,-10.444237426162129,0.0,0.9273845529550968,0.0,0.0,0.3741094638475152
1776235792354982680,0,-5.191193161113704,-10.444237426162129,0.0,0.9261298494444882,0.0,0.0,0.377204854115015
1776235792374823736,0,-5.191193161113704,-10.444237426162129,0.0,0.9247503740246078,0.0,0.0,0.3805742315782138
1776235792394872656,0,-5.191193161113704,-10.444237426162129,0.0,0.9232438864633905,0.0,0.0,0.3842144272512083
1776235792414823096,0,-5.191193161113704,-10.444237426162129,0.0,0.9216260866863978,0.0,0.0,0.3880790593926917
1776235792434822368,0,-5.191193161113704,-10.444237426162129,0.0,0.9199880906709691,0.0,0.0,0.39194631395585905
1776235792454822676,0,-5.191193161113704,-10.444237426162129,0.0,0.9183337811601833,0.0,0.0,0.3958068548926872
1776235792474820894,0,-5.191193161113704,-10.444237426162129,0.0,0.9166914186380424,0.0,0.0,0.39959584957225647
1776235792494916098,0,-5.191193161113704,-10.444237426162129,0.0,0.9150537140267618,0.0,0.0,0.4033319977956487
1776235792514986516,0,-5.191193161113704,-10.444237426162129,0.0,0.9134804267375732,0.0,0.0,0.4068826734666162
1776235792534971712,0,-5.191193161113704,-10.444237426162129,0.0,0.9119534361809171,0.0,0.0,0.4102937121597382
1776235792554985687,0,-5.191193161113704,-10.444237426162129,0.0,0.9105480502058383,0.0,0.0,0.413403251397889
1776235792574974925,0,-5.191193161113704,-10.444237426162129,0.0,0.9091338181762745,0.0,0.0,0.41650414241424855
1776235792594996956,0,-5.191193161113704,-10.444237426162129,0.0,0.9077066799470735,0.0,0.0,0.41960527067645487
1776235792614972879,0,-5.191193161113704,-10.444237426162129,0.0,0.9064115585221711,0.0,0.0,0.4223956517027711
1776235792634827456,0,-5.191193161113704,-10.444237426162129,0.0,0.9050862572111597,0.0,0.0,0.4252280176652223
1776235792654992673,0,-5.191193161113704,-10.444237426162129,0.0,0.9037915813980791,0.0,0.0,0.4279728699274748
1776235792674822678,0,-5.191193161113704,-10.444237426162129,0.0,0.9025103094093841,0.0,0.0,0.4306682498278434
1776235792694821326,0,-5.191193161113704,-10.444237426162129,0.0,0.9011796627677565,0.0,0.0,0.43344574679398196
1776235792714899770,0,-5.191193161113704,-10.444237426162129,0.0,0.8997781676889015,0.0,0.0,0.43634762397703397
1776235792734877848,0,-5.191193161113704,-10.444237426162129,0.0,0.898286636254772,0.0,0.0,0.43940996703088897
1776235792754873583,0,-5.191193161113704,-10.444237426162129,0.0,0.8967833502904851,0.0,0.0,0.4424699115666207
1776235792774871950,0,-5.191193161113704,-10.444237426162129,0.0,0.8952694409654356,0.0,0.0,0.44552511497494335
1776235792794874176,0,-5.191193161113704,-10.444237426162129,0.0,0.8937179087210806,0.0,0.0,0.44862935663108156
1776235792814874556,0,-5.191193161113704,-10.444237426162129,0.0,0.8920925057580344,0.0,0.0,0.45185280918718573
1776235792834872929,0,-5.191193161113704,-10.444237426162129,0.0,0.890487491509927,0.0,0.0,0.4550077224227713
1776235792854873816,0,-5.191193161113704,-10.444237426162129,0.0,0.8889306716209967,0.0,0.0,0.45804176780228656
1776235792874872740,0,-5.191193161113704,-10.444237426162129,0.0,0.8872437666736436,0.0,0.0,0.4613008763255984
1776235792894873438,0,-5.191193161113704,-10.444237426162129,0.0,0.8855726342800495,0.0,0.0,0.4645009250951968
1776235792914875395,0,-5.191193161113704,-10.444237426162129,0.0,0.8839225936313408,0.0,0.0,0.46763324140617224
1776235792934875600,0,-5.191193161113704,-10.444237426162129,0.0,0.8822004129850451,0.0,0.0,0.47087411409952845
1776235792954873414,0,-5.191193161113704,-10.444237426162129,0.0,0.8805613515852143,0.0,0.0,0.47393217457186915
1776235792974873323,0,-5.191193161113704,-10.444237426162129,0.0,0.878878125449305,0.0,0.0,0.4770463715475842
1776235792994874540,0,-5.191193161113704,-10.444237426162129,0.0,0.877183774512379,0.0,0.0,0.48015479351165047
1776235793014874008,0,-5.191193161113704,-10.444237426162129,0.0,0.8754447501097544,0.0,0.0,0.4833182072975004
1776235793034873184,0,-5.191193161113704,-10.444237426162129,0.0,0.8736943430830117,0.0,0.0,0.4864752767250815
1776235793054878843,0,-5.191193161113704,-10.444237426162129,0.0,0.8719662594315242,0.0,0.0,0.48956597350407827
1776235793074873565,0,-5.191193161113704,-10.444237426162129,0.0,0.8701937177238365,0.0,0.0,0.4927097458280768
1776235793094873678,0,-5.191193161113704,-10.444237426162129,0.0,0.8684787696512083,0.0,0.0,0.49572636268925974
1776235793114873726,0,-5.191193161113704,-10.444237426162129,0.0,0.8668181985277036,0.0,0.0,0.49862431820077396
1776235793134875424,0,-5.191193161113704,-10.444237426162129,0.0,0.8650123666359456,0.0,0.0,0.5017505411724837
1776235793154890086,0,-5.191193161113704,-10.444237426162129,0.0,0.8632294433588066,0.0,0.0,0.5048117749403681
1776235793174908630,0,-5.191193161113704,-10.444237426162129,0.0,0.8614353376176176,0.0,0.0,0.5078672652412451
1776235793194899311,0,-5.191193161113704,-10.444237426162129,0.0,0.8596993168302036,0.0,0.0,0.5108004352403012
1776235793214910486,0,-5.191193161113704,-10.444237426162129,0.0,0.8578178398572764,0.0,0.0,0.5139538438640148
1776235793234873389,0,-5.191193161113704,-10.444237426162129,0.0,0.8559964667369823,0.0,0.0,0.5169816717581024
1776235793254872042,0,-5.191193161113704,-10.444237426162129,0.0,0.8541611159130224,0.0,0.0,0.5200084499911711
1776235793274873352,0,-5.191193161113704,-10.444237426162129,0.0,0.8522782000410122,0.0,0.0,0.523088778062436
1776235793294873246,0,-5.191193161113704,-10.444237426162129,0.0,0.8503843102319519,0.0,0.0,0.5261620709546891
1776235793314898696,0,-5.191193161113704,-10.444237426162129,0.0,0.8484451010462196,0.0,0.0,0.5292833933826663
1776235793334873115,0,-5.191193161113704,-10.444237426162129,0.0,0.8465685356383427,0.0,0.0,0.5322797332861285
1776235793354875689,0,-5.191193161113704,-10.444237426162129,0.0,0.8446412449709334,0.0,0.0,0.5353327631426567
1776235793374902206,0,-5.191193161113704,-10.444237426162129,0.0,0.8427383519719291,0.0,0.0,0.5383233880444328
1776235793394901420,0,-5.191193161113704,-10.444237426162129,0.0,0.8408653736996337,0.0,0.0,0.5412443286658767
1776235793414872946,0,-5.191193161113704,-10.444237426162129,0.0,0.8389468468680058,0.0,0.0,0.5442133663649129
1776235793434874825,0,-5.191193161113704,-10.444237426162129,0.0,0.8369054338095565,0.0,0.0,0.547347508316278
1776235793454873311,0,-5.191193161113704,-10.444237426162129,0.0,0.83496273125866,0.0,0.0,0.5503064940640612
1776235793474876429,0,-5.191193161113704,-10.444237426162129,0.0,0.832937171264679,0.0,0.0,0.5533675710823636
1776235793494874073,0,-5.191193161113704,-10.444237426162129,0.0,0.830934327810791,0.0,0.0,0.5563705086231916
1776235793514872871,0,-5.191193161113704,-10.444237426162129,0.0,0.8289988400406726,0.0,0.0,0.5592503224954094
1776235793534873284,0,-5.191193161113704,-10.444237426162129,0.0,0.8270532140796661,0.0,0.0,0.5621236350488155
1776235793554873247,0,-5.191193161113704,-10.444237426162129,0.0,0.8250185668164711,0.0,0.0,0.5651056223469166
1776235793574874301,0,-5.191193161113704,-10.444237426162129,0.0,0.8230128217142505,0.0,0.0,0.5680227946957298
1776235793594873809,0,-5.191193161113704,-10.444237426162129,0.0,0.8209969180992561,0.0,0.0,0.5709326234079845
1776235793614873102,0,-5.191193161113704,-10.444237426162129,0.0,0.8189707484334059,0.0,0.0,0.5738352666144065
1776235793634872826,0,-5.191193161113704,-10.444237426162129,0.0,0.8168938998980025,0.0,0.0,0.5767879647751262
1776235793654873103,0,-5.191193161113704,-10.444237426162129,0.0,0.8149222799741637,0.0,0.0,0.5795702525162164
1776235793674872574,0,-5.191193161113704,-10.444237426162129,0.0,0.8129412638274816,0.0,0.0,0.5823456890598375
1776235793694873525,0,-5.191193161113704,-10.444237426162129,0.0,0.8108745721509296,0.0,0.0,0.5852199827748936
1776235793714873879,0,-5.191193161113704,-10.444237426162129,0.0,0.8087977801052487,0.0,0.0,0.588086856592478
1776235793734872649,0,-5.191193161113704,-10.444237426162129,0.0,0.8067110178633934,0.0,0.0,0.5909461343115866
1776235793754873093,0,-5.191193161113704,-10.444237426162129,0.0,0.8046139715543813,0.0,0.0,0.5937982458541666
1776235793774824223,0,-5.191193161113704,-10.444237426162129,0.0,0.8025537100226675,0.0,0.0,0.5965798710389515
1776235793794907323,0,-5.191193161113704,-10.444237426162129,0.0,0.800385839964721,0.0,0.0,0.5994852018056559
1776235793814874479,0,-5.191193161113704,-10.444237426162129,0.0,0.798340318275653,0.0,0.0,0.6022065561047381
1776235793834873881,0,-5.191193161113704,-10.444237426162129,0.0,0.7962035733108896,0.0,0.0,0.6050288173690331
1776235793854825643,0,-5.191193161113704,-10.444237426162129,0.0,0.7940195288418661,0.0,0.0,0.6078922501708184
1776235793874876707,0,-5.191193161113704,-10.444237426162129,0.0,0.791979537144857,0.0,0.0,0.610547633476552
1776235793894877605,0,-5.191193161113704,-10.444237426162129,0.0,0.789892875309153,0.0,0.0,0.6132448495795452
1776235793914828223,0,-5.191193161113704,-10.444237426162129,0.0,0.7878023079256231,0.0,0.0,0.615928180575513
1776235793934874152,0,-5.191193161113704,-10.444237426162129,0.0,0.7858537554374356,0.0,0.0,0.6184123826904496
1776235793954872976,0,-5.191193161113704,-10.444237426162129,0.0,0.7837840006078923,0.0,0.0,0.6210335259799485
1776235793974873161,0,-5.191193161113704,-10.444237426162129,0.0,0.7817864297465503,0.0,0.0,0.6235462919977491
1776235793994874637,0,-5.191193161113704,-10.444237426162129,0.0,0.7796992740709567,0.0,0.0,0.6261541679276942
1776235794014874936,0,-5.191193161113704,-10.444237426162129,0.0,0.7776035426942532,0.0,0.0,0.6287549048630529
1776235794034873888,0,-5.191193161113704,-10.444237426162129,0.0,0.7754992784538411,0.0,0.0,0.6313484530095658
1776235794054872250,0,-5.191193161113704,-10.444237426162129,0.0,0.773342052733018,0.0,0.0,0.6339890136861063
1776235794074873038,0,-5.191193161113704,-10.444237426162129,0.0,0.7710928018892795,0.0,0.0,0.6367227739562488
1776235794094919161,0,-5.191193161113704,-10.444237426162129,0.0,0.7688736192800973,0.0,0.0,0.6394007800864212
1776235794114873076,0,-5.191193161113704,-10.444237426162129,0.0,0.7666105653937281,0.0,0.0,0.6421123274215412
1776235794134880541,0,-5.191193161113704,-10.444237426162129,0.0,0.7642866807229187,0.0,0.0,0.644876631356373
1776235794154872853,0,-5.191193161113704,-10.444237426162129,0.0,0.7619999145476425,0.0,0.0,0.6475771229972423
1776235794174872667,0,-5.191193161113704,-10.444237426162129,0.0,0.7596572228111053,0.0,0.0,0.6503236915805227
1776235794194891231,0,-5.191193161113704,-10.444237426162129,0.0,0.7573939275583204,0.0,0.0,0.6529582210967113
1776235794214899954,0,-5.191193161113704,-10.444237426162129,0.0,0.7552078717514514,0.0,0.0,0.6554853701225095
1776235794234899470,0,-5.191193161113704,-10.444237426162129,0.0,0.7529683345244571,0.0,0.0,0.6580567507468221
1776235794254883546,0,-5.191193161113704,-10.444237426162129,0.0,0.7506821742525689,0.0,0.0,0.6606635098591687
1776235794274900069,0,-5.191193161113704,-10.444237426162129,0.0,0.7484695452311342,0.0,0.0,0.6631691638349141
1776235794294906320,0,-5.191193161113704,-10.444237426162129,0.0,0.7462496946899952,0.0,0.0,0.6656661274055402
1776235794314899421,0,-5.191193161113704,-10.444237426162129,0.0,0.7440229813906444,0.0,0.0,0.6681540265257532
1776235794334890315,0,-5.191193161113704,-10.444237426162129,0.0,0.7417882209769022,0.0,0.0,0.6706342037354809
1776235794354872629,0,-5.191193161113704,-10.444237426162129,0.0,0.7395865066690276,0.0,0.0,0.6730615121614847
1776235794374903623,0,-5.191193161113704,-10.444237426162129,0.0,0.7373308636530478,0.0,0.0,0.6755317886707114
1776235794394911331,0,-5.191193161113704,-10.444237426162129,0.0,0.7350221268136027,0.0,0.0,0.6780431203798237
1776235794414873987,0,-5.191193161113704,-10.444237426162129,0.0,0.732669306378186,0.0,0.0,0.6805848128567871
1776235794434901644,0,-5.191193161113704,-10.444237426162129,0.0,0.7302999928355329,0.0,0.0,0.6831265771908018
1776235794454877773,0,-5.191193161113704,-10.444237426162129,0.0,0.7279279913417758,0.0,0.0,0.6856535855817627
1776235794474877502,0,-5.191193161113704,-10.444237426162129,0.0,0.7254962546692347,0.0,0.0,0.6882261143410012
1776235794494906707,0,-5.191193161113704,-10.444237426162129,0.0,0.7231002469830561,0.0,0.0,0.6907431018932025
1776235794514873739,0,-5.191193161113704,-10.444237426162129,0.0,0.7207445100215061,0.0,0.0,0.693200801553099
1776235794534899342,0,-5.191193161113704,-10.444237426162129,0.0,0.7183734727380483,0.0,0.0,0.6956576411326743
1776235794554873217,0,-5.191193161113704,-10.444237426162129,0.0,0.7159583850916688,0.0,0.0,0.698142958724737
1776235794574906962,0,-5.191193161113704,-10.444237426162129,0.0,0.7135274214883803,0.0,0.0,0.7006273037672335
1776235794594903755,0,-5.191193161113704,-10.444237426162129,0.0,0.7110923450656426,0.0,0.0,0.7030986252219849
1776235794614876496,0,-5.191193161113704,-10.444237426162129,0.0,0.7086516535226536,0.0,0.0,0.7055585262468372
1776235794634873610,0,-5.191193161113704,-10.444237426162129,0.0,0.7061994584490712,0.0,0.0,0.708012941185568
1776235794654873859,0,-5.191193161113704,-10.444237426162129,0.0,0.7037810030292782,0.0,0.0,0.7104169900664702
1776235794674873859,0,-5.191193161113704,-10.444237426162129,0.0,0.7013116239263569,0.0,0.0,0.7128548282404883
1776235794694873362,0,-5.191193161113704,-10.444237426162129,0.0,0.6987837917429779,0.0,0.0,0.7153329381465016
1776235794714912831,0,-5.191193161113704,-10.444237426162129,0.0,0.6962421253883851,0.0,0.0,0.7178070094633127
1776235794734899402,0,-5.191193161113704,-10.444237426162129,0.0,0.6936480569548498,0.0,0.0,0.7203140794700333
1776235794754872447,0,-5.191193161113704,-10.444237426162129,0.0,0.6910467256772262,0.0,0.0,0.7228100877345199
1776235794774902593,0,-5.191193161113704,-10.444237426162129,0.0,0.6884797835000932,0.0,0.0,0.7252555326997959
1776235794794906222,0,-5.191193161113704,-10.444237426162129,0.0,0.6858129804009555,0.0,0.0,0.7277778204325538
1776235794814908067,0,-5.191193161113704,-10.444237426162129,0.0,0.6831371758832736,0.0,0.0,0.730290078616864
1776235794834873433,0,-5.191193161113704,-10.444237426162129,0.0,0.6804570737933529,0.0,0.0,0.7327879438995893
1776235794854873043,0,-5.191193161113704,-10.444237426162129,0.0,0.6777632180977139,0.0,0.0,0.7352802324242307
1776235794874900235,0,-5.191193161113704,-10.444237426162129,0.0,0.6751008250155865,0.0,0.0,0.7377254747284212
1776235794894913494,0,-5.191193161113704,-10.444237426162129,0.0,0.6724833153058186,0.0,0.0,0.7401122824513149
1776235794914992691,0,-5.191193161113704,-10.444237426162129,0.0,0.6698487014719678,0.0,0.0,0.7424976209634065
1776235794934975084,0,-5.191193161113704,-10.444237426162129,0.0,0.6672183895546149,0.0,0.0,0.7448621487497845
1776235794954986210,0,-5.191193161113704,-10.444237426162129,0.0,0.664523594710778,0.0,0.0,0.7472672828865624
1776235794975008560,0,-5.191193161113704,-10.444237426162129,0.0,0.6618186113334178,0.0,0.0,0.7496640085349613
1776235794994986606,0,-5.191193161113704,-10.444237426162129,0.0,0.6591635816196751,0.0,0.0,0.7519995828897259
1776235795014901216,0,-5.191193161113704,-10.444237426162129,0.0,0.6565087793229037,0.0,0.0,0.7543183828278023
1776235795034879329,0,-5.191193161113704,-10.444237426162129,0.0,0.6538373154690067,0.0,0.0,0.7566351597039901
1776235795054873359,0,-5.191193161113704,-10.444237426162129,0.0,0.6512086463850332,0.0,0.0,0.7588987408563628
1776235795074872723,0,-5.191193161113704,-10.444237426162129,0.0,0.648571436442312,0.0,0.0,0.7611537898684838
1776235795094873708,0,-5.191193161113704,-10.444237426162129,0.0,0.6458727607199825,0.0,0.0,0.7634450713443295
1776235795114873049,0,-5.191193161113704,-10.444237426162129,0.0,0.6432198107214578,0.0,0.0,0.7656815755230447
1776235795134873891,0,-5.191193161113704,-10.444237426162129,0.0,0.6404513982574254,0.0,0.0,0.7679987021278804
1776235795154874396,0,-5.191193161113704,-10.444237426162129,0.0,0.63772860672769,0.0,0.0,0.7702611402382696
1776235795174873176,0,-5.191193161113704,-10.444237426162129,0.0,0.634998058910627,0.0,0.0,0.7725137313858802
1776235795194873515,0,-5.191193161113704,-10.444237426162129,0.0,0.6323600555812118,0.0,0.0,0.7746746156324775
1776235795214873038,0,-5.191193161113704,-10.444237426162129,0.0,0.629613816508971,0.0,0.0,0.7769082584584925
1776235795234873334,0,-5.191193161113704,-10.444237426162129,0.0,0.6269141196744095,0.0,0.0,0.7790883688984583
1776235795254874057,0,-5.191193161113704,-10.444237426162129,0.0,0.6241521244935802,0.0,0.0,0.781302838526874
1776235795274873216,0,-5.191193161113704,-10.444237426162129,0.0,0.6213825240273577,0.0,0.0,0.783507344466783
1776235795294873742,0,-5.191193161113704,-10.444237426162129,0.0,0.6186599462769948,0.0,0.0,0.7856588769132223
1776235795314874530,0,-5.191193161113704,-10.444237426162129,0.0,0.6159298831085012,0.0,0.0,0.7878009768297752
1776235795334874119,0,-5.191193161113704,-10.444237426162129,0.0,0.6132399613659603,0.0,0.0,0.789896670320793
1776235795354873842,0,-5.191193161113704,-10.444237426162129,0.0,0.6104953714851424,0.0,0.0,0.7920198238650457
1776235795374873658,0,-5.191193161113704,-10.444237426162129,0.0,0.6077434180876814,0.0,0.0,0.794133450857664
1776235795394873363,0,-5.191193161113704,-10.444237426162129,0.0,0.604928425109115,0.0,0.0,0.7962798506147232
1776235795414874529,0,-5.191193161113704,-10.444237426162129,0.0,0.6021056451728904,0.0,0.0,0.7984164277186043
1776235795434876353,0,-5.191193161113704,-10.444237426162129,0.0,0.599275225781508,0.0,0.0,0.800543068026026
1776235795454874566,0,-5.191193161113704,-10.444237426162129,0.0,0.596381625582436,0.0,0.0,0.8027010381628088
1776235795474873648,0,-5.191193161113704,-10.444237426162129,0.0,0.5934801284314941,0.0,0.0,0.8048486423899448
1776235795494873704,0,-5.191193161113704,-10.444237426162129,0.0,0.5905223353842484,0.0,0.0,0.8070212955135282
1776235795514873891,0,-5.191193161113704,-10.444237426162129,0.0,0.5874999243831359,0.0,0.0,0.8092242203801179
1776235795534873675,0,-5.191193161113704,-10.444237426162129,0.0,0.5845261537260709,0.0,0.0,0.8113748674997309
1776235795554873896,0,-5.191193161113704,-10.444237426162129,0.0,0.5815444450876647,0.0,0.0,0.8135146331736635
1776235795574878257,0,-5.191193161113704,-10.444237426162129,0.0,0.5784971749505957,0.0,0.0,0.8156843866191015
1776235795594898912,0,-5.191193161113704,-10.444237426162129,0.0,0.575496624373434,0.0,0.0,0.8178041546328697
1776235795614895839,0,-5.191193161113704,-10.444237426162129,0.0,0.5724918764469643,0.0,0.0,0.8199103923004232
1776235795634873855,0,-5.191193161113704,-10.444237426162129,0.0,0.5694822725566964,0.0,0.0,0.8220036138872265
1776235795654874406,0,-5.191193161113704,-10.444237426162129,0.0,0.5666264184102305,0.0,0.0,0.8239748187654732
1776235795674874254,0,-5.191193161113704,-10.444237426162129,0.0,0.5636482062639327,0.0,0.0,0.8260149511815456
1776235795694899582,0,-5.191193161113704,-10.444237426162129,0.0,0.5606588404196914,0.0,0.0,0.8280468976206885
1776235795714873861,0,-5.191193161113704,-10.444237426162129,0.0,0.5578355860526506,0.0,0.0,0.8299514798669232
1776235795734873177,0,-5.191193161113704,-10.444237426162129,0.0,0.5550023107995147,0.0,0.0,0.8318488053770342
1776235795754872537,0,-5.191193161113704,-10.444237426162129,0.0,0.5522709535703543,0.0,0.0,0.833664677098947
1776235795774873156,0,-5.191193161113704,-10.444237426162129,0.0,0.5494833519749087,0.0,0.0,0.8355046653983559
1776235795794872183,0,-5.191193161113704,-10.444237426162129,0.0,0.5466898428068466,0.0,0.0,0.8373351872290006
1776235795814873754,0,-5.191193161113704,-10.444237426162129,0.0,0.5438898790709891,0.0,0.0,0.8391566000718489
1776235795834873063,0,-5.191193161113704,-10.444237426162129,0.0,0.5410252975723053,0.0,0.0,0.8410063182799512
1776235795854873475,0,-5.191193161113704,-10.444237426162129,0.0,0.5381542669115823,0.0,0.0,0.8428463590743318
1776235795874872166,0,-5.191193161113704,-10.444237426162129,0.0,0.5352265478061339,0.0,0.0,0.8447085547829667
1776235795894873133,0,-5.191193161113704,-10.444237426162129,0.0,0.5322327872276708,0.0,0.0,0.8465980511434367
1776235795914874439,0,-5.191193161113704,-10.444237426162129,0.0,0.5292323053715652,0.0,0.0,0.8484769690163065
1776235795934873108,0,-5.191193161113704,-10.444237426162129,0.0,0.5261660659541315,0.0,0.0,0.8503818383751811
1776235795954873591,0,-5.191193161113704,-10.444237426162129,0.0,0.5230926913498849,0.0,0.0,0.8522757982345469
1776235795974872731,0,-5.191193161113704,-10.444237426162129,0.0,0.5200127064853514,0.0,0.0,0.8541585245689349
1776235795994873539,0,-5.191193161113704,-10.444237426162129,0.0,0.5169256876248831,0.0,0.0,0.8560302760262289
1776235796014899213,0,-5.191193161113704,-10.444237426162129,0.0,0.513776540413203,0.0,0.0,0.8579240447271776
1776235796034873116,0,-5.191193161113704,-10.444237426162129,0.0,0.510628623544074,0.0,0.0,0.8598013775387222
1776235796054872209,0,-5.191193161113704,-10.444237426162129,0.0,0.5074095487003398,0.0,0.0,0.8617050248708763
1776235796074874150,0,-5.191193161113704,-10.444237426162129,0.0,0.5042951914637807,0.0,0.0,0.8635313311435253
1776235796094896315,0,-5.191193161113704,-10.444237426162129,0.0,0.5011711020417976,0.0,0.0,0.8653482111140058
1776235796114899749,0,-5.191193161113704,-10.444237426162129,0.0,0.49804339862715974,0.0,0.0,0.8671521049296416
1776235796134872577,0,-5.191193161113704,-10.444237426162129,0.0,0.49497474489847837,0.0,0.0,0.8689073609497656
1776235796154874053,0,-5.191193161113704,-10.444237426162129,0.0,0.49195643946059775,0.0,0.0,0.8706198146569208
1776235796174873595,0,-5.191193161113704,-10.444237426162129,0.0,0.4888714399560191,0.0,0.0,0.872355842070957
1776235796194899043,0,-5.191193161113704,-10.444237426162129,0.0,0.48577630641432945,0.0,0.0,0.8740831654519217
1776235796214873573,0,-5.191193161113704,-10.444237426162129,0.0,0.48268296293436597,0.0,0.0,0.8757951571531447
1776235796234874058,0,-5.191193161113704,-10.444237426162129,0.0,0.47957955481391285,0.0,0.0,0.8774984049013931
1776235796254872995,0,-5.191193161113704,-10.444237426162129,0.0,0.4764703774037429,0.0,0.0,0.8791905251176987
1776235796274873535,0,-5.191193161113704,-10.444237426162129,0.0,0.47335497976769164,0.0,0.0,0.8808717631580253
1776235796294895725,0,-5.191193161113704,-10.444237426162129,0.0,0.47029211341895855,0.0,0.0,0.8825108090306483
1776235796314900273,0,-5.191193161113704,-10.444237426162129,0.0,0.4671643731541399,0.0,0.0,0.8841704860803145
1776235796334873095,0,-5.191193161113704,-10.444237426162129,0.0,0.4639207465599349,0.0,0.0,0.8858767075114192
1776235796354872418,0,-5.191193161113704,-10.444237426162129,0.0,0.4607198241085478,0.0,0.0,0.8875456290655646
1776235796374900021,0,-5.191193161113704,-10.444237426162129,0.0,0.4575083589450515,0.0,0.0,0.8892053202131699
1776235796394889136,0,-5.191193161113704,-10.444237426162129,0.0,0.45435942830571535,0.0,0.0,0.8908184494663902
1776235796414873562,0,-5.191193161113704,-10.444237426162129,0.0,0.45126797033324606,0.0,0.0,0.8923884910459752
1776235796434872589,0,-5.191193161113704,-10.444237426162129,0.0,0.44804367139568235,0.0,0.0,0.8940116713568553
1776235796454899944,0,-5.191193161113704,-10.444237426162129,0.0,0.4448717330061348,0.0,0.0,0.8955942949640302
1776235796474872853,0,-5.191193161113704,-10.444237426162129,0.0,0.4416401330162272,0.0,0.0,0.897192283130773
1776235796494824542,0,-5.191193161113704,-10.444237426162129,0.0,0.4385317561592502,0.0,0.0,0.8987156941101473
1776235796514904459,0,-5.191193161113704,-10.444237426162129,0.0,0.4353348269438185,0.0,0.0,0.9002686201627799
1776235796534873476,0,-5.191193161113704,-10.444237426162129,0.0,0.4321501004260898,0.0,0.0,0.9018016914498002
1776235796554872575,0,-5.191193161113704,-10.444237426162129,0.0,0.42901839428159744,0.0,0.0,0.9032957529890417
1776235796574898986,0,-5.191193161113704,-10.444237426162129,0.0,0.4258138160775807,0.0,0.0,0.9048108056590882
1776235796594899490,0,-5.191193161113704,-10.444237426162129,0.0,0.4226080435841787,0.0,0.0,0.9063125517711608
1776235796614898699,0,-5.191193161113704,-10.444237426162129,0.0,0.419397182956383,0.0,0.0,0.9078028436440647
1776235796634872728,0,-5.191193161113704,-10.444237426162129,0.0,0.41618511956941406,0.0,0.0,0.909279905336631
1776235796654872567,0,-5.191193161113704,-10.444237426162129,0.0,0.41296369363145,0.0,0.0,0.9107474884633335
1776235796674900473,0,-5.191193161113704,-10.444237426162129,0.0,0.40973256098203475,0.0,0.0,0.9122056941672219
1776235796694898699,0,-5.191193161113704,-10.444237426162129,0.0,0.40650107913437195,0.0,0.0,0.9136503010794618
1776235796714899448,0,-5.191193161113704,-10.444237426162129,0.0,0.40326409543692643,0.0,0.0,0.9150836406205924
1776235796734900190,0,-5.191193161113704,-10.444237426162129,0.0,0.399957900217912,0.0,0.0,0.9165335116913504
1776235796754873428,0,-5.191193161113704,-10.444237426162129,0.0,0.3965960442735152,0.0,0.0,0.9179932339982686
1776235796774899802,0,-5.191193161113704,-10.444237426162129,0.0,0.39333957809825953,0.0,0.0,0.9193932653122292
1776235796794899298,0,-5.191193161113704,-10.444237426162129,0.0,0.3900180963563175,0.0,0.0,0.9208071918238878
1776235796814899219,0,-5.191193161113704,-10.444237426162129,0.0,0.3867560148075956,0.0,0.0,0.9221820780139608
1776235796834900053,0,-5.191193161113704,-10.444237426162129,0.0,0.3835535873171098,0.0,0.0,0.9235186222573837
1776235796854872181,0,-5.191193161113704,-10.444237426162129,0.0,0.38022184612413323,0.0,0.0,0.9248953171737632
1776235796874897833,0,-5.191193161113704,-10.444237426162129,0.0,0.37694113564099385,0.0,0.0,0.9262372159774611
1776235796894907693,0,-5.191193161113704,-10.444237426162129,0.0,0.3735376357321308,0.0,0.0,0.9276150250463012
1776235796914901738,0,-5.191193161113704,-10.444237426162129,0.0,0.370131795673754,0.0,0.0,0.9289792537141626
1776235796934898832,0,-5.191193161113704,-10.444237426162129,0.0,0.36677626402188246,0.0,0.0,0.9303091809447815
1776235796954874455,0,-5.191193161113704,-10.444237426162129,0.0,0.363419564431257,0.0,0.0,0.9316255793979658
1776235796974910928,0,-5.191193161113704,-10.444237426162129,0.0,0.35999181460285234,0.0,0.0,0.9329554616480604
1776235796994899558,0,-5.191193161113704,-10.444237426162129,0.0,0.35656740052986574,0.0,0.0,0.934269601817042
1776235797014911686,0,-5.191193161113704,-10.444237426162129,0.0,0.3531341552733843,0.0,0.0,0.935572695400712
1776235797034921634,0,-5.191193161113704,-10.444237426162129,0.0,0.34969652269641727,0.0,0.0,0.9368630326862268
1776235797054872892,0,-5.191193161113704,-10.444237426162129,0.0,0.3462642788050589,0.0,0.0,0.9381370098357769
1776235797074909398,0,-5.191193161113704,-10.444237426162129,0.0,0.34281269876479303,0.0,0.0,0.9394037755755505
1776235797094878280,0,-5.191193161113704,-10.444237426162129,0.0,0.3393681571493394,0.0,0.0,0.9406536312123933
1776235797114912303,0,-5.191193161113704,-10.444237426162129,0.0,0.3357851427305474,0.0,0.0,0.941938606237915
1776235797134899407,0,-5.191193161113704,-10.444237426162129,0.0,0.33220567140476265,0.0,0.0,0.9432069719242488
1776235797154871919,0,-5.191193161113704,-10.444237426162129,0.0,0.32868061672834875,0.0,0.0,0.9444411321978052
1776235797174907735,0,-5.191193161113704,-10.444237426162129,0.0,0.32508294061704307,0.0,0.0,0.9456855088874822
1776235797194912919,0,-5.191193161113704,-10.444237426162129,0.0,0.3215428934473605,0.0,0.0,0.9468950140715175
1776235797214904332,0,-5.191193161113704,-10.444237426162129,0.0,0.31794392643137787,0.0,0.0,0.948109518803286
1776235797234898756,0,-5.191193161113704,-10.444237426162129,0.0,0.3143398291612595,0.0,0.0,0.9493105244349028
1776235797254873284,0,-5.191193161113704,-10.444237426162129,0.0,0.3108581928675877,0.0,0.0,0.9504563030077172
1776235797274911166,0,-5.191193161113704,-10.444237426162129,0.0,0.3072373738143455,0.0,0.0,0.9516329103870169
1776235797294912711,0,-5.191193161113704,-10.444237426162129,0.0,0.3035519781162457,0.0,0.0,0.9528148805417106
1776235797314906598,0,-5.191193161113704,-10.444237426162129,0.0,0.2998634490869198,0.0,0.0,0.9539821339530926
1776235797334899895,0,-5.191193161113704,-10.444237426162129,0.0,0.2961132512799076,0.0,0.0,0.9551528372027391
1776235797354872975,0,-5.191193161113704,-10.444237426162129,0.0,0.29248643247612516,0.0,0.0,0.956269672643334
1776235797374899158,0,-5.191193161113704,-10.444237426162129,0.0,0.28884574204156466,0.0,0.0,0.9573756510923275
1776235797394993801,0,-5.191193161113704,-10.444237426162129,0.0,0.28506320908734145,0.0,0.0,0.9585087202654061
1776235797414979165,0,-5.191193161113704,-10.444237426162129,0.0,0.28135437263565344,0.0,0.0,0.9596039375694526
1776235797434993449,0,-5.191193161113704,-10.444237426162129,0.0,0.27763595252245094,0.0,0.0,0.9606863576979489
1776235797454989711,0,-5.191193161113704,-10.444237426162129,0.0,0.2739167222300665,0.0,0.0,0.961753413969889
1776235797474872230,0,-5.191193161113704,-10.444237426162129,0.0,0.27028158110646194,0.0,0.0,0.962781318324463
1776235797494988026,0,-5.191193161113704,-10.444237426162129,0.0,0.2665998646261246,0.0,0.0,0.9638073003361886
1776235797514987397,0,-5.191193161113704,-10.444237426162129,0.0,0.2629934825404729,0.0,0.0,0.964797609937563
1776235797534993139,0,-5.191193161113704,-10.444237426162129,0.0,0.259382271440958,0.0,0.0,0.9657747342222871
1776235797554990513,0,-5.191193161113704,-10.444237426162129,0.0,0.25576894289368013,0.0,0.0,0.9667379416631218
1776235797574981405,0,-5.191193161113704,-10.444237426162129,0.0,0.2521532106630707,0.0,0.0,0.9676873246830844
1776235797594990133,0,-5.191193161113704,-10.444237426162129,0.0,0.2484047459509261,0.0,0.0,0.9686563282140142
1776235797614982915,0,-5.191193161113704,-10.444237426162129,0.0,0.24465554944514253,0.0,0.0,0.9696100567370861
1776235797634871970,0,-5.191193161113704,-10.444237426162129,0.0,0.24079669842208484,0.0,0.0,0.9705755766703712
1776235797654982340,0,-5.191193161113704,-10.444237426162129,0.0,0.23689103440605372,0.0,0.0,0.971536225684884
1776235797674988987,0,-5.191193161113704,-10.444237426162129,0.0,0.2328752461430641,0.0,0.0,0.9725066168072108
1776235797694975426,0,-5.191193161113704,-10.444237426162129,0.0,0.22879144880599125,0.0,0.0,0.9734754608891051
1776235797714975983,0,-5.191193161113704,-10.444237426162129,0.0,0.22470073210207545,0.0,0.0,0.9744278223618162
1776235797734888558,0,-5.191193161113704,-10.444237426162129,0.0,0.22062407244553595,0.0,0.0,0.9753589178643659
1776235797754874270,0,-5.191193161113704,-10.444237426162129,0.0,0.21659685054063188,0.0,0.0,0.9762611353197869
1776235797774873169,0,-5.191193161113704,-10.444237426162129,0.0,0.21243625449910838,0.0,0.0,0.9771749269063293
1776235797794873629,0,-5.191193161113704,-10.444237426162129,0.0,0.2082714784779355,0.0,0.0,0.9780710563413145
1776235797814872767,0,-5.191193161113704,-10.444237426162129,0.0,0.20423045464076728,0.0,0.0,0.9789228373049765
1776235797834870877,0,-5.191193161113704,-10.444237426162129,0.0,0.20018615555558963,0.0,0.0,0.9797578798478087
1776235797854870991,0,-5.191193161113704,-10.444237426162129,0.0,0.19633414904337154,0.0,0.0,0.9805370477036628
1776235797874822734,0,-5.191193161113704,-10.444237426162129,0.0,0.19241991163229435,0.0,0.0,0.9813126808553021
1776235797894984741,0,-5.191193161113704,-10.444237426162129,0.0,0.18846131127206872,0.0,0.0,0.9820806148955453
1776235797915021640,0,-5.191193161113704,-10.444237426162129,0.0,0.1845242384720707,0.0,0.0,0.9828279632856924
1776235797935004799,0,-5.191193161113704,-10.444237426162129,0.0,0.1806635642796263,0.0,0.0,0.983544954001484
1776235797954982487,0,-5.191193161113704,-10.444237426162129,0.0,0.17692897050786463,0.0,0.0,0.9842236226564709
1776235797974996201,0,-5.191193161113704,-10.444237426162129,0.0,0.17305696109775653,0.0,0.0,0.9849118174819559
1776235797994909495,0,-5.191193161113704,-10.444237426162129,0.0,0.1692017232253135,0.0,0.0,0.985581441007076
1776235798014992215,0,-5.191193161113704,-10.444237426162129,0.0,0.16524173775455483,0.0,0.0,0.9862530953583136
1776235798035002030,0,-5.191193161113704,-10.444237426162129,0.0,0.16136259355917043,0.0,0.0,0.9868951886597979
1776235798054989502,0,-5.191193161113704,-10.444237426162129,0.0,0.1574852903058365,0.0,0.0,0.9875213331049039
1776235798074991401,0,-5.191193161113704,-10.444237426162129,0.0,0.1535335802705508,0.0,0.0,0.9881434307474327
1776235798094984659,0,-5.191193161113704,-10.444237426162129,0.0,0.14958112199171833,0.0,0.0,0.9887494566085478
1776235798114982555,0,-5.191193161113704,-10.444237426162129,0.0,0.1454967526266334,0.0,0.0,0.9893587291650608
1776235798134981876,0,-5.191193161113704,-10.444237426162129,0.0,0.14147890463410717,0.0,0.0,0.989941270754752
1776235798154977981,0,-5.191193161113704,-10.444237426162129,0.0,0.13732072600980502,0.0,0.0,0.9905266367989001
1776235798174990584,0,-5.191193161113704,-10.444237426162129,0.0,0.13322611230173595,0.0,0.0,0.9910856688505617
1776235798194989994,0,-5.191193161113704,-10.444237426162129,0.0,0.12920133640119694,0.0,0.0,0.991618381572339
1776235798214867848,0,-5.191193161113704,-10.444237426162129,0.0,0.12519891267354916,0.0,0.0,0.9921316607514151
1776235798234874900,0,-5.191193161113704,-10.444237426162129,0.0,0.12116841644194185,0.0,0.0,0.992631963447154
1776235798254874812,0,-5.191193161113704,-10.444237426162129,0.0,0.11719694724969996,0.0,0.0,0.9931086927196595
1776235798274873044,0,-5.191193161113704,-10.444237426162129,0.0,0.11316432783635244,0.0,0.0,0.9935762853980294
1776235798294872386,0,-5.191193161113704,-10.444237426162129,0.0,0.10918925873337168,0.0,0.0,0.9940209785398177
1776235798314873388,0,-5.191193161113704,-10.444237426162129,0.0,0.10521211256219515,0.0,0.0,0.9944498033436379
1776235798334873745,0,-5.191193161113704,-10.444237426162129,0.0,0.10136274488586788,0.0,0.0,0.9948495333210959
1776235798354874599,0,-5.191193161113704,-10.444237426162129,0.0,0.0974520464377992,0.0,0.0,0.9952402215772256
1776235798374822650,0,-5.191193161113704,-10.444237426162129,0.0,0.09348066080197204,0.0,0.0,0.9956210956262561
1776235798394875554,0,-5.191193161113704,-10.444237426162129,0.0,0.08948690079078456,0.0,0.0,0.995987999218294
1776235798414873432,0,-5.191193161113704,-10.444237426162129,0.0,0.08557240234945557,0.0,0.0,0.9963319546999096
1776235798434873075,0,-5.191193161113704,-10.444237426162129,0.0,0.08171603540871325,0.0,0.0,0.9966556524482676
1776235798454874258,0,-5.191193161113704,-10.444237426162129,0.0,0.0777983259084646,0.0,0.0,0.9969691171173961
1776235798474890730,0,-5.191193161113704,-10.444237426162129,0.0,0.07380655221466728,0.0,0.0,0.9972725770070004
1776235798494873555,0,-5.191193161113704,-10.444237426162129,0.0,0.0696907368642088,0.0,0.0,0.9975686448537382
1776235798514899493,0,-5.191193161113704,-10.444237426162129,0.0,0.06569473894808729,0.0,0.0,0.9978397673346872
1776235798534872392,0,-5.191193161113704,-10.444237426162129,0.0,0.06164847033644459,0.0,0.0,0.9980979241062354
1776235798554873131,0,-5.191193161113704,-10.444237426162129,0.0,0.05759554615229443,0.0,0.0,0.9983399987296006
1776235798574873519,0,-5.191193161113704,-10.444237426162129,0.0,0.05347184259525075,0.0,0.0,0.9985693576559761
1776235798594872523,0,-5.191193161113704,-10.444237426162129,0.0,0.049347512388097266,0.0,0.0,0.9987816693457617
1776235798614872451,0,-5.191193161113704,-10.444237426162129,0.0,0.0453520159104448,0.0,0.0,0.9989710679758742
1776235798634875988,0,-5.191193161113704,-10.444237426162129,0.0,0.041355072624202995,0.0,0.0,0.999144513055167
1776235798654873591,0,-5.191193161113704,-10.444237426162129,0.0,0.037228759583134326,0.0,0.0,0.9993067694456499
1776235798674872977,0,-5.191193161113704,-10.444237426162129,0.0,0.03323136800751424,0.0,0.0,0.9994476855645568
1776235798694873648,0,-5.191193161113704,-10.444237426162129,0.0,0.029233187873214914,0.0,0.0,0.9995726190361405
1776235798714896288,0,-5.191193161113704,-10.444237426162129,0.0,0.025170098908548922,0.0,0.0,0.9996831828739212
1776235798734873297,0,-5.191193161113704,-10.444237426162129,0.0,0.021115855139114324,0.0,0.0,0.9997770354742821
1776235798754886404,0,-5.191193161113704,-10.444237426162129,0.0,0.016983901554548885,0.0,0.0,0.9998557631418571
1776235798774891992,0,-5.191193161113704,-10.444237426162129,0.0,0.01285321044307282,0.0,0.0,0.9999173940787839
1776235798794822546,0,-5.191193161113704,-10.444237426162129,0.0,0.008737793903522697,0.0,0.0,0.9999618247501749
1776235798814894762,0,-5.191193161113704,-10.444237426162129,0.0,0.004592976466162354,0.0,0.0,0.9999894522279629
1776235798834971152,0,-5.191193161113704,-10.444237426162129,0.0,0.00031672154907215147,0.0,0.0,0.9999999498437289
1776235798854823537,0,-5.191193161113704,-10.444237426162129,0.0,-0.003981309263676496,-0.0,0.0,0.9999920745568671
1776235798875010174,0,-5.191193161113704,-10.444237426162129,0.0,-0.00835162958487072,-0.0,0.0,0.9999651245334895
1776235798894993623,0,-5.191193161113704,-10.444237426162129,0.0,-0.012607867257911668,-0.0,0.0,0.999920517682884
1776235798915000194,0,-5.191193161113704,-10.444237426162129,0.0,-0.016938813779222343,-0.0,0.0,0.9998565280017693
1776235798934989090,0,-5.191193161113704,-10.444237426162129,0.0,-0.02126561673619898,-0.0,0.0,0.9997738612030368
1776235798954982179,0,-5.191193161113704,-10.444237426162129,0.0,-0.025652888612727336,-0.0,0.0,0.999670910502963
1776235798975014315,0,-5.191193161113704,-10.444237426162129,0.0,-0.030048233394211938,-0.0,0.0,0.9995484498861908
1776235798994994526,0,-5.191193161113704,-10.444237426162129,0.0,-0.034301811674721606,-0.0,0.0,0.9994115197033863
1776235799014987579,0,-5.191193161113704,-10.444237426162129,0.0,-0.03862742555279841,-0.0,0.0,0.9992536825026781
1776235799034982644,0,-5.191193161113704,-10.444237426162129,0.0,-0.042952750909305,-0.0,0.0,0.999077104726819
1776235799054982762,0,-5.191193161113704,-10.444237426162129,0.0,-0.04727836409878803,-0.0,0.0,0.9988817529057894
1776235799074979690,0,-5.191193161113704,-10.444237426162129,0.0,-0.05153250502586596,-0.0,0.0,0.9986713177646382
1776235799094982763,0,-5.191193161113704,-10.444237426162129,0.0,-0.055727101909129655,-0.0,0.0,0.9984460376569229
1776235799114977869,0,-5.191193161113704,-10.444237426162129,0.0,-0.059919045401973674,-0.0,0.0,0.9982032398254957
1776235799134982152,0,-5.191193161113704,-10.444237426162129,0.0,-0.06404198454707671,-0.0,0.0,0.997947205124235
1776235799154986528,0,-5.191193161113704,-10.444237426162129,0.0,-0.06816385002797733,-0.0,0.0,0.9976741399622241
1776235799174991057,0,-5.191193161113704,-10.444237426162129,0.0,-0.07221475098632728,-0.0,0.0,0.9973891064875247
1776235799194979787,0,-5.191193161113704,-10.444237426162129,0.0,-0.07626126319138034,-0.0,0.0,0.9970878696165424
1776235799214914010,0,-5.191193161113704,-10.444237426162129,0.0,-0.08029549056605667,-0.0,0.0,0.9967711042133777
1776235799234986437,0,-5.191193161113704,-10.444237426162129,0.0,-0.08449636384611074,-0.0,0.0,0.9964237876008308
1776235799255003148,0,-5.191193161113704,-10.444237426162129,0.0,-0.08861429889106447,-0.0,0.0,0.9960660148966257
1776235799274979827,0,-5.191193161113704,-10.444237426162129,0.0,-0.09279210586782927,-0.0,0.0,0.9956855051112342
1776235799294990845,0,-5.191193161113704,-10.444237426162129,0.0,-0.09710491486692029,-0.0,0.0,0.9952741509296261
1776235799314986122,0,-5.191193161113704,-10.444237426162129,0.0,-0.10141251089586509,-0.0,0.0,0.9948444615284321
1776235799334975488,0,-5.191193161113704,-10.444237426162129,0.0,-0.10577656587587393,-0.0,0.0,0.9943899225713758
1776235799355000699,0,-5.191193161113704,-10.444237426162129,0.0,-0.11014640459710423,-0.0,0.0,0.9939153734369597
1776235799374985722,0,-5.191193161113704,-10.444237426162129,0.0,-0.1145748391952564,-0.0,0.0,0.9934146194934828
1776235799395006542,0,-5.191193161113704,-10.444237426162129,0.0,-0.11900892413542832,-0.0,0.0,0.9928931845753237
1776235799414982071,0,-5.191193161113704,-10.444237426162129,0.0,-0.12343061421520328,-0.0,0.0,0.9923532050003454
1776235799434984246,0,-5.191193161113704,-10.444237426162129,0.0,-0.12791526199625744,-0.0,0.0,0.9917851005880401
1776235799454986352,0,-5.191193161113704,-10.444237426162129,0.0,-0.13226841031654146,-0.0,0.0,0.9912139363590158
1776235799474965477,0,-5.191193161113704,-10.444237426162129,0.0,-0.13661401197987466,-0.0,0.0,0.990624354501121
1776235799494979923,0,-5.191193161113704,-10.444237426162129,0.0,-0.14109345533722875,-0.0,0.0,0.9899962812359455
1776235799514979248,0,-5.191193161113704,-10.444237426162129,0.0,-0.14543801898744624,-0.0,0.0,0.989367364851402
1776235799534987003,0,-5.191193161113704,-10.444237426162129,0.0,-0.1498508462457266,-0.0,0.0,0.9887086142435696
1776235799554822824,0,-5.191193161113704,-10.444237426162129,0.0,-0.15409541627573228,-0.0,0.0,0.98805597143219
1776235799574824461,0,-5.191193161113704,-10.444237426162129,0.0,-0.1583725906268222,-0.0,0.0,0.9873794217716657
1776235799594986480,0,-5.191193161113704,-10.444237426162129,0.0,-0.1626810554343024,-0.0,0.0,0.9866787087004469
1776235799614982012,0,-5.191193161113704,-10.444237426162129,0.0,-0.16701002660394668,-0.0,0.0,0.9859551972649412
1776235799634979182,0,-5.191193161113704,-10.444237426162129,0.0,-0.17133613480688764,-0.0,0.0,0.985212631318456
1776235799654986566,0,-5.191193161113704,-10.444237426162129,0.0,-0.1756611490546342,-0.0,0.0,0.984450689833069
1776235799674978699,0,-5.191193161113704,-10.444237426162129,0.0,-0.1801073076660912,-0.0,0.0,0.9836469680354186
1776235799694981579,0,-5.191193161113704,-10.444237426162129,0.0,-0.184424389884935,-0.0,0.0,0.982846704433387
1776235799714982286,0,-5.191193161113704,-10.444237426162129,0.0,-0.18886511476241905,-0.0,0.0,0.982003038908627
1776235799735024263,0,-5.191193161113704,-10.444237426162129,0.0,-0.19331113188138238,-0.0,0.0,0.9811375063112912
1776235799754979064,0,-5.191193161113704,-10.444237426162129,0.0,-0.19787079396141657,-0.0,0.0,0.9802281106441901
1776235799774991962,0,-5.191193161113704,-10.444237426162129,0.0,-0.2024394349069097,-0.0,0.0,0.979294784625432
1776235799794976663,0,-5.191193161113704,-10.444237426162129,0.0,-0.20699724649246176,-0.0,0.0,0.9783415252070919
1776235799814984447,0,-5.191193161113704,-10.444237426162129,0.0,-0.21155582649946594,-0.0,0.0,0.9773659152406164
1776235799835030746,0,-5.191193161113704,-10.444237426162129,0.0,-0.2162457906333571,-0.0,0.0,0.9763389565275752
1776235799854981211,0,-5.191193161113704,-10.444237426162129,0.0,-0.22084028301213163,-0.0,0.0,0.9753099863115939
1776235799874977314,0,-5.191193161113704,-10.444237426162129,0.0,-0.22550855722687718,-0.0,0.0,0.9742411870873928
1776235799894874870,0,-5.191193161113704,-10.444237426162129,0.0,-0.23014869101885665,-0.0,0.0,0.973155475770602
1776235799914904711,0,-5.191193161113704,-10.444237426162129,0.0,-0.23474624986128725,-0.0,0.0,0.9720566846517039
1776235799934982793,0,-5.191193161113704,-10.444237426162129,0.0,-0.23947632949915054,-0.0,0.0,0.9709022029069737
1776235799954970914,0,-5.191193161113704,-10.444237426162129,0.0,-0.24412142706617612,-0.0,0.0,0.9697446719869998
1776235799974981093,0,-5.191193161113704,-10.444237426162129,0.0,-0.24882419003127396,-0.0,0.0,0.9685486680881248
1776235799994980984,0,-5.191193161113704,-10.444237426162129,0.0,-0.2534606406601184,-0.0,0.0,0.9673457001693667
1776235800014991478,0,-5.191193161113704,-10.444237426162129,0.0,-0.25827738368916014,-0.0,0.0,0.9660708012742557
1776235800034824390,0,-5.191193161113704,-10.444237426162129,0.0,-0.26292067811628844,-0.0,0.0,0.9648174526918919
1776235800054896414,0,-5.191193161113704,-10.444237426162129,0.0,-0.2678071547502935,-0.0,0.0,0.9634725361236575
1776235800074977854,0,-5.191193161113704,-10.444237426162129,0.0,-0.2726214177455631,-0.0,0.0,0.9621213866173016
1776235800094874088,0,-5.191193161113704,-10.444237426162129,0.0,-0.27745146163159734,-0.0,0.0,0.9607396559102213
1776235800114982170,0,-5.191193161113704,-10.444237426162129,0.0,-0.28225830307570254,-0.0,0.0,0.9593384441086602
1776235800135011500,0,-5.191193161113704,-10.444237426162129,0.0,-0.28710643648026846,-0.0,0.0,0.9578986867783051
1776235800154973286,0,-5.191193161113704,-10.444237426162129,0.0,-0.29193091458022036,-0.0,0.0,0.9564394079670474
1776235800174915316,0,-5.191193161113704,-10.444237426162129,0.0,-0.2966194255195584,-0.0,0.0,0.9549957677416414
1776235800194824046,0,-5.191193161113704,-10.444237426162129,0.0,-0.30134993692199,-0.0,0.0,0.9535136158005887
1776235800214821415,0,-5.191193161113704,-10.444237426162129,0.0,-0.306036941651587,-0.0,0.0,0.9520196375834603
1776235800235003117,0,-5.191193161113704,-10.444237426162129,0.0,-0.31081718807760284,-0.0,0.0,0.9504697131395256
1776235800254985597,0,-5.191193161113704,-10.444237426162129,0.0,-0.3154856286430104,-0.0,0.0,0.9489303547256377
1776235800274994416,0,-5.191193161113704,-10.444237426162129,0.0,-0.32002936948912236,-0.0,0.0,0.947407622232582
1776235800294981016,0,-5.191193161113704,-10.444237426162129,0.0,-0.32461744111717844,-0.0,0.0,0.9458453980025145
1776235800314981633,0,-5.191193161113704,-10.444237426162129,0.0,-0.329201096831385,-0.0,0.0,0.9442598359800194
1776235800334874098,0,-5.191193161113704,-10.444237426162129,0.0,-0.33375228553058406,-0.0,0.0,0.9426608148762265
1776235800354981242,0,-5.191193161113704,-10.444237426162129,0.0,-0.3383446975073751,-0.0,0.0,0.9410222450445276
1776235800374982275,0,-5.191193161113704,-10.444237426162129,0.0,-0.3428485277532712,-0.0,0.0,0.9393906998780722
1776235800394993400,0,-5.191193161113704,-10.444237426162129,0.0,-0.34740305238398494,-0.0,0.0,0.9377159053755515
1776235800414981819,0,-5.191193161113704,-10.444237426162129,0.0,-0.35188811274577614,-0.0,0.0,0.9360420696251937
1776235800434983103,0,-5.191193161113704,-10.444237426162129,0.0,-0.35642405140384775,-0.0,0.0,0.9343242989352611
1776235800454825279,0,-5.191193161113704,-10.444237426162129,0.0,-0.36091562219377193,-0.0,0.0,0.9325984739728467
1776235800474904365,0,-5.191193161113704,-10.444237426162129,0.0,-0.3655737973651753,-0.0,0.0,0.9307823583846042
1776235800494987380,0,-5.191193161113704,-10.444237426162129,0.0,-0.3701677747267765,-0.0,0.0,0.92896491782727
1776235800514978025,0,-5.191193161113704,-10.444237426162129,0.0,-0.37485211758569037,-0.0,0.0,0.9270846185443504
1776235800534974095,0,-5.191193161113704,-10.444237426162129,0.0,-0.37946342625414115,-0.0,0.0,0.9252067380512682
1776235800554977786,0,-5.191193161113704,-10.444237426162129,0.0,-0.38425176741828326,-0.0,0.0,0.9232283462047326
1776235800574990067,0,-5.191193161113704,-10.444237426162129,0.0,-0.3889120078575694,-0.0,0.0,0.9212749047619793
1776235800594991192,0,-5.191193161113704,-10.444237426162129,0.0,-0.3937435904458461,-0.0,0.0,0.9192203136260718
1776235800614985514,0,-5.191193161113704,-10.444237426162129,0.0,-0.3984343142721618,-0.0,0.0,0.9171968693854511
1776235800634973004,0,-5.191193161113704,-10.444237426162129,0.0,-0.4031770623315191,-0.0,0.0,0.9151219899061143
1776235800654988987,0,-5.191193161113704,-10.444237426162129,0.0,-0.40779695259106064,-0.0,0.0,0.9130726397485822
1776235800674980433,0,-5.191193161113704,-10.444237426162129,0.0,-0.4122823992206025,-0.0,0.0,0.9110561032630777
1776235800694995026,0,-5.191193161113704,-10.444237426162129,0.0,-0.41681763041199227,-0.0,0.0,0.908990133597572
1776235800714995796,0,-5.191193161113704,-10.444237426162129,0.0,-0.42116706203909693,-0.0,0.0,0.9069830791439031
1776235800734981907,0,-5.191193161113704,-10.444237426162129,0.0,-0.42550365249437416,-0.0,0.0,0.904956707093741
1776235800754912061,0,-5.191193161113704,-10.444237426162129,0.0,-0.4299353587313046,-0.0,0.0,0.9028596719937071
1776235800774901307,0,-5.191193161113704,-10.444237426162129,0.0,-0.43407271764045224,-0.0,0.0,0.9008778362243308
1776235800794986635,0,-5.191193161113704,-10.444237426162129,0.0,-0.4384012938960591,-0.0,0.0,0.8987793419467657
1776235800814981332,0,-5.191193161113704,-10.444237426162129,0.0,-0.44245820948710285,-0.0,0.0,0.8967891239625216
1776235800834983191,0,-5.191193161113704,-10.444237426162129,0.0,-0.4467491354202556,-0.0,0.0,0.8946592703377382
1776235800854985842,0,-5.191193161113704,-10.444237426162129,0.0,-0.4509139330677323,-0.0,0.0,0.8925674344078371
1776235800874989310,0,-5.191193161113704,-10.444237426162129,0.0,-0.4552383137717424,-0.0,0.0,0.8903696298022865
1776235800894982109,0,-5.191193161113704,-10.444237426162129,0.0,-0.4594964137129414,-0.0,0.0,0.8881796247296745
1776235800914988288,0,-5.191193161113704,-10.444237426162129,0.0,-0.46391519507918616,-0.0,0.0,0.8858796147189756
1776235800934973839,0,-5.191193161113704,-10.444237426162129,0.0,-0.4682649498021857,-0.0,0.0,0.8835881035792393
1776235800954985510,0,-5.191193161113704,-10.444237426162129,0.0,-0.4727765791221018,-0.0,0.0,0.8811823342723134
1776235800974986710,0,-5.191193161113704,-10.444237426162129,0.0,-0.47715924905106366,-0.0,0.0,0.8788168472696828
1776235800994988060,0,-5.191193161113704,-10.444237426162129,0.0,-0.48164405587981396,-0.0,0.0,0.8763669342436664
1776235801014991220,0,-5.191193161113704,-10.444237426162129,0.0,-0.4860642457978576,-0.0,0.0,0.8739230795424503
1776235801034977398,0,-5.191193161113704,-10.444237426162129,0.0,-0.4905205495699241,-0.0,0.0,0.8714296244962181
1776235801054986570,0,-5.191193161113704,-10.444237426162129,0.0,-0.4949170080965485,-0.0,0.0,0.868940248289122
1776235801074987717,0,-5.191193161113704,-10.444237426162129,0.0,-0.49918643141248575,-0.0,0.0,0.8664946085773804
1776235801094985807,0,-5.191193161113704,-10.444237426162129,0.0,-0.5035554286405407,-0.0,0.0,0.8639629218239874
1776235801114974115,0,-5.191193161113704,-10.444237426162129,0.0,-0.507797536760111,-0.0,0.0,0.861476442893457
1776235801135008510,0,-5.191193161113704,-10.444237426162129,0.0,-0.5120887311220543,-0.0,0.0,0.8589325534975399
1776235801154983328,0,-5.191193161113704,-10.444237426162129,0.0,-0.5163544778005722,-0.0,0.0,0.8563749489886415
1776235801174990699,0,-5.191193161113704,-10.444237426162129,0.0,-0.5205033334272312,-0.0,0.0,0.8538596371132322
1776235801194986147,0,-5.191193161113704,-10.444237426162129,0.0,-0.5247481176215165,-0.0,0.0,0.8512575480150969
1776235801214981965,0,-5.191193161113704,-10.444237426162129,0.0,-0.5288187556939249,-0.0,0.0,0.8487347781411629
1776235801234984971,0,-5.191193161113704,-10.444237426162129,0.0,-0.5330395132330691,-0.0,0.0,0.8460903482088972
1776235801254981507,0,-5.191193161113704,-10.444237426162129,0.0,-0.5371360577032939,-0.0,0.0,0.8434956167728223
1776235801274826030,0,-5.191193161113704,-10.444237426162129,0.0,-0.541247378061908,-0.0,0.0,0.8408634108707014
1776235801294875526,0,-5.191193161113704,-10.444237426162129,0.0,-0.5453292450361513,-0.0,0.0,0.8382219363082197
1776235801314890253,0,-5.191193161113704,-10.444237426162129,0.0,-0.5494497072079045,-0.0,0.0,0.8355267914610207
1776235801334993285,0,-5.191193161113704,-10.444237426162129,0.0,-0.5535749406687823,-0.0,0.0,0.8327993666325366
1776235801354988909,0,-5.191193161113704,-10.444237426162129,0.0,-0.5577144954891894,-0.0,0.0,0.8300328556877968
1776235801374984836,0,-5.191193161113704,-10.444237426162129,0.0,-0.5617906617606555,-0.0,0.0,0.8272794282215198
1776235801394984534,0,-5.191193161113704,-10.444237426162129,0.0,-0.5659611786916767,-0.0,0.0,0.8244318917981812
1776235801414894924,0,-5.191193161113704,-10.444237426162129,0.0,-0.5699924050560801,-0.0,0.0,0.8216499608582633
1776235801434986001,0,-5.191193161113704,-10.444237426162129,0.0,-0.5740957056776566,-0.0,0.0,0.8187882026033799
1776235801454823509,0,-5.191193161113704,-10.444237426162129,0.0,-0.5780845625037061,-0.0,0.0,0.815976861556073
1776235801474822269,0,-5.191193161113704,-10.444237426162129,0.0,-0.5821406910465685,-0.0,0.0,0.8130880738442937
1776235801494822688,0,-5.191193161113704,-10.444237426162129,0.0,-0.5861827187653298,-0.0,0.0,0.8101788816186746
1776235801514823820,0,-5.191193161113704,-10.444237426162129,0.0,-0.5901619130251087,-0.0,0.0,0.8072849041165975
1776235801534820402,0,-5.191193161113704,-10.444237426162129,0.0,-0.5941741725310026,-0.0,0.0,0.804336405179511
1776235801554819574,0,-5.191193161113704,-10.444237426162129,0.0,-0.5981241371573651,-0.0,0.0,0.8014034667692407
1776235801574821962,0,-5.191193161113704,-10.444237426162129,0.0,-0.6020602562620297,-0.0,0.0,0.7984506545990798
1776235801594993572,0,-5.191193161113704,-10.444237426162129,0.0,-0.6061192032160935,-0.0,0.0,0.7953738187121122
1776235801614872689,0,-5.191193161113704,-10.444237426162129,0.0,-0.6098439929407256,-0.0,0.0,0.792521485055208
1776235801634977852,0,-5.191193161113704,-10.444237426162129,0.0,-0.6139070079346972,-0.0,0.0,0.7893783539017697
1776235801654983477,0,-5.191193161113704,-10.444237426162129,0.0,-0.6176821325156424,-0.0,0.0,0.7864278626618773
1776235801674986009,0,-5.191193161113704,-10.444237426162129,0.0,-0.6215443541260861,-0.0,0.0,0.7833789733289925
1776235801694981290,0,-5.191193161113704,-10.444237426162129,0.0,-0.6252887127008909,-0.0,0.0,0.7803935070007071
1776235801714955697,0,-5.191193161113704,-10.444237426162129,0.0,-0.6290148449533497,-0.0,0.0,0.7773932883864598
1776235801734989058,0,-5.191193161113704,-10.444237426162129,0.0,-0.6327840541149625,-0.0,0.0,0.7743283159344182
1776235801754980266,0,-5.191193161113704,-10.444237426162129,0.0,-0.6364841891739266,-0.0,0.0,0.7712897490123989
1776235801774998069,0,-5.191193161113704,-10.444237426162129,0.0,-0.6402207605275124,-0.0,0.0,0.7681909774200512
1776235801794985457,0,-5.191193161113704,-10.444237426162129,0.0,-0.6439901227340077,-0.0,0.0,0.7650338043649036
1776235801815012636,0,-5.191193161113704,-10.444237426162129,0.0,-0.647751373425773,-0.0,0.0,0.7618517954464796
1776235801834975254,0,-5.191193161113704,-10.444237426162129,0.0,-0.6515302861035148,-0.0,0.0,0.7586226244252621
1776235801854982533,0,-5.191193161113704,-10.444237426162129,0.0,-0.6553015011202746,-0.0,0.0,0.7553674222717807
1776235801874983323,0,-5.191193161113704,-10.444237426162129,0.0,-0.6591078844725828,-0.0,0.0,0.7520484004544364
1776235801894976864,0,-5.191193161113704,-10.444237426162129,0.0,-0.6628436927238394,-0.0,0.0,0.7487577972991162
1776235801914874968,0,-5.191193161113704,-10.444237426162129,0.0,-0.666545357946651,-0.0,0.0,0.745464476551211
1776235801934994331,0,-5.191193161113704,-10.444237426162129,0.0,-0.6702715473968729,-0.0,0.0,0.7421159294545574
1776235801954822730,0,-5.191193161113704,-10.444237426162129,0.0,-0.6739273907283605,-0.0,0.0,0.7387975852871094
1776235801974822033,0,-5.191193161113704,-10.444237426162129,0.0,-0.6775539775161363,-0.0,0.0,0.7354730501874716
1776235801994823616,0,-5.191193161113704,-10.444237426162129,0.0,-0.6811645749740309,-0.0,0.0,0.7321303311572659
1776235802014820722,0,-5.191193161113704,-10.444237426162129,0.0,-0.6846631463444242,-0.0,0.0,0.7288596408347451
1776235802034984524,0,-5.191193161113704,-10.444237426162129,0.0,-0.6883651432203154,-0.0,0.0,0.7253643426577259
1776235802054980830,0,-5.191193161113704,-10.444237426162129,0.0,-0.6918744037949811,-0.0,0.0,0.7220178733060141
1776235802074978957,0,-5.191193161113704,-10.444237426162129,0.0,-0.6954611234279262,-0.0,0.0,0.7185637242446676
1776235802094982225,0,-5.191193161113704,-10.444237426162129,0.0,-0.6988956119667469,-0.0,0.0,0.7152236877883914
1776235802114913263,0,-5.191193161113704,-10.444237426162129,0.0,-0.7023939644127557,-0.0,0.0,0.7117883946486712
1776235802135011470,0,-5.191193161113704,-10.444237426162129,0.0,-0.7059045602238598,-0.0,0.0,0.7083069616029191
1776235802155003869,0,-5.191193161113704,-10.444237426162129,0.0,-0.7093795549083696,-0.0,0.0,0.7048266787501757
1776235802174997849,0,-5.191193161113704,-10.444237426162129,0.0,-0.7128376639160277,-0.0,0.0,0.7013290703391243
1776235802195012080,0,-5.191193161113704,-10.444237426162129,0.0,-0.7163239014687086,-0.0,0.0,0.6977679185693821
1776235802215008752,0,-5.191193161113704,-10.444237426162129,0.0,-0.7198378971400438,-0.0,0.0,0.6941422057770293
1776235802234960374,0,-5.191193161113704,-10.444237426162129,0.0,-0.7233670155250026,-0.0,0.0,0.6904637288449341
1776235802254915873,0,-5.191193161113704,-10.444237426162129,0.0,-0.7267478087532722,-0.0,0.0,0.6869043765127119
1776235802275008882,0,-5.191193161113704,-10.444237426162129,0.0,-0.7302646210401957,-0.0,0.0,0.683164389628894
1776235802294910944,0,-5.191193161113704,-10.444237426162129,0.0,-0.7336005650892023,-0.0,0.0,0.6795809082815695
1776235802314910413,0,-5.191193161113704,-10.444237426162129,0.0,-0.7370635386719012,-0.0,0.0,0.6758234532482982
1776235802335010768,0,-5.191193161113704,-10.444237426162129,0.0,-0.7403962502541555,-0.0,0.0,0.6721706573553966
1776235802355002910,0,-5.191193161113704,-10.444237426162129,0.0,-0.7437799304066298,-0.0,0.0,0.6684245769900362
1776235802375019201,0,-5.191193161113704,-10.444237426162129,0.0,-0.746975733289269,-0.0,0.0,0.6648513020796145
1776235802394959927,0,-5.191193161113704,-10.444237426162129,0.0,-0.7501819597791017,-0.0,0.0,0.6612314475446447
1776235802415017072,0,-5.191193161113704,-10.444237426162129,0.0,-0.7533892092839517,-0.0,0.0,0.6575748621522131
1776235802435003941,0,-5.191193161113704,-10.444237426162129,0.0,-0.7566524386481995,-0.0,0.0,0.6538173193543687
1776235802454997353,0,-5.191193161113704,-10.444237426162129,0.0,-0.7597290054972164,-0.0,0.0,0.6502398312978147
1776235802475022115,0,-5.191193161113704,-10.444237426162129,0.0,-0.7629617514905261,-0.0,0.0,0.6464436292226172
1776235802495011505,0,-5.191193161113704,-10.444237426162129,0.0,-0.7660028457055412,-0.0,0.0,0.6428371802960785
1776235802515004962,0,-5.191193161113704,-10.444237426162129,0.0,-0.7691936219483156,-0.0,0.0,0.6390157838066534
1776235802535004758,0,-5.191193161113704,-10.444237426162129,0.0,-0.7722837583524578,-0.0,0.0,0.6352777318504109
1776235802555001813,0,-5.191193161113704,-10.444237426162129,0.0,-0.7754373888749447,-0.0,0.0,0.6314244657398126
1776235802575015560,0,-5.191193161113704,-10.444237426162129,0.0,-0.7785744022505732,-0.0,0.0,0.6275523087043523
1776235802595010677,0,-5.191193161113704,-10.444237426162129,0.0,-0.7816081234920722,-0.0,0.0,0.6237697822844592
1776235802614999844,0,-5.191193161113704,-10.444237426162129,0.0,-0.7847464856124108,-0.0,0.0,0.6198168707924707
1776235802635014000,0,-5.191193161113704,-10.444237426162129,0.0,-0.7877886194323477,-0.0,0.0,0.6159456884278643
1776235802654996412,0,-5.191193161113704,-10.444237426162129,0.0,-0.7908435672679571,-0.0,0.0,0.6120183429529642
1776235802675013838,0,-5.191193161113704,-10.444237426162129,0.0,-0.7938842378586342,-0.0,0.0,0.6080689244482204
1776235802695009306,0,-5.191193161113704,-10.444237426162129,0.0,-0.79686564290227,-0.0,0.0,0.6041565584862518
1776235802715017967,0,-5.191193161113704,-10.444237426162129,0.0,-0.7998657431713381,-0.0,0.0,0.6001789673930293
1776235802735010537,0,-5.191193161113704,-10.444237426162129,0.0,-0.8028436005845366,-0.0,0.0,0.5961896954832892
1776235802755035728,0,-5.191193161113704,-10.444237426162129,0.0,-0.8058063720654481,-0.0,0.0,0.5921791035984979
1776235802774917345,0,-5.191193161113704,-10.444237426162129,0.0,-0.8086929985176688,-0.0,0.0,0.5882309360689063
1776235802794919360,0,-5.191193161113704,-10.444237426162129,0.0,-0.8116535374689567,-0.0,0.0,0.5841391402004567
1776235802814912795,0,-5.191193161113704,-10.444237426162129,0.0,-0.8145515254288618,-0.0,0.0,0.5800912104329062
1776235802834914182,0,-5.191193161113704,-10.444237426162129,0.0,-0.8174304660503191,-0.0,0.0,0.5760272850939947
1776235802854824233,0,-5.191193161113704,-10.444237426162129,0.0,-0.8202761234419489,-0.0,0.0,0.5719677275083347
1776235802874826525,0,-5.191193161113704,-10.444237426162129,0.0,-0.8231544172512607,-0.0,0.0,0.5678175810590382
1776235802894828465,0,-5.191193161113704,-10.444237426162129,0.0,-0.8259722021419198,-0.0,0.0,0.5637108490075631
1776235802914910891,0,-5.191193161113704,-10.444237426162129,0.0,-0.8287807132472254,-0.0,0.0,0.55957352452508
1776235802934913779,0,-5.191193161113704,-10.444237426162129,0.0,-0.8315575002558788,-0.0,0.0,0.555438676874589
1776235802954914437,0,-5.191193161113704,-10.444237426162129,0.0,-0.8342802723539733,-0.0,0.0,0.5513405727506187
1776235802974909869,0,-5.191193161113704,-10.444237426162129,0.0,-0.8370149694347796,-0.0,0.0,0.5471799895300402
1776235802994934405,0,-5.191193161113704,-10.444237426162129,0.0,-0.8397002314450254,-0.0,0.0,0.5430502014649942
1776235803015011077,0,-5.191193161113704,-10.444237426162129,0.0,-0.8424044852522002,-0.0,0.0,0.538845695192024
1776235803035010974,0,-5.191193161113704,-10.444237426162129,0.0,-0.8450079556376429,-0.0,0.0,0.5347537329547979
1776235803055008126,0,-5.191193161113704,-10.444237426162129,0.0,-0.8476972941219686,-0.0,0.0,0.530480251789162
1776235803074875661,0,-5.191193161113704,-10.444237426162129,0.0,-0.8503112049902718,-0.0,0.0,0.5262802054685242
1776235803094911244,0,-5.191193161113704,-10.444237426162129,0.0,-0.8529941283906011,-0.0,0.0,0.5219205082492532
1776235803114826224,0,-5.191193161113704,-10.444237426162129,0.0,-0.8556078270763678,-0.0,0.0,0.5176246190490327
1776235803134824213,0,-5.191193161113704,-10.444237426162129,0.0,-0.858241442707944,-0.0,0.0,0.5132461651279889
1776235803154826030,0,-5.191193161113704,-10.444237426162129,0.0,-0.8608531500969121,-0.0,0.0,0.5088534700365354
1776235803174827060,0,-5.191193161113704,-10.444237426162129,0.0,-0.8634120034515571,-0.0,0.0,0.5044994670916594
1776235803194837790,0,-5.191193161113704,-10.444237426162129,0.0,-0.8660151049433447,-0.0,0.0,0.5000178376917845
1776235803214912292,0,-5.191193161113704,-10.444237426162129,0.0,-0.8685036402839168,-0.0,0.0,0.49568278849843556
1776235803234916416,0,-5.191193161113704,-10.444237426162129,0.0,-0.8710257466058018,-0.0,0.0,0.49123736497726384
1776235803254828846,0,-5.191193161113704,-10.444237426162129,0.0,-0.8735136948760176,-0.0,0.0,0.48679957360709314
1776235803275018510,0,-5.191193161113704,-10.444237426162129,0.0,-0.8758865836123666,-0.0,0.0,0.48251703871247564
1776235803294915868,0,-5.191193161113704,-10.444237426162129,0.0,-0.8782664266120851,-0.0,0.0,0.47817160506039985
1776235803314939420,0,-5.191193161113704,-10.444237426162129,0.0,-0.8806395991993664,-0.0,0.0,0.47378676250184465
1776235803334823192,0,-5.191193161113704,-10.444237426162129,0.0,-0.8829138650243618,-0.0,0.0,0.46953499012080346
1776235803354951909,0,-5.191193161113704,-10.444237426162129,0.0,-0.8852560985878936,-0.0,0.0,0.4651039022766221
1776235803374878229,0,-5.191193161113704,-10.444237426162129,0.0,-0.88746564947955,-0.0,0.0,0.4608738666857132
1776235803394919073,0,-5.191193161113704,-10.444237426162129,0.0,-0.8897544292089135,-0.0,0.0,0.4564395422212242
1776235803414908737,0,-5.191193161113704,-10.444237426162129,0.0,-0.891988184477092,-0.0,0.0,0.45205871162191
1776235803435003744,0,-5.191193161113704,-10.444237426162129,0.0,-0.8941804848615524,-0.0,0.0,0.44770666791188074
1776235803454910506,0,-5.191193161113704,-10.444237426162129,0.0,-0.8963886760342451,-0.0,0.0,0.4432689268125764
1776235803474988223,0,-5.191193161113704,-10.444237426162129,0.0,-0.8985362511528516,-0.0,0.0,0.4388993111912794
1776235803494988331,0,-5.191193161113704,-10.444237426162129,0.0,-0.9007108303467514,-0.0,0.0,0.4344191525428704
1776235803514973400,0,-5.191193161113704,-10.444237426162129,0.0,-0.9028614613937908,-0.0,0.0,0.4299316009900511
1776235803535000973,0,-5.191193161113704,-10.444237426162129,0.0,-0.9050240556010348,-0.0,0.0,0.42536038694671024
1776235803554822939,0,-5.191193161113704,-10.444237426162129,0.0,-0.9071416595482116,-0.0,0.0,0.4208253907645267
1776235803574997805,0,-5.191193161113704,-10.444237426162129,0.0,-0.9092988176707745,-0.0,0.0,0.41614379748174973
1776235803594982224,0,-5.191193161113704,-10.444237426162129,0.0,-0.9114117931703173,-0.0,0.0,0.41149549605076696
1776235803614907926,0,-5.191193161113704,-10.444237426162129,0.0,-0.9134949033723485,-0.0,0.0,0.4068501708402537
1776235803634981840,0,-5.191193161113704,-10.444237426162129,0.0,-0.9155695669565963,-0.0,0.0,0.40215963007605676
1776235803654981740,0,-5.191193161113704,-10.444237426162129,0.0,-0.9175887797680479,-0.0,0.0,0.39753091860103784
1776235803674977463,0,-5.191193161113704,-10.444237426162129,0.0,-0.9195841776750029,-0.0,0.0,0.39289303909561524
1776235803694987235,0,-5.191193161113704,-10.444237426162129,0.0,-0.9215575112102572,-0.0,0.0,0.38824187503662805
1776235803714984681,0,-5.191193161113704,-10.444237426162129,0.0,-0.9234792762874382,-0.0,0.0,0.3836483106539496
1776235803735009975,0,-5.191193161113704,-10.444237426162129,0.0,-0.9253580002466452,-0.0,0.0,0.3790944095862267
1776235803754990104,0,-5.191193161113704,-10.444237426162129,0.0,-0.9272325550870442,-0.0,0.0,0.37448603283267
1776235803774908011,0,-5.191193161113704,-10.444237426162129,0.0,-0.9290084234515612,-0.0,0.0,0.3700585753040251
1776235803794994022,0,-5.191193161113704,-10.444237426162129,0.0,-0.9308476137107158,-0.0,0.0,0.36540760808864675
1776235803814935059,0,-5.191193161113704,-10.444237426162129,0.0,-0.9326037255309446,-0.0,0.0,0.36090205198336367
1776235803835013389,0,-5.191193161113704,-10.444237426162129,0.0,-0.9344214259075403,-0.0,0.0,0.35616934006862416
1776235803855010838,0,-5.191193161113704,-10.444237426162129,0.0,-0.9361622419471063,-0.0,0.0,0.3515682817783305
1776235803875009581,0,-5.191193161113704,-10.444237426162129,0.0,-0.9379013275865823,-0.0,0.0,0.3469021471702452
1776235803895003873,0,-5.191193161113704,-10.444237426162129,0.0,-0.9396167765792638,-0.0,0.0,0.3422284517260275
1776235803914826439,0,-5.191193161113704,-10.444237426162129,0.0,-0.9413379908125816,-0.0,0.0,0.3374652382882301
1776235803934824600,0,-5.191193161113704,-10.444237426162129,0.0,-0.9430300253041142,-0.0,0.0,0.3327076364842289
1776235803954922320,0,-5.191193161113704,-10.444237426162129,0.0,-0.9446831896195083,-0.0,0.0,0.32798425457681996
1776235803974908020,0,-5.191193161113704,-10.444237426162129,0.0,-0.9463456672969116,-0.0,0.0,0.32315612014684647
1776235803994913263,0,-5.191193161113704,-10.444237426162129,0.0,-0.947943658983065,-0.0,0.0,0.31843809350295793
1776235804014923078,0,-5.191193161113704,-10.444237426162129,0.0,-0.9495184861468376,-0.0,0.0,0.3137110843840517
1776235804034911442,0,-5.191193161113704,-10.444237426162129,0.0,-0.9510680914547183,-0.0,0.0,0.3089813674263863
1776235804054924474,0,-5.191193161113704,-10.444237426162129,0.0,-0.9526173143378647,-0.0,0.0,0.30417141947216847
1776235804074908014,0,-5.191193161113704,-10.444237426162129,0.0,-0.9541190419050052,-0.0,0.0,0.2994275436132671
1776235804094929200,0,-5.191193161113704,-10.444237426162129,0.0,-0.9555999081300499,-0.0,0.0,0.29466729642401795
1776235804114909127,0,-5.191193161113704,-10.444237426162129,0.0,-0.9570540465761511,-0.0,0.0,0.2899095581939553
1776235804134914755,0,-5.191193161113704,-10.444237426162129,0.0,-0.9584863221458163,-0.0,0.0,0.2851385106564641
1776235804154914046,0,-5.191193161113704,-10.444237426162129,0.0,-0.9599139934391097,-0.0,0.0,0.28029471133037986
1776235804174912555,0,-5.191193161113704,-10.444237426162129,0.0,-0.9613171319261059,-0.0,0.0,0.27544395412745215
1776235804194910519,0,-5.191193161113704,-10.444237426162129,0.0,-0.9627119526400231,-0.0,0.0,0.27052854977623725
1776235804215007303,0,-5.191193161113704,-10.444237426162129,0.0,-0.9640376237546454,-0.0,0.0,0.2657657991267815
1776235804234970769,0,-5.191193161113704,-10.444237426162129,0.0,-0.9653988832473591,-0.0,0.0,0.2607776758557986
1776235804254875754,0,-5.191193161113704,-10.444237426162129,0.0,-0.9666795234597179,-0.0,0.0,0.2559896461259571
1776235804275008928,0,-5.191193161113704,-10.444237426162129,0.0,-0.9679835453533977,-0.0,0.0,0.25101365684971555
1776235804294983426,0,-5.191193161113704,-10.444237426162129,0.0,-0.9692052670663496,-0.0,0.0,0.2462542391327427
1776235804315002397,0,-5.191193161113704,-10.444237426162129,0.0,-0.970452136316715,-0.0,0.0,0.241293703022528
1776235804334996688,0,-5.191193161113704,-10.444237426162129,0.0,-0.9715964721218634,-0.0,0.0,0.2366438153858013
1776235804355018307,0,-5.191193161113704,-10.444237426162129,0.0,-0.9727641532845803,-0.0,0.0,0.23179711405566186
1776235804374996275,0,-5.191193161113704,-10.444237426162129,0.0,-0.9738620991139967,-0.0,0.0,0.22714007112194012
1776235804395010593,0,-5.191193161113704,-10.444237426162129,0.0,-0.9749396866145039,-0.0,0.0,0.22246934050338893
1776235804415010865,0,-5.191193161113704,-10.444237426162129,0.0,-0.9759788919661964,-0.0,0.0,0.2178651014651854
1776235804435025502,0,-5.191193161113704,-10.444237426162129,0.0,-0.9770248113766659,-0.0,0.0,0.2131255919742873
1776235804455023774,0,-5.191193161113704,-10.444237426162129,0.0,-0.9780343843412496,-0.0,0.0,0.20844362078565246
1776235804475020993,0,-5.191193161113704,-10.444237426162129,0.0,-0.9790336917110607,-0.0,0.0,0.20369838117818134
1776235804495090834,0,-5.191193161113704,-10.444237426162129,0.0,-0.9800134797033432,-0.0,0.0,0.19893109259174377
1776235804514998346,0,-5.191193161113704,-10.444237426162129,0.0,-0.9809624103011548,-0.0,0.0,0.19419770744308182
1776235804534904870,0,-5.191193161113704,-10.444237426162129,0.0,-0.9819261291966136,-0.0,0.0,0.18926456826610533
1776235804554979785,0,-5.191193161113704,-10.444237426162129,0.0,-0.9828599258664953,-0.0,0.0,0.18435391540650137
1776235804574979218,0,-5.191193161113704,-10.444237426162129,0.0,-0.9837783508251092,-0.0,0.0,0.1793882840316731
1776235804594879100,0,-5.191193161113704,-10.444237426162129,0.0,-0.9846777162491732,-0.0,0.0,0.17438404491900233
1776235804615010516,0,-5.191193161113704,-10.444237426162129,0.0,-0.9855735721764265,-0.0,0.0,0.1692475519096161
1776235804635001118,0,-5.191193161113704,-10.444237426162129,0.0,-0.9864481305364743,-0.0,0.0,0.16407341576591586
1776235804654978247,0,-5.191193161113704,-10.444237426162129,0.0,-0.9873044848538435,-0.0,0.0,0.15883908268271624
1776235804674872734,0,-5.191193161113704,-10.444237426162129,0.0,-0.988120523765177,-0.0,0.0,0.1536809373801195
1776235804694983760,0,-5.191193161113704,-10.444237426162129,0.0,-0.988927010151571,-0.0,0.0,0.14840272434384255
1776235804714982931,0,-5.191193161113704,-10.444237426162129,0.0,-0.9897196518638225,-0.0,0.0,0.1430210149403016
1776235804734975896,0,-5.191193161113704,-10.444237426162129,0.0,-0.9904193789757297,-0.0,0.0,0.13809219293403147
1776235804754909258,0,-5.191193161113704,-10.444237426162129,0.0,-0.9911627933857231,-0.0,0.0,0.13265111008887337
1776235804774978838,0,-5.191193161113704,-10.444237426162129,0.0,-0.9918222825197276,-0.0,0.0,0.12762664258436687
1776235804794994807,0,-5.191193161113704,-10.444237426162129,0.0,-0.9924546417746118,-0.0,0.0,0.12261233225098864
1776235804814922752,0,-5.191193161113704,-10.444237426162129,0.0,-0.9930508307194406,-0.0,0.0,0.11768622522380903
1776235804834908084,0,-5.191193161113704,-10.444237426162129,0.0,-0.9936027565567743,-0.0,0.0,0.11293167032670468
1776235804854997448,0,-5.191193161113704,-10.444237426162129,0.0,-0.9941411296621776,-0.0,0.0,0.10808984371350253
1776235804874982509,0,-5.191193161113704,-10.444237426162129,0.0,-0.9946336722209403,-0.0,0.0,0.10345945140143997
1776235804894980242,0,-5.191193161113704,-10.444237426162129,0.0,-0.995110866778477,-0.0,0.0,0.09876417781457104
1776235804914963952,0,-5.191193161113704,-10.444237426162129,0.0,-0.9955721627127443,-0.0,0.0,0.09400036612412202
1776235804934963686,0,-5.191193161113704,-10.444237426162129,0.0,-0.9960109958301856,-0.0,0.0,0.08923057875729544
1776235804954998699,0,-5.191193161113704,-10.444237426162129,0.0,-0.9964327647070315,-0.0,0.0,0.08439043440048037
1776235804975008411,0,-5.191193161113704,-10.444237426162129,0.0,-0.9968464234528261,-0.0,0.0,0.07935494974674813
1776235804994880043,0,-5.191193161113704,-10.444237426162129,0.0,-0.9972320437829334,-0.0,0.0,0.07435220812130389
1776235805014910840,0,-5.191193161113704,-10.444237426162129,0.0,-0.9976133577802804,-0.0,0.0,0.0690477253669826
1776235805035007189,0,-5.191193161113704,-10.444237426162129,0.0,-0.9979637218520434,-0.0,0.0,0.06378408788418513
1776235805054939999,0,-5.191193161113704,-10.444237426162129,0.0,-0.9982989422325973,-0.0,0.0,0.058302846733905754
1776235805075019306,0,-5.191193161113704,-10.444237426162129,0.0,-0.9985955706380716,-0.0,0.0,0.052980055700463796
1776235805094988298,0,-5.191193161113704,-10.444237426162129,0.0,-0.998871924956514,-0.0,0.0,0.047485550788300024
1776235805114972591,0,-5.191193161113704,-10.444237426162129,0.0,-0.9991127622072962,-0.0,0.0,0.0421151800958629
1776235805134997221,0,-5.191193161113704,-10.444237426162129,0.0,-0.9993320945800741,-0.0,0.0,0.036542642791699345
1776235805154960539,0,-5.191193161113704,-10.444237426162129,0.0,-0.9995117422522566,-0.0,0.0,0.031245433264057963
1776235805175008537,0,-5.191193161113704,-10.444237426162129,0.0,-0.999669071371777,-0.0,0.0,0.025724458064048644
1776235805195004379,0,-5.191193161113704,-10.444237426162129,0.0,-0.9997903251440949,-0.0,0.0,0.02047695651860815
1776235805215011414,0,-5.191193161113704,-10.444237426162129,0.0,-0.9998860500757413,-0.0,0.0,0.015095922096120493
1776235805235034821,0,-5.191193161113704,-10.444237426162129,0.0,-0.9999515841326876,-0.0,0.0,0.009840192606279477
1776235805255009924,0,-5.191193161113704,-10.444237426162129,0.0,-0.9999894343330218,-0.0,0.0,0.004596870927394753
1776235805274912323,0,-5.191193161113704,-10.444237426162129,0.0,-0.999999713582929,0.0,-0.0,-0.0007568580182300066
1776235805294826032,0,-5.191193161113704,-10.444237426162129,0.0,-0.9999829191436373,0.0,-0.0,-0.005844777238671804
1776235805314873914,0,-5.191193161113704,-10.444237426162129,0.0,-0.9999368578189217,0.0,-0.0,-0.011237454125449886
1776235805335009505,0,-5.191193161113704,-10.444237426162129,0.0,-0.9998646555946417,0.0,-0.0,-0.016452066514839218
1776235805354914330,0,-5.191193161113704,-10.444237426162129,0.0,-0.9997665528260062,0.0,-0.0,-0.021606477047509655
1776235805374914837,0,-5.191193161113704,-10.444237426162129,0.0,-0.9996342171237553,0.0,-0.0,-0.027044998712826673
1776235805394918729,0,-5.191193161113704,-10.444237426162129,0.0,-0.9994784223707099,0.0,-0.0,-0.03229370241017143
1776235805415009708,0,-5.191193161113704,-10.444237426162129,0.0,-0.9992820834554677,0.0,-0.0,-0.037885586769902065
1776235805434914565,0,-5.191193161113704,-10.444237426162129,0.0,-0.9990704906178025,0.0,-0.0,-0.04310631945206473
1776235805454932293,0,-5.191193161113704,-10.444237426162129,0.0,-0.9988112386057012,0.0,-0.0,-0.04874535500891453
1776235805474919083,0,-5.191193161113704,-10.444237426162129,0.0,-0.998534727208703,0.0,-0.0,-0.05411467969267755
1776235805494825741,0,-5.191193161113704,-10.444237426162129,0.0,-0.9982193713082639,0.0,-0.0,-0.05964970029207484
1776235805514824216,0,-5.191193161113704,-10.444237426162129,0.0,-0.9978885862599847,0.0,-0.0,-0.06494897545034227
1776235805534873332,0,-5.191193161113704,-10.444237426162129,0.0,-0.9975237917330966,0.0,-0.0,-0.0703298295634629
1776235805554824934,0,-5.191193161113704,-10.444237426162129,0.0,-0.9971221448475407,0.0,-0.0,-0.07581179495725035
1776235805574823214,0,-5.191193161113704,-10.444237426162129,0.0,-0.9967055656860666,0.0,-0.0,-0.08110496489375926
1776235805594825433,0,-5.191193161113704,-10.444237426162129,0.0,-0.9962495565866889,0.0,-0.0,-0.08652641793594498
1776235805614950048,0,-5.191193161113704,-10.444237426162129,0.0,-0.9957785634812046,0.0,-0.0,-0.09178808480030762
1776235805635022977,0,-5.191193161113704,-10.444237426162129,0.0,-0.9952625760379571,0.0,-0.0,-0.09722347832848599
1776235805654944400,0,-5.191193161113704,-10.444237426162129,0.0,-0.9947405521275458,0.0,-0.0,-0.10242672479868462
1776235805675045224,0,-5.191193161113704,-10.444237426162129,0.0,-0.9941580858632463,0.0,-0.0,-0.10793377744119924
1776235805694924841,0,-5.191193161113704,-10.444237426162129,0.0,-0.9935745624342284,0.0,-0.0,-0.11317945433527937
1776235805714939898,0,-5.191193161113704,-10.444237426162129,0.0,-0.9929353721216663,0.0,-0.0,-0.11865642329687887
1776235805735023919,0,-5.191193161113704,-10.444237426162129,0.0,-0.9922960127251067,0.0,-0.0,-0.12388956021334048
1776235805754942030,0,-5.191193161113704,-10.444237426162129,0.0,-0.9915935097493292,0.0,-0.0,-0.1293920840817043
1776235805774976269,0,-5.191193161113704,-10.444237426162129,0.0,-0.9908561310694386,0.0,-0.0,-0.1349226723797875
1776235805795007877,0,-5.191193161113704,-10.444237426162129,0.0,-0.990124549480836,0.0,-0.0,-0.14019050080291334
1776235805814919125,0,-5.191193161113704,-10.444237426162129,0.0,-0.9893406344989111,0.0,-0.0,-0.14561974086397747
1776235805834826329,0,-5.191193161113704,-10.444237426162129,0.0,-0.9885466536715339,0.0,-0.0,-0.15091558406875097
1776235805854912694,0,-5.191193161113704,-10.444237426162129,0.0,-0.987696386218788,0.0,-0.0,-0.15638365851439479
1776235805874943671,0,-5.191193161113704,-10.444237426162129,0.0,-0.9868183423155653,0.0,-0.0,-0.16183188582464117
1776235805894928444,0,-5.191193161113704,-10.444237426162129,0.0,-0.9859340941946332,0.0,-0.0,-0.16713456226827586
1776235805915011313,0,-5.191193161113704,-10.444237426162129,0.0,-0.9850064096122524,0.0,-0.0,-0.17251774697920083
1776235805934978701,0,-5.191193161113704,-10.444237426162129,0.0,-0.9840655733206799,0.0,-0.0,-0.17780592623712416
1776235805954908940,0,-5.191193161113704,-10.444237426162129,0.0,-0.9830744507552945,0.0,-0.0,-0.18320650717749049
1776235805975017980,0,-5.191193161113704,-10.444237426162129,0.0,-0.9820936811159922,0.0,-0.0,-0.18839320983528024
1776235805994936742,0,-5.191193161113704,-10.444237426162129,0.0,-0.9810450688332875,0.0,-0.0,-0.19377970202756098
1776235806014930889,0,-5.191193161113704,-10.444237426162129,0.0,-0.9800145157557021,0.0,-0.0,-0.1989259885186364
1776235806034967361,0,-5.191193161113704,-10.444237426162129,0.0,-0.9789281127905446,0.0,-0.0,-0.20420516640952754
1776235806055013562,0,-5.191193161113704,-10.444237426162129,0.0,-0.9778400109013615,0.0,-0.0,-0.2093535599898536
1776235806075003257,0,-5.191193161113704,-10.444237426162129,0.0,-0.9767001376549613,0.0,-0.0,-0.21460857649399653
1776235806094915843,0,-5.191193161113704,-10.444237426162129,0.0,-0.9755519026514631,0.0,-0.0,-0.21976916351733777
1776235806114941524,0,-5.191193161113704,-10.444237426162129,0.0,-0.9743403570111336,0.0,-0.0,-0.22507969410725764
1776235806134824431,0,-5.191193161113704,-10.444237426162129,0.0,-0.9731225874012809,0.0,-0.0,-0.23028771111250493
1776235806154934417,0,-5.191193161113704,-10.444237426162129,0.0,-0.9718317957315961,0.0,-0.0,-0.23567554138073246
1776235806174824506,0,-5.191193161113704,-10.444237426162129,0.0,-0.970542550294172,0.0,-0.0,-0.24092977829335388
1776235806194919437,0,-5.191193161113704,-10.444237426162129,0.0,-0.96921118013926,0.0,-0.0,-0.24623096534161337
1776235806214920022,0,-5.191193161113704,-10.444237426162129,0.0,-0.9678573090129076,0.0,-0.0,-0.2514999590264243
1776235806235037465,0,-5.191193161113704,-10.444237426162129,0.0,-0.9664666321466343,0.0,-0.0,-0.25679222914088
1776235806254911636,0,-5.191193161113704,-10.444237426162129,0.0,-0.965064356741442,0.0,-0.0,-0.2620129526325499
1776235806275029335,0,-5.191193161113704,-10.444237426162129,0.0,-0.9636161768431366,0.0,-0.0,-0.267289849650556
1776235806294994330,0,-5.191193161113704,-10.444237426162129,0.0,-0.9621667844412856,0.0,-0.0,-0.27246115120860215
1776235806314879496,0,-5.191193161113704,-10.444237426162129,0.0,-0.9606597122952737,0.0,-0.0,-0.2777281353639957
1776235806335033717,0,-5.191193161113704,-10.444237426162129,0.0,-0.9591769592130364,0.0,-0.0,-0.28280657862721875
1776235806354998827,0,-5.191193161113704,-10.444237426162129,0.0,-0.9576270395062774,0.0,-0.0,-0.2880112032655027
1776235806375026534,0,-5.191193161113704,-10.444237426162129,0.0,-0.9560820504358746,0.0,-0.0,-0.29309915188265856
1776235806394910334,0,-5.191193161113704,-10.444237426162129,0.0,-0.9544828794882821,0.0,-0.0,-0.2982657083269169
1776235806414917075,0,-5.191193161113704,-10.444237426162129,0.0,-0.9528850967675144,0.0,-0.0,-0.3033314892297939
1776235806434825472,0,-5.191193161113704,-10.444237426162129,0.0,-0.9512469913357111,0.0,-0.0,-0.3084301565585918
1776235806454912415,0,-5.191193161113704,-10.444237426162129,0.0,-0.9495885877923048,0.0,-0.0,-0.3134988260498216
1776235806474908652,0,-5.191193161113704,-10.444237426162129,0.0,-0.9478885521856981,0.0,-0.0,-0.318602091385636
1776235806494907553,0,-5.191193161113704,-10.444237426162129,0.0,-0.946160858938231,0.0,-0.0,-0.32369681650159754
1776235806514912049,0,-5.191193161113704,-10.444237426162129,0.0,-0.944385554584019,0.0,-0.0,-0.32884027170198443
1776235806534918613,0,-5.191193161113704,-10.444237426162129,0.0,-0.9426021455917563,0.0,-0.0,-0.33391794669621694
1776235806555013840,0,-5.191193161113704,-10.444237426162129,0.0,-0.9407833505016341,0.0,-0.0,-0.33900838841969605
1776235806575011211,0,-5.191193161113704,-10.444237426162129,0.0,-0.9389254793909675,0.0,-0.0,-0.34412053724013886
1776235806594937927,0,-5.191193161113704,-10.444237426162129,0.0,-0.9370674146746124,0.0,-0.0,-0.34914847895277723
1776235806615010638,0,-5.191193161113704,-10.444237426162129,0.0,-0.9351685157976014,0.0,-0.0,-0.3542031155437673
1776235806635008101,0,-5.191193161113704,-10.444237426162129,0.0,-0.9332496235169534,0.0,-0.0,-0.3592285347873477
1776235806654910467,0,-5.191193161113704,-10.444237426162129,0.0,-0.9313384117988416,0.0,-0.0,-0.36415486088752336
1776235806674998511,0,-5.191193161113704,-10.444237426162129,0.0,-0.9293347959848335,0.0,-0.0,-0.36923818460693897
1776235806694828094,0,-5.191193161113704,-10.444237426162129,0.0,-0.927377977129894,0.0,-0.0,-0.37412576432860895
1776235806714825768,0,-5.191193161113704,-10.444237426162129,0.0,-0.9253520063138929,0.0,-0.0,-0.37910904026526854
1776235806734826825,0,-5.191193161113704,-10.444237426162129,0.0,-0.9232989085098623,0.0,-0.0,-0.3840821859244411
1776235806754821843,0,-5.191193161113704,-10.444237426162129,0.0,-0.9211963770423897,0.0,-0.0,-0.3890979759957324
1776235806774913263,0,-5.191193161113704,-10.444237426162129,0.0,-0.9190800176657563,0.0,-0.0,-0.39407095950794585
1776235806794875334,0,-5.191193161113704,-10.444237426162129,0.0,-0.9169506961133359,0.0,-0.0,-0.39900052743983766
1776235806814912951,0,-5.191193161113704,-10.444237426162129,0.0,-0.9147624423986795,0.0,-0.0,-0.4039921706875053
1776235806834911898,0,-5.191193161113704,-10.444237426162129,0.0,-0.9125513173187844,0.0,-0.0,-0.4089622149535961
1776235806855013983,0,-5.191193161113704,-10.444237426162129,0.0,-0.910326539218489,0.0,-0.0,-0.4138907971850652
1776235806874911336,0,-5.191193161113704,-10.444237426162129,0.0,-0.9080440395271894,0.0,-0.0,-0.41887470952439254
1776235806894983271,0,-5.191193161113704,-10.444237426162129,0.0,-0.9057138669358289,0.0,-0.0,-0.4238895979381277
1776235806914985213,0,-5.191193161113704,-10.444237426162129,0.0,-0.903394290627902,0.0,-0.0,-0.4288108623401578
1776235806934974067,0,-5.191193161113704,-10.444237426162129,0.0,-0.901019173220468,0.0,-0.0,-0.4337792635536009
1776235806954927059,0,-5.191193161113704,-10.444237426162129,0.0,-0.8986210659761646,0.0,-0.0,-0.4387256315556016
1776235806974922131,0,-5.191193161113704,-10.444237426162129,0.0,-0.8961906612587117,0.0,-0.0,-0.4436691319808863
1776235806994944961,0,-5.191193161113704,-10.444237426162129,0.0,-0.8937610669015725,0.0,-0.0,-0.4485433705796606
1776235807014930730,0,-5.191193161113704,-10.444237426162129,0.0,-0.8912189008643329,0.0,-0.0,-0.45357344580803066
1776235807034983285,0,-5.191193161113704,-10.444237426162129,0.0,-0.8886397888482382,0.0,-0.0,-0.45860585002348
1776235807055007685,0,-5.191193161113704,-10.444237426162129,0.0,-0.8861565993327726,0.0,-0.0,-0.4633858882820839
1776235807074897829,0,-5.191193161113704,-10.444237426162129,0.0,-0.883576134565353,0.0,-0.0,-0.46828753392178746
1776235807094976423,0,-5.191193161113704,-10.444237426162129,0.0,-0.8809722254854289,0.0,-0.0,-0.4731679806614673
1776235807114985974,0,-5.191193161113704,-10.444237426162129,0.0,-0.8783217559069492,0.0,-0.0,-0.47806996674182917
1776235807134989211,0,-5.191193161113704,-10.444237426162129,0.0,-0.8757076465287191,0.0,-0.0,-0.48284171092722705
1776235807154981535,0,-5.191193161113704,-10.444237426162129,0.0,-0.8730349401860137,0.0,-0.0,-0.487657659854127
1776235807174872076,0,-5.191193161113704,-10.444237426162129,0.0,-0.8703495576259594,0.0,-0.0,-0.49243440937884986
1776235807194982325,0,-5.191193161113704,-10.444237426162129,0.0,-0.8676079430096786,0.0,-0.0,-0.49724888861264877
1776235807214986660,0,-5.191193161113704,-10.444237426162129,0.0,-0.8648894925863568,0.0,-0.0,-0.5019623149338147
1776235807234974715,0,-5.191193161113704,-10.444237426162129,0.0,-0.8621122327326853,0.0,-0.0,-0.5067173750451667
1776235807255009807,0,-5.191193161113704,-10.444237426162129,0.0,-0.8593022024993197,0.0,-0.0,-0.5114682050526878
1776235807274881285,0,-5.191193161113704,-10.444237426162129,0.0,-0.8564892595412485,0.0,-0.0,-0.5161648460428934
1776235807294980603,0,-5.191193161113704,-10.444237426162129,0.0,-0.8536179515265939,0.0,-0.0,-0.5208995995693811
1776235807314972823,0,-5.191193161113704,-10.444237426162129,0.0,-0.8507044531170631,0.0,-0.0,-0.5256443031621274
1776235807334974809,0,-5.191193161113704,-10.444237426162129,0.0,-0.8477631397593864,0.0,-0.0,-0.5303750171956698
1776235807354822632,0,-5.191193161113704,-10.444237426162129,0.0,-0.8448184924361453,0.0,-0.0,-0.535053001895998
1776235807374979236,0,-5.191193161113704,-10.444237426162129,0.0,-0.8417635327597329,0.0,-0.0,-0.5398464178966589
1776235807394998173,0,-5.191193161113704,-10.444237426162129,0.0,-0.8386643595015462,0.0,-0.0,-0.5446485950609451
1776235807414985105,0,-5.191193161113704,-10.444237426162129,0.0,-0.8355428109865284,0.0,-0.0,-0.5494253461651823
1776235807434986698,0,-5.191193161113704,-10.444237426162129,0.0,-0.8323584807085503,0.0,-0.0,-0.5542376381955251
1776235807454873529,0,-5.191193161113704,-10.444237426162129,0.0,-0.8291649428913127,0.0,-0.0,-0.5590040227762643
1776235807474978146,0,-5.191193161113704,-10.444237426162129,0.0,-0.8258350038042928,0.0,-0.0,-0.563911825103503
1776235807494985352,0,-5.191193161113704,-10.444237426162129,0.0,-0.8225264980692497,0.0,-0.0,-0.5687267885144294
1776235807514981708,0,-5.191193161113704,-10.444237426162129,0.0,-0.8191573301781785,0.0,-0.0,-0.5735688872449051
1776235807535004562,0,-5.191193161113704,-10.444237426162129,0.0,-0.8158304070362992,0.0,-0.0,-0.5782912302248638
1776235807554969848,0,-5.191193161113704,-10.444237426162129,0.0,-0.8124102804511677,0.0,-0.0,-0.583086216795814
1776235807575094220,0,-5.191193161113704,-10.444237426162129,0.0,-0.8090467632119454,0.0,-0.0,-0.5877442768213693
1776235807595003168,0,-5.191193161113704,-10.444237426162129,0.0,-0.8055809254931637,0.0,-0.0,-0.5924857571972324
1776235807614997107,0,-5.191193161113704,-10.444237426162129,0.0,-0.8022275313325722,0.0,-0.0,-0.5970184151029572
1776235807635021433,0,-5.191193161113704,-10.444237426162129,0.0,-0.7987230095093901,0.0,-0.0,-0.6016988898778712
1776235807654911589,0,-5.191193161113704,-10.444237426162129,0.0,-0.7952933187331395,0.0,-0.0,-0.6062248239543058
1776235807675002319,0,-5.191193161113704,-10.444237426162129,0.0,-0.7917232401364657,0.0,-0.0,-0.6108799481304132
1776235807694883110,0,-5.191193161113704,-10.444237426162129,0.0,-0.7882064684673366,0.0,-0.0,-0.6154108896227378
1776235807714873342,0,-5.191193161113704,-10.444237426162129,0.0,-0.7845202491784063,0.0,-0.0,-0.6201031999829151
1776235807734910861,0,-5.191193161113704,-10.444237426162129,0.0,-0.7809224529178039,0.0,-0.0,-0.624627987308318
1776235807755004227,0,-5.191193161113704,-10.444237426162129,0.0,-0.7772062464162891,0.0,-0.0,-0.6292459380333754
1776235807775013930,0,-5.191193161113704,-10.444237426162129,0.0,-0.7735608056870581,0.0,-0.0,-0.6337220841226773
1776235807794975326,0,-5.191193161113704,-10.444237426162129,0.0,-0.7698156722042759,0.0,-0.0,-0.6382662695370004
1776235807814970976,0,-5.191193161113704,-10.444237426162129,0.0,-0.7661594403230125,0.0,-0.0,-0.6426505364534664
1776235807834938474,0,-5.191193161113704,-10.444237426162129,0.0,-0.7623994589071814,0.0,-0.0,-0.6471066875392627
1776235807854938058,0,-5.191193161113704,-10.444237426162129,0.0,-0.7586921486613449,0.0,-0.0,-0.651449325396559
1776235807875011210,0,-5.191193161113704,-10.444237426162129,0.0,-0.7549463292847881,0.0,-0.0,-0.6557865810608084
1776235807894926886,0,-5.191193161113704,-10.444237426162129,0.0,-0.7510804946286398,0.0,-0.0,-0.6602106410747995
1776235807914940355,0,-5.191193161113704,-10.444237426162129,0.0,-0.7472560151785725,0.0,-0.0,-0.6645362652101396
1776235807935012073,0,-5.191193161113704,-10.444237426162129,0.0,-0.7433081155186317,0.0,-0.0,-0.6689492098837851
1776235807955025584,0,-5.191193161113704,-10.444237426162129,0.0,-0.739386142715661,0.0,-0.0,-0.6732816141556638
1776235807975018493,0,-5.191193161113704,-10.444237426162129,0.0,-0.735354933608222,0.0,-0.0,-0.6776821685849845
1776235807995008669,0,-5.191193161113704,-10.444237426162129,0.0,-0.7313458098871634,0.0,-0.0,-0.6820068228108053
1776235808014998351,0,-5.191193161113704,-10.444237426162129,0.0,-0.7272633343832727,0.0,-0.0,-0.6863585378369851
1776235808035007100,0,-5.191193161113704,-10.444237426162129,0.0,-0.7232408572566059,0.0,-0.0,-0.690595874875263
1776235808055015959,0,-5.191193161113704,-10.444237426162129,0.0,-0.719151961516089,0.0,-0.0,-0.6948528306393821
1776235808074955276,0,-5.191193161113704,-10.444237426162129,0.0,-0.7151429486365563,0.0,-0.0,-0.6989782278550684
1776235808094913923,0,-5.191193161113704,-10.444237426162129,0.0,-0.7110151323756754,0.0,-0.0,-0.7031767071887414
1776235808115012978,0,-5.191193161113704,-10.444237426162129,0.0,-0.7068760202693604,0.0,-0.0,-0.707337466820577
1776235808135003562,0,-5.191193161113704,-10.444237426162129,0.0,-0.7027350949427543,0.0,-0.0,-0.7114516050553249
1776235808154927568,0,-5.191193161113704,-10.444237426162129,0.0,-0.6986340303177934,0.0,-0.0,-0.71547920422743
1776235808175027622,0,-5.191193161113704,-10.444237426162129,0.0,-0.6944227195310545,0.0,-0.0,-0.7195672912237565
1776235808195020445,0,-5.191193161113704,-10.444237426162129,0.0,-0.6903041748034335,0.0,-0.0,-0.7235192784224554
1776235808215013760,0,-5.191193161113704,-10.444237426162129,0.0,-0.6861194035428233,0.0,-0.0,-0.7274889443022763
1776235808235021131,0,-5.191193161113704,-10.444237426162129,0.0,-0.6819527401039039,0.0,-0.0,-0.7313962402588471
1776235808254911346,0,-5.191193161113704,-10.444237426162129,0.0,-0.6776933546850296,0.0,-0.0,-0.7353446246595883
1776235808274939127,0,-5.191193161113704,-10.444237426162129,0.0,-0.6734776490962632,0.0,-0.0,-0.7392075866546356
1776235808295026324,0,-5.191193161113704,-10.444237426162129,0.0,-0.6692273198014194,0.0,-0.0,-0.743057732906003
1776235808315011046,0,-5.191193161113704,-10.444237426162129,0.0,-0.6649320522176574,0.0,-0.0,-0.746903853205762
1776235808335010583,0,-5.191193161113704,-10.444237426162129,0.0,-0.6605589211542437,0.0,-0.0,-0.7507742081901466
1776235808355009007,0,-5.191193161113704,-10.444237426162129,0.0,-0.6560654093519505,0.0,-0.0,-0.7547040338118365
1776235808375009154,0,-5.191193161113704,-10.444237426162129,0.0,-0.6515026105672659,0.0,-0.0,-0.7586463922171103
1776235808395003019,0,-5.191193161113704,-10.444237426162129,0.0,-0.6469175665932184,0.0,-0.0,-0.762559939960859
1776235808415002681,0,-5.191193161113704,-10.444237426162129,0.0,-0.6423076750239662,0.0,-0.0,-0.7664469000559053
1776235808435017392,0,-5.191193161113704,-10.444237426162129,0.0,-0.6375707150379847,0.0,-0.0,-0.7703918375255238
1776235808455000714,0,-5.191193161113704,-10.444237426162129,0.0,-0.6329639954811747,0.0,-0.0,-0.7741812322864121
1776235808475012586,0,-5.191193161113704,-10.444237426162129,0.0,-0.6282814187949235,0.0,-0.0,-0.7779861559160536
1776235808495011947,0,-5.191193161113704,-10.444237426162129,0.0,-0.6237274374556175,0.0,-0.0,-0.7816419153071621
1776235808515009003,0,-5.191193161113704,-10.444237426162129,0.0,-0.6191527134725723,0.0,-0.0,-0.7852706013849944
1776235808535002506,0,-5.191193161113704,-10.444237426162129,0.0,-0.6147706015327155,0.0,-0.0,-0.7887059702392921
1776235808554940276,0,-5.191193161113704,-10.444237426162129,0.0,-0.6104291010513522,0.0,-0.0,-0.7920709012390482
1776235808575011379,0,-5.191193161113704,-10.444237426162129,0.0,-0.6060958412166956,0.0,-0.0,-0.7953916213160823
1776235808595036570,0,-5.191193161113704,-10.444237426162129,0.0,-0.6017544911344466,0.0,-0.0,-0.7986811205979037
1776235808615004528,0,-5.191193161113704,-10.444237426162129,0.0,-0.5974077722617066,0.0,-0.0,-0.8019376245327967
1776235808635003310,0,-5.191193161113704,-10.444237426162129,0.0,-0.5929803198576701,0.0,-0.0,-0.8052169522939114
1776235808655009943,0,-5.191193161113704,-10.444237426162129,0.0,-0.5885331180641796,0.0,-0.0,-0.8084731095971309
1776235808675022881,0,-5.191193161113704,-10.444237426162129,0.0,-0.5839610315436523,0.0,-0.0,-0.8117816908741374
1776235808694830991,0,-5.191193161113704,-10.444237426162129,0.0,-0.579360917912982,0.0,-0.0,-0.8150711176302513
1776235808715009731,0,-5.191193161113704,-10.444237426162129,0.0,-0.5746556803575488,0.0,-0.0,-0.8183952889849762
1776235808734915774,0,-5.191193161113704,-10.444237426162129,0.0,-0.5699462728215998,0.0,-0.0,-0.8216819616474288
1776235808755003573,0,-5.191193161113704,-10.444237426162129,0.0,-0.5651748101248619,0.0,-0.0,-0.8249711716177277
1776235808775003553,0,-5.191193161113704,-10.444237426162129,0.0,-0.5603473729909333,0.0,-0.0,-0.8282577023983295
1776235808795004859,0,-5.191193161113704,-10.444237426162129,0.0,-0.5554506079271793,0.0,-0.0,-0.83154953078775
1776235808815011971,0,-5.191193161113704,-10.444237426162129,0.0,-0.5505330753179104,0.0,-0.0,-0.834813352181794
1776235808835037026,0,-5.191193161113704,-10.444237426162129,0.0,-0.5456422740451007,0.0,-0.0,-0.8380182031286023
1776235808854914900,0,-5.191193161113704,-10.444237426162129,0.0,-0.5407689681010392,0.0,-0.0,-0.8411711616186905
1776235808875000829,0,-5.191193161113704,-10.444237426162129,0.0,-0.5359363796182438,0.0,-0.0,-0.8442583709988842
1776235808894826491,0,-5.191193161113704,-10.444237426162129,0.0,-0.5311491265120379,0.0,-0.0,-0.847278351786176
1776235808914826278,0,-5.191193161113704,-10.444237426162129,0.0,-0.5264726334651159,0.0,-0.0,-0.8501920760700524
1776235808934872638,0,-5.191193161113704,-10.444237426162129,0.0,-0.5216580483782279,0.0,-0.0,-0.853154663916349
1776235808954918675,0,-5.191193161113704,-10.444237426162129,0.0,-0.5170499489439674,0.0,-0.0,-0.8559552268063095
1776235808974918166,0,-5.191193161113704,-10.444237426162129,0.0,-0.5123259311206612,0.0,-0.0,-0.8587910923509556
1776235808994911230,0,-5.191193161113704,-10.444237426162129,0.0,-0.507648175022163,0.0,-0.0,-0.8615644667676746
1776235809014919889,0,-5.191193161113704,-10.444237426162129,0.0,-0.5029517399607959,0.0,-0.0,-0.8643144955804039
1776235809034913226,0,-5.191193161113704,-10.444237426162129,0.0,-0.4981833480294861,0.0,-0.0,-0.86707171084411
1776235809054932870,0,-5.191193161113704,-10.444237426162129,0.0,-0.49334129697314444,0.0,-0.0,-0.8698358262918674
1776235809075008752,0,-5.191193161113704,-10.444237426162129,0.0,-0.48852279590050574,0.0,-0.0,-0.8725511319605017
1776235809095025583,0,-5.191193161113704,-10.444237426162129,0.0,-0.4837035893244035,0.0,-0.0,-0.8752318765188394
1776235809114938012,0,-5.191193161113704,-10.444237426162129,0.0,-0.4788949229875142,0.0,-0.0,-0.8778722303027833
1776235809134874317,0,-5.191193161113704,-10.444237426162129,0.0,-0.47406605272679353,0.0,-0.0,-0.8804892830989126
1776235809154826851,0,-5.191193161113704,-10.444237426162129,0.0,-0.46904272662274316,0.0,-0.0,-0.8831754755439616
1776235809174912865,0,-5.191193161113704,-10.444237426162129,0.0,-0.46421061303398015,0.0,-0.0,-0.8857248482156388
1776235809194826936,0,-5.191193161113704,-10.444237426162129,0.0,-0.45934427535907363,0.0,-0.0,-0.8882583164231267
1776235809214824347,0,-5.191193161113704,-10.444237426162129,0.0,-0.4545060041480434,0.0,-0.0,-0.8907436736757544
1776235809234824556,0,-5.191193161113704,-10.444237426162129,0.0,-0.44953748522938564,0.0,-0.0,-0.8932614675298828
1776235809254824731,0,-5.191193161113704,-10.444237426162129,0.0,-0.44472521388410247,0.0,-0.0,-0.8956670609862458
1776235809274827204,0,-5.191193161113704,-10.444237426162129,0.0,-0.4398456242507158,0.0,-0.0,-0.8980733972384985
1776235809295011132,0,-5.191193161113704,-10.444237426162129,0.0,-0.43490857173164305,0.0,-0.0,-0.9004746160966128
1776235809314999924,0,-5.191193161113704,-10.444237426162129,0.0,-0.4301236288745297,0.0,-0.0,-0.9027699950063724
1776235809335010658,0,-5.191193161113704,-10.444237426162129,0.0,-0.42525791167813154,0.0,-0.0,-0.9050722117903933
1776235809355009322,0,-5.191193161113704,-10.444237426162129,0.0,-0.42050076222556704,0.0,-0.0,-0.9072921850031097
1776235809375032305,0,-5.191193161113704,-10.444237426162129,0.0,-0.4156715851323401,0.0,-0.0,-0.9095147790517577
1776235809394914287,0,-5.191193161113704,-10.444237426162129,0.0,-0.41091916977065945,0.0,-0.0,-0.9116717808043594
1776235809414909784,0,-5.191193161113704,-10.444237426162129,0.0,-0.40612833232450996,0.0,-0.0,-0.9138160524324972
1776235809435017682,0,-5.191193161113704,-10.444237426162129,0.0,-0.4012440265300626,0.0,-0.0,-0.9159711956027561
1776235809454909291,0,-5.191193161113704,-10.444237426162129,0.0,-0.39640100585121935,0.0,-0.0,-0.918077470892376
1776235809474911224,0,-5.191193161113704,-10.444237426162129,0.0,-0.39145555773714413,0.0,-0.0,-0.9201970149466371
1776235809494913109,0,-5.191193161113704,-10.444237426162129,0.0,-0.3864434452297546,0.0,-0.0,-0.9223131049914436
1776235809514875007,0,-5.191193161113704,-10.444237426162129,0.0,-0.3814299485426905,0.0,-0.0,-0.9243977468355926
1776235809534916625,0,-5.191193161113704,-10.444237426162129,0.0,-0.3763851177703089,0.0,-0.0,-0.926463298313015
1776235809554911551,0,-5.191193161113704,-10.444237426162129,0.0,-0.3713408941743942,0.0,-0.0,-0.9284966022090557
1776235809574914551,0,-5.191193161113704,-10.444237426162129,0.0,-0.3662836433622856,0.0,-0.0,-0.9305032469611538
1776235809594914718,0,-5.191193161113704,-10.444237426162129,0.0,-0.36115099333021666,0.0,-0.0,-0.9325073511863581
1776235809614999487,0,-5.191193161113704,-10.444237426162129,0.0,-0.35605128816258325,0.0,-0.0,-0.9344664146975883
1776235809634874014,0,-5.191193161113704,-10.444237426162129,0.0,-0.35105033471594943,0.0,-0.0,-0.9363565893909328
1776235809654875821,0,-5.191193161113704,-10.444237426162129,0.0,-0.34595092415243067,0.0,-0.0,-0.9382526088842381
1776235809674997045,0,-5.191193161113704,-10.444237426162129,0.0,-0.340933692310304,0.0,-0.0,-0.9400873456480855
1776235809694987801,0,-5.191193161113704,-10.444237426162129,0.0,-0.336250016812925,0.0,-0.0,-0.9417727571942754
1776235809714975215,0,-5.191193161113704,-10.444237426162129,0.0,-0.3319924667706748,0.0,-0.0,-0.9432820373607897
1776235809734873365,0,-5.191193161113704,-10.444237426162129,0.0,-0.3319924667706748,0.0,-0.0,-0.9432820373607897
1776235809754969874,0,-5.191193161113704,-10.444237426162129,0.0,-0.3319924667706748,0.0,-0.0,-0.9432820373607897
1776235809774974390,0,-5.191193161113704,-10.444237426162129,0.0,-0.3319924667706748,0.0,-0.0,-0.9432820373607897
1776235809794999573,0,-5.191193161113704,-10.444237426162129,0.0,-0.3319924667706748,0.0,-0.0,-0.9432820373607897
1776235809815006442,0,-5.19116196714087,-10.444262486797376,0.0,-0.3319630487589219,0.0,-0.0,-0.9432923906502594
1776235809834997477,0,-5.19116196714087,-10.444262486797376,0.0,-0.3319630487589219,0.0,-0.0,-0.9432923906502594
1776235809855008483,0,-5.191224366690639,-10.444212353549242,0.0,-0.3320168592338667,0.0,-0.0,-0.9432734519663313
1776235809874921279,0,-5.191224366690639,-10.444212353549242,0.0,-0.3320168592338667,0.0,-0.0,-0.9432734519663313
1776235809894874626,0,-5.191162147322091,-10.444262342824906,0.0,-0.33197032111856933,0.0,-0.0,-0.9432898313331031
1776235809914913736,0,-5.191162147322091,-10.444262342824906,0.0,-0.33197032111856933,0.0,-0.0,-0.9432898313331031
1776235809934910598,0,-5.191162147322091,-10.444262342824906,0.0,-0.33197032111856933,0.0,-0.0,-0.9432898313331031
1776235809954982263,0,-5.191162147322091,-10.444262342824906,0.0,-0.33197032111856933,0.0,-0.0,-0.9432898313331031
1776235809974940693,0,-5.191162147322091,-10.444262342824906,0.0,-0.33197032111856933,0.0,-0.0,-0.9432898313331031
1776235809994914764,0,-5.191131003702477,-10.444287361401168,0.0,-0.3319556275267964,0.0,-0.0,-0.9432950022942403
1776235810014907622,0,-5.191131003702477,-10.444287361401168,0.0,-0.3319556275267964,0.0,-0.0,-0.9432950022942403
1776235810034860740,0,-5.191131003702477,-10.444287361401168,0.0,-0.3319556275267964,0.0,-0.0,-0.9432950022942403
1776235810054972311,0,-5.191131003702477,-10.444287361401168,0.0,-0.3319556275267964,0.0,-0.0,-0.9432950022942403
1776235810074902300,0,-5.191131003702477,-10.444287361401168,0.0,-0.3319556275267964,0.0,-0.0,-0.9432950022942403
1776235810094911005,0,-5.191131003702477,-10.444287361401168,0.0,-0.3319556275267964,0.0,-0.0,-0.9432950022942403
1776235810114907518,0,-5.191162182613805,-10.444262315088682,0.0,-0.3319590192502151,0.0,-0.0,-0.9432938087035424
1776235810134874431,0,-5.191193315228518,-10.444237305672221,0.0,-0.3319610504890535,0.0,-0.0,-0.9432930938781456
1776235810154908988,0,-5.191224553232902,-10.444212211427239,0.0,-0.33196208453361536,0.0,-0.0,-0.943292729979457
1776235810174911562,0,-5.191255741325179,-10.444187157187702,0.0,-0.33196270770677033,0.0,-0.0,-0.9432925106731153
1776235810194916720,0,-5.1912869334265475,-10.444162099686817,0.0,-0.331962833277535,0.0,-0.0,-0.943292466482348
1776235810215003836,0,-5.1912869334265475,-10.444162099686817,0.0,-0.331962833277535,0.0,-0.0,-0.943292466482348
1776235810234906235,0,-5.1912869334265475,-10.444162099686817,0.0,-0.331962833277535,0.0,-0.0,-0.943292466482348
1776235810255003013,0,-5.1912869334265475,-10.444162099686817,0.0,-0.331962833277535,0.0,-0.0,-0.943292466482348
1776235810275018968,0,-5.1912869334265475,-10.444162099686817,0.0,-0.331962833277535,0.0,-0.0,-0.943292466482348
1776235810295003074,0,-5.1912869334265475,-10.444162099686817,0.0,-0.331962833277535,0.0,-0.0,-0.943292466482348
1776235810315001021,0,-5.1912869334265475,-10.444162099686817,0.0,-0.331962833277535,0.0,-0.0,-0.943292466482348
1776235810334874195,0,-5.1912869334265475,-10.444162099686817,0.0,-0.331962833277535,0.0,-0.0,-0.943292466482348
1776235810354874336,0,-5.1912869334265475,-10.444162099686817,0.0,-0.331962833277535,0.0,-0.0,-0.943292466482348
1776235810374907952,0,-5.1912869334265475,-10.444162099686817,0.0,-0.331962833277535,0.0,-0.0,-0.943292466482348
1776235810394877935,0,-5.1912869334265475,-10.444162099686817,0.0,-0.331962833277535,0.0,-0.0,-0.943292466482348
1776235810414911267,0,-5.1912869334265475,-10.444162099686817,0.0,-0.331962833277535,0.0,-0.0,-0.943292466482348
1776235810434904135,0,-5.1912869334265475,-10.444162099686817,0.0,-0.331962833277535,0.0,-0.0,-0.943292466482348
1776235810454911897,0,-5.1912869334265475,-10.444162099686817,0.0,-0.331962833277535,0.0,-0.0,-0.943292466482348
1776235810474924100,0,-5.1912869334265475,-10.444162099686817,0.0,-0.331962833277535,0.0,-0.0,-0.943292466482348
1776235810494916922,0,-5.1912869334265475,-10.444162099686817,0.0,-0.331962833277535,0.0,-0.0,-0.943292466482348
1776235810514875573,0,-5.1912869334265475,-10.444162099686817,0.0,-0.331962833277535,0.0,-0.0,-0.943292466482348
1776235810534873686,0,-5.1912869334265475,-10.444162099686817,0.0,-0.331962833277535,0.0,-0.0,-0.943292466482348
1776235810554913129,0,-5.1912869334265475,-10.444162099686817,0.0,-0.331962833277535,0.0,-0.0,-0.943292466482348
1776235810574874514,0,-5.1912869334265475,-10.444162099686817,0.0,-0.331962833277535,0.0,-0.0,-0.943292466482348
1776235810594877789,0,-5.1912869334265475,-10.444162099686817,0.0,-0.331962833277535,0.0,-0.0,-0.943292466482348
1776235810614916800,0,-5.1912869334265475,-10.444162099686817,0.0,-0.331962833277535,0.0,-0.0,-0.943292466482348
1776235810634875117,0,-5.1912869334265475,-10.444162099686817,0.0,-0.331962833277535,0.0,-0.0,-0.943292466482348
1776235810654824852,0,-5.1912869334265475,-10.444162099686817,0.0,-0.331962833277535,0.0,-0.0,-0.943292466482348
1776235810674997477,0,-5.1912869334265475,-10.444162099686817,0.0,-0.331962833277535,0.0,-0.0,-0.943292466482348
1776235810695002930,0,-5.1912869334265475,-10.444162099686817,0.0,-0.331962833277535,0.0,-0.0,-0.943292466482348
1776235810715007896,0,-5.1912869334265475,-10.444162099686817,0.0,-0.331962833277535,0.0,-0.0,-0.943292466482348
1776235810734947345,0,-5.1912869334265475,-10.444162099686817,0.0,-0.331962833277535,0.0,-0.0,-0.943292466482348
1776235810754909813,0,-5.1912869334265475,-10.444162099686817,0.0,-0.331962833277535,0.0,-0.0,-0.943292466482348
1776235810774873535,0,-5.1912869334265475,-10.444162099686817,0.0,-0.331962833277535,0.0,-0.0,-0.943292466482348
1776235810794923627,0,-5.1912869334265475,-10.444162099686817,0.0,-0.331962833277535,0.0,-0.0,-0.943292466482348
1776235810814912291,0,-5.1912869334265475,-10.444162099686817,0.0,-0.331962833277535,0.0,-0.0,-0.943292466482348
1776235810834875706,0,-5.1912869334265475,-10.444162099686817,0.0,-0.331962833277535,0.0,-0.0,-0.943292466482348
1776235810854898144,0,-5.1912869334265475,-10.444162099686817,0.0,-0.331962833277535,0.0,-0.0,-0.943292466482348
1776235810874934647,0,-5.1912869334265475,-10.444162099686817,0.0,-0.331962833277535,0.0,-0.0,-0.943292466482348
1776235810894921963,0,-5.1912869334265475,-10.444162099686817,0.0,-0.331962833277535,0.0,-0.0,-0.943292466482348
1776235810914970031,0,-5.1912869334265475,-10.444162099686817,0.0,-0.331962833277535,0.0,-0.0,-0.943292466482348
1776235810934913026,0,-5.1912869334265475,-10.444162099686817,0.0,-0.331962833277535,0.0,-0.0,-0.943292466482348
1776235810954873434,0,-5.1912869334265475,-10.444162099686817,0.0,-0.331962833277535,0.0,-0.0,-0.943292466482348
1776235810974872848,0,-5.191380482848836,-10.4440869487586,0.0,-0.331962833277535,0.0,-0.0,-0.943292466482348
1776235810994874383,0,-5.1915676015358345,-10.443936630962202,0.0,-0.331962833277535,0.0,-0.0,-0.943292466482348
1776235811014907600,0,-5.191848724139732,-10.443710797129075,0.0,-0.331962833277535,0.0,-0.0,-0.943292466482348
1776235811034874132,0,-5.192222306592456,-10.443410687653245,0.0,-0.331962833277535,0.0,-0.0,-0.943292466482348
1776235811054919624,0,-5.1927848963060805,-10.442958743235568,0.0,-0.331962833277535,0.0,-0.0,-0.943292466482348
1776235811074874002,0,-5.193562719323666,-10.442333895745055,0.0,-0.331962833277535,0.0,-0.0,-0.943292466482348
1776235811094912332,0,-5.194687496738571,-10.441430329857699,0.0,-0.331962833277535,0.0,-0.0,-0.943292466482348
1776235811114909334,0,-5.196028210111035,-10.440353296435784,0.0,-0.331962833277535,0.0,-0.0,-0.943292466482348
1776235811134924166,0,-5.197682190646359,-10.43902460653656,0.0,-0.331962833277535,0.0,-0.0,-0.943292466482348
1776235811154968958,0,-5.199744947638757,-10.437367534810608,0.0,-0.331962833277535,0.0,-0.0,-0.943292466482348
1776235811175006762,0,-5.202072551072431,-10.435497704358749,0.0,-0.331962833277535,0.0,-0.0,-0.943292466482348
1776235811195015297,0,-5.204646333538126,-10.43343011124507,0.0,-0.331962833277535,0.0,-0.0,-0.943292466482348
1776235811215000849,0,-5.207435290268841,-10.43118966248625,0.0,-0.331962833277535,0.0,-0.0,-0.943292466482348
1776235811235008702,0,-5.210227359073905,-10.428946713709035,0.0,-0.331962833277535,0.0,-0.0,-0.943292466482348
1776235811255012299,0,-5.213268351069563,-10.426503797808888,0.0,-0.331962833277535,0.0,-0.0,-0.943292466482348
1776235811274945680,0,-5.216422989417336,-10.42396958654167,0.0,-0.331962833277535,0.0,-0.0,-0.943292466482348
1776235811294995425,0,-5.219814874718286,-10.421244788007204,0.0,-0.331962833277535,0.0,-0.0,-0.943292466482348
1776235811315011457,0,-5.223294684017131,-10.418449357608896,0.0,-0.331962833277535,0.0,-0.0,-0.943292466482348
1776235811335008640,0,-5.22683357561439,-10.415606464709423,0.0,-0.331962833277535,0.0,-0.0,-0.943292466482348
1776235811355007959,0,-5.23040402827407,-10.412738217905268,0.0,-0.331962833277535,0.0,-0.0,-0.943292466482348
1776235811374997751,0,-5.233910443688679,-10.409921414052736,0.0,-0.331962833277535,0.0,-0.0,-0.943292466482348
1776235811394910240,0,-5.237372251922477,-10.407140444425178,0.0,-0.331962833277535,0.0,-0.0,-0.943292466482348
1776235811415009905,0,-5.2408666009108815,-10.404333333878181,0.0,-0.331962833277535,0.0,-0.0,-0.943292466482348
1776235811434914507,0,-5.244202896723192,-10.40165319197084,0.0,-0.331962833277535,0.0,-0.0,-0.943292466482348
1776235811454875834,0,-5.247517576638111,-10.398990414732491,0.0,-0.331962833277535,0.0,-0.0,-0.943292466482348
1776235811474999396,0,-5.250765066406108,-10.396381613262069,0.0,-0.331962833277535,0.0,-0.0,-0.943292466482348
1776235811495001428,0,-5.253899382343993,-10.393863727568313,0.0,-0.331962833277535,0.0,-0.0,-0.943292466482348
1776235811514909991,0,-5.256925927056334,-10.391432417584358,0.0,-0.331962833277535,0.0,-0.0,-0.943292466482348
1776235811535012973,0,-5.259887993955133,-10.389052904473292,0.0,-0.331962833277535,0.0,-0.0,-0.943292466482348
1776235811554875127,0,-5.262721668805402,-10.38677653236925,0.0,-0.331962833277535,0.0,-0.0,-0.943292466482348
1776235811574874386,0,-5.265543721059097,-10.384509497029672,0.0,-0.331962833277535,0.0,-0.0,-0.943292466482348
1776235811594910529,0,-5.268277256751866,-10.382313569576713,0.0,-0.331962833277535,0.0,-0.0,-0.943292466482348
1776235811614934611,0,-5.270977925293395,-10.380144045246997,0.0,-0.331962833277535,0.0,-0.0,-0.943292466482348
1776235811635009477,0,-5.273716743974149,-10.377943873818591,0.0,-0.331962833277535,0.0,-0.0,-0.943292466482348
1776235811655009223,0,-5.276445314015651,-10.375751935415433,0.0,-0.331962833277535,0.0,-0.0,-0.943292466482348
1776235811674914741,0,-5.279098955139255,-10.37362018955638,0.0,-0.331962833277535,0.0,-0.0,-0.943292466482348
1776235811695002659,0,-5.281870875707054,-10.371393426434754,0.0,-0.331962833277535,0.0,-0.0,-0.943292466482348
1776235811715007320,0,-5.284537733765867,-10.369251063033406,0.0,-0.331962833277535,0.0,-0.0,-0.943292466482348
1776235811734908442,0,-5.287283878458134,-10.367045006410304,0.0,-0.331962833277535,0.0,-0.0,-0.943292466482348
1776235811754969143,0,-5.2900833221300845,-10.364796133191458,0.0,-0.331962833277535,0.0,-0.0,-0.943292466482348
1776235811774962408,0,-5.293029222815627,-10.36242960686214,0.0,-0.331962833277535,0.0,-0.0,-0.943292466482348
1776235811794971291,0,-5.295883831058977,-10.360136418364345,0.0,-0.331962833277535,0.0,-0.0,-0.943292466482348
1776235811814874403,0,-5.298754382315193,-10.357830422388023,0.0,-0.331962833277535,0.0,-0.0,-0.943292466482348
1776235811834971616,0,-5.301684263723701,-10.355476764802393,0.0,-0.331962833277535,0.0,-0.0,-0.943292466482348
1776235811854910630,0,-5.304622170814498,-10.353116659956509,0.0,-0.331962833277535,0.0,-0.0,-0.943292466482348
1776235811874926569,0,-5.307446576746973,-10.350847733839405,0.0,-0.331962833277535,0.0,-0.0,-0.943292466482348
1776235811894928081,0,-5.3102689469166195,-10.348580443108812,0.0,-0.331962833277535,0.0,-0.0,-0.943292466482348
1776235811914877615,0,-5.313052877384178,-10.34634403209105,0.0,-0.331962833277535,0.0,-0.0,-0.943292466482348
1776235811934957649,0,-5.315761092229519,-10.344168445599504,0.0,-0.331962833277535,0.0,-0.0,-0.943292466482348
1776235811955011570,0,-5.318434517229314,-10.342020806786511,0.0,-0.331962833277535,0.0,-0.0,-0.943292466482348
1776235811974912680,0,-5.321118600410682,-10.339864605951245,0.0,-0.331962833277535,0.0,-0.0,-0.943292466482348
1776235811995004746,0,-5.323671800154895,-10.33781354752681,0.0,-0.331962833277535,0.0,-0.0,-0.943292466482348
1776235812015011018,0,-5.32624529152134,-10.335746188261485,0.0,-0.331962833277535,0.0,-0.0,-0.943292466482348
1776235812035035580,0,-5.32878991319322,-10.333702020848012,0.0,-0.331962833277535,0.0,-0.0,-0.943292466482348
1776235812054930329,0,-5.3313180388751755,-10.331671105135396,0.0,-0.331962833277535,0.0,-0.0,-0.943292466482348
1776235812074921796,0,-5.333858454999182,-10.329630316158902,0.0,-0.331962833277535,0.0,-0.0,-0.943292466482348
1776235812094866774,0,-5.336392963532451,-10.327594272919118,0.0,-0.331962833277535,0.0,-0.0,-0.943292466482348
1776235812114876988,0,-5.338935761931919,-10.325551570192577,0.0,-0.331962833277535,0.0,-0.0,-0.943292466482348
1776235812134823546,0,-5.341470471243729,-10.323515365661653,0.0,-0.331962833277535,0.0,-0.0,-0.943292466482348
1776235812154825678,0,-5.343981055181236,-10.32149854173434,0.0,-0.331962833277535,0.0,-0.0,-0.943292466482348
1776235812175002056,0,-5.346639346021381,-10.319363060624955,0.0,-0.331962833277535,0.0,-0.0,-0.943292466482348
1776235812194876290,0,-5.349226840572961,-10.317284452200266,0.0,-0.331962833277535,0.0,-0.0,-0.943292466482348
1776235812214825919,0,-5.351917467561781,-10.315122994537209,0.0,-0.331962833277535,0.0,-0.0,-0.943292466482348
1776235812234824447,0,-5.354552326196896,-10.313006337188721,0.0,-0.331962833277535,0.0,-0.0,-0.943292466482348
1776235812254999345,0,-5.357367705905621,-10.31074466209547,0.0,-0.331962833277535,0.0,-0.0,-0.943292466482348
1776235812275010112,0,-5.360035377966509,-10.308601644782957,0.0,-0.331962833277535,0.0,-0.0,-0.943292466482348
1776235812295003959,0,-5.362794317729663,-10.306385309513228,0.0,-0.331962833277535,0.0,-0.0,-0.943292466482348
1776235812314911602,0,-5.365510322137262,-10.304203465443369,0.0,-0.331962833277535,0.0,-0.0,-0.943292466482348
1776235812334930226,0,-5.368303894020806,-10.301959309200203,0.0,-0.331962833277535,0.0,-0.0,-0.943292466482348
1776235812354945477,0,-5.371034579413117,-10.299765671475189,0.0,-0.331962833277535,0.0,-0.0,-0.943292466482348
1776235812374910167,0,-5.373789495818145,-10.297552568284207,0.0,-0.331962833277535,0.0,-0.0,-0.943292466482348
1776235812394915435,0,-5.376456434797242,-10.295410139877259,0.0,-0.331962833277535,0.0,-0.0,-0.943292466482348
1776235812414914672,0,-5.379122569772684,-10.2932683573495,0.0,-0.331962833277535,0.0,-0.0,-0.943292466482348
1776235812434942000,0,-5.381729996156147,-10.29117373711384,0.0,-0.331962833277535,0.0,-0.0,-0.943292466482348
1776235812454873634,0,-5.384387118851618,-10.289039194408478,0.0,-0.331962833277535,0.0,-0.0,-0.943292466482348
1776235812474876156,0,-5.386928939790004,-10.286997276904383,0.0,-0.331962833277535,0.0,-0.0,-0.943292466482348
1776235812495012423,0,-5.3894877563773145,-10.284941706309151,0.0,-0.331962833277535,0.0,-0.0,-0.943292466482348
1776235812515000620,0,-5.392027756965999,-10.282901251144107,0.0,-0.331962833277535,0.0,-0.0,-0.943292466482348
1776235812534950270,0,-5.394656175796123,-10.280789767075238,0.0,-0.331962833277535,0.0,-0.0,-0.943292466482348
1776235812555019601,0,-5.397331655131286,-10.278640477955864,0.0,-0.331962833277535,0.0,-0.0,-0.943292466482348
1776235812574965319,0,-5.399928456429493,-10.276554393155248,0.0,-0.331962833277535,0.0,-0.0,-0.943292466482348
1776235812594963806,0,-5.402532127904448,-10.274462789345062,0.0,-0.331962833277535,0.0,-0.0,-0.943292466482348
1776235812614929124,0,-5.4051937410757676,-10.272324639311929,0.0,-0.331962833277535,0.0,-0.0,-0.943292466482348
1776235812634904846,0,-5.407825594960426,-10.27021039576547,0.0,-0.331962833277535,0.0,-0.0,-0.943292466482348
1776235812654963008,0,-5.410499585335718,-10.268062302770186,0.0,-0.331962833277535,0.0,-0.0,-0.943292466482348
1776235812674944952,0,-5.413069947288652,-10.265997457452311,0.0,-0.331962833277535,0.0,-0.0,-0.943292466482348
1776235812694938250,0,-5.415766463960417,-10.26383126843837,0.0,-0.331962833277535,0.0,-0.0,-0.943292466482348
1776235812714922674,0,-5.418368304525264,-10.261741135450652,0.0,-0.331962833277535,0.0,-0.0,-0.943292466482348
1776235812734928612,0,-5.420972946071406,-10.259648752354497,0.0,-0.331962833277535,0.0,-0.0,-0.943292466482348
1776235812754969657,0,-5.423519662320882,-10.257602902306939,0.0,-0.331962833277535,0.0,-0.0,-0.943292466482348
1776235812774917742,0,-5.426178978129351,-10.255466597811147,0.0,-0.331962833277535,0.0,-0.0,-0.943292466482348
1776235812794919927,0,-5.428814318583833,-10.25334955340335,0.0,-0.331962833277535,0.0,-0.0,-0.943292466482348
1776235812814935955,0,-5.431545109982424,-10.251155830520428,0.0,-0.331962833277535,0.0,-0.0,-0.943292466482348
1776235812834933609,0,-5.434148673006264,-10.249064313832125,0.0,-0.331962833277535,0.0,-0.0,-0.943292466482348
1776235812854873789,0,-5.436838025598726,-10.246903879928137,0.0,-0.331962833277535,0.0,-0.0,-0.943292466482348
1776235812874937271,0,-5.439512725192977,-10.24475521719695,0.0,-0.331962833277535,0.0,-0.0,-0.943292466482348
1776235812894927965,0,-5.442208890660592,-10.24258931031537,0.0,-0.331962833277535,0.0,-0.0,-0.943292466482348
1776235812914906737,0,-5.444903448195807,-10.240424695131917,0.0,-0.331962833277535,0.0,-0.0,-0.943292466482348
1776235812934928670,0,-5.447572608816636,-10.238280482016588,0.0,-0.331962833277535,0.0,-0.0,-0.943292466482348
1776235812954964401,0,-5.450306088300146,-10.236084599718158,0.0,-0.331962833277535,0.0,-0.0,-0.943292466482348
1776235812974875496,0,-5.452991518168738,-10.233927317050526,0.0,-0.331962833277535,0.0,-0.0,-0.943292466482348
1776235812994939306,0,-5.455697544866497,-10.231753488360564,0.0,-0.331962833277535,0.0,-0.0,-0.943292466482348
1776235813014924528,0,-5.458361811476565,-10.229613206744165,0.0,-0.331962833277535,0.0,-0.0,-0.943292466482348
1776235813034910974,0,-5.461057404012043,-10.227447760115364,0.0,-0.331962833277535,0.0,-0.0,-0.943292466482348
1776235813054975207,0,-5.4637634877602546,-10.225273885595147,0.0,-0.331962833277535,0.0,-0.0,-0.943292466482348
1776235813074914155,0,-5.466390496573742,-10.223163534233006,0.0,-0.331962833277535,0.0,-0.0,-0.943292466482348
1776235813095014320,0,-5.469132766802983,-10.220960590076952,0.0,-0.331962833277535,0.0,-0.0,-0.943292466482348
1776235813114999564,0,-5.471765875236177,-10.218845338715756,0.0,-0.331962833277535,0.0,-0.0,-0.943292466482348
1776235813135001858,0,-5.474432417745892,-10.216703228804011,0.0,-0.331962833277535,0.0,-0.0,-0.943292466482348
1776235813154912469,0,-5.477055693085139,-10.214595876648584,0.0,-0.331962833277535,0.0,-0.0,-0.943292466482348
1776235813174826948,0,-5.479803680902365,-10.212388339390454,0.0,-0.331962833277535,0.0,-0.0,-0.943292466482348
1776235813194920584,0,-5.482451070266486,-10.21026161574871,0.0,-0.331962833277535,0.0,-0.0,-0.943292466482348
1776235813214825368,0,-5.485104613539208,-10.208129948496076,0.0,-0.331962833277535,0.0,-0.0,-0.943292466482348
1776235813235000648,0,-5.487857131725545,-10.20591877186278,0.0,-0.331962833277535,0.0,-0.0,-0.943292466482348
1776235813254937857,0,-5.490608256042756,-10.203708714964439,0.0,-0.331962833277535,0.0,-0.0,-0.943292466482348
1776235813274825041,0,-5.493197436599165,-10.201628752123828,0.0,-0.331962833277535,0.0,-0.0,-0.943292466482348
1776235813295048309,0,-5.49598803403777,-10.199386985337402,0.0,-0.331962833277535,0.0,-0.0,-0.943292466482348
1776235813314899809,0,-5.498696378842692,-10.197211294445598,0.0,-0.331962833277535,0.0,-0.0,-0.943292466482348
1776235813335014025,0,-5.501440566053174,-10.19500681032363,0.0,-0.331962833277535,0.0,-0.0,-0.943292466482348
1776235813355002156,0,-5.504136385846331,-10.192841181132241,0.0,-0.331962833277535,0.0,-0.0,-0.943292466482348
1776235813375018525,0,-5.5067423854400674,-10.19074770707758,0.0,-0.331962833277535,0.0,-0.0,-0.943292466482348
1776235813394965846,0,-5.509494905106501,-10.188536529255298,0.0,-0.331962833277535,0.0,-0.0,-0.943292466482348
1776235813414922401,0,-5.512155350066213,-10.18639931768001,0.0,-0.331962833277535,0.0,-0.0,-0.943292466482348
1776235813435004150,0,-5.5147698617059335,-10.18429900565523,0.0,-0.331962833277535,0.0,-0.0,-0.943292466482348
1776235813455000127,0,-5.517404384240089,-10.182182618306232,0.0,-0.331962833277535,0.0,-0.0,-0.943292466482348
1776235813475010283,0,-5.520103174567677,-10.18001460279952,0.0,-0.331962833277535,0.0,-0.0,-0.943292466482348
1776235813495008613,0,-5.52267564432107,-10.17794806422523,0.0,-0.331962833277535,0.0,-0.0,-0.943292466482348
1776235813514977091,0,-5.525368813493917,-10.175784564352998,0.0,-0.331962833277535,0.0,-0.0,-0.943292466482348
1776235813535007815,0,-5.528007914036658,-10.173664499358718,0.0,-0.331962833277535,0.0,-0.0,-0.943292466482348
1776235813555021516,0,-5.530644771754397,-10.171546236089927,0.0,-0.331962833277535,0.0,-0.0,-0.943292466482348
1776235813575000908,0,-5.533339412909638,-10.169381553732084,0.0,-0.331962833277535,0.0,-0.0,-0.943292466482348
1776235813594828976,0,-5.536013644841305,-10.167233266687614,0.0,-0.331962833277535,0.0,-0.0,-0.943292466482348
1776235813614824830,0,-5.5386169735169775,-10.165141938257893,0.0,-0.331962833277535,0.0,-0.0,-0.943292466482348
1776235813634873120,0,-5.541352166427807,-10.162944679514265,0.0,-0.331962833277535,0.0,-0.0,-0.943292466482348
1776235813654873567,0,-5.544112016921262,-10.160727612628843,0.0,-0.331962833277535,0.0,-0.0,-0.943292466482348
1776235813674934262,0,-5.546755066222052,-10.158604375484199,0.0,-0.331962833277535,0.0,-0.0,-0.943292466482348
1776235813694825033,0,-5.549406741396031,-10.156474208928731,0.0,-0.331962833277535,0.0,-0.0,-0.943292466482348
1776235813714824181,0,-5.5521352298522695,-10.15428233606536,0.0,-0.331962833277535,0.0,-0.0,-0.943292466482348
1776235813735003920,0,-5.5548883563810145,-10.152070670733206,0.0,-0.331962833277535,0.0,-0.0,-0.943292466482348
1776235813754999781,0,-5.557616396391066,-10.149879158119479,0.0,-0.331962833277535,0.0,-0.0,-0.943292466482348
1776235813775027838,0,-5.560255145549552,-10.147759375402227,0.0,-0.331962833277535,0.0,-0.0,-0.943292466482348
1776235813795002390,0,-5.562949133929021,-10.145595217437855,0.0,-0.331962833277535,0.0,-0.0,-0.943292466482348
1776235813814914699,0,-5.565603680373298,-10.143462744308788,0.0,-0.331962833277535,0.0,-0.0,-0.943292466482348
1776235813835009327,0,-5.568282532097958,-10.14131074605243,0.0,-0.331962833277535,0.0,-0.0,-0.943292466482348
1776235813855002833,0,-5.570885555079475,-10.139219663195586,0.0,-0.331962833277535,0.0,-0.0,-0.943292466482348
1776235813874876834,0,-5.573596969701119,-10.137041506232169,0.0,-0.331962833277535,0.0,-0.0,-0.943292466482348
1776235813895014439,0,-5.576218753424681,-10.134935352334306,0.0,-0.331962833277535,0.0,-0.0,-0.943292466482348
1776235813915007885,0,-5.578915290057368,-10.132769147285192,0.0,-0.331962833277535,0.0,-0.0,-0.943292466482348
1776235813934874895,0,-5.581563797608845,-10.130641525371555,0.0,-0.331962833277535,0.0,-0.0,-0.943292466482348
1776235813954828327,0,-5.584317160528745,-10.128429670139607,0.0,-0.331962833277535,0.0,-0.0,-0.943292466482348
1776235813974828092,0,-5.5869833658928245,-10.126287831066609,0.0,-0.331962833277535,0.0,-0.0,-0.943292466482348
1776235813994911164,0,-5.589754617763792,-10.124061605128293,0.0,-0.331962833277535,0.0,-0.0,-0.943292466482348
1776235814014916628,0,-5.592452775276496,-10.12189409797988,0.0,-0.331962833277535,0.0,-0.0,-0.943292466482348
1776235814035007647,0,-5.595256449784306,-10.119641826009495,0.0,-0.331962833277535,0.0,-0.0,-0.943292466482348
1776235814054999961,0,-5.597984005876314,-10.117450702140982,0.0,-0.331962833277535,0.0,-0.0,-0.943292466482348
1776235814075007543,0,-5.6007760368637,-10.115207783743802,0.0,-0.331962833277535,0.0,-0.0,-0.943292466482348
1776235814095000629,0,-5.603503698279849,-10.113016575265387,0.0,-0.331962833277535,0.0,-0.0,-0.943292466482348
1776235814115007309,0,-5.606295603394359,-10.110773757985474,0.0,-0.331962833277535,0.0,-0.0,-0.943292466482348
1776235814134932879,0,-5.608982985521092,-10.108614907012996,0.0,-0.331962833277535,0.0,-0.0,-0.943292466482348
1776235814154925056,0,-5.611772866761574,-10.10637371556901,0.0,-0.331962833277535,0.0,-0.0,-0.943292466482348
1776235814174907368,0,-5.6145613713546725,-10.104133630025284,0.0,-0.331962833277535,0.0,-0.0,-0.943292466482348
1776235814194919348,0,-5.617354016077006,-10.101890218597244,0.0,-0.331962833277535,0.0,-0.0,-0.943292466482348
1776235814214873947,0,-5.6202319931102815,-10.099578257281731,0.0,-0.331962833277535,0.0,-0.0,-0.943292466482348
1776235814235007515,0,-5.622978820518672,-10.097371652213251,0.0,-0.331962833277535,0.0,-0.0,-0.943292466482348
1776235814255016090,0,-5.625770990077862,-10.095128622497366,0.0,-0.331962833277535,0.0,-0.0,-0.943292466482348
1776235814274897600,0,-5.6285764270244,-10.09287493470951,0.0,-0.331962833277535,0.0,-0.0,-0.943292466482348
1776235814294876684,0,-5.63142678393243,-10.09058516143104,0.0,-0.331962833277535,0.0,-0.0,-0.943292466482348
1776235814314873099,0,-5.634186078052449,-10.08836854149629,0.0,-0.331962833277535,0.0,-0.0,-0.943292466482348
1776235814334910682,0,-5.63704478084004,-10.08607206373392,0.0,-0.331962833277535,0.0,-0.0,-0.943292466482348
1776235814354873307,0,-5.639799412296861,-10.083859189449964,0.0,-0.331962833277535,0.0,-0.0,-0.943292466482348
1776235814374882902,0,-5.6426853211971215,-10.081540856238693,0.0,-0.331962833277535,0.0,-0.0,-0.943292466482348
1776235814394901522,0,-5.645510105439709,-10.079271626214219,0.0,-0.331962833277535,0.0,-0.0,-0.943292466482348
1776235814414874242,0,-5.648359554414651,-10.076982582304385,0.0,-0.331962833277535,0.0,-0.0,-0.943292466482348
1776235814434975762,0,-5.651258721313149,-10.074653598563696,0.0,-0.331962833277535,0.0,-0.0,-0.943292466482348
1776235814454917157,0,-5.6541658867231,-10.072318189389808,0.0,-0.331962833277535,0.0,-0.0,-0.943292466482348
1776235814474970893,0,-5.657058161914358,-10.069994741954755,0.0,-0.331962833277535,0.0,-0.0,-0.943292466482348
1776235814494965919,0,-5.659941969582328,-10.06767809672348,0.0,-0.331962833277535,0.0,-0.0,-0.943292466482348
1776235814514956910,0,-5.662825195297377,-10.065361918991666,0.0,-0.331962833277535,0.0,-0.0,-0.943292466482348
1776235814534873064,0,-5.665759734089414,-10.063004519996579,0.0,-0.331962833277535,0.0,-0.0,-0.943292466482348
1776235814554873055,0,-5.668644257840737,-10.060687299515056,0.0,-0.331962833277535,0.0,-0.0,-0.943292466482348
1776235814574873737,0,-5.671591251381561,-10.058319895263825,0.0,-0.331962833277535,0.0,-0.0,-0.943292466482348
1776235814594957683,0,-5.6745505134275485,-10.055942635371277,0.0,-0.331962833277535,0.0,-0.0,-0.943292466482348
1776235814614939404,0,-5.677525868783083,-10.053552447262614,0.0,-0.331962833277535,0.0,-0.0,-0.943292466482348
1776235814634903585,0,-5.680405227792314,-10.051239375766247,0.0,-0.331962833277535,0.0,-0.0,-0.943292466482348
1776235814654966994,0,-5.683330181069178,-10.048889677089836,0.0,-0.331962833277535,0.0,-0.0,-0.943292466482348
1776235814674874977,0,-5.686263515908064,-10.046533245264772,0.0,-0.331962833277535,0.0,-0.0,-0.943292466482348
1776235814694908505,0,-5.689184112969646,-10.044187046060753,0.0,-0.331962833277535,0.0,-0.0,-0.943292466482348
1776235814714979031,0,-5.691984927707044,-10.041937071425775,0.0,-0.331962833277535,0.0,-0.0,-0.943292466482348
1776235814734974934,0,-5.694868861861445,-10.039620324584366,0.0,-0.331962833277535,0.0,-0.0,-0.943292466482348
1776235814755007927,0,-5.697726909807291,-10.037324372875116,0.0,-0.331962833277535,0.0,-0.0,-0.943292466482348
1776235814774929228,0,-5.700475838988482,-10.035116079392392,0.0,-0.331962833277535,0.0,-0.0,-0.943292466482348
1776235814794939815,0,-5.703268289319557,-10.032872824124414,0.0,-0.331962833277535,0.0,-0.0,-0.943292466482348
1776235814815012271,0,-5.706069373385852,-10.030622633129848,0.0,-0.331962833277535,0.0,-0.0,-0.943292466482348
1776235814834997016,0,-5.708795896837398,-10.028432338810955,0.0,-0.331962833277535,0.0,-0.0,-0.943292466482348
1776235814854970169,0,-5.711614265329797,-10.02616826274225,0.0,-0.331962833277535,0.0,-0.0,-0.943292466482348
1776235814874916842,0,-5.71433559460946,-10.023982141050293,0.0,-0.331962833277535,0.0,-0.0,-0.943292466482348
1776235814894974115,0,-5.717165833093408,-10.021708529477646,0.0,-0.331962833277535,0.0,-0.0,-0.943292466482348
1776235814915002908,0,-5.7199920528260515,-10.01943814628292,0.0,-0.331962833277535,0.0,-0.0,-0.943292466482348
1776235814935014380,0,-5.7227846266576785,-10.017194791803423,0.0,-0.331962833277535,0.0,-0.0,-0.943292466482348
1776235814955022502,0,-5.725576733001337,-10.014951812870382,0.0,-0.331962833277535,0.0,-0.0,-0.943292466482348
1776235814974874720,0,-5.728439944006657,-10.012651713527713,0.0,-0.331962833277535,0.0,-0.0,-0.943292466482348
1776235814994825335,0,-5.731286239326537,-10.010365203039246,0.0,-0.331962833277535,0.0,-0.0,-0.943292466482348
1776235815014828165,0,-5.734139984006249,-10.008072708266813,0.0,-0.331962833277535,0.0,-0.0,-0.943292466482348
1776235815034908831,0,-5.737067453102772,-10.00572098856048,0.0,-0.331962833277535,0.0,-0.0,-0.943292466482348
1776235815054913326,0,-5.73992143532312,-10.003428302964867,0.0,-0.331962833277535,0.0,-0.0,-0.943292466482348
1776235815074906121,0,-5.74286726675668,-10.00106183226767,0.0,-0.331962833277535,0.0,-0.0,-0.943292466482348
1776235815095014441,0,-5.745798767404261,-9.998706873900975,0.0,-0.331962833277535,0.0,-0.0,-0.943292466482348
1776235815115008433,0,-5.748713600691958,-9.996365304901477,0.0,-0.331962833277535,0.0,-0.0,-0.943292466482348
1776235815134876103,0,-5.7515790402813325,-9.994063415273448,0.0,-0.331962833277535,0.0,-0.0,-0.943292466482348
1776235815154824789,0,-5.754456164504785,-9.991752139044483,0.0,-0.331962833277535,0.0,-0.0,-0.943292466482348
1776235815174873697,0,-5.7573790037467285,-9.989404138632818,0.0,-0.331962833277535,0.0,-0.0,-0.943292466482348
1776235815194909749,0,-5.760268728440946,-9.987082740085047,0.0,-0.331962833277535,0.0,-0.0,-0.943292466482348
1776235815215009060,0,-5.763104898816299,-9.984804363254273,0.0,-0.331962833277535,0.0,-0.0,-0.943292466482348
1776235815234874309,0,-5.765939015221076,-9.982527636436853,0.0,-0.331962833277535,0.0,-0.0,-0.943292466482348
1776235815254939592,0,-5.768832955792878,-9.980202851153958,0.0,-0.331962833277535,0.0,-0.0,-0.943292466482348
1776235815274970521,0,-5.77162824482251,-9.97795731547819,0.0,-0.331962833277535,0.0,-0.0,-0.943292466482348
1776235815294952786,0,-5.7744790555544165,-9.975667177630012,0.0,-0.331962833277535,0.0,-0.0,-0.943292466482348
1776235815314876305,0,-5.777290420300237,-9.973408727871355,0.0,-0.331962833277535,0.0,-0.0,-0.943292466482348
1776235815334928029,0,-5.780119875776784,-9.971135745310963,0.0,-0.331962833277535,0.0,-0.0,-0.943292466482348
1776235815354903204,0,-5.782938529589235,-9.968871440036484,0.0,-0.331962833277535,0.0,-0.0,-0.943292466482348
1776235815374935152,0,-5.785765194517119,-9.966600699203678,0.0,-0.331962833277535,0.0,-0.0,-0.943292466482348
1776235815394875212,0,-5.788578893327739,-9.964340374423958,0.0,-0.331962833277535,0.0,-0.0,-0.943292466482348
1776235815414914542,0,-5.791437845354662,-9.962043696440485,0.0,-0.331962833277535,0.0,-0.0,-0.943292466482348
1776235815434907731,0,-5.7942902145813955,-9.959752306608795,0.0,-0.331962833277535,0.0,-0.0,-0.943292466482348
1776235815454873749,0,-5.797107576269341,-9.957489039334899,0.0,-0.331962833277535,0.0,-0.0,-0.943292466482348
1776235815474899679,0,-5.799964616557834,-9.955193897105634,0.0,-0.331962833277535,0.0,-0.0,-0.943292466482348
1776235815494876501,0,-5.802783502774905,-9.952929405133883,0.0,-0.331962833277535,0.0,-0.0,-0.943292466482348
1776235815514924798,0,-5.805643734097235,-9.950631699455787,0.0,-0.331962833277535,0.0,-0.0,-0.943292466482348
1776235815534928428,0,-5.808466403133289,-9.94836416863728,0.0,-0.331962833277535,0.0,-0.0,-0.943292466482348
1776235815554962299,0,-5.811293339411564,-9.946093209820976,0.0,-0.331962833277535,0.0,-0.0,-0.943292466482348
1776235815574903386,0,-5.814138275399828,-9.943807791322474,0.0,-0.331962833277535,0.0,-0.0,-0.943292466482348
1776235815595001267,0,-5.817005580725,-9.941504402895493,0.0,-0.331962833277535,0.0,-0.0,-0.943292466482348
1776235815614880290,0,-5.81977967147795,-9.939275896402055,0.0,-0.331962833277535,0.0,-0.0,-0.943292466482348
1776235815634900687,0,-5.8226983542306785,-9.936931235017116,0.0,-0.331962833277535,0.0,-0.0,-0.943292466482348
1776235815654970029,0,-5.825530295745161,-9.93465625535131,0.0,-0.331962833277535,0.0,-0.0,-0.943292466482348
1776235815674903541,0,-5.828311990364306,-9.93242164045456,0.0,-0.331962833277535,0.0,-0.0,-0.943292466482348
1776235815694922829,0,-5.831136868866943,-9.930152334708328,0.0,-0.331962833277535,0.0,-0.0,-0.943292466482348
1776235815714943593,0,-5.833993172137487,-9.927857784546685,0.0,-0.331962833277535,0.0,-0.0,-0.943292466482348
1776235815734933814,0,-5.836782780420827,-9.925616812377005,0.0,-0.331962833277535,0.0,-0.0,-0.943292466482348
1776235815754955352,0,-5.839576758949133,-9.923372329464446,0.0,-0.331962833277535,0.0,-0.0,-0.943292466482348
1776235815774931962,0,-5.842395615251324,-9.921107861524138,0.0,-0.331962833277535,0.0,-0.0,-0.943292466482348
1776235815794963468,0,-5.845222217809543,-9.918837170794685,0.0,-0.331962833277535,0.0,-0.0,-0.943292466482348
1776235815815016679,0,-5.848020616262134,-9.916589137230478,0.0,-0.331962833277535,0.0,-0.0,-0.943292466482348
1776235815835013973,0,-5.850842391238907,-9.914322324635354,0.0,-0.331962833277535,0.0,-0.0,-0.943292466482348
1776235815855015160,0,-5.853664715548509,-9.912055070745442,0.0,-0.331962833277535,0.0,-0.0,-0.943292466482348
1776235815874873888,0,-5.8564050103164265,-9.909853713533973,0.0,-0.331962833277535,0.0,-0.0,-0.943292466482348
1776235815894829433,0,-5.859096435202248,-9.90769161489742,0.0,-0.331962833277535,0.0,-0.0,-0.943292466482348
1776235815914928089,0,-5.861838499558268,-9.905488836125198,0.0,-0.331962833277535,0.0,-0.0,-0.943292466482348
1776235815934945085,0,-5.864507002018567,-9.903345151729088,0.0,-0.331962833277535,0.0,-0.0,-0.943292466482348
1776235815954824969,0,-5.867002241898494,-9.901340654122361,0.0,-0.331962833277535,0.0,-0.0,-0.943292466482348
1776235815974875404,0,-5.86961267666137,-9.899243617169422,0.0,-0.331962833277535,0.0,-0.0,-0.943292466482348
1776235815994998813,0,-5.872044353402136,-9.89729018165151,0.0,-0.331962833277535,0.0,-0.0,-0.943292466482348
1776235816014999892,0,-5.874492433804318,-9.895323568602922,0.0,-0.331962833277535,0.0,-0.0,-0.943292466482348
1776235816034905812,0,-5.8768667921361315,-9.893416178603307,0.0,-0.331962833277535,0.0,-0.0,-0.943292466482348
1776235816054921567,0,-5.879223042794789,-9.891523335015766,0.0,-0.331962833277535,0.0,-0.0,-0.943292466482348
1776235816075011368,0,-5.881588010133695,-9.889623489069496,0.0,-0.331962833277535,0.0,-0.0,-0.943292466482348
1776235816095013037,0,-5.883911416103925,-9.887757030560149,0.0,-0.331962833277535,0.0,-0.0,-0.943292466482348
1776235816114935715,0,-5.886147987540654,-9.885960328716667,0.0,-0.331962833277535,0.0,-0.0,-0.943292466482348
1776235816134875139,0,-5.888464163094032,-9.88409967860812,0.0,-0.331962833277535,0.0,-0.0,-0.943292466482348
1776235816154917856,0,-5.890714210419824,-9.88229215119728,0.0,-0.331962833277535,0.0,-0.0,-0.943292466482348
1776235816175003669,0,-5.892906460212509,-9.880531054198915,0.0,-0.331962833277535,0.0,-0.0,-0.943292466482348
1776235816195010284,0,-5.895121260435144,-9.87875184179477,0.0,-0.331962833277535,0.0,-0.0,-0.943292466482348
1776235816214913894,0,-5.897200522583593,-9.877081511004608,0.0,-0.331962833277535,0.0,-0.0,-0.943292466482348
1776235816234874816,0,-5.899099033148333,-9.875556383134533,0.0,-0.331962833277535,0.0,-0.0,-0.943292466482348
1776235816254933685,0,-5.90091303198376,-9.874099145955288,0.0,-0.331962833277535,0.0,-0.0,-0.943292466482348
1776235816274909516,0,-5.902719521381084,-9.872647941322558,0.0,-0.331962833277535,0.0,-0.0,-0.943292466482348
1776235816294969164,0,-5.904252097158943,-9.871416779339494,0.0,-0.331962833277535,0.0,-0.0,-0.943292466482348
1776235816315009870,0,-5.905533245641071,-9.870387596098677,0.0,-0.331962833277535,0.0,-0.0,-0.943292466482348
1776235816334877068,0,-5.906400601358382,-9.86969082442813,0.0,-0.331962833277535,0.0,-0.0,-0.943292466482348
1776235816355011296,0,-5.906965681505306,-9.869236879374103,0.0,-0.331962833277535,0.0,-0.0,-0.943292466482348
1776235816374910069,0,-5.907244917925225,-9.869012561677918,0.0,-0.33196096204674214,0.0,-0.0,-0.9432931250025103
1776235816394914958,0,-5.907307301556233,-9.868962447682534,0.0,-0.3319595510661691,0.0,-0.0,-0.9432936215494874
1776235816414936614,0,-5.907307301556233,-9.868962447682534,0.0,-0.3319595510661691,0.0,-0.0,-0.9432936215494874
1776235816434832461,0,-5.907307301556233,-9.868962447682534,0.0,-0.3319595510661691,0.0,-0.0,-0.9432936215494874
1776235816454826557,0,-5.907307301556233,-9.868962447682534,0.0,-0.3319595510661691,0.0,-0.0,-0.9432936215494874
1776235816474875277,0,-5.907307301556233,-9.868962447682534,0.0,-0.3319595510661691,0.0,-0.0,-0.9432936215494874
1776235816494905316,0,-5.907307301556233,-9.868962447682534,0.0,-0.332016233091388,0.0,-0.0,-0.9432736723580305
1776235816514900368,0,-5.907307301556233,-9.868962447682534,0.0,-0.332016233091388,0.0,-0.0,-0.9432736723580305
1776235816534907261,0,-5.907307301556233,-9.868962447682534,0.0,-0.332016233091388,0.0,-0.0,-0.9432736723580305
1776235816554910060,0,-5.907307301556233,-9.868962447682534,0.0,-0.332016233091388,0.0,-0.0,-0.9432736723580305
1776235816574825313,0,-5.907307301556233,-9.868962447682534,0.0,-0.332016233091388,0.0,-0.0,-0.9432736723580305
1776235816594875500,0,-5.907307301556233,-9.868962447682534,0.0,-0.332016233091388,0.0,-0.0,-0.9432736723580305
1776235816614901690,0,-5.907307301556233,-9.868962447682534,0.0,-0.3319595619583753,0.0,-0.0,-0.9432936177163522
1776235816634873215,0,-5.907307301556233,-9.868962447682534,0.0,-0.3319595619583753,0.0,-0.0,-0.9432936177163522
1776235816654873840,0,-5.907307301556233,-9.868962447682534,0.0,-0.3319595619583753,0.0,-0.0,-0.9432936177163522
1776235816674872300,0,-5.907307301556233,-9.868962447682534,0.0,-0.3319595619583753,0.0,-0.0,-0.9432936177163522
1776235816694827664,0,-5.907307301556233,-9.868962447682534,0.0,-0.3319595619583753,0.0,-0.0,-0.9432936177163522
1776235816714905257,0,-5.907307301556233,-9.868962447682534,0.0,-0.3319595619583753,0.0,-0.0,-0.9432936177163522
1776235816734874865,0,-5.907307301556233,-9.868962447682534,0.0,-0.3319595619583753,0.0,-0.0,-0.9432936177163522
1776235816754877368,0,-5.907307301556233,-9.868962447682534,0.0,-0.3319595619583753,0.0,-0.0,-0.9432936177163522
1776235816774980317,0,-5.907307301556233,-9.868962447682534,0.0,-0.3319026724037616,0.0,-0.0,-0.9433136360994901
1776235816794907268,0,-5.907307301556233,-9.868962447682534,0.0,-0.3318462797164311,0.0,-0.0,-0.9433334758389337
1776235816814949874,0,-5.907307301556233,-9.868962447682534,0.0,-0.3317233823004853,0.0,-0.0,-0.9433766997520799
1776235816834946908,0,-5.907307301556233,-9.868962447682534,0.0,-0.3314781295220533,0.0,-0.0,-0.9434629031650162
1776235816854906186,0,-5.907307301556233,-9.868962447682534,0.0,-0.3308660576005944,0.0,-0.0,-0.9436777267308157
1776235816874932960,0,-5.907307301556233,-9.868962447682534,0.0,-0.33012890273929185,0.0,-0.0,-0.9439358598846381
1776235816894913068,0,-5.907307301556233,-9.868962447682534,0.0,-0.32913857445775146,0.0,-0.0,-0.944281631084667
1776235816914911534,0,-5.907307301556233,-9.868962447682534,0.0,-0.3277218909014453,0.0,-0.0,-0.9447742387597056
1776235816934910262,0,-5.907307301556233,-9.868962447682534,0.0,-0.32573727016947673,0.0,-0.0,-0.9454603274715113
1776235816954874971,0,-5.907307301556233,-9.868962447682534,0.0,-0.3232634239070018,0.0,-0.0,-0.9463090186423894
1776235816974874217,0,-5.907307301556233,-9.868962447682534,0.0,-0.3202242262578289,0.0,-0.0,-0.9473417783026223
1776235816994922145,0,-5.907307301556233,-9.868962447682534,0.0,-0.31648977595496386,0.0,-0.0,-0.9485959211993149
1776235817014907519,0,-5.907307301556233,-9.868962447682534,0.0,-0.31232545323933764,0.0,-0.0,-0.9499751634957844
1776235817034913043,0,-5.907307301556233,-9.868962447682534,0.0,-0.30777024779976647,0.0,-0.0,-0.951460705741057
1776235817054910141,0,-5.907307301556233,-9.868962447682534,0.0,-0.3029621655743781,0.0,-0.0,-0.9530025845875147
1776235817074908119,0,-5.907307301556233,-9.868962447682534,0.0,-0.2979552566959646,0.0,-0.0,-0.9545798368953965
1776235817094914253,0,-5.907307301556233,-9.868962447682534,0.0,-0.2928137522857775,0.0,-0.0,-0.956169496727606
1776235817114980406,0,-5.907307301556233,-9.868962447682534,0.0,-0.28764830466058544,0.0,-0.0,-0.9577361081351643
1776235817134908449,0,-5.907307301556233,-9.868962447682534,0.0,-0.28245276478081427,0.0,-0.0,-0.9592812078153485
1776235817154873210,0,-5.907307301556233,-9.868962447682534,0.0,-0.2774886893371716,0.0,-0.0,-0.9607289041607621
1776235817174875236,0,-5.907307301556233,-9.868962447682534,0.0,-0.272575265277556,0.0,-0.0,-0.9621344629306602
1776235817194875895,0,-5.907307301556233,-9.868962447682534,0.0,-0.26790557150320815,0.0,-0.0,-0.9634451747544016
1776235817214909660,0,-5.907307301556233,-9.868962447682534,0.0,-0.2632798119170192,0.0,-0.0,-0.9647195139712573
1776235817234918932,0,-5.907307301556233,-9.868962447682534,0.0,-0.2590402040443073,0.0,-0.0,-0.9658665397914371
1776235817254912413,0,-5.907307301556233,-9.868962447682534,0.0,-0.2548569514148984,0.0,-0.0,-0.9669787662174926
1776235817274909363,0,-5.907307301556233,-9.868962447682534,0.0,-0.25086177673696985,0.0,-0.0,-0.9680229175863403
1776235817294909751,0,-5.907307301556233,-9.868962447682534,0.0,-0.24711358613715342,0.0,-0.0,-0.968986519796037
1776235817314908605,0,-5.907307301556233,-9.868962447682534,0.0,-0.24330378895449312,0.0,-0.0,-0.9699501359762714
1776235817334940749,0,-5.907307301556233,-9.868962447682534,0.0,-0.23954223061152274,0.0,-0.0,-0.9708859458008732
1776235817354907611,0,-5.907307301556233,-9.868962447682534,0.0,-0.2359154721027962,0.0,-0.0,-0.9717735796071607
1776235817374879707,0,-5.907307301556233,-9.868962447682534,0.0,-0.2320999232635787,0.0,-0.0,-0.972691947957338
1776235817394914905,0,-5.907307301556233,-9.868962447682534,0.0,-0.22820045514340404,0.0,-0.0,-0.9736141701271317
1776235817414911647,0,-5.907307301556233,-9.868962447682534,0.0,-0.22437302284906774,0.0,-0.0,-0.9745033333024427
1776235817434977773,0,-5.907307301556233,-9.868962447682534,0.0,-0.22033310267181733,0.0,-0.0,-0.9754246889775808
1776235817454920392,0,-5.907307301556233,-9.868962447682534,0.0,-0.21618773995608637,0.0,-0.0,-0.9763518121520949
1776235817474909865,0,-5.907307301556233,-9.868962447682534,0.0,-0.21215569915324026,0.0,-0.0,-0.9772358770106631
1776235817494920750,0,-5.907307301556233,-9.868962447682534,0.0,-0.2077927570687319,0.0,-0.0,-0.9781728733254541
1776235817514910174,0,-5.907307301556233,-9.868962447682534,0.0,-0.20362607326603335,0.0,-0.0,-0.9790487333561368
1776235817534873265,0,-5.907307301556233,-9.868962447682534,0.0,-0.1994611942763256,0.0,-0.0,-0.9799057260664732
1776235817554901097,0,-5.907307301556233,-9.868962447682534,0.0,-0.19527918456953192,0.0,-0.0,-0.9807476944015003
1776235817574922625,0,-5.907307301556233,-9.868962447682534,0.0,-0.19077066152992694,0.0,-0.0,-0.9816346340158512
1776235817594877378,0,-5.907307301556233,-9.868962447682534,0.0,-0.18652803255723902,0.0,-0.0,-0.9824496389486463
1776235817614908274,0,-5.907307301556233,-9.868962447682534,0.0,-0.18226571340017658,0.0,-0.0,-0.9832493120865758
1776235817634934544,0,-5.907307301556233,-9.868962447682534,0.0,-0.17787285834613006,0.0,-0.0,-0.9840534773394064
1776235817655010309,0,-5.907307301556233,-9.868962447682534,0.0,-0.17366329653337717,0.0,-0.0,-0.984805087028474
1776235817674931436,0,-5.907307301556233,-9.868962447682534,0.0,-0.16948302070722,0.0,-0.0,-0.9855331073545708
1776235817695008495,0,-5.907307301556233,-9.868962447682534,0.0,-0.16532633943632388,0.0,-0.0,-0.9862389170422071
1776235817714913170,0,-5.907307301556233,-9.868962447682534,0.0,-0.16127120140922588,0.0,-0.0,-0.9869101274158781
1776235817734913565,0,-5.907307301556233,-9.868962447682534,0.0,-0.15706543056083055,0.0,-0.0,-0.9875881988575709
1776235817754957028,0,-5.907307301556233,-9.868962447682534,0.0,-0.15290716724266426,0.0,-0.0,-0.9882405568513285
1776235817774914423,0,-5.907307301556233,-9.868962447682534,0.0,-0.14896141817863848,0.0,-0.0,-0.9888430087198922
1776235817794918964,0,-5.907307301556233,-9.868962447682534,0.0,-0.14494458691150036,0.0,-0.0,-0.9894397741778196
1776235817814982290,0,-5.907307301556233,-9.868962447682534,0.0,-0.14084402977864077,0.0,-0.0,-0.9900317971033624
1776235817834825085,0,-5.907307301556233,-9.868962447682534,0.0,-0.13671736947715493,0.0,-0.0,-0.9906100952863579
1776235817854875340,0,-5.907307301556233,-9.868962447682534,0.0,-0.132614709560408,0.0,-0.0,-0.9911676643273875
1776235817874997926,0,-5.907307301556233,-9.868962447682534,0.0,-0.12849496375246505,0.0,-0.0,-0.9917101614333962
1776235817895007852,0,-5.907307301556233,-9.868962447682534,0.0,-0.12426702746646906,0.0,-0.0,-0.9922488124884039
1776235817915011100,0,-5.907307301556233,-9.868962447682534,0.0,-0.11996874050403332,0.0,-0.0,-0.9927776696228999
1776235817935010437,0,-5.907307301556233,-9.868962447682534,0.0,-0.1157385721318898,0.0,-0.0,-0.9932797103137018
1776235817954997921,0,-5.907307301556233,-9.868962447682534,0.0,-0.11150881246884008,0.0,-0.0,-0.9937634450621481
1776235817975011878,0,-5.907307301556233,-9.868962447682534,0.0,-0.10714208442439967,0.0,-0.0,-0.9942437194899422
1776235817994878150,0,-5.907307301556233,-9.868962447682534,0.0,-0.1029339796188604,0.0,-0.0,-0.9946881902585473
1776235818015001827,0,-5.907307301556233,-9.868962447682534,0.0,-0.0985393055644787,0.0,-0.0,-0.9951331595615083
1776235818035010255,0,-5.907307301556233,-9.868962447682534,0.0,-0.09409817513439873,0.0,-0.0,-0.9955629228915549
1776235818055004715,0,-5.907307301556233,-9.868962447682534,0.0,-0.08972797222835308,0.0,-0.0,-0.995966310173084
1776235818074997563,0,-5.907307301556233,-9.868962447682534,0.0,-0.08541615319796814,0.0,-0.0,-0.9963453621976976
1776235818095015887,0,-5.907307301556233,-9.868962447682534,0.0,-0.08109723647074657,0.0,-0.0,-0.9967061945412037
1776235818114908776,0,-5.907307301556233,-9.868962447682534,0.0,-0.07693279428007754,0.0,-0.0,-0.9970362807662815
1776235818134827893,0,-5.907307301556233,-9.868962447682534,0.0,-0.0726323844195688,0.0,-0.0,-0.997358780346134
1776235818154916594,0,-5.907307301556233,-9.868962447682534,0.0,-0.06836414072619265,0.0,-0.0,-0.9976604353500089
1776235818174919904,0,-5.907307301556233,-9.868962447682534,0.0,-0.0642425498229135,0.0,-0.0,-0.9979343138665242
1776235818194913502,0,-5.907307301556233,-9.868962447682534,0.0,-0.059992140760310494,0.0,-0.0,-0.998198849451849
1776235818214911139,0,-5.907307301556233,-9.868962447682534,0.0,-0.05579968437624605,0.0,-0.0,-0.998441983904679
1776235818234931264,0,-5.907307301556233,-9.868962447682534,0.0,-0.0516715046845932,0.0,-0.0,-0.9986641355348804
1776235818254915056,0,-5.907307301556233,-9.868962447682534,0.0,-0.047480071877291946,0.0,-0.0,-0.9988721854043826
1776235818274914750,0,-5.907307301556233,-9.868962447682534,0.0,-0.04322452354029814,0.0,-0.0,-0.9990653835283826
1776235818294975484,0,-5.907307301556233,-9.868962447682534,0.0,-0.03895519915915699,0.0,-0.0,-0.9992409581569754
1776235818314909447,0,-5.907307301556233,-9.868962447682534,0.0,-0.03471214949843304,0.0,-0.0,-0.9993973517461403
1776235818334989914,0,-5.907307301556233,-9.868962447682534,0.0,-0.03049749672712876,0.0,-0.0,-0.9995348431612471
1776235818354873566,0,-5.907307301556233,-9.868962447682534,0.0,-0.026194419207201048,0.0,-0.0,-0.9996568673311845
1776235818375007594,0,-5.907307301556233,-9.868962447682534,0.0,-0.021836662822628566,0.0,-0.0,-0.9997615516495775
1776235818394915944,0,-5.907307301556233,-9.868962447682534,0.0,-0.017597011793259957,0.0,-0.0,-0.9998451606003541
1776235818414914286,0,-5.907307301556233,-9.868962447682534,0.0,-0.013337877752486864,0.0,-0.0,-0.9999110465521719
1776235818434874378,0,-5.907307301556233,-9.868962447682534,0.0,-0.009016791162834558,0.0,-0.0,-0.9999593479122668
1776235818455001504,0,-5.907307301556233,-9.868962447682534,0.0,-0.004729817884757898,0.0,-0.0,-0.9999888143488291
1776235818474999495,0,-5.907307301556233,-9.868962447682534,0.0,-0.0002702834261738305,0.0,-0.0,-0.9999999634734341
1776235818494969692,0,-5.907307301556233,-9.868962447682534,0.0,0.0041830583998463,0.0,0.0,-0.999991250972939
1776235818515002053,0,-5.907307301556233,-9.868962447682534,0.0,0.008449862925725629,0.0,0.0,-0.9999642992709972
1776235818534996715,0,-5.907307301556233,-9.868962447682534,0.0,0.0128384391865507,0.0,0.0,-0.9999175838434152
1776235818555002205,0,-5.907307301556233,-9.868962447682534,0.0,0.01709912790627371,0.0,0.0,-0.9998537992250891
1776235818575007879,0,-5.907307301556233,-9.868962447682534,0.0,0.02135954533098459,0.0,0.0,-0.9997718588874432
1776235818595000786,0,-5.907307301556233,-9.868962447682534,0.0,0.02581671948744234,0.0,0.0,-0.9996666929506588
1776235818615015087,0,-5.907307301556233,-9.868962447682534,0.0,0.030018081276445837,0.0,0.0,-0.9995493558581691
1776235818634872998,0,-5.907307301556233,-9.868962447682534,0.0,0.034374629616185336,0.0,0.0,-0.9994090177893884
1776235818654872736,0,-5.907307301556233,-9.868962447682534,0.0,0.03883157889131982,0.0,0.0,-0.999245769808813
1776235818674873308,0,-5.907307301556233,-9.868962447682534,0.0,0.04308812235951786,0.0,0.0,-0.9990712755912519
1776235818694872883,0,-5.907307301556233,-9.868962447682534,0.0,0.04747352289555019,0.0,0.0,-0.9988724966800746
1776235818714873305,0,-5.907307301556233,-9.868962447682534,0.0,0.05185819422378002,0.0,0.0,-0.9986544586051017
1776235818734874201,0,-5.907307301556233,-9.868962447682534,0.0,0.0561820620369564,0.0,0.0,-0.9984205406066502
1776235818754872778,0,-5.907307301556233,-9.868962447682534,0.0,0.06063412746315213,0.0,0.0,-0.9981600586012156
1776235818774888136,0,-5.907307301556233,-9.868962447682534,0.0,0.06488899062120504,0.0,0.0,-0.997892488646027
1776235818794900509,0,-5.907307301556233,-9.868962447682534,0.0,0.06914204010901559,0.0,0.0,-0.9976068255026944
1776235818814874470,0,-5.907307301556233,-9.868962447682534,0.0,0.0735848732721197,0.0,0.0,-0.9972889583393201
1776235818834873563,0,-5.907307301556233,-9.868962447682534,0.0,0.07796205029437961,0.0,0.0,-0.996956327385456
1776235818854872849,0,-5.907307301556233,-9.868962447682534,0.0,0.08220821241573956,0.0,0.0,-0.9966151763902699
1776235818874872760,0,-5.907307301556233,-9.868962447682534,0.0,0.08652275277642768,0.0,0.0,-0.9962498749068875
1776235818894875722,0,-5.907307301556233,-9.868962447682534,0.0,0.09063712417101089,0.0,0.0,-0.9958839850715588
1776235818914872524,0,-5.907307301556233,-9.868962447682534,0.0,0.09487807658315367,0.0,0.0,-0.995488900281606
1776235818934913324,0,-5.907307301556233,-9.868962447682534,0.0,0.0991964302443403,0.0,0.0,-0.9950678711659722
1776235818954919806,0,-5.907307301556233,-9.868962447682534,0.0,0.10350552655117069,0.0,0.0,-0.994628878513672
1776235818974911750,0,-5.907307301556233,-9.868962447682534,0.0,0.10768036058834904,0.0,0.0,-0.9941855661512911
1776235818994917605,0,-5.907307301556233,-9.868962447682534,0.0,0.11191584049255897,0.0,0.0,-0.9937176886051914
1776235819014874916,0,-5.907307301556233,-9.868962447682534,0.0,0.11620839592795208,0.0,0.0,-0.993224853049828
1776235819034912011,0,-5.907307301556233,-9.868962447682534,0.0,0.12064522016685841,0.0,0.0,-0.9926956889454543
1776235819054935067,0,-5.907307301556233,-9.868962447682534,0.0,0.12487786878002073,0.0,0.0,-0.992172121100447
1776235819074908627,0,-5.907307301556233,-9.868962447682534,0.0,0.1290977915164733,0.0,0.0,-0.9916318672902606
1776235819094875727,0,-5.907307301556233,-9.868962447682534,0.0,0.1335119000877774,0.0,0.0,-0.9910472100434728
1776235819114873406,0,-5.907307301556233,-9.868962447682534,0.0,0.13786079234903809,0.0,0.0,-0.9904516151397278
1776235819134910286,0,-5.907307301556233,-9.868962447682534,0.0,0.14221554552918955,0.0,0.0,-0.9898357129391903
1776235819154874955,0,-5.907307301556233,-9.868962447682534,0.0,0.14655186864365685,0.0,0.0,-0.9892029871553423
1776235819174909968,0,-5.907307301556233,-9.868962447682534,0.0,0.150771903353766,0.0,0.0,-0.9885685778736256
1776235819194825965,0,-5.907307301556233,-9.868962447682534,0.0,0.15503301176797143,0.0,0.0,-0.9879092899968863
1776235819214911453,0,-5.907307301556233,-9.868962447682534,0.0,0.159327464015561,0.0,0.0,-0.9872257893766604
1776235819234907013,0,-5.907307301556233,-9.868962447682534,0.0,0.1635306544564723,0.0,0.0,-0.9865382532132435
1776235819254909526,0,-5.907307301556233,-9.868962447682534,0.0,0.1676731807294213,0.0,0.0,-0.9858426367651578
1776235819274924208,0,-5.907307301556233,-9.868962447682534,0.0,0.17200257507298317,0.0,0.0,-0.9850964999269172
1776235819294912322,0,-5.907307301556233,-9.868962447682534,0.0,0.17613599398358656,0.0,0.0,-0.9843658423692961
1776235819314913758,0,-5.907307301556233,-9.868962447682534,0.0,0.1804559590293462,0.0,0.0,-0.983583065557149
1776235819334907981,0,-5.907307301556233,-9.868962447682534,0.0,0.18477088982357306,0.0,0.0,-0.9827816228816069
1776235819354911381,0,-5.907307301556233,-9.868962447682534,0.0,0.18902531164382824,0.0,0.0,-0.9819722152678015
1776235819374875364,0,-5.907307301556233,-9.868962447682534,0.0,0.19345389386946527,0.0,0.0,-0.9811093674747692
1776235819394913035,0,-5.907307301556233,-9.868962447682534,0.0,0.19783593778978137,0.0,0.0,-0.9802351461352719
1776235819414909327,0,-5.907307301556233,-9.868962447682534,0.0,0.20200915823079202,0.0,0.0,-0.9793836326950164
1776235819434909586,0,-5.907307301556233,-9.868962447682534,0.0,0.20637524222134454,0.0,0.0,-0.9784729221588513
1776235819454874720,0,-5.907307301556233,-9.868962447682534,0.0,0.21066125467700397,0.0,0.0,-0.9775591213721605
1776235819474874318,0,-5.907307301556233,-9.868962447682534,0.0,0.2149506094224543,0.0,0.0,-0.976624920585644
1776235819494876769,0,-5.907307301556233,-9.868962447682534,0.0,0.2192364327896338,0.0,0.0,-0.9756717616789349
1776235819514874857,0,-5.907307301556233,-9.868962447682534,0.0,0.22339039564499738,0.0,0.0,-0.9747290552423127
1776235819534874014,0,-5.907307301556233,-9.868962447682534,0.0,0.22760868737148732,0.0,0.0,-0.9737526818617901
1776235819554875220,0,-5.907307301556233,-9.868962447682534,0.0,0.23182314357560355,0.0,0.0,-0.9727579504186666
1776235819574874952,0,-5.907307301556233,-9.868962447682534,0.0,0.23596492091566257,0.0,0.0,-0.9717615736883534
1776235819594889613,0,-5.907307301556233,-9.868962447682534,0.0,0.24010550303659636,0.0,0.0,-0.9707467988160162
1776235819614909864,0,-5.907307301556233,-9.868962447682534,0.0,0.24418463372751545,0.0,0.0,-0.9697287582882953
1776235819634910145,0,-5.907307301556233,-9.868962447682534,0.0,0.24825538586845614,0.0,0.0,-0.9686946182297618
1776235819654872699,0,-5.907307301556233,-9.868962447682534,0.0,0.25237204202605623,0.0,0.0,-0.9676302767088256
1776235819674908287,0,-5.907307301556233,-9.868962447682534,0.0,0.2565669490727987,0.0,0.0,-0.9665264614295234
1776235819694919477,0,-5.907307301556233,-9.868962447682534,0.0,0.26068431236226486,0.0,0.0,-0.9654240981497267
1776235819714908718,0,-5.907307301556233,-9.868962447682534,0.0,0.26498518346088734,0.0,0.0,-0.9642524838164535
1776235819734914977,0,-5.907307301556233,-9.868962447682534,0.0,0.26921700809043714,0.0,0.0,-0.9630795411360547
1776235819754873299,0,-5.907307301556233,-9.868962447682534,0.0,0.27337592614493283,0.0,0.0,-0.9619072735999038
1776235819774910068,0,-5.907307301556233,-9.868962447682534,0.0,0.27754605661186327,0.0,0.0,-0.9607123328339261
1776235819794877266,0,-5.907307301556233,-9.868962447682534,0.0,0.28162945635337155,0.0,0.0,-0.9595232406326094
1776235819814872901,0,-5.907307301556233,-9.868962447682534,0.0,0.28590518212375554,0.0,0.0,-0.9582579124822201
1776235819834872493,0,-5.907307301556233,-9.868962447682534,0.0,0.2901760677177802,0.0,0.0,-0.9569732753446389
1776235819854872764,0,-5.907307301556233,-9.868962447682534,0.0,0.29437442770492755,0.0,0.0,-0.9556901675299356
1776235819874874187,0,-5.907307301556233,-9.868962447682534,0.0,0.2984432736910052,0.0,0.0,-0.9544273740775647
1776235819894875052,0,-5.907307301556233,-9.868962447682534,0.0,0.3025733120481611,0.0,0.0,-0.953126114864243
1776235819914894782,0,-5.907307301556233,-9.868962447682534,0.0,0.30670156444324675,0.0,0.0,-0.9518057314221557
1776235819934872665,0,-5.907307301556233,-9.868962447682534,0.0,0.31081544404983713,0.0,0.0,-0.9504702834597737
1776235819954934702,0,-5.907307301556233,-9.868962447682534,0.0,0.314817031356535,0.0,0.0,-0.949152378055209
1776235819975009162,0,-5.907307301556233,-9.868962447682534,0.0,0.3189391757999047,0.0,0.0,-0.9477751854422427
1776235819994997637,0,-5.907307301556233,-9.868962447682534,0.0,0.3229714686163221,0.0,0.0,-0.9464087015976851
1776235820015008754,0,-5.907307301556233,-9.868962447682534,0.0,0.3270686522551237,0.0,0.0,-0.9450005802707303
1776235820034997402,0,-5.907307301556233,-9.868962447682534,0.0,0.33108909319094687,0.0,0.0,-0.9435994978644258
1776235820054957807,0,-5.907307301556233,-9.868962447682534,0.0,0.3350978645405682,0.0,0.0,-0.9421833267365491
1776235820075000315,0,-5.907307301556233,-9.868962447682534,0.0,0.33911703046096636,0.0,0.0,-0.9407441945881654
1776235820094916388,0,-5.907307301556233,-9.868962447682534,0.0,0.3429831210777991,0.0,0.0,-0.9393415665537919
1776235820114823109,0,-5.907307301556233,-9.868962447682534,0.0,0.3469629577750196,0.0,0.0,-0.9378788332892527
1776235820134908740,0,-5.907307301556233,-9.868962447682534,0.0,0.350915815966984,0.0,0.0,-0.9364070109221875
1776235820154911467,0,-5.907307301556233,-9.868962447682534,0.0,0.3548461540579602,0.0,0.0,-0.9349247065674724
1776235820175002809,0,-5.907307301556233,-9.868962447682534,0.0,0.35878760116532826,0.0,0.0,-0.9334192290980668
1776235820194958309,0,-5.907307301556233,-9.868962447682534,0.0,0.35878760116532826,0.0,0.0,-0.9334192290980668
1776235820214984603,0,-5.907277561667108,-9.868935619545217,0.0,0.3588181393063913,0.0,0.0,-0.9334074902767275
1776235820234967641,0,-5.907247887757872,-9.86890884742367,0.0,0.35884836954804616,0.0,0.0,-0.9333958686820447
1776235820254931784,0,-5.907277533591431,-9.868935594250141,0.0,0.35881874857787016,0.0,0.0,-0.9334072560619031
1776235820274908656,0,-5.907277533591431,-9.868935594250141,0.0,0.35881874857787016,0.0,0.0,-0.9334072560619031
1776235820294878832,0,-5.907247878738481,-9.868908839408235,0.0,0.3588462531384117,0.0,0.0,-0.9333966823427877
1776235820314874539,0,-5.907247878738481,-9.868908839408235,0.0,0.3588462531384117,0.0,0.0,-0.9333966823427877
1776235820334900673,0,-5.907158673801195,-9.868828340110534,0.0,0.3589219930659303,0.0,0.0,-0.933367560446355
1776235820354908140,0,-5.907158673801195,-9.868828340110534,0.0,0.3589219930659303,0.0,0.0,-0.933367560446355
1776235820374968438,0,-5.907158673801195,-9.868828340110534,0.0,0.3589219930659303,0.0,0.0,-0.933367560446355
1776235820394906910,0,-5.907158673801195,-9.868828340110534,0.0,0.3589219930659303,0.0,0.0,-0.933367560446355
1776235820414874051,0,-5.907069742544487,-9.868748065869793,0.0,0.358973007900123,0.0,0.0,-0.9333479413376012
1776235820434873302,0,-5.907040053042684,-9.868721262627517,0.0,0.3589889579416354,0.0,0.0,-0.9333418066689066
1776235820454908635,0,-5.906980569417322,-9.868667556650038,0.0,0.3590165933332192,0.0,0.0,-0.9333311768667164
1776235820474875225,0,-5.906921293049681,-9.868614031438199,0.0,0.3590441335921671,0.0,0.0,-0.9333205827222767
1776235820494876253,0,-5.906921293049681,-9.868614031438199,0.0,0.3590441335921671,0.0,0.0,-0.9333205827222767
1776235820514873395,0,-5.906861928630462,-9.86856042138925,0.0,0.359062738761111,0.0,0.0,-0.9333134251865073
1776235820534874392,0,-5.906832241437925,-9.868533610378915,0.0,0.3590698640379236,0.0,0.0,-0.9333106839310193
1776235820554873732,0,-5.906802557058745,-9.86850680119791,0.0,0.359075058937542,0.0,0.0,-0.9333086852960283
1776235820574873551,0,-5.906802557058745,-9.86850680119791,0.0,0.359075058937542,0.0,0.0,-0.9333086852960283
1776235820594888680,0,-5.906832264786102,-9.86853363164038,0.0,0.35907288812982147,0.0,0.0,-0.9333095204754469
1776235820614920034,0,-5.906861996689838,-9.868560483728293,0.0,0.3590717846722367,0.0,0.0,-0.9333099450087815
1776235820634918200,0,-5.906891679377214,-9.868587291279388,0.0,0.35907137245694287,0.0,0.0,-0.933310103600024
1776235820654962511,0,-5.906921430569324,-9.868614160673427,0.0,0.35907133091043963,0.0,0.0,-0.9333101195841635
1776235820674940963,0,-5.906951084010005,-9.868640941782171,0.0,0.35907133091043963,0.0,0.0,-0.9333101195841635
1776235820694914727,0,-5.906980730492429,-9.868667716606662,0.0,0.35907133091043963,0.0,0.0,-0.9333101195841635
1776235820714928024,0,-5.906980730492429,-9.868667716606662,0.0,0.35907133091043963,0.0,0.0,-0.9333101195841635
1776235820734909107,0,-5.906980730492429,-9.868667716606662,0.0,0.35907133091043963,0.0,0.0,-0.9333101195841635
1776235820754939980,0,-5.906980730492429,-9.868667716606662,0.0,0.35907133091043963,0.0,0.0,-0.9333101195841635
1776235820774948140,0,-5.906980730492429,-9.868667716606662,0.0,0.35907133091043963,0.0,0.0,-0.9333101195841635
1776235820795034668,0,-5.907040358201972,-9.868721568575804,0.0,0.35907133091043963,0.0,0.0,-0.9333101195841635
1776235820814825706,0,-5.907157859271895,-9.868827688097081,0.0,0.35907133091043963,0.0,0.0,-0.9333101195841635
1776235820834823608,0,-5.907425000035485,-9.86906895270825,0.0,0.35907133091043963,0.0,0.0,-0.9333101195841635
1776235820854823706,0,-5.907870283542601,-9.869471104557956,0.0,0.35907133091043963,0.0,0.0,-0.9333101195841635
1776235820875016933,0,-5.908559644686751,-9.870093691864252,0.0,0.35907133091043963,0.0,0.0,-0.9333101195841635
1776235820894913548,0,-5.909238880020525,-9.870707134180183,0.0,0.35907133091043963,0.0,0.0,-0.9333101195841635
1776235820914913262,0,-5.910129429935936,-9.871511422437013,0.0,0.35907133091043963,0.0,0.0,-0.9333101195841635
1776235820935011753,0,-5.91111387305043,-9.87240050908203,0.0,0.35907133091043963,0.0,0.0,-0.9333101195841635
1776235820955004722,0,-5.912241522498701,-9.87341893061392,0.0,0.35907133091043963,0.0,0.0,-0.9333101195841635
1776235820974999889,0,-5.91366607845652,-9.874705499292713,0.0,0.35907133091043963,0.0,0.0,-0.9333101195841635
1776235820995002889,0,-5.9154177811015005,-9.876287526130778,0.0,0.35907133091043963,0.0,0.0,-0.9333101195841635
1776235821015012525,0,-5.917407662711459,-9.878084661118589,0.0,0.35907133091043963,0.0,0.0,-0.9333101195841635
1776235821035018989,0,-5.919649636367677,-9.880109469669602,0.0,0.35907133091043963,0.0,0.0,-0.9333101195841635
1776235821054828612,0,-5.9220753716932615,-9.88230024011693,0.0,0.35907133091043963,0.0,0.0,-0.9333101195841635
1776235821074824488,0,-5.924791027729342,-9.884752848580096,0.0,0.35907133091043963,0.0,0.0,-0.9333101195841635
1776235821095020170,0,-5.927653723068912,-9.887338253625526,0.0,0.35907133091043963,0.0,0.0,-0.9333101195841635
1776235821115021105,0,-5.930637247562186,-9.890032783906666,0.0,0.35907133091043963,0.0,0.0,-0.9333101195841635
1776235821134874861,0,-5.9336282856710385,-9.89273410000931,0.0,0.35907133091043963,0.0,0.0,-0.9333101195841635
1776235821155025361,0,-5.936664029306265,-9.895475791310748,0.0,0.35907133091043963,0.0,0.0,-0.9333101195841635
1776235821174932346,0,-5.939633539348411,-9.898157664627593,0.0,0.35907133091043963,0.0,0.0,-0.9333101195841635
1776235821194935915,0,-5.9425580751937455,-9.900798920099529,0.0,0.35907133091043963,0.0,0.0,-0.9333101195841635
1776235821215020812,0,-5.9453156327364995,-9.903289371348595,0.0,0.35907133091043963,0.0,0.0,-0.9333101195841635
1776235821234910928,0,-5.947957880872626,-9.90567568244779,0.0,0.35907133091043963,0.0,0.0,-0.9333101195841635
1776235821254927010,0,-5.9505277345601835,-9.907996611468068,0.0,0.35907133091043963,0.0,0.0,-0.9333101195841635
1776235821274914465,0,-5.952915912111419,-9.910153462113353,0.0,0.35907133091043963,0.0,0.0,-0.9333101195841635
1776235821295008872,0,-5.955227392093684,-9.91224104437401,0.0,0.35907133091043963,0.0,0.0,-0.9333101195841635
1776235821315001140,0,-5.957527122923364,-9.914318015544492,0.0,0.35907133091043963,0.0,0.0,-0.9333101195841635
1776235821335009580,0,-5.959635677413556,-9.916222328358419,0.0,0.35907133091043963,0.0,0.0,-0.9333101195841635
1776235821354937505,0,-5.9616470116811735,-9.91803883802736,0.0,0.35907133091043963,0.0,0.0,-0.9333101195841635
1776235821375006844,0,-5.963702407104901,-9.9198951409407,0.0,0.35907133091043963,0.0,0.0,-0.9333101195841635
1776235821395009493,0,-5.965543147033952,-9.92155758061217,0.0,0.35907133091043963,0.0,0.0,-0.9333101195841635
1776235821415008427,0,-5.967383545090837,-9.92321971152639,0.0,0.35907133091043963,0.0,0.0,-0.9333101195841635
1776235821435001795,0,-5.969193755409404,-9.924854578788118,0.0,0.35907133091043963,0.0,0.0,-0.9333101195841635
1776235821454915599,0,-5.970908089438592,-9.926402856660143,0.0,0.35907133091043963,0.0,0.0,-0.9333101195841635
1776235821475002336,0,-5.972637310875851,-9.927964579895853,0.0,0.35907133091043963,0.0,0.0,-0.9333101195841635
1776235821495013717,0,-5.974360045086709,-9.929520444279742,0.0,0.35907133091043963,0.0,0.0,-0.9333101195841635
1776235821514939503,0,-5.9760458354005594,-9.931042943276662,0.0,0.35907133091043963,0.0,0.0,-0.9333101195841635
1776235821534997151,0,-5.977772552632069,-9.932602404872394,0.0,0.35907133091043963,0.0,0.0,-0.9333101195841635
1776235821555002419,0,-5.979554147081388,-9.934211428094148,0.0,0.35907133091043963,0.0,0.0,-0.9333101195841635
1776235821575001389,0,-5.981275812857519,-9.935766327535458,0.0,0.35907133091043963,0.0,0.0,-0.9333101195841635
1776235821594999857,0,-5.983027118626226,-9.937347995940026,0.0,0.35907133091043963,0.0,0.0,-0.9333101195841635
1776235821615010342,0,-5.984838878727211,-9.938984262866992,0.0,0.35907133091043963,0.0,0.0,-0.9333101195841635
1776235821635007777,0,-5.98659009403404,-9.940565849572113,0.0,0.35907133091043963,0.0,0.0,-0.9333101195841635
1776235821654877634,0,-5.988418613804819,-9.942217252770941,0.0,0.35907133091043963,0.0,0.0,-0.9333101195841635
1776235821675011247,0,-5.990331173272453,-9.943944555299044,0.0,0.35907133091043963,0.0,0.0,-0.9333101195841635
1776235821695018934,0,-5.992291164169715,-9.94571469488908,0.0,0.35907133091043963,0.0,0.0,-0.9333101195841635
1776235821715024724,0,-5.994369745317823,-9.94759193767963,0.0,0.35907133091043963,0.0,0.0,-0.9333101195841635
1776235821735003857,0,-5.996445556830868,-9.949466679111236,0.0,0.35907133091043963,0.0,0.0,-0.9333101195841635
1776235821755008676,0,-5.998583422142297,-9.951397463601712,0.0,0.35907133091043963,0.0,0.0,-0.9333101195841635
1776235821775000281,0,-6.00082373066238,-9.95342076830725,0.0,0.35907133091043963,0.0,0.0,-0.9333101195841635
1776235821795011754,0,-6.003155373174246,-9.955526560087097,0.0,0.35907133091043963,0.0,0.0,-0.9333101195841635
1776235821814996689,0,-6.005572912748161,-9.957709928650804,0.0,0.35907133091043963,0.0,0.0,-0.9333101195841635
1776235821835003314,0,-6.008052466530512,-9.959949304518265,0.0,0.35907133091043963,0.0,0.0,-0.9333101195841635
1776235821855001282,0,-6.010530947393421,-9.96218771139284,0.0,0.35907133091043963,0.0,0.0,-0.9333101195841635
1776235821875013063,0,-6.013129951846726,-9.964534967537706,0.0,0.35907133091043963,0.0,0.0,-0.9333101195841635
1776235821894974076,0,-6.01563348024639,-9.966795995760453,0.0,0.35907133091043963,0.0,0.0,-0.9333101195841635
1776235821914912123,0,-6.018193315063503,-9.969107876371776,0.0,0.35907133091043963,0.0,0.0,-0.9333101195841635
1776235821934911733,0,-6.020701684334001,-9.971373276562307,0.0,0.35907133091043963,0.0,0.0,-0.9333101195841635
1776235821954909417,0,-6.023298857957454,-9.973718879217667,0.0,0.35907133091043963,0.0,0.0,-0.9333101195841635
1776235821974922711,0,-6.0258089434876725,-9.975985829425273,0.0,0.35907133091043963,0.0,0.0,-0.9333101195841635
1776235821994911985,0,-6.028345685969826,-9.978276854502834,0.0,0.35907133091043963,0.0,0.0,-0.9333101195841635
1776235822014911681,0,-6.030794696185123,-9.980488645355809,0.0,0.35907133091043963,0.0,0.0,-0.9333101195841635
1776235822034930209,0,-6.033305438168385,-9.982756188430184,0.0,0.35907133091043963,0.0,0.0,-0.9333101195841635
1776235822054913837,0,-6.03569315845503,-9.984912626103057,0.0,0.35907133091043963,0.0,0.0,-0.9333101195841635
1776235822074912009,0,-6.038141982052903,-9.987124248415011,0.0,0.35907133091043963,0.0,0.0,-0.9333101195841635
1776235822094944820,0,-6.040505844729439,-9.989259139406077,0.0,0.35907133091043963,0.0,0.0,-0.9333101195841635
1776235822114910144,0,-6.0428913779841595,-9.991413601890297,0.0,0.35907133091043963,0.0,0.0,-0.9333101195841635
1776235822134952364,0,-6.045315847215563,-9.993603228881593,0.0,0.35907133091043963,0.0,0.0,-0.9333101195841635
1776235822154914989,0,-6.047730687991227,-9.995784160061707,0.0,0.35907133091043963,0.0,0.0,-0.9333101195841635
1776235822174938214,0,-6.050152859433614,-9.997971711835564,0.0,0.35907133091043963,0.0,0.0,-0.9333101195841635
1776235822194886657,0,-6.052625202334668,-10.000204575291935,0.0,0.35907133091043963,0.0,0.0,-0.9333101195841635
1776235822214901287,0,-6.055016626858817,-10.002364358397397,0.0,0.35907133091043963,0.0,0.0,-0.9333101195841635
1776235822234873487,0,-6.057551202561876,-10.004653426577345,0.0,0.35907133091043963,0.0,0.0,-0.9333101195841635
1776235822254846803,0,-6.059967336607458,-10.006835525756951,0.0,0.35907133091043963,0.0,0.0,-0.9333101195841635
1776235822274878797,0,-6.062509500479046,-10.009131447089931,0.0,0.35907133091043963,0.0,0.0,-0.9333101195841635
1776235822294874688,0,-6.064958044763068,-10.011342817143298,0.0,0.35907133091043963,0.0,0.0,-0.9333101195841635
1776235822314873826,0,-6.067525723019856,-10.013661781452338,0.0,0.35907133091043963,0.0,0.0,-0.9333101195841635
1776235822334873530,0,-6.070004419036757,-10.015900382640385,0.0,0.35907133091043963,0.0,0.0,-0.9333101195841635
1776235822354912080,0,-6.072577157378412,-10.018223916897437,0.0,0.35907133091043963,0.0,0.0,-0.9333101195841635
1776235822374908713,0,-6.075025792522092,-10.020435369009501,0.0,0.35907133091043963,0.0,0.0,-0.9333101195841635
1776235822394913511,0,-6.077534812476274,-10.02270135685632,0.0,0.35907133091043963,0.0,0.0,-0.9333101195841635
1776235822414873580,0,-6.080008596264649,-10.024935521630784,0.0,0.35907133091043963,0.0,0.0,-0.9333101195841635
1776235822434874389,0,-6.0825468025981,-10.027227868766044,0.0,0.35907133091043963,0.0,0.0,-0.9333101195841635
1776235822454910320,0,-6.0850299884674905,-10.029470524904387,0.0,0.35907133091043963,0.0,0.0,-0.9333101195841635
1776235822474874970,0,-6.087504340009585,-10.031705202438072,0.0,0.35907133091043963,0.0,0.0,-0.9333101195841635
1776235822494874768,0,-6.090072103003409,-10.03402424327626,0.0,0.35907133091043963,0.0,0.0,-0.9333101195841635
1776235822514914379,0,-6.092555744959612,-10.036267311323297,0.0,0.35907133091043963,0.0,0.0,-0.9333101195841635
1776235822534913097,0,-6.095093685934324,-10.038559418803363,0.0,0.35907133091043963,0.0,0.0,-0.9333101195841635
1776235822554908473,0,-6.0975421671553685,-10.040770731902253,0.0,0.35907133091043963,0.0,0.0,-0.9333101195841635
1776235822574938207,0,-6.099994855595022,-10.042985844694432,0.0,0.35907133091043963,0.0,0.0,-0.9333101195841635
1776235822594876838,0,-6.102554765391571,-10.045297793022431,0.0,0.35907133091043963,0.0,0.0,-0.9333101195841635
1776235822614873572,0,-6.1049440516332085,-10.0474556449666,0.0,0.35907133091043963,0.0,0.0,-0.9333101195841635
1776235822634872855,0,-6.107482064309338,-10.049747817202867,0.0,0.35907133091043963,0.0,0.0,-0.9333101195841635
1776235822654874214,0,-6.109931278162933,-10.051959791969065,0.0,0.35907133091043963,0.0,0.0,-0.9333101195841635
1776235822674873330,0,-6.112439585475507,-10.054225136203147,0.0,0.35907133091043963,0.0,0.0,-0.9333101195841635
1776235822694925626,0,-6.114924799567928,-10.056469624104,0.0,0.35907133091043963,0.0,0.0,-0.9333101195841635
1776235822714874617,0,-6.117426820157413,-10.058729290568113,0.0,0.35907133091043963,0.0,0.0,-0.9333101195841635
1776235822734873740,0,-6.119846076026701,-10.060914209181082,0.0,0.35907133091043963,0.0,0.0,-0.9333101195841635
1776235822754874153,0,-6.122324859914682,-10.063152889728723,0.0,0.35907133091043963,0.0,0.0,-0.9333101195841635
1776235822774908290,0,-6.124748351360943,-10.065341633646458,0.0,0.35907133091043963,0.0,0.0,-0.9333101195841635
1776235822794914659,0,-6.127168483765076,-10.067527343890152,0.0,0.35907133091043963,0.0,0.0,-0.9333101195841635
1776235822814873457,0,-6.129582861595805,-10.06970785696777,0.0,0.35907133091043963,0.0,0.0,-0.9333101195841635
1776235822834873932,0,-6.1320319672015,-10.071919733971317,0.0,0.35907133091043963,0.0,0.0,-0.9333101195841635
1776235822854912540,0,-6.1345154848492465,-10.074162689750825,0.0,0.35907133091043963,0.0,0.0,-0.9333101195841635
1776235822874912011,0,-6.136964467512752,-10.07637445572077,0.0,0.35907133091043963,0.0,0.0,-0.9333101195841635
1776235822894912188,0,-6.139472907896907,-10.078639920136656,0.0,0.35907133091043963,0.0,0.0,-0.9333101195841635
1776235822914873718,0,-6.141946872756706,-10.080874248443383,0.0,0.35907133091043963,0.0,0.0,-0.9333101195841635
1776235822934874180,0,-6.144485035054058,-10.083166555808038,0.0,0.35907133091043963,0.0,0.0,-0.9333101195841635
1776235822954921662,0,-6.14693989677841,-10.085383631373237,0.0,0.35907133091043963,0.0,0.0,-0.9333101195841635
1776235822974911236,0,-6.149506347118533,-10.087701486705758,0.0,0.35907133091043963,0.0,0.0,-0.9333101195841635
1776235822995011288,0,-6.152086981667911,-10.090032152317338,0.0,0.35907133091043963,0.0,0.0,-0.9333101195841635
1776235823014925217,0,-6.154584604749492,-10.092287847230967,0.0,0.35907133091043963,0.0,0.0,-0.9333101195841635
1776235823035009180,0,-6.157163173641075,-10.094616647271312,0.0,0.35907133091043963,0.0,0.0,-0.9333101195841635
1776235823055015195,0,-6.159672346232484,-10.096882772970421,0.0,0.35907133091043963,0.0,0.0,-0.9333101195841635
1776235823074974826,0,-6.16226457777124,-10.099223912248025,0.0,0.35907133091043963,0.0,0.0,-0.9333101195841635
1776235823095011759,0,-6.164777628126342,-10.101493540097561,0.0,0.35907133091043963,0.0,0.0,-0.9333101195841635
1776235823115004969,0,-6.167403896099054,-10.103865418925697,0.0,0.35907133091043963,0.0,0.0,-0.9333101195841635
1776235823135015655,0,-6.16994335587501,-10.106158898090822,0.0,0.35907133091043963,0.0,0.0,-0.9333101195841635
1776235823155012077,0,-6.172570045769615,-10.108531157972049,0.0,0.35907133091043963,0.0,0.0,-0.9333101195841635
1776235823175003046,0,-6.175107003356058,-10.11082237731814,0.0,0.35907133091043963,0.0,0.0,-0.9333101195841635
1776235823194916524,0,-6.17772279789314,-10.113184797202816,0.0,0.35907133091043963,0.0,0.0,-0.9333101195841635
1776235823214827231,0,-6.18027912254279,-10.115493507653259,0.0,0.35907133091043963,0.0,0.0,-0.9333101195841635
1776235823235003008,0,-6.182899425766753,-10.117859999498268,0.0,0.35907133091043963,0.0,0.0,-0.9333101195841635
1776235823254997637,0,-6.185407170315696,-10.120124835479889,0.0,0.35907133091043963,0.0,0.0,-0.9333101195841635
1776235823275029564,0,-6.1879790583340375,-10.122447601778834,0.0,0.35907133091043963,0.0,0.0,-0.9333101195841635
1776235823294999462,0,-6.190542982483401,-10.124763175615936,0.0,0.35907133091043963,0.0,0.0,-0.9333101195841635
1776235823315000552,0,-6.193051537376847,-10.127028743449362,0.0,0.35907133091043963,0.0,0.0,-0.9333101195841635
1776235823334933575,0,-6.19555155524525,-10.12928660118271,0.0,0.35907133091043963,0.0,0.0,-0.9333101195841635
1776235823355001537,0,-6.198008924794164,-10.131505941656169,0.0,0.35907133091043963,0.0,0.0,-0.9333101195841635
1776235823375013402,0,-6.2005485341913245,-10.133799555949683,0.0,0.35907133091043963,0.0,0.0,-0.9333101195841635
1776235823395036618,0,-6.203000424486405,-10.136013947908229,0.0,0.35907133091043963,0.0,0.0,-0.9333101195841635
1776235823415009615,0,-6.2054461653458235,-10.138222786086121,0.0,0.35907133091043963,0.0,0.0,-0.9333101195841635
1776235823435011748,0,-6.207954851053278,-10.140488472062483,0.0,0.35907133091043963,0.0,0.0,-0.9333101195841635
1776235823455009800,0,-6.210403659956879,-10.142700081103488,0.0,0.35907133091043963,0.0,0.0,-0.9333101195841635
1776235823474828466,0,-6.212918751399511,-10.14497155233401,0.0,0.35907133091043963,0.0,0.0,-0.9333101195841635
1776235823495011561,0,-6.215390219257398,-10.147203625506808,0.0,0.35907133091043963,0.0,0.0,-0.9333101195841635
1776235823515010743,0,-6.217928219116119,-10.149495786167197,0.0,0.35907133091043963,0.0,0.0,-0.9333101195841635
1776235823535008999,0,-6.220406735672769,-10.151734225278137,0.0,0.35907133091043963,0.0,0.0,-0.9333101195841635
1776235823555002025,0,-6.223003304344435,-10.154079281579353,0.0,0.35907133091043963,0.0,0.0,-0.9333101195841635
1776235823575033477,0,-6.225515667267524,-10.15634828858386,0.0,0.35907133091043963,0.0,0.0,-0.9333101195841635
1776235823594936522,0,-6.228130091346654,-10.158709470757731,0.0,0.35907133091043963,0.0,0.0,-0.9333101195841635
1776235823614876174,0,-6.230660536539806,-10.16099480852284,0.0,0.35907133091043963,0.0,0.0,-0.9333101195841635
1776235823634913089,0,-6.233292545513668,-10.163371872259443,0.0,0.35907133091043963,0.0,0.0,-0.9333101195841635
1776235823654908660,0,-6.2358004082091165,-10.165636814943515,0.0,0.35907133091043963,0.0,0.0,-0.9333101195841635
1776235823674910968,0,-6.2384278712768735,-10.168009773105748,0.0,0.35907133091043963,0.0,0.0,-0.9333101195841635
1776235823694924807,0,-6.240967731184864,-10.170303613644773,0.0,0.35907133091043963,0.0,0.0,-0.9333101195841635
1776235823714914585,0,-6.243534207716427,-10.172621492631759,0.0,0.35907133091043963,0.0,0.0,-0.9333101195841635
1776235823734877337,0,-6.246037954223046,-10.174882717834894,0.0,0.35907133091043963,0.0,0.0,-0.9333101195841635
1776235823754876339,0,-6.248546247237635,-10.177148049155928,0.0,0.35907133091043963,0.0,0.0,-0.9333101195841635
1776235823774910447,0,-6.25102920717053,-10.17939050124274,0.0,0.35907133091043963,0.0,0.0,-0.9333101195841635
1776235823794920344,0,-6.253479466522479,-10.181603420236815,0.0,0.35907133091043963,0.0,0.0,-0.9333101195841635
1776235823814934766,0,-6.255959986638776,-10.183843668835852,0.0,0.35907133091043963,0.0,0.0,-0.9333101195841635
1776235823834913706,0,-6.258436109235391,-10.186079945873747,0.0,0.35907133091043963,0.0,0.0,-0.9333101195841635
1776235823854911404,0,-6.2608848747908405,-10.188291515765446,0.0,0.35907133091043963,0.0,0.0,-0.9333101195841635
1776235823874969895,0,-6.263370856670712,-10.190536697083285,0.0,0.35907133091043963,0.0,0.0,-0.9333101195841635
1776235823894935220,0,-6.2657563900449285,-10.192691159675402,0.0,0.35907133091043963,0.0,0.0,-0.9333101195841635
1776235823915017963,0,-6.268215569562373,-10.194912134797722,0.0,0.35907133091043963,0.0,0.0,-0.9333101195841635
1776235823935014402,0,-6.270634500753297,-10.197096760181747,0.0,0.35907133091043963,0.0,0.0,-0.9333101195841635
1776235823954925599,0,-6.2731022275104396,-10.199325454629406,0.0,0.35907133091043963,0.0,0.0,-0.9333101195841635
1776235823975009168,0,-6.275501889129914,-10.20149267695744,0.0,0.35907133091043963,0.0,0.0,-0.9333101195841635
1776235823994922345,0,-6.277999417894958,-10.203748286690352,0.0,0.35907133091043963,0.0,0.0,-0.9333101195841635
1776235824015005055,0,-6.280458593371475,-10.205969258163183,0.0,0.35907133091043963,0.0,0.0,-0.9333101195841635
1776235824034997796,0,-6.282995775833894,-10.20826068060303,0.0,0.35907133091043963,0.0,0.0,-0.9333101195841635
1776235824055016366,0,-6.2854470972152585,-10.210474558754765,0.0,0.35907133091043963,0.0,0.0,-0.9333101195841635
1776235824075014337,0,-6.288014625641552,-10.212793387746412,0.0,0.35907133091043963,0.0,0.0,-0.9333101195841635
1776235824094827302,0,-6.290470177855153,-10.215011086917738,0.0,0.35907133091043963,0.0,0.0,-0.9333101195841635
1776235824114828182,0,-6.293038079766352,-10.217330253217273,0.0,0.35907133091043963,0.0,0.0,-0.9333101195841635
1776235824134824734,0,-6.295575745864444,-10.219622112446178,0.0,0.35907133091043963,0.0,0.0,-0.9333101195841635
1776235824154910354,0,-6.298094902587349,-10.221897255180227,0.0,0.35907133091043963,0.0,0.0,-0.9333101195841635
1776235824174913013,0,-6.300663032903381,-10.224216627760516,0.0,0.35907133091043963,0.0,0.0,-0.9333101195841635
1776235824195001783,0,-6.303152767460621,-10.226465198258776,0.0,0.35907133091043963,0.0,0.0,-0.9333101195841635
1776235824214908687,0,-6.305679056762835,-10.22874678268651,0.0,0.35907133091043963,0.0,0.0,-0.9333101195841635
1776235824234976150,0,-6.308136365208022,-10.230966067974958,0.0,0.35907133091043963,0.0,0.0,-0.9333101195841635
1776235824254912425,0,-6.310577609371429,-10.23317084502197,0.0,0.35907133091043963,0.0,0.0,-0.9333101195841635
1776235824274973544,0,-6.313123469356495,-10.235470104450439,0.0,0.35907133091043963,0.0,0.0,-0.9333101195841635
1776235824294994862,0,-6.315545410112709,-10.237657447883148,0.0,0.35907133091043963,0.0,0.0,-0.9333101195841635
1776235824314969902,0,-6.318050697791461,-10.239920064975305,0.0,0.35907133091043963,0.0,0.0,-0.9333101195841635
1776235824334918850,0,-6.32046388408643,-10.242099501933321,0.0,0.35907133091043963,0.0,0.0,-0.9333101195841635
1776235824354954163,0,-6.322976731259652,-10.244368946281892,0.0,0.35907133091043963,0.0,0.0,-0.9333101195841635
1776235824374980170,0,-6.325369515151263,-10.246529957081922,0.0,0.35907133091043963,0.0,0.0,-0.9333101195841635
1776235824394977636,0,-6.3278776155193315,-10.248795114416833,0.0,0.35907133091043963,0.0,0.0,-0.9333101195841635
1776235824414907122,0,-6.330318028353582,-10.250999140660017,0.0,0.35907133091043963,0.0,0.0,-0.9333101195841635
1776235824434972354,0,-6.332804845690313,-10.253245076509547,0.0,0.35907133091043963,0.0,0.0,-0.9333101195841635
1776235824454905768,0,-6.335216152866857,-10.255422816366863,0.0,0.35907133091043963,0.0,0.0,-0.9333101195841635
1776235824474982890,0,-6.337704443810176,-10.257670083084502,0.0,0.35907133091043963,0.0,0.0,-0.9333101195841635
1776235824494939370,0,-6.340148162123765,-10.25987709462716,0.0,0.35907133091043963,0.0,0.0,-0.9333101195841635
1776235824514964671,0,-6.34263003054672,-10.262118560931352,0.0,0.35907133091043963,0.0,0.0,-0.9333101195841635
1776235824534913978,0,-6.3451024805290155,-10.26435152109671,0.0,0.35907133091043963,0.0,0.0,-0.9333101195841635
1776235824554980314,0,-6.347589434691781,-10.266597580518859,0.0,0.35907133091043963,0.0,0.0,-0.9333101195841635
1776235824574981644,0,-6.350098019686233,-10.268863175537614,0.0,0.35907133091043963,0.0,0.0,-0.9333101195841635
1776235824594993209,0,-6.352548483288737,-10.271076278997821,0.0,0.35907133091043963,0.0,0.0,-0.9333101195841635
1776235824614909815,0,-6.35513512701067,-10.273412371713324,0.0,0.35907133091043963,0.0,0.0,-0.9333101195841635
1776235824634983671,0,-6.357623013176942,-10.275659272861983,0.0,0.35907133091043963,0.0,0.0,-0.9333101195841635
1776235824655009241,0,-6.360194085023566,-10.277981302046346,0.0,0.35907133091043963,0.0,0.0,-0.9333101195841635
1776235824674934309,0,-6.362752253474061,-10.280291677700905,0.0,0.35907133091043963,0.0,0.0,-0.9333101195841635
1776235824694972218,0,-6.365176201212003,-10.28248083371236,0.0,0.35907133091043963,0.0,0.0,-0.9333101195841635
1776235824714927155,0,-6.36773820452687,-10.28479467277344,0.0,0.35907133091043963,0.0,0.0,-0.9333101195841635
1776235824734938460,0,-6.370188636291748,-10.287007747479937,0.0,0.35907133091043963,0.0,0.0,-0.9333101195841635
1776235824755022019,0,-6.372707534522154,-10.289282656759948,0.0,0.35907133091043963,0.0,0.0,-0.9333101195841635
1776235824775000785,0,-6.375153981809306,-10.291492132938604,0.0,0.35907133091043963,0.0,0.0,-0.9333101195841635
1776235824795022315,0,-6.3776651003061255,-10.293760016056172,0.0,0.35907133091043963,0.0,0.0,-0.9333101195841635
1776235824814912818,0,-6.380130262318532,-10.295986394188905,0.0,0.35907133091043963,0.0,0.0,-0.9333101195841635
1776235824834909917,0,-6.382608635480499,-10.298224703794833,0.0,0.35907133091043963,0.0,0.0,-0.9333101195841635
1776235824854963978,0,-6.385064302819004,-10.3004425069397,0.0,0.35907133091043963,0.0,0.0,-0.9333101195841635
1776235824874963465,0,-6.387572656662731,-10.302707893197766,0.0,0.35907133091043963,0.0,0.0,-0.9333101195841635
1776235824895026075,0,-6.390088927450518,-10.304980429538066,0.0,0.35907133091043963,0.0,0.0,-0.9333101195841635
1776235824915007428,0,-6.392565349106239,-10.307216976667217,0.0,0.35907133091043963,0.0,0.0,-0.9333101195841635
1776235824934979210,0,-6.395040584564421,-10.309452452497904,0.0,0.35907133091043963,0.0,0.0,-0.9333101195841635
1776235824954917732,0,-6.397511697890118,-10.311684205479683,0.0,0.35907133091043963,0.0,0.0,-0.9333101195841635
1776235824975011410,0,-6.400031865254708,-10.313960260961263,0.0,0.35907133091043963,0.0,0.0,-0.9333101195841635
1776235824995001865,0,-6.402450072572528,-10.31614423258895,0.0,0.35907133091043963,0.0,0.0,-0.9333101195841635
1776235825015009949,0,-6.404989202141192,-10.318437413531793,0.0,0.35907133091043963,0.0,0.0,-0.9333101195841635
1776235825035012084,0,-6.407408822366386,-10.320622661207938,0.0,0.35907133091043963,0.0,0.0,-0.9333101195841635
1776235825054875871,0,-6.409929639897794,-10.322899303879016,0.0,0.35907133091043963,0.0,0.0,-0.9333101195841635
1776235825074909292,0,-6.412323309642468,-10.325061114725404,0.0,0.35907133091043963,0.0,0.0,-0.9333101195841635
1776235825095020102,0,-6.414726226120796,-10.32723127663574,0.0,0.35907133091043963,0.0,0.0,-0.9333101195841635
1776235825115021075,0,-6.4172347663399885,-10.329496831216336,0.0,0.35907133091043963,0.0,0.0,-0.9333101195841635
1776235825134910535,0,-6.419640756484758,-10.331669769067428,0.0,0.35907133091043963,0.0,0.0,-0.9333101195841635
1776235825155011151,0,-6.422131959195384,-10.333919665508812,0.0,0.35907133091043963,0.0,0.0,-0.9333101195841635
1776235825175009278,0,-6.424610459764218,-10.336158090180565,0.0,0.35907133091043963,0.0,0.0,-0.9333101195841635
1776235825195020862,0,-6.427060925693323,-10.338371195741988,0.0,0.35907133091043963,0.0,0.0,-0.9333101195841635
1776235825214919305,0,-6.42946800249451,-10.340545114992327,0.0,0.35907133091043963,0.0,0.0,-0.9333101195841635
1776235825234913363,0,-6.431827292334483,-10.342675876087146,0.0,0.35907133091043963,0.0,0.0,-0.9333101195841635
1776235825254914801,0,-6.434276515861815,-10.344887859590035,0.0,0.35907133091043963,0.0,0.0,-0.9333101195841635
1776235825274924605,0,-6.436697063791358,-10.34707394510993,0.0,0.35907133091043963,0.0,0.0,-0.9333101195841635
1776235825294922317,0,-6.439145831061151,-10.349285516549937,0.0,0.35907133091043963,0.0,0.0,-0.9333101195841635
1776235825314908858,0,-6.441533899404171,-10.351442268565247,0.0,0.35907133091043963,0.0,0.0,-0.9333101195841635
1776235825334912101,0,-6.4440130340328325,-10.353681265879626,0.0,0.35907133091043963,0.0,0.0,-0.9333101195841635
1776235825355006729,0,-6.446443842960311,-10.355876618482693,0.0,0.35907133091043963,0.0,0.0,-0.9333101195841635
1776235825374934240,0,-6.4489727473976375,-10.358160564734764,0.0,0.35907133091043963,0.0,0.0,-0.9333101195841635
1776235825394912164,0,-6.45133013343287,-10.360289606433792,0.0,0.35907133091043963,0.0,0.0,-0.9333101195841635
1776235825414936484,0,-6.453752437335326,-10.362477277837183,0.0,0.35907133091043963,0.0,0.0,-0.9333101195841635
1776235825434948550,0,-6.456143555502952,-10.364636784260856,0.0,0.35907133091043963,0.0,0.0,-0.9333101195841635
1776235825454875581,0,-6.458494936187123,-10.366760402307282,0.0,0.35907133091043963,0.0,0.0,-0.9333101195841635
1776235825475003796,0,-6.460870056492674,-10.368905460475599,0.0,0.35907133091043963,0.0,0.0,-0.9333101195841635
1776235825495002011,0,-6.46320015424486,-10.371009857126385,0.0,0.35907133091043963,0.0,0.0,-0.9333101195841635
1776235825515016146,0,-6.465532106920407,-10.373115929026408,0.0,0.35907133091043963,0.0,0.0,-0.9333101195841635
1776235825535009054,0,-6.4678912610609105,-10.37524656756607,0.0,0.35907133091043963,0.0,0.0,-0.9333101195841635
1776235825555015733,0,-6.470162954206541,-10.377298216876849,0.0,0.35907133091043963,0.0,0.0,-0.9333101195841635
1776235825574912258,0,-6.472451671621987,-10.379365241429436,0.0,0.35907133091043963,0.0,0.0,-0.9333101195841635
1776235825595015609,0,-6.474674664012793,-10.381372907304193,0.0,0.35907133091043963,0.0,0.0,-0.9333101195841635
1776235825614912752,0,-6.476933919702895,-10.383413323893162,0.0,0.35907133091043963,0.0,0.0,-0.9333101195841635
1776235825634909537,0,-6.479145128217106,-10.38541034731723,0.0,0.35907133091043963,0.0,0.0,-0.9333101195841635
1776235825655007005,0,-6.481233234615776,-10.387296192710533,0.0,0.35907133091043963,0.0,0.0,-0.9333101195841635
1776235825675009276,0,-6.483415360908716,-10.389266950915054,0.0,0.35907133091043963,0.0,0.0,-0.9333101195841635
1776235825694877822,0,-6.485420702027654,-10.39107804795184,0.0,0.35907133091043963,0.0,0.0,-0.9333101195841635
1776235825714926794,0,-6.487474011571096,-10.39293246703026,0.0,0.35907133091043963,0.0,0.0,-0.9333101195841635
1776235825734910482,0,-6.489490974022925,-10.394754059718576,0.0,0.35907133091043963,0.0,0.0,-0.9333101195841635
1776235825754922218,0,-6.49145136156788,-10.396524557535695,0.0,0.35907133091043963,0.0,0.0,-0.9333101195841635
1776235825774911153,0,-6.493498522439688,-10.398373423523505,0.0,0.35907133091043963,0.0,0.0,-0.9333101195841635
1776235825794877624,0,-6.495365568811523,-10.400059621507307,0.0,0.35907133091043963,0.0,0.0,-0.9333101195841635
1776235825814916328,0,-6.497179883875966,-10.401698195915412,0.0,0.35907133091043963,0.0,0.0,-0.9333101195841635
1776235825834822326,0,-6.498982183667615,-10.403325918890449,0.0,0.35907133091043963,0.0,0.0,-0.9333101195841635
1776235825854825893,0,-6.500585482413187,-10.404773916729699,0.0,0.35907133091043963,0.0,0.0,-0.9333101195841635
1776235825874912510,0,-6.50216562362374,-10.406201000150627,0.0,0.35907133091043963,0.0,0.0,-0.9333101195841635
1776235825895009966,0,-6.503597467162817,-10.407494150511074,0.0,0.35907133091043963,0.0,0.0,-0.9333101195841635
1776235825914978974,0,-6.504871962344155,-10.408645193804642,0.0,0.35907133091043963,0.0,0.0,-0.9333101195841635
1776235825934981691,0,-6.506148608957237,-10.409798180135052,0.0,0.35907133091043963,0.0,0.0,-0.9333101195841635
1776235825955002612,0,-6.507129252619724,-10.410683835355751,0.0,0.35907133091043963,0.0,0.0,-0.9333101195841635
1776235825975010486,0,-6.507841983253827,-10.411327528504668,0.0,0.35907133091043963,0.0,0.0,-0.9333101195841635
1776235825995001384,0,-6.5082573900417815,-10.411702697594666,0.0,0.35907133091043963,0.0,0.0,-0.9333101195841635
1776235826015015843,0,-6.5084653382321465,-10.411890503224274,0.0,0.35907133091043963,0.0,0.0,-0.9333101195841635
1776235826035000497,0,-6.5084653382321465,-10.411890503224274,0.0,0.35907133091043963,0.0,0.0,-0.9333101195841635
1776235826055003283,0,-6.5082872008854595,-10.411729620859813,0.0,0.35907133091043963,0.0,0.0,-0.9333101195841635
1776235826075021295,0,-6.507960367159829,-10.411434445347549,0.0,0.35907133091043963,0.0,0.0,-0.9333101195841635
1776235826095006128,0,-6.507545086401337,-10.41105939007939,0.0,0.35907133091043963,0.0,0.0,-0.9333101195841635
1776235826115015661,0,-6.507158991958645,-10.410710694042333,0.0,0.35907133091043963,0.0,0.0,-0.9333101195841635
1776235826135007281,0,-6.506743570167669,-10.410335511402568,0.0,0.35907133091043963,0.0,0.0,-0.9333101195841635
1776235826154909785,0,-6.5063890816223955,-10.410015359809474,0.0,0.35907133091043963,0.0,0.0,-0.9333101195841635
1776235826175016817,0,-6.506030950177061,-10.40969191817987,0.0,0.35907133091043963,0.0,0.0,-0.9333101195841635
1776235826195002008,0,-6.505734315765946,-10.409424016775024,0.0,0.35907133091043963,0.0,0.0,-0.9333101195841635
1776235826214947359,0,-6.505556689913928,-10.409263596360152,0.0,0.35907133091043963,0.0,0.0,-0.9333101195841635
1776235826234958212,0,-6.505437883783714,-10.409156298191117,0.0,0.35907133091043963,0.0,0.0,-0.9333101195841635
1776235826254978147,0,-6.505408168771024,-10.409129461474446,0.0,0.35907133091043963,0.0,0.0,-0.9333101195841635
1776235826274948537,0,-6.505408168771024,-10.409129461474446,0.0,0.35907133091043963,0.0,0.0,-0.9333101195841635
1776235826294951912,0,-6.505437859204194,-10.409156275992448,0.0,0.35907133091043963,0.0,0.0,-0.9333101195841635
1776235826314930738,0,-6.505467513199986,-10.409183057602515,0.0,0.35907133091043963,0.0,0.0,-0.9333101195841635
1776235826334980366,0,-6.505497272285155,-10.409209934122654,0.0,0.35907133091043963,0.0,0.0,-0.9333101195841635
1776235826354940321,0,-6.505526898271264,-10.409236690436156,0.0,0.35907133091043963,0.0,0.0,-0.9333101195841635
1776235826374967118,0,-6.505586348666804,-10.409290382266551,0.0,0.35907133091043963,0.0,0.0,-0.9333101195841635
1776235826394947402,0,-6.505675317142946,-10.409370732957026,0.0,0.35907133091043963,0.0,0.0,-0.9333101195841635
1776235826414968835,0,-6.505734751615223,-10.409424410406498,0.0,0.35907133091043963,0.0,0.0,-0.9333101195841635
1776235826434972907,0,-6.505794134550645,-10.409478041311157,0.0,0.35907133091043963,0.0,0.0,-0.9333101195841635
1776235826454910977,0,-6.505794134550645,-10.409478041311157,0.0,0.35907133091043963,0.0,0.0,-0.9333101195841635
1776235826474966497,0,-6.505794134550645,-10.409478041311157,0.0,0.35907133091043963,0.0,0.0,-0.9333101195841635
1776235826494952729,0,-6.505794134550645,-10.409478041311157,0.0,0.35907133091043963,0.0,0.0,-0.9333101195841635
1776235826514947087,0,-6.505794134550645,-10.409478041311157,0.0,0.35907133091043963,0.0,0.0,-0.9333101195841635
1776235826534960393,0,-6.505794134550645,-10.409478041311157,0.0,0.35907133091043963,0.0,0.0,-0.9333101195841635
1776235826554908040,0,-6.505794134550645,-10.409478041311157,0.0,0.35907133091043963,0.0,0.0,-0.9333101195841635
1776235826574912188,0,-6.505794134550645,-10.409478041311157,0.0,0.35907133091043963,0.0,0.0,-0.9333101195841635
1776235826594920381,0,-6.505794134550645,-10.409478041311157,0.0,0.35907133091043963,0.0,0.0,-0.9333101195841635
1776235826614946882,0,-6.505794134550645,-10.409478041311157,0.0,0.35907133091043963,0.0,0.0,-0.9333101195841635
1776235826634908624,0,-6.505794134550645,-10.409478041311157,0.0,0.35907133091043963,0.0,0.0,-0.9333101195841635
1776235826654913050,0,-6.505794134550645,-10.409478041311157,0.0,0.35907133091043963,0.0,0.0,-0.9333101195841635
1776235826674911755,0,-6.505794134550645,-10.409478041311157,0.0,0.35907133091043963,0.0,0.0,-0.9333101195841635
1776235826694938504,0,-6.505794134550645,-10.409478041311157,0.0,0.35907133091043963,0.0,0.0,-0.9333101195841635
1776235826714918279,0,-6.505794134550645,-10.409478041311157,0.0,0.35907133091043963,0.0,0.0,-0.9333101195841635
1776235826734932275,0,-6.505794134550645,-10.409478041311157,0.0,0.35907133091043963,0.0,0.0,-0.9333101195841635
1776235826754956171,0,-6.505794134550645,-10.409478041311157,0.0,0.35907133091043963,0.0,0.0,-0.9333101195841635
1776235826774939771,0,-6.505794134550645,-10.409478041311157,0.0,0.35907133091043963,0.0,0.0,-0.9333101195841635
1776235826794923634,0,-6.505794134550645,-10.409478041311157,0.0,0.35907133091043963,0.0,0.0,-0.9333101195841635
1776235826814917688,0,-6.505794134550645,-10.409478041311157,0.0,0.35907133091043963,0.0,0.0,-0.9333101195841635
1776235826834938179,0,-6.505794134550645,-10.409478041311157,0.0,0.35907133091043963,0.0,0.0,-0.9333101195841635
1776235826854904877,0,-6.505794134550645,-10.409478041311157,0.0,0.35907133091043963,0.0,0.0,-0.9333101195841635
1776235826874961473,0,-6.505794134550645,-10.409478041311157,0.0,0.35907133091043963,0.0,0.0,-0.9333101195841635
1776235826894913718,0,-6.505794134550645,-10.409478041311157,0.0,0.35907133091043963,0.0,0.0,-0.9333101195841635
1776235826914911253,0,-6.505794134550645,-10.409478041311157,0.0,0.35907133091043963,0.0,0.0,-0.9333101195841635
1776235826934926904,0,-6.505794134550645,-10.409478041311157,0.0,0.35907133091043963,0.0,0.0,-0.9333101195841635
1776235826954873566,0,-6.505794134550645,-10.409478041311157,0.0,0.35907133091043963,0.0,0.0,-0.9333101195841635
1776235826974927103,0,-6.505794134550645,-10.409478041311157,0.0,0.35907133091043963,0.0,0.0,-0.9333101195841635
1776235826994910058,0,-6.505794134550645,-10.409478041311157,0.0,0.35907133091043963,0.0,0.0,-0.9333101195841635
1776235827014909924,0,-6.505794134550645,-10.409478041311157,0.0,0.35907133091043963,0.0,0.0,-0.9333101195841635
1776235827034939193,0,-6.505794134550645,-10.409478041311157,0.0,0.35907133091043963,0.0,0.0,-0.9333101195841635
1776235827055027214,0,-6.505794134550645,-10.409478041311157,0.0,0.35907133091043963,0.0,0.0,-0.9333101195841635
1776235827075015198,0,-6.505794134550645,-10.409478041311157,0.0,0.35907133091043963,0.0,0.0,-0.9333101195841635
1776235827095010579,0,-6.505794134550645,-10.409478041311157,0.0,0.35907133091043963,0.0,0.0,-0.9333101195841635
1776235827114908567,0,-6.505794134550645,-10.409478041311157,0.0,0.35907133091043963,0.0,0.0,-0.9333101195841635
1776235827134974324,0,-6.505794134550645,-10.409478041311157,0.0,0.35907133091043963,0.0,0.0,-0.9333101195841635
1776235827155011945,0,-6.505794134550645,-10.409478041311157,0.0,0.35907133091043963,0.0,0.0,-0.9333101195841635
1776235827174970499,0,-6.505794134550645,-10.409478041311157,0.0,0.35907133091043963,0.0,0.0,-0.9333101195841635
1776235827194907209,0,-6.505794134550645,-10.409478041311157,0.0,0.35907133091043963,0.0,0.0,-0.9333101195841635
1776235827214983471,0,-6.505794134550645,-10.409478041311157,0.0,0.35907133091043963,0.0,0.0,-0.9333101195841635
1776235827235018812,0,-6.505794134550645,-10.409478041311157,0.0,0.35907133091043963,0.0,0.0,-0.9333101195841635
1776235827255010526,0,-6.505794134550645,-10.409478041311157,0.0,0.35907133091043963,0.0,0.0,-0.9333101195841635
1776235827275012448,0,-6.505794134550645,-10.409478041311157,0.0,0.35907133091043963,0.0,0.0,-0.9333101195841635
1776235827294997138,0,-6.505794134550645,-10.409478041311157,0.0,0.35907133091043963,0.0,0.0,-0.9333101195841635
1776235827315005243,0,-6.505794134550645,-10.409478041311157,0.0,0.35907133091043963,0.0,0.0,-0.9333101195841635
1776235827335038350,0,-6.505794134550645,-10.409478041311157,0.0,0.35907133091043963,0.0,0.0,-0.9333101195841635
1776235827355000885,0,-6.505794134550645,-10.409478041311157,0.0,0.35907133091043963,0.0,0.0,-0.9333101195841635
1776235827375014215,0,-6.505794134550645,-10.409478041311157,0.0,0.35907133091043963,0.0,0.0,-0.9333101195841635
1776235827395001496,0,-6.505794134550645,-10.409478041311157,0.0,0.35907133091043963,0.0,0.0,-0.9333101195841635
1776235827414951813,0,-6.505794134550645,-10.409478041311157,0.0,0.35907133091043963,0.0,0.0,-0.9333101195841635
1776235827434925806,0,-6.505794134550645,-10.409478041311157,0.0,0.35907133091043963,0.0,0.0,-0.9333101195841635
1776235827454933994,0,-6.505794134550645,-10.409478041311157,0.0,0.35907133091043963,0.0,0.0,-0.9333101195841635
1776235827474919616,0,-6.505794134550645,-10.409478041311157,0.0,0.35907133091043963,0.0,0.0,-0.9333101195841635
1776235827494831121,0,-6.505794134550645,-10.409478041311157,0.0,0.35907133091043963,0.0,0.0,-0.9333101195841635
1776235827514909121,0,-6.505794134550645,-10.409478041311157,0.0,0.35907133091043963,0.0,0.0,-0.9333101195841635
1776235827534944165,0,-6.505794134550645,-10.409478041311157,0.0,0.35907133091043963,0.0,0.0,-0.9333101195841635
1776235827554904772,0,-6.505794134550645,-10.409478041311157,0.0,0.35907133091043963,0.0,0.0,-0.9333101195841635
1776235827574926433,0,-6.505794134550645,-10.409478041311157,0.0,0.35907133091043963,0.0,0.0,-0.9333101195841635
1776235827594909689,0,-6.505794134550645,-10.409478041311157,0.0,0.35907133091043963,0.0,0.0,-0.9333101195841635
1776235827614928013,0,-6.505794134550645,-10.409478041311157,0.0,0.35907133091043963,0.0,0.0,-0.9333101195841635
1776235827634875777,0,-6.505794134550645,-10.409478041311157,0.0,0.35907133091043963,0.0,0.0,-0.9333101195841635
1776235827655049453,0,-6.505794134550645,-10.409478041311157,0.0,0.35907133091043963,0.0,0.0,-0.9333101195841635
1776235827675002399,0,-6.505794134550645,-10.409478041311157,0.0,0.35907133091043963,0.0,0.0,-0.9333101195841635
1776235827695031415,0,-6.505794134550645,-10.409478041311157,0.0,0.35907133091043963,0.0,0.0,-0.9333101195841635
1776235827715011287,0,-6.505794134550645,-10.409478041311157,0.0,0.35907133091043963,0.0,0.0,-0.9333101195841635
1776235827734911664,0,-6.505794134550645,-10.409478041311157,0.0,0.35907133091043963,0.0,0.0,-0.9333101195841635
1776235827754921234,0,-6.505794134550645,-10.409478041311157,0.0,0.35907133091043963,0.0,0.0,-0.9333101195841635
1776235827775013173,0,-6.505794134550645,-10.409478041311157,0.0,0.35907133091043963,0.0,0.0,-0.9333101195841635
1776235827794825512,0,-6.505794134550645,-10.409478041311157,0.0,0.35907133091043963,0.0,0.0,-0.9333101195841635
1776235827815042501,0,-6.505794134550645,-10.409478041311157,0.0,0.35907133091043963,0.0,0.0,-0.9333101195841635
1776235827834830061,0,-6.505764764445471,-10.409451516093082,0.0,0.35907133091043963,0.0,0.0,-0.9333101195841635
1776235827855016751,0,-6.505644914356098,-10.409343275086275,0.0,0.35907133091043963,0.0,0.0,-0.9333101195841635
1776235827875061174,0,-6.505496157568818,-10.409208927381474,0.0,0.35907133091043963,0.0,0.0,-0.9333101195841635
1776235827894830688,0,-6.505290754332052,-10.409023420192735,0.0,0.35907133091043963,0.0,0.0,-0.9333101195841635
1776235827915018354,0,-6.504991114643063,-10.408752804611307,0.0,0.35907133091043963,0.0,0.0,-0.9333101195841635
1776235827935009127,0,-6.504516366988896,-10.408324042610896,0.0,0.35907133091043963,0.0,0.0,-0.9333101195841635
1776235827955017817,0,-6.503922400588938,-10.407787609793193,0.0,0.35907133091043963,0.0,0.0,-0.9333101195841635
1776235827975005964,0,-6.503180704845875,-10.407117757193173,0.0,0.35907133091043963,0.0,0.0,-0.9333101195841635
1776235827995010234,0,-6.502289952060299,-10.406313285716859,0.0,0.35907133091043963,0.0,0.0,-0.9333101195841635
1776235828015007489,0,-6.501251104875135,-10.40537506476235,0.0,0.35907133091043963,0.0,0.0,-0.9333101195841635
1776235828034998116,0,-6.500212602011183,-10.40443715477694,0.0,0.35907133091043963,0.0,0.0,-0.9333101195841635
1776235828054914043,0,-6.499000615933693,-10.403342565745259,0.0,0.35907133091043963,0.0,0.0,-0.9333101195841635
1776235828074911861,0,-6.497694599859472,-10.402163054778423,0.0,0.35907133091043963,0.0,0.0,-0.9333101195841635
1776235828094998868,0,-6.4963231298979816,-10.400924430007887,0.0,0.35907133091043963,0.0,0.0,-0.9333101195841635
1776235828115009244,0,-6.494867789602062,-10.399610058865473,0.0,0.35907133091043963,0.0,0.0,-0.9333101195841635
1776235828135015456,0,-6.493323668153047,-10.398215506210892,0.0,0.35907133091043963,0.0,0.0,-0.9333101195841635
1776235828155007737,0,-6.491899317808337,-10.39692912322882,0.0,0.35907133091043963,0.0,0.0,-0.9333101195841635
1776235828174914990,0,-6.490510573105245,-10.395674897006206,0.0,0.35907133091043963,0.0,0.0,-0.9333101195841635
1776235828195010534,0,-6.489108693082618,-10.394408807795276,0.0,0.35907133091043963,0.0,0.0,-0.9333101195841635
1776235828215003834,0,-6.4877436211044435,-10.393175961277887,0.0,0.35907133091043963,0.0,0.0,-0.9333101195841635
1776235828234911203,0,-6.486473059949703,-10.39202847094786,0.0,0.35907133091043963,0.0,0.0,-0.9333101195841635
1776235828254997090,0,-6.4852507309364436,-10.390924540831936,0.0,0.35907133091043963,0.0,0.0,-0.9333101195841635
1776235828275019593,0,-6.484032259163951,-10.38982409433147,0.0,0.35907133091043963,0.0,0.0,-0.9333101195841635
1776235828294958012,0,-6.482878092381751,-10.388781724023747,0.0,0.35907133091043963,0.0,0.0,-0.9333101195841635
1776235828315011461,0,-6.48183632594698,-10.387840866587947,0.0,0.35907133091043963,0.0,0.0,-0.9333101195841635
1776235828335002298,0,-6.48085715582731,-10.386956542177767,0.0,0.35907133091043963,0.0,0.0,-0.9333101195841635
1776235828355014655,0,-6.479876931637652,-10.386071265798346,0.0,0.35907133091043963,0.0,0.0,-0.9333101195841635
1776235828375002908,0,-6.478927556020953,-10.385213849895411,0.0,0.35907133091043963,0.0,0.0,-0.9333101195841635
1776235828394875683,0,-6.478072155052939,-10.384441305940772,0.0,0.35907133091043963,0.0,0.0,-0.9333101195841635
1776235828414874502,0,-6.477270695957778,-10.383717478867826,0.0,0.35907133091043963,0.0,0.0,-0.9333101195841635
1776235828435022888,0,-6.476463242917046,-10.382988238443051,0.0,0.35907133091043963,0.0,0.0,-0.9333101195841635
1776235828455017765,0,-6.475661941798788,-10.382264554044884,0.0,0.35907133091043963,0.0,0.0,-0.9333101195841635
1776235828474915493,0,-6.47492360121353,-10.381597731610814,0.0,0.35907133091043963,0.0,0.0,-0.9333101195841635
1776235828494827236,0,-6.4741256317170235,-10.380877056122284,0.0,0.35907133091043963,0.0,0.0,-0.9333101195841635
1776235828515026131,0,-6.473286173870535,-10.380118910984823,0.0,0.35907133091043963,0.0,0.0,-0.9333101195841635
1776235828534905046,0,-6.472430508613219,-10.379346128340831,0.0,0.35907133091043963,0.0,0.0,-0.9333101195841635
1776235828554874661,0,-6.471511658622441,-10.378516281249059,0.0,0.35907133091043963,0.0,0.0,-0.9333101195841635
1776235828575009845,0,-6.470615076480915,-10.377706545067806,0.0,0.35907133091043963,0.0,0.0,-0.9333101195841635
1776235828594923121,0,-6.469639705372448,-10.376825651683792,0.0,0.35907133091043963,0.0,0.0,-0.9333101195841635
1776235828614925623,0,-6.468659963890034,-10.375940811254953,0.0,0.35907133091043963,0.0,0.0,-0.9333101195841635
1776235828634912434,0,-6.467591993469438,-10.374976288039523,0.0,0.35907133091043963,0.0,0.0,-0.9333101195841635
1776235828654907424,0,-6.466553263949867,-10.37403817335311,0.0,0.35907133091043963,0.0,0.0,-0.9333101195841635
1776235828674915973,0,-6.4654544338146644,-10.373045779598737,0.0,0.35907133091043963,0.0,0.0,-0.9333101195841635
1776235828694909821,0,-6.464386087380714,-10.372080916791841,0.0,0.35907133091043963,0.0,0.0,-0.9333101195841635
1776235828714974935,0,-6.463313932936573,-10.371112614831414,0.0,0.35907133091043963,0.0,0.0,-0.9333101195841635
1776235828734971900,0,-6.462186058104696,-10.370093989747328,0.0,0.35907133091043963,0.0,0.0,-0.9333101195841635
1776235828754935425,0,-6.461089700598973,-10.369103829115229,0.0,0.35907133091043963,0.0,0.0,-0.9333101195841635
1776235828774908911,0,-6.460022442183196,-10.368139948937422,0.0,0.35907133091043963,0.0,0.0,-0.9333101195841635
1776235828794915837,0,-6.458923701179967,-10.36714763568143,0.0,0.35907133091043963,0.0,0.0,-0.9333101195841635
1776235828814904431,0,-6.457885303929328,-10.366209821079277,0.0,0.35907133091043963,0.0,0.0,-0.9333101195841635
1776235828834925420,0,-6.456815507249748,-10.365243648502453,0.0,0.35907133091043963,0.0,0.0,-0.9333101195841635
1776235828854957544,0,-6.4557451155852705,-10.36427693857296,0.0,0.35907133091043963,0.0,0.0,-0.9333101195841635
1776235828874907246,0,-6.454679128037989,-10.363314206163043,0.0,0.35907133091043963,0.0,0.0,-0.9333101195841635
1776235828894915743,0,-6.453639696836665,-10.362375457762145,0.0,0.35907133091043963,0.0,0.0,-0.9333101195841635
1776235828914914012,0,-6.452689845493237,-10.361517612212989,0.0,0.35907133091043963,0.0,0.0,-0.9333101195841635
1776235828934904139,0,-6.451651368604026,-10.360579725686325,0.0,0.35907133091043963,0.0,0.0,-0.9333101195841635
1776235828954963813,0,-6.450639052727852,-10.35966546612902,0.0,0.35907133091043963,0.0,0.0,-0.9333101195841635
1776235828974879329,0,-6.449604451841982,-10.358731080162979,0.0,0.35907133091043963,0.0,0.0,-0.9333101195841635
1776235828994911687,0,-6.448652981384307,-10.357871772332398,0.0,0.35907133091043963,0.0,0.0,-0.9333101195841635
1776235829014910759,0,-6.447703091901059,-10.35701389233773,0.0,0.35907133091043963,0.0,0.0,-0.9333101195841635
1776235829034930579,0,-6.446722502166598,-10.356128285821395,0.0,0.35907133091043963,0.0,0.0,-0.9333101195841635
1776235829054909682,0,-6.44571425232373,-10.355217698447749,0.0,0.35907133091043963,0.0,0.0,-0.9333101195841635
1776235829074874769,0,-6.444736343463423,-10.354334513127103,0.0,0.35907133091043963,0.0,0.0,-0.9333101195841635
1776235829094919487,0,-6.443754534201372,-10.353447805210731,0.0,0.35907133091043963,0.0,0.0,-0.9333101195841635
1776235829114912325,0,-6.442834615664542,-10.352616993075873,0.0,0.35907133091043963,0.0,0.0,-0.9333101195841635
1776235829134912373,0,-6.441854994381356,-10.351732261203363,0.0,0.35907133091043963,0.0,0.0,-0.9333101195841635
1776235829154910889,0,-6.44087544813699,-10.350847597101176,0.0,0.35907133091043963,0.0,0.0,-0.9333101195841635
1776235829174920721,0,-6.439865647548349,-10.349935609192197,0.0,0.35907133091043963,0.0,0.0,-0.9333101195841635
1776235829194915278,0,-6.438856617815941,-10.349024317471748,0.0,0.35907133091043963,0.0,0.0,-0.9333101195841635
1776235829214911926,0,-6.43793652397184,-10.34819334701049,0.0,0.35907133091043963,0.0,0.0,-0.9333101195841635
1776235829234919420,0,-6.436956537976536,-10.34730828575314,0.0,0.35907133091043963,0.0,0.0,-0.9333101195841635
1776235829254920732,0,-6.435947167351569,-10.346396686160102,0.0,0.35907133091043963,0.0,0.0,-0.9333101195841635
1776235829274914219,0,-6.434878840207202,-10.345431840774328,0.0,0.35907133091043963,0.0,0.0,-0.9333101195841635
1776235829294912023,0,-6.433810282389293,-10.344466787058845,0.0,0.35907133091043963,0.0,0.0,-0.9333101195841635
1776235829314907856,0,-6.4328308675608,-10.343582241643158,0.0,0.35907133091043963,0.0,0.0,-0.9333101195841635
1776235829334908970,0,-6.431851194063932,-10.342697462614556,0.0,0.35907133091043963,0.0,0.0,-0.9333101195841635
1776235829354958867,0,-6.43089889056201,-10.3418374024312,0.0,0.35907133091043963,0.0,0.0,-0.9333101195841635
1776235829374927849,0,-6.429891151477617,-10.340927276342253,0.0,0.35907133091043963,0.0,0.0,-0.9333101195841635
1776235829394915819,0,-6.428852786643447,-10.339989491016592,0.0,0.35907133091043963,0.0,0.0,-0.9333101195841635
1776235829414907418,0,-6.4278735792002815,-10.339105132898194,0.0,0.35907133091043963,0.0,0.0,-0.9333101195841635
1776235829434937418,0,-6.426862760829072,-10.33819222579248,0.0,0.35907133091043963,0.0,0.0,-0.9333101195841635
1776235829454958877,0,-6.42585237348131,-10.33727970795984,0.0,0.35907133091043963,0.0,0.0,-0.9333101195841635
1776235829474913520,0,-6.424845358017724,-10.336370235399361,0.0,0.35907133091043963,0.0,0.0,-0.9333101195841635
1776235829494909407,0,-6.423806581899464,-10.335432078628,0.0,0.35907133091043963,0.0,0.0,-0.9333101195841635
1776235829514919007,0,-6.422796793018738,-10.334520101292892,0.0,0.35907133091043963,0.0,0.0,-0.9333101195841635
1776235829534923398,0,-6.421816959011314,-10.333635177301314,0.0,0.35907133091043963,0.0,0.0,-0.9333101195841635
1776235829554961113,0,-6.420805751300912,-10.332721918569138,0.0,0.35907133091043963,0.0,0.0,-0.9333101195841635
1776235829574951226,0,-6.4197969458359525,-10.33181082939284,0.0,0.35907133091043963,0.0,0.0,-0.9333101195841635
1776235829594922259,0,-6.418789103247403,-10.330900609825495,0.0,0.35907133091043963,0.0,0.0,-0.9333101195841635
1776235829614952636,0,-6.41777826585079,-10.329987685537258,0.0,0.35907133091043963,0.0,0.0,-0.9333101195841635
1776235829634962275,0,-6.416768475001931,-10.329075706424657,0.0,0.35907133091043963,0.0,0.0,-0.9333101195841635
1776235829654959460,0,-6.415729631453236,-10.328137488754383,0.0,0.35907133091043963,0.0,0.0,-0.9333101195841635
1776235829674923357,0,-6.414781412665641,-10.327281117626168,0.0,0.35907133091043963,0.0,0.0,-0.9333101195841635
1776235829694910131,0,-6.413772775704062,-10.326370180631425,0.0,0.35907133091043963,0.0,0.0,-0.9333101195841635
1776235829714932705,0,-6.412762332087568,-10.32545761198045,0.0,0.35907133091043963,0.0,0.0,-0.9333101195841635
1776235829734940668,0,-6.411722928627271,-10.324518888633502,0.0,0.35907133091043963,0.0,0.0,-0.9333101195841635
1776235829754951923,0,-6.410713056226617,-10.323606835868457,0.0,0.35907133091043963,0.0,0.0,-0.9333101195841635
1776235829774924219,0,-6.409734794262666,-10.322723331646994,0.0,0.35907133091043963,0.0,0.0,-0.9333101195841635
1776235829794913601,0,-6.40869635607583,-10.321785480073846,0.0,0.35907133091043963,0.0,0.0,-0.9333101195841635
1776235829814909794,0,-6.407627884339711,-10.32082050410197,0.0,0.35907133091043963,0.0,0.0,-0.9333101195841635
1776235829834915572,0,-6.406529206382388,-10.319828247785036,0.0,0.35907133091043963,0.0,0.0,-0.9333101195841635
1776235829854927127,0,-6.405430211163595,-10.318835704937658,0.0,0.35907133091043963,0.0,0.0,-0.9333101195841635
1776235829874920211,0,-6.404391580659753,-10.317897679675998,0.0,0.35907133091043963,0.0,0.0,-0.9333101195841635
1776235829894912744,0,-6.403263955802868,-10.316879280353508,0.0,0.35907133091043963,0.0,0.0,-0.9333101195841635
1776235829914909442,0,-6.402136096030412,-10.315860668870133,0.0,0.35907133091043963,0.0,0.0,-0.9333101195841635
1776235829934932827,0,-6.400947290775961,-10.314787015289053,0.0,0.35907133091043963,0.0,0.0,-0.9333101195841635
1776235829954940948,0,-6.399789089183728,-10.31374100099659,0.0,0.35907133091043963,0.0,0.0,-0.9333101195841635
1776235829974914722,0,-6.398603229376186,-10.312670007556523,0.0,0.35907133091043963,0.0,0.0,-0.9333101195841635
1776235829994913125,0,-6.397386224212021,-10.311570885603782,0.0,0.35907133091043963,0.0,0.0,-0.9333101195841635
1776235830014912118,0,-6.3961394992660745,-10.310444922627237,0.0,0.35907133091043963,0.0,0.0,-0.9333101195841635
1776235830034928945,0,-6.394891662559524,-10.309317955578951,0.0,0.35907133091043963,0.0,0.0,-0.9333101195841635
1776235830054966115,0,-6.393672298225025,-10.308216702973045,0.0,0.35907133091043963,0.0,0.0,-0.9333101195841635
1776235830074937543,0,-6.392397648590436,-10.307065520187042,0.0,0.35907133091043963,0.0,0.0,-0.9333101195841635
1776235830094917102,0,-6.3911521351481335,-10.305940651363816,0.0,0.35907133091043963,0.0,0.0,-0.9333101195841635
1776235830114945821,0,-6.389933285100239,-10.304839863228967,0.0,0.35907133091043963,0.0,0.0,-0.9333101195841635
1776235830134927547,0,-6.388717294816876,-10.303741657852267,0.0,0.35907133091043963,0.0,0.0,-0.9333101195841635
1776235830154975233,0,-6.387527046791562,-10.302666701251948,0.0,0.35907133091043963,0.0,0.0,-0.9333101195841635
1776235830174947069,0,-6.3863116583653055,-10.301569039434437,0.0,0.35907133091043963,0.0,0.0,-0.9333101195841635
1776235830194916831,0,-6.385096396152577,-10.300471491604963,0.0,0.35907133091043963,0.0,0.0,-0.9333101195841635
1776235830214905391,0,-6.383909658487746,-10.29939970533982,0.0,0.35907133091043963,0.0,0.0,-0.9333101195841635
1776235830234950278,0,-6.382779080744819,-10.298378639157743,0.0,0.35907133091043963,0.0,0.0,-0.9333101195841635
1776235830254976305,0,-6.3815603945188935,-10.297277998976508,0.0,0.35907133091043963,0.0,0.0,-0.9333101195841635
1776235830274939498,0,-6.380375162914246,-10.296207572889504,0.0,0.35907133091043963,0.0,0.0,-0.9333101195841635
1776235830294925006,0,-6.3792479342835415,-10.295189531413389,0.0,0.35907133091043963,0.0,0.0,-0.9333101195841635
1776235830314925307,0,-6.378119871293589,-10.294170736396861,0.0,0.35907133091043963,0.0,0.0,-0.9333101195841635
1776235830334925587,0,-6.376991809488094,-10.293151942450056,0.0,0.35907133091043963,0.0,0.0,-0.9333101195841635
1776235830354965855,0,-6.375802001875695,-10.292077383602784,0.0,0.35907133091043963,0.0,0.0,-0.9333101195841635
1776235830374920662,0,-6.3746172681549504,-10.29100740717298,0.0,0.35907133091043963,0.0,0.0,-0.9333101195841635
1776235830394908647,0,-6.37351956735417,-10.290016033361919,0.0,0.35907133091043963,0.0,0.0,-0.9333101195841635
1776235830414923148,0,-6.3723609964455905,-10.288969685526343,0.0,0.35907133091043963,0.0,0.0,-0.9333101195841635
1776235830434922642,0,-6.371232978972295,-10.28795093161759,0.0,0.35907133091043963,0.0,0.0,-0.9333101195841635
1776235830454959684,0,-6.370073103242434,-10.286903405350085,0.0,0.35907133091043963,0.0,0.0,-0.9333101195841635
1776235830474934091,0,-6.368916853238177,-10.285859153608225,0.0,0.35907133091043963,0.0,0.0,-0.9333101195841635
1776235830494918399,0,-6.36776003009894,-10.284814384247174,0.0,0.35907133091043963,0.0,0.0,-0.9333101195841635
1776235830514917943,0,-6.366632009805536,-10.283795627791445,0.0,0.35907133091043963,0.0,0.0,-0.9333101195841635
1776235830534928655,0,-6.365473658229189,-10.28274947804282,0.0,0.35907133091043963,0.0,0.0,-0.9333101195841635
1776235830554964241,0,-6.364313866782184,-10.28170202789423,0.0,0.35907133091043963,0.0,0.0,-0.9333101195841635
1776235830574917207,0,-6.363158857923975,-10.280658897076844,0.0,0.35907133091043963,0.0,0.0,-0.9333101195841635
1776235830594912526,0,-6.361971718971607,-10.279586748394227,0.0,0.35907133091043963,0.0,0.0,-0.9333101195841635
1776235830614926092,0,-6.360813202186969,-10.278540449439976,0.0,0.35907133091043963,0.0,0.0,-0.9333101195841635
1776235830634934258,0,-6.35968469559293,-10.277521253788368,0.0,0.35907133091043963,0.0,0.0,-0.9333101195841635
1776235830654951886,0,-6.358466520489135,-10.27642107522028,0.0,0.35907133091043963,0.0,0.0,-0.9333101195841635
1776235830674912975,0,-6.3572814138007425,-10.275350761949735,0.0,0.35907133091043963,0.0,0.0,-0.9333101195841635
1776235830694908408,0,-6.3560942680801,-10.274278607154425,0.0,0.35907133091043963,0.0,0.0,-0.9333101195841635
1776235830714906305,0,-6.35493665832021,-10.273233127367416,0.0,0.35907133091043963,0.0,0.0,-0.9333101195841635
1776235830734922115,0,-6.353748302799894,-10.272159879957716,0.0,0.35907133091043963,0.0,0.0,-0.9333101195841635
1776235830754906178,0,-6.352561832125759,-10.271088334821645,0.0,0.35907133091043963,0.0,0.0,-0.9333101195841635
1776235830774916115,0,-6.351373825290399,-10.270015402322105,0.0,0.35907133091043963,0.0,0.0,-0.9333101195841635
1776235830794910651,0,-6.350157055452979,-10.268916492901578,0.0,0.35907133091043963,0.0,0.0,-0.9333101195841635
1776235830814907395,0,-6.3489401512474695,-10.26781746212831,0.0,0.35907133091043963,0.0,0.0,-0.9333101195841635
1776235830834909506,0,-6.347693231927317,-10.26669132360529,0.0,0.35907133091043963,0.0,0.0,-0.9333101195841635
1776235830854943290,0,-6.34650380927548,-10.26561711242999,0.0,0.35907133091043963,0.0,0.0,-0.9333101195841635
1776235830874936808,0,-6.345316777250006,-10.264545060316987,0.0,0.35907133091043963,0.0,0.0,-0.9333101195841635
1776235830894910011,0,-6.344101305634809,-10.2634473233685,0.0,0.35907133091043963,0.0,0.0,-0.9333101195841635
1776235830914907734,0,-6.342914023954941,-10.262375045783447,0.0,0.35907133091043963,0.0,0.0,-0.9333101195841635
1776235830934925373,0,-6.341695848181744,-10.261274866610794,0.0,0.35907133091043963,0.0,0.0,-0.9333101195841635
1776235830954933632,0,-6.340478243229538,-10.260175202967485,0.0,0.35907133091043963,0.0,0.0,-0.9333101195841635
1776235830974921338,0,-6.3392618890325645,-10.259076668927076,0.0,0.35907133091043963,0.0,0.0,-0.9333101195841635
1776235830994928726,0,-6.338044337085177,-10.257977053154345,0.0,0.35907133091043963,0.0,0.0,-0.9333101195841635
1776235831014904531,0,-6.336828707124963,-10.256879173198652,0.0,0.35907133091043963,0.0,0.0,-0.9333101195841635
1776235831034921877,0,-6.335610549182321,-10.25577901012942,0.0,0.35907133091043963,0.0,0.0,-0.9333101195841635
1776235831054931729,0,-6.334422547393484,-10.254706082187585,0.0,0.35907133091043963,0.0,0.0,-0.9333101195841635
1776235831074931955,0,-6.333294488633713,-10.253687290991504,0.0,0.35907133091043963,0.0,0.0,-0.9333101195841635
1776235831094915031,0,-6.332048755943785,-10.25256222415771,0.0,0.35907133091043963,0.0,0.0,-0.9333101195841635
1776235831114914410,0,-6.330861375945799,-10.251489857777944,0.0,0.35907133091043963,0.0,0.0,-0.9333101195841635
1776235831134914592,0,-6.329733319667722,-10.250471068823163,0.0,0.35907133091043963,0.0,0.0,-0.9333101195841635
1776235831154934189,0,-6.328574453769154,-10.249424454571294,0.0,0.35907133091043963,0.0,0.0,-0.9333101195841635
1776235831174824108,0,-6.327393572503689,-10.248357957434965,0.0,0.35907133091043963,0.0,0.0,-0.9333101195841635
1776235831194910844,0,-6.326230820158384,-10.247307833190657,0.0,0.35907133091043963,0.0,0.0,-0.9333101195841635
1776235831214910371,0,-6.325102800823804,-10.246289077600903,0.0,0.35907133091043963,0.0,0.0,-0.9333101195841635
1776235831234927766,0,-6.323914351200718,-10.245215745203542,0.0,0.35907133091043963,0.0,0.0,-0.9333101195841635
1776235831254958871,0,-6.322754819143449,-10.244168529319364,0.0,0.35907133091043963,0.0,0.0,-0.9333101195841635
1776235831274914480,0,-6.321570037807281,-10.243098509886305,0.0,0.35907133091043963,0.0,0.0,-0.9333101195841635
1776235831294912933,0,-6.320353029600377,-10.24199938518554,0.0,0.35907133091043963,0.0,0.0,-0.9333101195841635
1776235831314908847,0,-6.319165855322365,-10.240927204599021,0.0,0.35907133091043963,0.0,0.0,-0.9333101195841635
1776235831334918752,0,-6.3180075504604725,-10.239881097039937,0.0,0.35907133091043963,0.0,0.0,-0.9333101195841635
1776235831354952685,0,-6.316818118962378,-10.238806877875259,0.0,0.35907133091043963,0.0,0.0,-0.9333101195841635
1776235831374943896,0,-6.31560155146822,-10.23770815119833,0.0,0.35907133091043963,0.0,0.0,-0.9333101195841635
1776235831394915578,0,-6.314386172413649,-10.236610497844733,0.0,0.35907133091043963,0.0,0.0,-0.9333101195841635
1776235831414908051,0,-6.313199202430707,-10.235538501764598,0.0,0.35907133091043963,0.0,0.0,-0.9333101195841635
1776235831434910304,0,-6.311981962974348,-10.234439168214006,0.0,0.35907133091043963,0.0,0.0,-0.9333101195841635
1776235831454966962,0,-6.310761412695315,-10.233336844538147,0.0,0.35907133091043963,0.0,0.0,-0.9333101195841635
1776235831474934033,0,-6.30945740464398,-10.232159147090353,0.0,0.35907133091043963,0.0,0.0,-0.9333101195841635
1776235831494958312,0,-6.308209103384322,-10.231031760487152,0.0,0.35907133091043963,0.0,0.0,-0.9333101195841635
1776235831514912409,0,-6.306905942638058,-10.229854828271609,0.0,0.35907133091043963,0.0,0.0,-0.9333101195841635
1776235831534912474,0,-6.30559977981692,-10.228675184772246,0.0,0.35907133091043963,0.0,0.0,-0.9333101195841635
1776235831554962660,0,-6.304201064001963,-10.227411953273215,0.0,0.35907133091043963,0.0,0.0,-0.9333101195841635
1776235831574934066,0,-6.3027782008969355,-10.226126913471784,0.0,0.35907133091043963,0.0,0.0,-0.9333101195841635
1776235831594910689,0,-6.301414267565467,-10.22489509530794,0.0,0.35907133091043963,0.0,0.0,-0.9333101195841635
1776235831614909219,0,-6.299930105520009,-10.22355469418753,0.0,0.35907133091043963,0.0,0.0,-0.9333101195841635
1776235831634924620,0,-6.298414983186494,-10.222186331696623,0.0,0.35907133091043963,0.0,0.0,-0.9333101195841635
1776235831654964013,0,-6.296927788552456,-10.22084319173435,0.0,0.35907133091043963,0.0,0.0,-0.9333101195841635
1776235831674909662,0,-6.295388341482956,-10.219452860683173,0.0,0.35907133091043963,0.0,0.0,-0.9333101195841635
1776235831694909100,0,-6.293726004493277,-10.217951543242602,0.0,0.35907133091043963,0.0,0.0,-0.9333101195841635
1776235831714909191,0,-6.292122984351335,-10.216503797020497,0.0,0.35907133091043963,0.0,0.0,-0.9333101195841635
1776235831734924565,0,-6.290518739267129,-10.21505494450815,0.0,0.35907133091043963,0.0,0.0,-0.9333101195841635
1776235831754931010,0,-6.288885514909986,-10.213579919752657,0.0,0.35907133091043963,0.0,0.0,-0.9333101195841635
1776235831774914330,0,-6.287194857021011,-10.212053024670322,0.0,0.35907133091043963,0.0,0.0,-0.9333101195841635
1776235831794920885,0,-6.2855319284720865,-10.210551172970927,0.0,0.35907133091043963,0.0,0.0,-0.9333101195841635
1776235831814910719,0,-6.283870389759071,-10.209050576483254,0.0,0.35907133091043963,0.0,0.0,-0.9333101195841635
1776235831834946056,0,-6.282205068873773,-10.207546564177232,0.0,0.35907133091043963,0.0,0.0,-0.9333101195841635
1776235831854952829,0,-6.280512426779997,-10.206017877086826,0.0,0.35907133091043963,0.0,0.0,-0.9333101195841635
1776235831874924484,0,-6.278852399090643,-10.204518645259999,0.0,0.35907133091043963,0.0,0.0,-0.9333101195841635
1776235831894908865,0,-6.2771616514374005,-10.202991669108254,0.0,0.35907133091043963,0.0,0.0,-0.9333101195841635
1776235831914911048,0,-6.275499086285557,-10.201490145606098,0.0,0.35907133091043963,0.0,0.0,-0.9333101195841635
1776235831934916401,0,-6.273865951073728,-10.200015201360994,0.0,0.35907133091043963,0.0,0.0,-0.9333101195841635
1776235831954952388,0,-6.2722303150580325,-10.198537998548336,0.0,0.35907133091043963,0.0,0.0,-0.9333101195841635
1776235831974917830,0,-6.270600437977142,-10.197065996840681,0.0,0.35907133091043963,0.0,0.0,-0.9333101195841635
1776235831994910750,0,-6.268997992595456,-10.195618769705643,0.0,0.35907133091043963,0.0,0.0,-0.9333101195841635
1776235832014929092,0,-6.267393509624136,-10.194169702348727,0.0,0.35907133091043963,0.0,0.0,-0.9333101195841635
1776235832034920450,0,-6.265761516892888,-10.192695789919714,0.0,0.35907133091043963,0.0,0.0,-0.9333101195841635
1776235832054941973,0,-6.264186496390921,-10.191273331198342,0.0,0.35907133091043963,0.0,0.0,-0.9333101195841635
1776235832074921813,0,-6.2626444103882415,-10.189880616829942,0.0,0.35907133091043963,0.0,0.0,-0.9333101195841635
1776235832094912515,0,-6.261042142780689,-10.188433550249211,0.0,0.35907133091043963,0.0,0.0,-0.9333101195841635
1776235832114908864,0,-6.259469102625862,-10.187012880051906,0.0,0.35907133091043963,0.0,0.0,-0.9333101195841635
1776235832134910285,0,-6.257925350956289,-10.185618661358664,0.0,0.35907133091043963,0.0,0.0,-0.9333101195841635
1776235832154946377,0,-6.2563789233061415,-10.184222025889344,0.0,0.35907133091043963,0.0,0.0,-0.9333101195841635
1776235832174924841,0,-6.254807290099312,-10.182802626358313,0.0,0.35907133091043963,0.0,0.0,-0.9333101195841635
1776235832194912555,0,-6.25323492922858,-10.181382569647337,0.0,0.35907133091043963,0.0,0.0,-0.9333101195841635
1776235832214910573,0,-6.251602392808825,-10.17990816619329,0.0,0.35907133091043963,0.0,0.0,-0.9333101195841635
1776235832234912948,0,-6.249969500705746,-10.178433441508627,0.0,0.35907133091043963,0.0,0.0,-0.9333101195841635
1776235832254929442,0,-6.248305746035251,-10.176930843708558,0.0,0.35907133091043963,0.0,0.0,-0.9333101195841635
1776235832274912249,0,-6.246733771180378,-10.175511135622639,0.0,0.35907133091043963,0.0,0.0,-0.9333101195841635
1776235832294913192,0,-6.245100995978508,-10.17403651651571,0.0,0.35907133091043963,0.0,0.0,-0.9333101195841635
1776235832314899190,0,-6.243469440810366,-10.172562999265981,0.0,0.35907133091043963,0.0,0.0,-0.9333101195841635
1776235832334911608,0,-6.2418060249336635,-10.171060707443022,0.0,0.35907133091043963,0.0,0.0,-0.9333101195841635
1776235832354927661,0,-6.24017201622829,-10.169584974313903,0.0,0.35907133091043963,0.0,0.0,-0.9333101195841635
1776235832374931714,0,-6.2385686785295045,-10.16813694129458,0.0,0.35907133091043963,0.0,0.0,-0.9333101195841635
1776235832394933399,0,-6.236965530627448,-10.166689079687618,0.0,0.35907133091043963,0.0,0.0,-0.9333101195841635
1776235832414912802,0,-6.235393823552898,-10.165269613443943,0.0,0.35907133091043963,0.0,0.0,-0.9333101195841635
1776235832434908785,0,-6.233791132669798,-10.163822164587561,0.0,0.35907133091043963,0.0,0.0,-0.9333101195841635
1776235832454827784,0,-6.232194612103755,-10.162380288370596,0.0,0.35907133091043963,0.0,0.0,-0.9333101195841635
1776235832474914554,0,-6.230614458857247,-10.160953194079536,0.0,0.35907133091043963,0.0,0.0,-0.9333101195841635
1776235832494911379,0,-6.229041381257226,-10.159532490064091,0.0,0.35907133091043963,0.0,0.0,-0.9333101195841635
1776235832514909283,0,-6.227438536404738,-10.158084902152329,0.0,0.35907133091043963,0.0,0.0,-0.9333101195841635
1776235832534914142,0,-6.225864826799122,-10.156663627349484,0.0,0.35907133091043963,0.0,0.0,-0.9333101195841635
1776235832554918823,0,-6.224261438765738,-10.15521554887113,0.0,0.35907133091043963,0.0,0.0,-0.9333101195841635
1776235832574916592,0,-6.222599240501979,-10.153714356719032,0.0,0.35907133091043963,0.0,0.0,-0.9333101195841635
1776235832594911121,0,-6.220996666157906,-10.15226701311332,0.0,0.35907133091043963,0.0,0.0,-0.9333101195841635
1776235832614910099,0,-6.219364051368626,-10.150792538880903,0.0,0.35907133091043963,0.0,0.0,-0.9333101195841635
1776235832634919028,0,-6.217700925494754,-10.149290508970108,0.0,0.35907133091043963,0.0,0.0,-0.9333101195841635
1776235832654943461,0,-6.216036510941053,-10.147787315205338,0.0,0.35907133091043963,0.0,0.0,-0.9333101195841635
1776235832674957637,0,-6.214372948940828,-10.14628489141285,0.0,0.35907133091043963,0.0,0.0,-0.9333101195841635
1776235832694912870,0,-6.212743905270735,-10.144813642389014,0.0,0.35907133091043963,0.0,0.0,-0.9333101195841635
1776235832714910319,0,-6.211052052019569,-10.14328566773128,0.0,0.35907133091043963,0.0,0.0,-0.9333101195841635
1776235832734939321,0,-6.209387257694293,-10.141782130980925,0.0,0.35907133091043963,0.0,0.0,-0.9333101195841635
1776235832754829148,0,-6.207763553437183,-10.140315704176583,0.0,0.35907133091043963,0.0,0.0,-0.9333101195841635
1776235832774823893,0,-6.206071928953759,-10.138787936127375,0.0,0.35907133091043963,0.0,0.0,-0.9333101195841635
1776235832794915746,0,-6.204431732322125,-10.13730661445533,0.0,0.35907133091043963,0.0,0.0,-0.9333101195841635
1776235832814922273,0,-6.202857891501009,-10.13588522114696,0.0,0.35907133091043963,0.0,0.0,-0.9333101195841635
1776235832834873301,0,-6.201229191105711,-10.134414282147166,0.0,0.35907133091043963,0.0,0.0,-0.9333101195841635
1776235832854904231,0,-6.199534505246317,-10.132883749257157,0.0,0.35907133091043963,0.0,0.0,-0.9333101195841635
1776235832874894075,0,-6.197991647113917,-10.131490337550073,0.0,0.35907133091043963,0.0,0.0,-0.9333101195841635
1776235832894895800,0,-6.1963588080735486,-10.130015660788285,0.0,0.35907133091043963,0.0,0.0,-0.9333101195841635
1776235832914896353,0,-6.194755750902009,-10.128567881123384,0.0,0.35907133091043963,0.0,0.0,-0.9333101195841635
1776235832934895758,0,-6.193212154831543,-10.127173802957412,0.0,0.35907133091043963,0.0,0.0,-0.9333101195841635
1776235832954894622,0,-6.191638916830816,-10.12575295407822,0.0,0.35907133091043963,0.0,0.0,-0.9333101195841635
1776235832974889241,0,-6.190066012768814,-10.124332406791307,0.0,0.35907133091043963,0.0,0.0,-0.9333101195841635
1776235832994875068,0,-6.188493800341527,-10.122912484145036,0.0,0.35907133091043963,0.0,0.0,-0.9333101195841635
1776235833014986096,0,-6.1868818885277586,-10.121456707528342,0.0,0.35907133091043963,0.0,0.0,-0.9333101195841635
1776235833034986249,0,-6.18536792043468,-10.120089387474291,0.0,0.35907133091043963,0.0,0.0,-0.9333101195841635
1776235833054987378,0,-6.183764817096372,-10.118641566114494,0.0,0.35907133091043963,0.0,0.0,-0.9333101195841635
1776235833075016166,0,-6.182159496871443,-10.117191742603186,0.0,0.35907133091043963,0.0,0.0,-0.9333101195841635
1776235833094828109,0,-6.180571556912558,-10.11575761584692,0.0,0.35907133091043963,0.0,0.0,-0.9333101195841635
1776235833114995041,0,-6.179015030756486,-10.114351860046906,0.0,0.35907133091043963,0.0,0.0,-0.9333101195841635
1776235833134984302,0,-6.177353539670759,-10.112851306573216,0.0,0.35907133091043963,0.0,0.0,-0.9333101195841635
1776235833155008000,0,-6.175748627412593,-10.11140185151164,0.0,0.35907133091043963,0.0,0.0,-0.9333101195841635
1776235833174872218,0,-6.174097529799135,-10.109910684763516,0.0,0.35907133091043963,0.0,0.0,-0.9333101195841635
1776235833194825783,0,-6.172379772836028,-10.108359315514452,0.0,0.35907133091043963,0.0,0.0,-0.9333101195841635
1776235833214975592,0,-6.17064512167394,-10.1067926884953,0.0,0.35907133091043963,0.0,0.0,-0.9333101195841635
1776235833235008233,0,-6.1689205572380965,-10.105235171168207,0.0,0.35907133091043963,0.0,0.0,-0.9333101195841635
1776235833254822565,0,-6.167185376626528,-10.10366806598385,0.0,0.35907133091043963,0.0,0.0,-0.9333101195841635
1776235833274872311,0,-6.16539982113265,-10.10205546539763,0.0,0.35907133091043963,0.0,0.0,-0.9333101195841635
1776235833294874470,0,-6.163618503559257,-10.10044669223267,0.0,0.35907133091043963,0.0,0.0,-0.9333101195841635
1776235833314822251,0,-6.161782812847357,-10.098788812694163,0.0,0.35907133091043963,0.0,0.0,-0.9333101195841635
1776235833334823276,0,-6.160001596263776,-10.097180130736813,0.0,0.35907133091043963,0.0,0.0,-0.9333101195841635
1776235833354825680,0,-6.158160878880797,-10.095517711427508,0.0,0.35907133091043963,0.0,0.0,-0.9333101195841635
1776235833374872135,0,-6.156345862036617,-10.09387850321642,0.0,0.35907133091043963,0.0,0.0,-0.9333101195841635
1776235833394823803,0,-6.1545690410031115,-10.092273791041368,0.0,0.35907133091043963,0.0,0.0,-0.9333101195841635
1776235833414998913,0,-6.1527423756658814,-10.090624062649393,0.0,0.35907133091043963,0.0,0.0,-0.9333101195841635
1776235833434989168,0,-6.150962118218271,-10.089016246922863,0.0,0.35907133091043963,0.0,0.0,-0.9333101195841635
1776235833454895557,0,-6.149248422529557,-10.087468545559528,0.0,0.35907133091043963,0.0,0.0,-0.9333101195841635
1776235833474978120,0,-6.147489752393814,-10.085880226125258,0.0,0.35907133091043963,0.0,0.0,-0.9333101195841635
1776235833494886667,0,-6.145746321186608,-10.084305669525701,0.0,0.35907133091043963,0.0,0.0,-0.9333101195841635
1776235833514896374,0,-6.144023731086606,-10.08274993529363,0.0,0.35907133091043963,0.0,0.0,-0.9333101195841635
1776235833534994271,0,-6.142293548910357,-10.08118734437937,0.0,0.35907133091043963,0.0,0.0,-0.9333101195841635
1776235833554994086,0,-6.140571810390086,-10.079632379240177,0.0,0.35907133091043963,0.0,0.0,-0.9333101195841635
1776235833574871290,0,-6.138890130281212,-10.078113592319948,0.0,0.35907133091043963,0.0,0.0,-0.9333101195841635
1776235833594998080,0,-6.137157460772401,-10.076548755004506,0.0,0.35907133091043963,0.0,0.0,-0.9333101195841635
1776235833614991281,0,-6.1354066162454055,-10.074967503164213,0.0,0.35907133091043963,0.0,0.0,-0.9333101195841635
1776235833634911928,0,-6.133632557826286,-10.073365286007434,0.0,0.35907133091043963,0.0,0.0,-0.9333101195841635
1776235833654986515,0,-6.131874586164781,-10.071777597390874,0.0,0.35907133091043963,0.0,0.0,-0.9333101195841635
1776235833674900774,0,-6.130101096637085,-10.070175894020796,0.0,0.35907133091043963,0.0,0.0,-0.9333101195841635
1776235833694976757,0,-6.128223809898668,-10.068480447586776,0.0,0.35907133091043963,0.0,0.0,-0.9333101195841635
1776235833714979529,0,-6.126412748136883,-10.066844811355484,0.0,0.35907133091043963,0.0,0.0,-0.9333101195841635
1776235833734873520,0,-6.124522951167216,-10.065138066473242,0.0,0.35907133091043963,0.0,0.0,-0.9333101195841635
1776235833754973097,0,-6.122643458175522,-10.063440627491016,0.0,0.35907133091043963,0.0,0.0,-0.9333101195841635
1776235833774873300,0,-6.1207826084635295,-10.061760025937733,0.0,0.35907133091043963,0.0,0.0,-0.9333101195841635
1776235833794982770,0,-6.11881264671089,-10.059980881302916,0.0,0.35907133091043963,0.0,0.0,-0.9333101195841635
1776235833814998598,0,-6.116940985011291,-10.05829051504752,0.0,0.35907133091043963,0.0,0.0,-0.9333101195841635
1776235833834992444,0,-6.115012026352887,-10.056548401809355,0.0,0.35907133091043963,0.0,0.0,-0.9333101195841635
1776235833854982789,0,-6.113113076393387,-10.054833390526642,0.0,0.35907133091043963,0.0,0.0,-0.9333101195841635
1776235833875007439,0,-6.111240589756673,-10.05314227924033,0.0,0.35907133091043963,0.0,0.0,-0.9333101195841635
1776235833894873819,0,-6.109323928714457,-10.051411272429906,0.0,0.35907133091043963,0.0,0.0,-0.9333101195841635
1776235833914981320,0,-6.1073840048922365,-10.04965925615058,0.0,0.35907133091043963,0.0,0.0,-0.9333101195841635
1776235833934980453,0,-6.1055139043267745,-10.047970299812594,0.0,0.35907133091043963,0.0,0.0,-0.9333101195841635
1776235833955022114,0,-6.103639827007062,-10.046277751922165,0.0,0.35907133091043963,0.0,0.0,-0.9333101195841635
1776235833974981266,0,-6.101743840175314,-10.044565416748707,0.0,0.35907133091043963,0.0,0.0,-0.9333101195841635
1776235833994983163,0,-6.099843792852583,-10.042849414397043,0.0,0.35907133091043963,0.0,0.0,-0.9333101195841635
1776235834014982270,0,-6.097973694718349,-10.041160460254812,0.0,0.35907133091043963,0.0,0.0,-0.9333101195841635
1776235834034992690,0,-6.096102538715869,-10.039470550713016,0.0,0.35907133091043963,0.0,0.0,-0.9333101195841635
1776235834054927964,0,-6.094208820135486,-10.03776026408045,0.0,0.35907133091043963,0.0,0.0,-0.9333101195841635
1776235834075083146,0,-6.092294211756163,-10.036031111105086,0.0,0.35907133091043963,0.0,0.0,-0.9333101195841635
1776235834094997584,0,-6.090402472457353,-10.034322612034227,0.0,0.35907133091043963,0.0,0.0,-0.9333101195841635
1776235834114986140,0,-6.088503692440971,-10.0326077542334,0.0,0.35907133091043963,0.0,0.0,-0.9333101195841635
1776235834134986440,0,-6.0866037968226125,-10.030891888891535,0.0,0.35907133091043963,0.0,0.0,-0.9333101195841635
1776235834154989982,0,-6.0846739027172,-10.02914893081692,0.0,0.35907133091043963,0.0,0.0,-0.9333101195841635
1776235834174986621,0,-6.0827743548695254,-10.027433379559493,0.0,0.35907133091043963,0.0,0.0,-0.9333101195841635
1776235834195036635,0,-6.080869736751478,-10.025713249155121,0.0,0.35907133091043963,0.0,0.0,-0.9333101195841635
1776235834214975787,0,-6.078975649786856,-10.024002629821258,0.0,0.35907133091043963,0.0,0.0,-0.9333101195841635
1776235834235002273,0,-6.077073266672476,-10.022284517930597,0.0,0.35907133091043963,0.0,0.0,-0.9333101195841635
1776235834254991615,0,-6.075026064117869,-10.020435614297522,0.0,0.35907133091043963,0.0,0.0,-0.9333101195841635
1776235834274980033,0,-6.073127297210573,-10.018720768335971,0.0,0.35907133091043963,0.0,0.0,-0.9333101195841635
1776235834295003487,0,-6.071165761748142,-10.016949233792555,0.0,0.35907133091043963,0.0,0.0,-0.9333101195841635
1776235834314907047,0,-6.0692159713289415,-10.015188306627973,0.0,0.35907133091043963,0.0,0.0,-0.9333101195841635
1776235834334823731,0,-6.067264895257854,-10.013426218344083,0.0,0.35907133091043963,0.0,0.0,-0.9333101195841635
1776235834354872989,0,-6.0653008319867405,-10.011652400844017,0.0,0.35907133091043963,0.0,0.0,-0.9333101195841635
1776235834374984482,0,-6.063241119373562,-10.00979219891872,0.0,0.35907133091043963,0.0,0.0,-0.9333101195841635
1776235834394916138,0,-6.061258992575721,-10.008002067585846,0.0,0.35907133091043963,0.0,0.0,-0.9333101195841635
1776235834414970227,0,-6.059205158976245,-10.006147175213204,0.0,0.35907133091043963,0.0,0.0,-0.9333101195841635
1776235834434986284,0,-6.057095801781821,-10.004242137447694,0.0,0.35907133091043963,0.0,0.0,-0.9333101195841635
1776235834454975319,0,-6.055018961461088,-10.00236646686216,0.0,0.35907133091043963,0.0,0.0,-0.9333101195841635
1776235834474872287,0,-6.052848323085965,-10.000406083817108,0.0,0.35907133091043963,0.0,0.0,-0.9333101195841635
1776235834494981679,0,-6.050729129945634,-9.998492162848482,0.0,0.35907133091043963,0.0,0.0,-0.9333101195841635
1776235834514896084,0,-6.04855658929969,-9.996530061792985,0.0,0.35907133091043963,0.0,0.0,-0.9333101195841635
1776235834534996393,0,-6.046304099141509,-9.994495755403722,0.0,0.35907133091043963,0.0,0.0,-0.9333101195841635
1776235834554987886,0,-6.044167657946603,-9.992566257085056,0.0,0.35907133091043963,0.0,0.0,-0.9333101195841635
1776235834574969789,0,-6.041898778034974,-9.990517148508975,0.0,0.35907133091043963,0.0,0.0,-0.9333101195841635
1776235834594982830,0,-6.03971547680045,-9.988545329171654,0.0,0.35907133091043963,0.0,0.0,-0.9333101195841635
1776235834614970679,0,-6.037505256413046,-9.98654919816109,0.0,0.35907133091043963,0.0,0.0,-0.9333101195841635
1776235834634981565,0,-6.035233085576285,-9.984497117429935,0.0,0.35907133091043963,0.0,0.0,-0.9333101195841635
1776235834654821906,0,-6.033112797620142,-9.982582207693024,0.0,0.35907133091043963,0.0,0.0,-0.9333101195841635
1776235834674972612,0,-6.030854659849948,-9.980542800738458,0.0,0.35907133091043963,0.0,0.0,-0.9333101195841635
1776235834694823249,0,-6.028659612118688,-9.978560372709577,0.0,0.35907133091043963,0.0,0.0,-0.9333101195841635
1776235834714822544,0,-6.02652233714343,-9.976630121373315,0.0,0.35907133091043963,0.0,0.0,-0.9333101195841635
1776235834734821929,0,-6.024340525695583,-9.974659647516912,0.0,0.35907133091043963,0.0,0.0,-0.9333101195841635
1776235834754887608,0,-6.022151481974928,-9.972682641929975,0.0,0.35907133091043963,0.0,0.0,-0.9333101195841635
1776235834774824883,0,-6.019976446350875,-9.970718287568314,0.0,0.35907133091043963,0.0,0.0,-0.9333101195841635
1776235834794826305,0,-6.0178983190335,-9.968841454648942,0.0,0.35907133091043963,0.0,0.0,-0.9333101195841635
1776235834814984141,0,-6.015774020706869,-9.966922922999519,0.0,0.35907133091043963,0.0,0.0,-0.9333101195841635
1776235834834823584,0,-6.013609657959887,-9.964968207704185,0.0,0.35907133091043963,0.0,0.0,-0.9333101195841635
1776235834854972733,0,-6.011516181958091,-9.963077512825588,0.0,0.35907133091043963,0.0,0.0,-0.9333101195841635
1776235834874823446,0,-6.009453713151896,-9.961214821681363,0.0,0.35907133091043963,0.0,0.0,-0.9333101195841635
1776235834894825259,0,-6.007271636823984,-9.959244108602096,0.0,0.35907133091043963,0.0,0.0,-0.9333101195841635
1776235834914997724,0,-6.0051757383136115,-9.957351225867239,0.0,0.35907133091043963,0.0,0.0,-0.9333101195841635
1776235834934823123,0,-6.0030129076817405,-9.955397894281159,0.0,0.35907133091043963,0.0,0.0,-0.9333101195841635
1776235834954978027,0,-6.000859003159214,-9.953452624191474,0.0,0.35907133091043963,0.0,0.0,-0.9333101195841635
1776235834974976101,0,-5.99878122369562,-9.95157610543161,0.0,0.35907133091043963,0.0,0.0,-0.9333101195841635
1776235834994986758,0,-5.996598182541018,-9.949604520981989,0.0,0.35907133091043963,0.0,0.0,-0.9333101195841635
1776235835014971750,0,-5.994462436091831,-9.947675650113627,0.0,0.35907133091043963,0.0,0.0,-0.9333101195841635
1776235835034985693,0,-5.992323595721204,-9.945743985011443,0.0,0.35907133091043963,0.0,0.0,-0.9333101195841635
1776235835054983556,0,-5.990186473780224,-9.943813871886046,0.0,0.35907133091043963,0.0,0.0,-0.9333101195841635
1776235835074975395,0,-5.988079668757412,-9.941911139080208,0.0,0.35907133091043963,0.0,0.0,-0.9333101195841635
1776235835094873458,0,-5.985879376744379,-9.939923974748314,0.0,0.35907133091043963,0.0,0.0,-0.9333101195841635
1776235835114904563,0,-5.983768433742772,-9.938017504782206,0.0,0.35907133091043963,0.0,0.0,-0.9333101195841635
1776235835135006829,0,-5.981620154512531,-9.936077315100118,0.0,0.35907133091043963,0.0,0.0,-0.9333101195841635
1776235835154872221,0,-5.979556160573215,-9.934213246552314,0.0,0.35907133091043963,0.0,0.0,-0.9333101195841635
1776235835174984953,0,-5.977466468260531,-9.932325968861957,0.0,0.35907133091043963,0.0,0.0,-0.9333101195841635
1776235835194995493,0,-5.9753279915600475,-9.930394632203605,0.0,0.35907133091043963,0.0,0.0,-0.9333101195841635
1776235835214981520,0,-5.973192134502981,-9.928465661441212,0.0,0.35907133091043963,0.0,0.0,-0.9333101195841635
1776235835234983136,0,-5.971084299148118,-9.926561998104734,0.0,0.35907133091043963,0.0,0.0,-0.9333101195841635
1776235835254996815,0,-5.968975192555065,-9.924657186666483,0.0,0.35907133091043963,0.0,0.0,-0.9333101195841635
1776235835274989032,0,-5.966898021627785,-9.922781217498066,0.0,0.35907133091043963,0.0,0.0,-0.9333101195841635
1776235835294981571,0,-5.964820817245045,-9.920905218114815,0.0,0.35907133091043963,0.0,0.0,-0.9333101195841635
1776235835314876422,0,-5.962694703940593,-9.918985047292434,0.0,0.35907133091043963,0.0,0.0,-0.9333101195841635
1776235835334823726,0,-5.9606814137419315,-9.917166771150516,0.0,0.35907133091043963,0.0,0.0,-0.9333101195841635
1776235835354981753,0,-5.958587015324995,-9.915275243205006,0.0,0.35907133091043963,0.0,0.0,-0.9333101195841635
1776235835374974119,0,-5.956509828916766,-9.913399260055169,0.0,0.35907133091043963,0.0,0.0,-0.9333101195841635
1776235835395040511,0,-5.954454735309175,-9.91154322972304,0.0,0.35907133091043963,0.0,0.0,-0.9333101195841635
1776235835414979435,0,-5.952442290907617,-9.909725717451476,0.0,0.35907133091043963,0.0,0.0,-0.9333101195841635
1776235835434976442,0,-5.950542708102376,-9.90801013462261,0.0,0.35907133091043963,0.0,0.0,-0.9333101195841635
1776235835455008344,0,-5.948639810503985,-9.906291558082582,0.0,0.35907133091043963,0.0,0.0,-0.9333101195841635
1776235835474982389,0,-5.946742408936193,-9.904577945209152,0.0,0.35907133091043963,0.0,0.0,-0.9333101195841635
1776235835494825354,0,-5.944975268585858,-9.902981976013738,0.0,0.35907133091043963,0.0,0.0,-0.9333101195841635
1776235835515103063,0,-5.943139313879834,-9.90132385805251,0.0,0.35907133091043963,0.0,0.0,-0.9333101195841635
1776235835534991388,0,-5.941456692895955,-9.89980422139362,0.0,0.35907133091043963,0.0,0.0,-0.9333101195841635
1776235835554996675,0,-5.9398235630720295,-9.898329282014561,0.0,0.35907133091043963,0.0,0.0,-0.9333101195841635
1776235835575034625,0,-5.938158024996306,-9.896825073555899,0.0,0.35907133091043963,0.0,0.0,-0.9333101195841635
1776235835594980921,0,-5.936500105126364,-9.895327745378008,0.0,0.35907133091043963,0.0,0.0,-0.9333101195841635
1776235835614985750,0,-5.93504516825977,-9.894013738587379,0.0,0.35907133091043963,0.0,0.0,-0.9333101195841635
1776235835634979456,0,-5.933591040360985,-9.892700462405248,0.0,0.35907133091043963,0.0,0.0,-0.9333101195841635
1776235835654974502,0,-5.932136815004957,-9.891387098205879,0.0,0.35907133091043963,0.0,0.0,-0.9333101195841635
1776235835674985876,0,-5.930800211251822,-9.890179962385563,0.0,0.35907133091043963,0.0,0.0,-0.9333101195841635
1776235835694985655,0,-5.929494067108739,-9.889000335755053,0.0,0.35907133091043963,0.0,0.0,-0.9333101195841635
1776235835714980605,0,-5.928217916214021,-9.887847797126039,0.0,0.35907133091043963,0.0,0.0,-0.9333101195841635
1776235835734987720,0,-5.926970684947595,-9.886721376872895,0.0,0.35907133091043963,0.0,0.0,-0.9333101195841635
1776235835754993639,0,-5.925693833971143,-9.885568205974426,0.0,0.35907133091043963,0.0,0.0,-0.9333101195841635
1776235835774986574,0,-5.924447486677203,-9.88444258406923,0.0,0.35907133091043963,0.0,0.0,-0.9333101195841635
1776235835794983343,0,-5.92320090037406,-9.883316746306054,0.0,0.35907133091043963,0.0,0.0,-0.9333101195841635
1776235835814981757,0,-5.922043260686803,-9.882271239490532,0.0,0.35907133091043963,0.0,0.0,-0.9333101195841635
1776235835834822775,0,-5.920924181624515,-9.881260558188256,0.0,0.35907133091043963,0.0,0.0,-0.9333101195841635
1776235835855008093,0,-5.919875564662541,-9.880313513790366,0.0,0.35907133091043963,0.0,0.0,-0.9333101195841635
1776235835874984102,0,-5.9191046695035086,-9.879617290127964,0.0,0.35907133091043963,0.0,0.0,-0.9333101195841635
1776235835894982988,0,-5.918362575270778,-9.878947077637303,0.0,0.35907133091043963,0.0,0.0,-0.9333101195841635
1776235835914823357,0,-5.917832502533661,-9.878468349527456,0.0,0.35907133091043963,0.0,0.0,-0.9333101195841635
1776235835934971902,0,-5.917473631689757,-9.878144240119912,0.0,0.35907133091043963,0.0,0.0,-0.9333101195841635
1776235835954894766,0,-5.917325777035015,-9.87801070716409,0.0,0.35907133091043963,0.0,0.0,-0.9333101195841635
1776235835975096611,0,-5.917325777035015,-9.87801070716409,0.0,0.35907133091043963,0.0,0.0,-0.9333101195841635
1776235835994828321,0,-5.917384351452296,-9.878063607866398,0.0,0.35907133091043963,0.0,0.0,-0.9333101195841635
1776235836014877406,0,-5.9174438680106975,-9.87811735945088,0.0,0.35907133091043963,0.0,0.0,-0.9333101195841635
1776235836034968864,0,-5.917652616212835,-9.878305887600416,0.0,0.35907133091043963,0.0,0.0,-0.9333101195841635
1776235836054988688,0,-5.917890334996426,-9.878520580143483,0.0,0.35907133091043963,0.0,0.0,-0.9333101195841635
1776235836075006452,0,-5.91815774108536,-9.87876208437972,0.0,0.35907133091043963,0.0,0.0,-0.9333101195841635
1776235836095013988,0,-5.918425010544174,-9.879003465220261,0.0,0.35907133091043963,0.0,0.0,-0.9333101195841635
1776235836115012403,0,-5.9187218412352935,-9.879271543892802,0.0,0.35907133091043963,0.0,0.0,-0.9333101195841635
1776235836134944430,0,-5.918928932965582,-9.879458576021893,0.0,0.35907133091043963,0.0,0.0,-0.9333101195841635
1776235836155013069,0,-5.919107656774508,-9.879619988041856,0.0,0.35907133091043963,0.0,0.0,-0.9333101195841635
1776235836174828181,0,-5.919225300773797,-9.879726236647894,0.0,0.35907133091043963,0.0,0.0,-0.9333101195841635
1776235836194859808,0,-5.919284765507396,-9.879779941427504,0.0,0.35907133091043963,0.0,0.0,-0.9333101195841635
1776235836214880534,0,-5.919284765507396,-9.879779941427504,0.0,0.35907133091043963,0.0,0.0,-0.9333101195841635
1776235836235040236,0,-5.919284765507396,-9.879779941427504,0.0,0.35907133091043963,0.0,0.0,-0.9333101195841635
1776235836254932406,0,-5.919255240132611,-9.87975327597977,0.0,0.35907133091043963,0.0,0.0,-0.9333101195841635
1776235836274979849,0,-5.919225484290572,-9.87972640238863,0.0,0.35907133091043963,0.0,0.0,-0.9333101195841635
1776235836294932079,0,-5.919195869770456,-9.879699656430471,0.0,0.35907133091043963,0.0,0.0,-0.9333101195841635
1776235836314915688,0,-5.9191662086753825,-9.879672868408786,0.0,0.35907133091043963,0.0,0.0,-0.9333101195841635
1776235836334935261,0,-5.919136494199987,-9.87964603217738,0.0,0.35907133091043963,0.0,0.0,-0.9333101195841635
1776235836354951085,0,-5.919136494199987,-9.87964603217738,0.0,0.35907133091043963,0.0,0.0,-0.9333101195841635
1776235836374998022,0,-5.919136494199987,-9.87964603217738,0.0,0.35907133091043963,0.0,0.0,-0.9333101195841635
1776235836395011727,0,-5.919136494199987,-9.87964603217738,0.0,0.35907133091043963,0.0,0.0,-0.9333101195841635
1776235836414937377,0,-5.919136494199987,-9.87964603217738,0.0,0.35907133091043963,0.0,0.0,-0.9333101195841635
1776235836434998947,0,-5.919136494199987,-9.87964603217738,0.0,0.35907133091043963,0.0,0.0,-0.9333101195841635
1776235836455016919,0,-5.919136494199987,-9.87964603217738,0.0,0.35907133091043963,0.0,0.0,-0.9333101195841635
1776235836474980199,0,-5.919136494199987,-9.87964603217738,0.0,0.35907133091043963,0.0,0.0,-0.9333101195841635
1776235836495024666,0,-5.919136494199987,-9.87964603217738,0.0,0.35907133091043963,0.0,0.0,-0.9333101195841635
1776235836515013097,0,-5.919136494199987,-9.87964603217738,0.0,0.35907133091043963,0.0,0.0,-0.9333101195841635
1776235836535015766,0,-5.919136494199987,-9.87964603217738,0.0,0.35907133091043963,0.0,0.0,-0.9333101195841635
1776235836554937043,0,-5.919136494199987,-9.87964603217738,0.0,0.35907133091043963,0.0,0.0,-0.9333101195841635
1776235836574874960,0,-5.919136494199987,-9.87964603217738,0.0,0.35907133091043963,0.0,0.0,-0.9333101195841635
1776235836594954328,0,-5.919136494199987,-9.87964603217738,0.0,0.35907133091043963,0.0,0.0,-0.9333101195841635
1776235836614936029,0,-5.919136494199987,-9.87964603217738,0.0,0.35907133091043963,0.0,0.0,-0.9333101195841635
1776235836635017993,0,-5.919136494199987,-9.87964603217738,0.0,0.35907133091043963,0.0,0.0,-0.9333101195841635
1776235836654925868,0,-5.919136494199987,-9.87964603217738,0.0,0.35907133091043963,0.0,0.0,-0.9333101195841635
1776235836675010175,0,-5.919136494199987,-9.87964603217738,0.0,0.35907133091043963,0.0,0.0,-0.9333101195841635
1776235836694828578,0,-5.919136494199987,-9.87964603217738,0.0,0.35907133091043963,0.0,0.0,-0.9333101195841635
1776235836714910946,0,-5.919136494199987,-9.87964603217738,0.0,0.35907133091043963,0.0,0.0,-0.9333101195841635
1776235836734951313,0,-5.919136494199987,-9.87964603217738,0.0,0.35907133091043963,0.0,0.0,-0.9333101195841635
1776235836755013485,0,-5.919136494199987,-9.87964603217738,0.0,0.35907133091043963,0.0,0.0,-0.9333101195841635
1776235836774909683,0,-5.919136494199987,-9.87964603217738,0.0,0.35907133091043963,0.0,0.0,-0.9333101195841635
1776235836794921665,0,-5.919136494199987,-9.87964603217738,0.0,0.35907133091043963,0.0,0.0,-0.9333101195841635
1776235836815023473,0,-5.919136494199987,-9.87964603217738,0.0,0.35907133091043963,0.0,0.0,-0.9333101195841635
1776235836835004935,0,-5.919136494199987,-9.87964603217738,0.0,0.35907133091043963,0.0,0.0,-0.9333101195841635
1776235836854931115,0,-5.919136494199987,-9.87964603217738,0.0,0.35907133091043963,0.0,0.0,-0.9333101195841635
1776235836874874825,0,-5.919136494199987,-9.87964603217738,0.0,0.35907133091043963,0.0,0.0,-0.9333101195841635
1776235836894921900,0,-5.919136494199987,-9.87964603217738,0.0,0.35907133091043963,0.0,0.0,-0.9333101195841635
1776235836914909887,0,-5.919136494199987,-9.87964603217738,0.0,0.35907133091043963,0.0,0.0,-0.9333101195841635
1776235836934823043,0,-5.919136494199987,-9.87964603217738,0.0,0.35907133091043963,0.0,0.0,-0.9333101195841635
1776235836955008801,0,-5.919136494199987,-9.87964603217738,0.0,0.35907133091043963,0.0,0.0,-0.9333101195841635
1776235836974909477,0,-5.919136494199987,-9.87964603217738,0.0,0.35907133091043963,0.0,0.0,-0.9333101195841635
1776235836995009646,0,-5.919136494199987,-9.87964603217738,0.0,0.35907133091043963,0.0,0.0,-0.9333101195841635
1776235837014941478,0,-5.919136494199987,-9.87964603217738,0.0,0.35907133091043963,0.0,0.0,-0.9333101195841635
1776235837034925732,0,-5.919136494199987,-9.87964603217738,0.0,0.35907133091043963,0.0,0.0,-0.9333101195841635
1776235837054972788,0,-5.919136494199987,-9.87964603217738,0.0,0.35907133091043963,0.0,0.0,-0.9333101195841635
1776235837075017271,0,-5.919136494199987,-9.87964603217738,0.0,0.35907133091043963,0.0,0.0,-0.9333101195841635
1776235837094914616,0,-5.919136494199987,-9.87964603217738,0.0,0.35907133091043963,0.0,0.0,-0.9333101195841635
1776235837114935608,0,-5.919136494199987,-9.87964603217738,0.0,0.35907133091043963,0.0,0.0,-0.9333101195841635
1776235837134973488,0,-5.919136494199987,-9.87964603217738,0.0,0.35907133091043963,0.0,0.0,-0.9333101195841635
1776235837154915268,0,-5.919136494199987,-9.87964603217738,0.0,0.35907133091043963,0.0,0.0,-0.9333101195841635
1776235837174974142,0,-5.919136494199987,-9.87964603217738,0.0,0.35907133091043963,0.0,0.0,-0.9333101195841635
1776235837194941957,0,-5.919136494199987,-9.87964603217738,0.0,0.35907133091043963,0.0,0.0,-0.9333101195841635
1776235837214916167,0,-5.919136494199987,-9.87964603217738,0.0,0.35907133091043963,0.0,0.0,-0.9333101195841635
1776235837234937859,0,-5.919136494199987,-9.87964603217738,0.0,0.35907133091043963,0.0,0.0,-0.9333101195841635
1776235837254967819,0,-5.919136494199987,-9.87964603217738,0.0,0.35907133091043963,0.0,0.0,-0.9333101195841635
1776235837275038594,0,-5.919136494199987,-9.87964603217738,0.0,0.35907133091043963,0.0,0.0,-0.9333101195841635
1776235837295021489,0,-5.919136494199987,-9.87964603217738,0.0,0.35907133091043963,0.0,0.0,-0.9333101195841635
1776235837315011065,0,-5.919136494199987,-9.87964603217738,0.0,0.35907133091043963,0.0,0.0,-0.9333101195841635
1776235837334974242,0,-5.919136494199987,-9.87964603217738,0.0,0.35907133091043963,0.0,0.0,-0.9333101195841635
1776235837355012205,0,-5.919136494199987,-9.87964603217738,0.0,0.35907133091043963,0.0,0.0,-0.9333101195841635
1776235837375011030,0,-5.919136494199987,-9.87964603217738,0.0,0.35907133091043963,0.0,0.0,-0.9333101195841635
1776235837394921038,0,-5.919136494199987,-9.87964603217738,0.0,0.35907133091043963,0.0,0.0,-0.9333101195841635
1776235837414921304,0,-5.919136494199987,-9.87964603217738,0.0,0.35907133091043963,0.0,0.0,-0.9333101195841635
1776235837434952139,0,-5.919136494199987,-9.87964603217738,0.0,0.35907133091043963,0.0,0.0,-0.9333101195841635
1776235837454939095,0,-5.919136494199987,-9.87964603217738,0.0,0.35907133091043963,0.0,0.0,-0.9333101195841635
1776235837475000461,0,-5.919136494199987,-9.87964603217738,0.0,0.35907133091043963,0.0,0.0,-0.9333101195841635
1776235837494925564,0,-5.919136494199987,-9.87964603217738,0.0,0.35907133091043963,0.0,0.0,-0.9333101195841635
1776235837514937881,0,-5.919136494199987,-9.87964603217738,0.0,0.35907133091043963,0.0,0.0,-0.9333101195841635
1776235837534913337,0,-5.919136494199987,-9.87964603217738,0.0,0.35907133091043963,0.0,0.0,-0.9333101195841635
1776235837554826177,0,-5.919136494199987,-9.87964603217738,0.0,0.35907133091043963,0.0,0.0,-0.9333101195841635
1776235837574823617,0,-5.919136494199987,-9.87964603217738,0.0,0.35907133091043963,0.0,0.0,-0.9333101195841635
1776235837594933233,0,-5.919136494199987,-9.87964603217738,0.0,0.35907133091043963,0.0,0.0,-0.9333101195841635
1776235837614937273,0,-5.919136494199987,-9.87964603217738,0.0,0.35907133091043963,0.0,0.0,-0.9333101195841635
1776235837634912579,0,-5.919136494199987,-9.87964603217738,0.0,0.35907133091043963,0.0,0.0,-0.9333101195841635
1776235837654933327,0,-5.919136494199987,-9.87964603217738,0.0,0.35907133091043963,0.0,0.0,-0.9333101195841635
1776235837674917360,0,-5.919136494199987,-9.87964603217738,0.0,0.35907133091043963,0.0,0.0,-0.9333101195841635
1776235837694917629,0,-5.919136494199987,-9.87964603217738,0.0,0.35907133091043963,0.0,0.0,-0.9333101195841635
1776235837714916713,0,-5.919136494199987,-9.87964603217738,0.0,0.35907133091043963,0.0,0.0,-0.9333101195841635
1776235837734912874,0,-5.919136494199987,-9.87964603217738,0.0,0.35907133091043963,0.0,0.0,-0.9333101195841635
1776235837754912104,0,-5.919136494199987,-9.87964603217738,0.0,0.35907133091043963,0.0,0.0,-0.9333101195841635
1776235837774909744,0,-5.919136494199987,-9.87964603217738,0.0,0.35907133091043963,0.0,0.0,-0.9333101195841635
1776235837794924568,0,-5.919136494199987,-9.87964603217738,0.0,0.35907133091043963,0.0,0.0,-0.9333101195841635
1776235837814915329,0,-5.919136494199987,-9.87964603217738,0.0,0.35907133091043963,0.0,0.0,-0.9333101195841635
1776235837834921740,0,-5.919136494199987,-9.87964603217738,0.0,0.35907133091043963,0.0,0.0,-0.9333101195841635
1776235837855011254,0,-5.919136494199987,-9.87964603217738,0.0,0.35907133091043963,0.0,0.0,-0.9333101195841635
1776235837874928378,0,-5.919136494199987,-9.87964603217738,0.0,0.35907133091043963,0.0,0.0,-0.9333101195841635
1776235837894908047,0,-5.919136494199987,-9.87964603217738,0.0,0.35907133091043963,0.0,0.0,-0.9333101195841635
1776235837914876900,0,-5.919136494199987,-9.87964603217738,0.0,0.35907133091043963,0.0,0.0,-0.9333101195841635
1776235837934910996,0,-5.919136494199987,-9.87964603217738,0.0,0.35907133091043963,0.0,0.0,-0.9333101195841635
1776235837954959326,0,-5.919136494199987,-9.87964603217738,0.0,0.35907133091043963,0.0,0.0,-0.9333101195841635
1776235837974825469,0,-5.919136494199987,-9.87964603217738,0.0,0.35907133091043963,0.0,0.0,-0.9333101195841635
1776235837994826463,0,-5.919136494199987,-9.87964603217738,0.0,0.35907133091043963,0.0,0.0,-0.9333101195841635
1776235838014923578,0,-5.919136494199987,-9.87964603217738,0.0,0.35907133091043963,0.0,0.0,-0.9333101195841635
1776235838034827161,0,-5.919136494199987,-9.87964603217738,0.0,0.35907133091043963,0.0,0.0,-0.9333101195841635
1776235838054965585,0,-5.919136494199987,-9.87964603217738,0.0,0.35907133091043963,0.0,0.0,-0.9333101195841635
1776235838074911755,0,-5.919136494199987,-9.87964603217738,0.0,0.35907133091043963,0.0,0.0,-0.9333101195841635
1776235838095024982,0,-5.919136494199987,-9.87964603217738,0.0,0.35907133091043963,0.0,0.0,-0.9333101195841635
1776235838115024391,0,-5.919136494199987,-9.87964603217738,0.0,0.35907133091043963,0.0,0.0,-0.9333101195841635
1776235838135001594,0,-5.919136494199987,-9.87964603217738,0.0,0.35907133091043963,0.0,0.0,-0.9333101195841635
1776235838154978034,0,-5.919136494199987,-9.87964603217738,0.0,0.35907133091043963,0.0,0.0,-0.9333101195841635
1776235838175002794,0,-5.919136494199987,-9.87964603217738,0.0,0.35907133091043963,0.0,0.0,-0.9333101195841635
1776235838195025283,0,-5.919136494199987,-9.87964603217738,0.0,0.35907133091043963,0.0,0.0,-0.9333101195841635
1776235838215012873,0,-5.919136494199987,-9.87964603217738,0.0,0.35907133091043963,0.0,0.0,-0.9333101195841635
1776235838234826574,0,-5.919136494199987,-9.87964603217738,0.0,0.35907133091043963,0.0,0.0,-0.9333101195841635
1776235838254909581,0,-5.919136494199987,-9.87964603217738,0.0,0.35907133091043963,0.0,0.0,-0.9333101195841635
1776235838274917027,0,-5.919136494199987,-9.87964603217738,0.0,0.35907133091043963,0.0,0.0,-0.9333101195841635
1776235838294929411,0,-5.919136494199987,-9.87964603217738,0.0,0.35907133091043963,0.0,0.0,-0.9333101195841635
1776235838314908658,0,-5.919136494199987,-9.87964603217738,0.0,0.35907133091043963,0.0,0.0,-0.9333101195841635
1776235838334920155,0,-5.919136494199987,-9.87964603217738,0.0,0.35907133091043963,0.0,0.0,-0.9333101195841635
1776235838354918618,0,-5.919136494199987,-9.87964603217738,0.0,0.35907133091043963,0.0,0.0,-0.9333101195841635
1776235838374873401,0,-5.919136494199987,-9.87964603217738,0.0,0.35907133091043963,0.0,0.0,-0.9333101195841635
1776235838394918786,0,-5.919136494199987,-9.87964603217738,0.0,0.35907133091043963,0.0,0.0,-0.9333101195841635
1776235838414910553,0,-5.919136494199987,-9.87964603217738,0.0,0.35907133091043963,0.0,0.0,-0.9333101195841635
1776235838434923223,0,-5.919136494199987,-9.87964603217738,0.0,0.35907133091043963,0.0,0.0,-0.9333101195841635
1776235838454928694,0,-5.919136494199987,-9.87964603217738,0.0,0.35907133091043963,0.0,0.0,-0.9333101195841635
1776235838474874210,0,-5.919136494199987,-9.87964603217738,0.0,0.35907133091043963,0.0,0.0,-0.9333101195841635
1776235838494926077,0,-5.919136494199987,-9.87964603217738,0.0,0.35907133091043963,0.0,0.0,-0.9333101195841635
1776235838514953832,0,-5.919136494199987,-9.87964603217738,0.0,0.35907133091043963,0.0,0.0,-0.9333101195841635
1776235838534916108,0,-5.919136494199987,-9.87964603217738,0.0,0.35907133091043963,0.0,0.0,-0.9333101195841635
1776235838554912062,0,-5.919136494199987,-9.87964603217738,0.0,0.35907133091043963,0.0,0.0,-0.9333101195841635
1776235838575018285,0,-5.919136494199987,-9.87964603217738,0.0,0.35907133091043963,0.0,0.0,-0.9333101195841635
1776235838594827595,0,-5.919136494199987,-9.87964603217738,0.0,0.35907133091043963,0.0,0.0,-0.9333101195841635
1776235838614826955,0,-5.919136494199987,-9.87964603217738,0.0,0.35907133091043963,0.0,0.0,-0.9333101195841635
1776235838634921756,0,-5.919136494199987,-9.87964603217738,0.0,0.35907133091043963,0.0,0.0,-0.9333101195841635
1776235838654872465,0,-5.919136494199987,-9.87964603217738,0.0,0.35907133091043963,0.0,0.0,-0.9333101195841635
1776235838675011781,0,-5.919136494199987,-9.87964603217738,0.0,0.35907133091043963,0.0,0.0,-0.9333101195841635
1776235838694829794,0,-5.919136494199987,-9.87964603217738,0.0,0.35907133091043963,0.0,0.0,-0.9333101195841635
1776235838714825674,0,-5.919136494199987,-9.87964603217738,0.0,0.35907133091043963,0.0,0.0,-0.9333101195841635
1776235838734913411,0,-5.919136494199987,-9.87964603217738,0.0,0.35907133091043963,0.0,0.0,-0.9333101195841635
1776235838754919916,0,-5.919136494199987,-9.87964603217738,0.0,0.35907133091043963,0.0,0.0,-0.9333101195841635
1776235838774923204,0,-5.919136494199987,-9.87964603217738,0.0,0.35907133091043963,0.0,0.0,-0.9333101195841635
1776235838794958639,0,-5.919136494199987,-9.87964603217738,0.0,0.35907133091043963,0.0,0.0,-0.9333101195841635
1776235838815003639,0,-5.919136494199987,-9.87964603217738,0.0,0.35907133091043963,0.0,0.0,-0.9333101195841635
1776235838835025220,0,-5.919136494199987,-9.87964603217738,0.0,0.35907133091043963,0.0,0.0,-0.9333101195841635
1776235838854822973,0,-5.919136494199987,-9.87964603217738,0.0,0.35907133091043963,0.0,0.0,-0.9333101195841635
1776235838874872898,0,-5.919136494199987,-9.87964603217738,0.0,0.35907133091043963,0.0,0.0,-0.9333101195841635
1776235838894921746,0,-5.919136494199987,-9.87964603217738,0.0,0.35907133091043963,0.0,0.0,-0.9333101195841635
1776235838914943139,0,-5.919136494199987,-9.87964603217738,0.0,0.35907133091043963,0.0,0.0,-0.9333101195841635
1776235838934940070,0,-5.919136494199987,-9.87964603217738,0.0,0.35907133091043963,0.0,0.0,-0.9333101195841635
1776235838954874250,0,-5.919136494199987,-9.87964603217738,0.0,0.35907133091043963,0.0,0.0,-0.9333101195841635
1776235838974846019,0,-5.919136494199987,-9.87964603217738,0.0,0.35907133091043963,0.0,0.0,-0.9333101195841635
1776235838994917625,0,-5.919136494199987,-9.87964603217738,0.0,0.35907133091043963,0.0,0.0,-0.9333101195841635
1776235839014829389,0,-5.919136494199987,-9.87964603217738,0.0,0.35907133091043963,0.0,0.0,-0.9333101195841635
1776235839034917520,0,-5.919136494199987,-9.87964603217738,0.0,0.35907133091043963,0.0,0.0,-0.9333101195841635
1776235839054823882,0,-5.919136494199987,-9.87964603217738,0.0,0.35907133091043963,0.0,0.0,-0.9333101195841635
1776235839074872470,0,-5.919136494199987,-9.87964603217738,0.0,0.35907133091043963,0.0,0.0,-0.9333101195841635
1776235839094916446,0,-5.919136494199987,-9.87964603217738,0.0,0.35907133091043963,0.0,0.0,-0.9333101195841635
1776235839114919439,0,-5.919136494199987,-9.87964603217738,0.0,0.35907133091043963,0.0,0.0,-0.9333101195841635
1776235839134873619,0,-5.919136494199987,-9.87964603217738,0.0,0.35907133091043963,0.0,0.0,-0.9333101195841635
1776235839154887102,0,-5.919136494199987,-9.87964603217738,0.0,0.35907133091043963,0.0,0.0,-0.9333101195841635
1776235839174873374,0,-5.919136494199987,-9.87964603217738,0.0,0.35907133091043963,0.0,0.0,-0.9333101195841635
1776235839194875450,0,-5.919136494199987,-9.87964603217738,0.0,0.35907133091043963,0.0,0.0,-0.9333101195841635
1776235839214875356,0,-5.919136494199987,-9.87964603217738,0.0,0.35907133091043963,0.0,0.0,-0.9333101195841635
1776235839234873419,0,-5.919136494199987,-9.87964603217738,0.0,0.35907133091043963,0.0,0.0,-0.9333101195841635
1776235839254939017,0,-5.919136494199987,-9.87964603217738,0.0,0.35907133091043963,0.0,0.0,-0.9333101195841635
1776235839274907431,0,-5.919136494199987,-9.87964603217738,0.0,0.35907133091043963,0.0,0.0,-0.9333101195841635
1776235839294917190,0,-5.919136494199987,-9.87964603217738,0.0,0.35907133091043963,0.0,0.0,-0.9333101195841635
1776235839314914041,0,-5.919136494199987,-9.87964603217738,0.0,0.35907133091043963,0.0,0.0,-0.9333101195841635
1776235839334937672,0,-5.919136494199987,-9.87964603217738,0.0,0.35907133091043963,0.0,0.0,-0.9333101195841635
1776235839354935397,0,-5.919136494199987,-9.87964603217738,0.0,0.35907133091043963,0.0,0.0,-0.9333101195841635
1776235839374874328,0,-5.919136494199987,-9.87964603217738,0.0,0.35907133091043963,0.0,0.0,-0.9333101195841635
1776235839394928318,0,-5.919136494199987,-9.87964603217738,0.0,0.35907133091043963,0.0,0.0,-0.9333101195841635
1776235839414920037,0,-5.919136494199987,-9.87964603217738,0.0,0.35907133091043963,0.0,0.0,-0.9333101195841635
1776235839434911415,0,-5.919136494199987,-9.87964603217738,0.0,0.35907133091043963,0.0,0.0,-0.9333101195841635
1776235839454929122,0,-5.919136494199987,-9.87964603217738,0.0,0.35907133091043963,0.0,0.0,-0.9333101195841635
1776235839474909120,0,-5.919136494199987,-9.87964603217738,0.0,0.3591925368576086,0.0,0.0,-0.9332634791235515
1776235839494907793,0,-5.919136494199987,-9.87964603217738,0.0,0.35924852830503456,0.0,0.0,-0.9332419273214566
1776235839514939144,0,-5.919136494199987,-9.87964603217738,0.0,0.3593046099466687,0.0,0.0,-0.9332203369360701
1776235839534928555,0,-5.919136494199987,-9.87964603217738,0.0,0.35936057287565115,0.0,0.0,-0.933198788395315
1776235839554874260,0,-5.919136494199987,-9.87964603217738,0.0,0.35941641215598896,0.0,0.0,-0.933177283624562
1776235839574887947,0,-5.919136494199987,-9.87964603217738,0.0,0.35947244046280513,0.0,0.0,-0.9331557021996464
1776235839594877245,0,-5.919136494199987,-9.87964603217738,0.0,0.35947244046280513,0.0,0.0,-0.9331557021996464
1776235839614912021,0,-5.919136494199987,-9.87964603217738,0.0,0.35947244046280513,0.0,0.0,-0.9331557021996464
1776235839634913750,0,-5.919136494199987,-9.87964603217738,0.0,0.35952843399850604,0.0,0.0,-0.9331341303084899
1776235839654927853,0,-5.919136494199987,-9.87964603217738,0.0,0.35952843399850604,0.0,0.0,-0.9331341303084899
1776235839674912623,0,-5.919136494199987,-9.87964603217738,0.0,0.35958437876572075,0.0,0.0,-0.9331125733520423
1776235839694906753,0,-5.919136494199987,-9.87964603217738,0.0,0.3596403484416068,0.0,0.0,-0.9330910029427996
1776235839714901133,0,-5.919136494199987,-9.87964603217738,0.0,0.35969631752332887,0.0,0.0,-0.9330694289066364
1776235839734919887,0,-5.919136494199987,-9.87964603217738,0.0,0.35975235353718504,0.0,0.0,-0.9330478252075057
1776235839754918887,0,-5.919136494199987,-9.87964603217738,0.0,0.35980833296053577,0.0,0.0,-0.9330262394660507
1776235839774826318,0,-5.919136494199987,-9.87964603217738,0.0,0.35986405478577205,0.0,0.0,-0.9330047492232517
1776235839794937412,0,-5.919136494199987,-9.87964603217738,0.0,0.35992034536988654,0.0,0.0,-0.9329830357454639
1776235839814874121,0,-5.919136494199987,-9.87964603217738,0.0,0.35997614656043,0.0,0.0,-0.9329615071949666
1776235839834917795,0,-5.919136494199987,-9.87964603217738,0.0,0.3602192340342531,0.0,0.0,-0.9328676773432425
1776235839854927279,0,-5.919136494199987,-9.87964603217738,0.0,0.3606391870493918,0.0,0.0,-0.9327054072773213
1776235839874927230,0,-5.919136494199987,-9.87964603217738,0.0,0.36131063973321637,0.0,0.0,-0.9324455059763943
1776235839894920958,0,-5.919136494199987,-9.87964603217738,0.0,0.36228920122098024,0.0,0.0,-0.9320657351703602
1776235839914904215,0,-5.919136494199987,-9.87964603217738,0.0,0.36368572204482497,0.0,0.0,-0.9315217096668946
1776235839934949717,0,-5.919136494199987,-9.87964603217738,0.0,0.3654589794354371,0.0,0.0,-0.9308274460661379
1776235839954913000,0,-5.919136494199987,-9.87964603217738,0.0,0.3678270453893518,0.0,0.0,-0.9298942223071072
1776235839974914376,0,-5.919136494199987,-9.87964603217738,0.0,0.37087532401049245,0.0,0.0,-0.9286826659522144
1776235839994910935,0,-5.919136494199987,-9.87964603217738,0.0,0.37440102564945726,0.0,0.0,-0.9272668828296601
1776235840014875003,0,-5.919136494199987,-9.87964603217738,0.0,0.37840536809282993,0.0,0.0,-0.9256399826058347
1776235840034985562,0,-5.919136494199987,-9.87964603217738,0.0,0.3831007914384989,0.0,0.0,-0.9237065462576282
1776235840054930941,0,-5.919136494199987,-9.87964603217738,0.0,0.3882258485665144,0.0,0.0,-0.921564262818828
1776235840074919684,0,-5.919136494199987,-9.87964603217738,0.0,0.3937726693840041,0.0,0.0,-0.9192078572587354
1776235840094915496,0,-5.919136494199987,-9.87964603217738,0.0,0.39979289803998264,0.0,0.0,-0.9166054978434245
1776235840114874170,0,-5.919136494199987,-9.87964603217738,0.0,0.4062043102902596,0.0,0.0,-0.9137822816741494
1776235840134929254,0,-5.919136494199987,-9.87964603217738,0.0,0.4130467366606835,0.0,0.0,-0.9107098293825316
1776235840154927173,0,-5.919136494199987,-9.87964603217738,0.0,0.4201459738028358,0.0,0.0,-0.9074565337784872
1776235840174926348,0,-5.919136494199987,-9.87964603217738,0.0,0.42739180580339,0.0,0.0,-0.9040665043746048
1776235840194956166,0,-5.919136494199987,-9.87964603217738,0.0,0.4348017084719023,0.0,0.0,-0.9005262207786705
1776235840214875471,0,-5.919136494199987,-9.87964603217738,0.0,0.44214164756714397,0.0,0.0,-0.8969452399598381
1776235840234826612,0,-5.919136494199987,-9.87964603217738,0.0,0.44952613399472885,0.0,0.0,-0.8932671799947388
1776235840254873905,0,-5.919136494199987,-9.87964603217738,0.0,0.4567370602439295,0.0,0.0,-0.8896017411177505
1776235840274911353,0,-5.919136494199987,-9.87964603217738,0.0,0.4637370648722224,0.0,0.0,-0.8859728746771518
1776235840294920899,0,-5.919136494199987,-9.87964603217738,0.0,0.47058379542917833,0.0,0.0,-0.8823553090900905
1776235840314987503,0,-5.919136494199987,-9.87964603217738,0.0,0.47713075593327614,0.0,0.0,-0.8788323171928423
1776235840334914546,0,-5.919136494199987,-9.87964603217738,0.0,0.4832048718525441,0.0,0.0,-0.8755073111162273
1776235840354883435,0,-5.919136494199987,-9.87964603217738,0.0,0.48898111724436333,0.0,0.0,-0.872294369452454
1776235840374877209,0,-5.919136494199987,-9.87964603217738,0.0,0.4945780833382665,0.0,0.0,-0.8691332000800837
1776235840394876836,0,-5.919136494199987,-9.87964603217738,0.0,0.4998704629746688,0.0,0.0,-0.8661001791048714
1776235840414874135,0,-5.919136494199987,-9.87964603217738,0.0,0.5048588397822403,0.0,0.0,-0.8632019183793154
1776235840434948055,0,-5.919136494199987,-9.87964603217738,0.0,0.5096767300899893,0.0,0.0,-0.860365986545712
1776235840454923745,0,-5.919136494199987,-9.87964603217738,0.0,0.5144038424462852,0.0,0.0,-0.8575480668023789
1776235840474914252,0,-5.919136494199987,-9.87964603217738,0.0,0.5191188644020284,0.0,0.0,-0.8547020560534229
1776235840494913808,0,-5.919136494199987,-9.87964603217738,0.0,0.5238713719664727,0.0,0.0,-0.8517973853176385
1776235840514944727,0,-5.919136494199987,-9.87964603217738,0.0,0.5286745528479516,0.0,0.0,-0.8488246091926285
1776235840534920593,0,-5.919136494199987,-9.87964603217738,0.0,0.5336673662780381,0.0,0.0,-0.8456944732998214
1776235840554908719,0,-5.919136494199987,-9.87964603217738,0.0,0.538863605337782,0.0,0.0,-0.8423930287237467
1776235840574914739,0,-5.919136494199987,-9.87964603217738,0.0,0.5441027961317729,0.0,0.0,-0.839018561917188
1776235840594912353,0,-5.919136494199987,-9.87964603217738,0.0,0.5494272797257126,0.0,0.0,-0.835541539537804
1776235840615015900,0,-5.919136494199987,-9.87964603217738,0.0,0.5548161138795348,0.0,0.0,-0.8319730042372836
1776235840634985369,0,-5.919136494199987,-9.87964603217738,0.0,0.5601460628679018,0.0,0.0,-0.8283938605841962
1776235840654913512,0,-5.919136494199987,-9.87964603217738,0.0,0.5655981015824753,0.0,0.0,-0.824681021660072
1776235840674957953,0,-5.919136494199987,-9.87964603217738,0.0,0.5709008024076566,0.0,0.0,-0.8210190459485662
1776235840694920248,0,-5.919136494199987,-9.87964603217738,0.0,0.5762642577047928,0.0,0.0,-0.81726342466303
1776235840714931141,0,-5.919136494199987,-9.87964603217738,0.0,0.5814531812947348,0.0,0.0,-0.8135798657551896
1776235840734911640,0,-5.919136494199987,-9.87964603217738,0.0,0.5865621865241715,0.0,0.0,-0.80990419269194
1776235840754916359,0,-5.919136494199987,-9.87964603217738,0.0,0.5913315068752624,0.0,0.0,-0.8064285764881051
1776235840774947563,0,-5.919136494199987,-9.87964603217738,0.0,0.5961910441376722,0.0,0.0,-0.8028425990753307
1776235840794939890,0,-5.919136494199987,-9.87964603217738,0.0,0.6008676605470943,0.0,0.0,-0.7993485188005679
1776235840814996966,0,-5.919136494199987,-9.87964603217738,0.0,0.6054829788206337,0.0,0.0,-0.7958582551927774
1776235840834873533,0,-5.919136494199987,-9.87964603217738,0.0,0.6097768580898224,0.0,0.0,-0.7925731406867789
1776235840854874315,0,-5.919136494199987,-9.87964603217738,0.0,0.614182180270626,0.0,0.0,-0.7891642727835696
1776235840874935798,0,-5.919136494199987,-9.87964603217738,0.0,0.6184319719405463,0.0,0.0,-0.7858383396613627
1776235840894920641,0,-5.919136494199987,-9.87964603217738,0.0,0.6227492642766701,0.0,0.0,-0.7824214681633334
1776235840914955926,0,-5.919136494199987,-9.87964603217738,0.0,0.6268555923080834,0.0,0.0,-0.7791354608744758
1776235840934912279,0,-5.919136494199987,-9.87964603217738,0.0,0.6310291406349832,0.0,0.0,-0.7757591273517023
1776235840954917297,0,-5.919136494199987,-9.87964603217738,0.0,0.6351405351721527,0.0,0.0,-0.7723965953972295
1776235840974923541,0,-5.919136494199987,-9.87964603217738,0.0,0.6393342600548797,0.0,0.0,-0.7689289329450931
1776235840994947406,0,-5.919136494199987,-9.87964603217738,0.0,0.6433671033181122,0.0,0.0,-0.7655578164763662
1776235841014953591,0,-5.919136494199987,-9.87964603217738,0.0,0.6474777414226329,0.0,0.0,-0.762084361709546
1776235841034931138,0,-5.919136494199987,-9.87964603217738,0.0,0.6515107399078838,0.0,0.0,-0.7586394109092157
1776235841054916031,0,-5.919136494199987,-9.87964603217738,0.0,0.6555268824565419,0.0,0.0,-0.7551718389723011
1776235841074931347,0,-5.919136494199987,-9.87964603217738,0.0,0.6596284286456336,0.0,0.0,-0.7515918680523973
1776235841094927041,0,-5.919136494199987,-9.87964603217738,0.0,0.6635643315474715,0.0,0.0,-0.7481192270607389
1776235841114912265,0,-5.919136494199987,-9.87964603217738,0.0,0.6676212694869708,0.0,0.0,-0.7445010681849997
1776235841134910324,0,-5.919136494199987,-9.87964603217738,0.0,0.6716166170496699,0.0,0.0,-0.7408988592937346
1776235841154974136,0,-5.919136494199987,-9.87964603217738,0.0,0.6756055693844731,0.0,0.0,-0.7372632600480522
1776235841174908640,0,-5.919136494199987,-9.87964603217738,0.0,0.6794981363831948,0.0,0.0,-0.7336772332925189
1776235841194977109,0,-5.919136494199987,-9.87964603217738,0.0,0.6833536817319356,0.0,0.0,-0.7300874917867095
1776235841214957155,0,-5.919136494199987,-9.87964603217738,0.0,0.6872169457152218,0.0,0.0,-0.7264522486177889
1776235841234917654,0,-5.919136494199987,-9.87964603217738,0.0,0.6909633360881757,0.0,0.0,-0.7228898036228611
1776235841255001674,0,-5.919136494199987,-9.87964603217738,0.0,0.6948081653061384,0.0,0.0,-0.7191951149889144
1776235841274941071,0,-5.919136494199987,-9.87964603217738,0.0,0.6984202739535533,0.0,0.0,-0.7156878655745419
1776235841294958726,0,-5.919136494199987,-9.87964603217738,0.0,0.7021214064329657,0.0,0.0,-0.7120572523530634
1776235841314922178,0,-5.919136494199987,-9.87964603217738,0.0,0.7057017889800271,0.0,0.0,-0.7085089872615514
1776235841334873839,0,-5.919136494199987,-9.87964603217738,0.0,0.7094449603088453,0.0,0.0,-0.7047608447497498
1776235841354862860,0,-5.919136494199987,-9.87964603217738,0.0,0.7130840936146429,0.0,0.0,-0.7010785087518967
1776235841374873691,0,-5.919136494199987,-9.87964603217738,0.0,0.7168475892486614,0.0,0.0,-0.6972299002397863
1776235841394903606,0,-5.919136494199987,-9.87964603217738,0.0,0.7206841384117769,0.0,0.0,-0.6932635665038765
1776235841414877517,0,-5.919136494199987,-9.87964603217738,0.0,0.7246670637404184,0.0,0.0,-0.6890991559491567
1776235841434822610,0,-5.919136494199987,-9.87964603217738,0.0,0.7287090198232288,0.0,0.0,-0.6848234549343861
1776235841454823149,0,-5.919136494199987,-9.87964603217738,0.0,0.7328253424864295,0.0,0.0,-0.6804167968309184
1776235841474822179,0,-5.919136494199987,-9.87964603217738,0.0,0.7369147100576594,0.0,0.0,-0.6759857321723852
1776235841494934410,0,-5.919136494199987,-9.87964603217738,0.0,0.7410879836192906,0.0,0.0,-0.6714079240931656
1776235841514911955,0,-5.919136494199987,-9.87964603217738,0.0,0.7454249259056305,0.0,0.0,-0.6665895887565192
1776235841534929980,0,-5.919136494199987,-9.87964603217738,0.0,0.7496994928072932,0.0,0.0,-0.6617784149430136
1776235841554911328,0,-5.919136494199987,-9.87964603217738,0.0,0.7539746399010314,0.0,0.0,-0.6569035259352092
1776235841574909240,0,-5.919136494199987,-9.87964603217738,0.0,0.7581824763502943,0.0,0.0,-0.6520424315605047
1776235841594928208,0,-5.919136494199987,-9.87964603217738,0.0,0.7624022176595109,0.0,0.0,-0.6471034372554823
1776235841614930904,0,-5.919136494199987,-9.87964603217738,0.0,0.7665028988619298,0.0,0.0,-0.6422408473744552
1776235841634912292,0,-5.919136494199987,-9.87964603217738,0.0,0.7704408802610768,0.0,0.0,-0.6375114508952268
1776235841654987339,0,-5.919136494199987,-9.87964603217738,0.0,0.7742472492177231,0.0,0.0,-0.6328832412687105
1776235841674949399,0,-5.919136494199987,-9.87964603217738,0.0,0.7780046273142274,0.0,0.0,-0.6282585454075815
1776235841694932251,0,-5.919136494199987,-9.87964603217738,0.0,0.7816946350515083,0.0,0.0,-0.6236613644692842
1776235841714923530,0,-5.919136494199987,-9.87964603217738,0.0,0.7852414370929452,0.0,0.0,-0.6191897007155449
1776235841734927987,0,-5.919136494199987,-9.87964603217738,0.0,0.7886788879338213,0.0,0.0,-0.614805344582715
1776235841754929593,0,-5.919136494199987,-9.87964603217738,0.0,0.7920547461763557,0.0,0.0,-0.6104500627074329
1776235841774973547,0,-5.919136494199987,-9.87964603217738,0.0,0.7953711050212997,0.0,0.0,-0.6061227642129906
1776235841794973096,0,-5.919136494199987,-9.87964603217738,0.0,0.7986986760392984,0.0,0.0,-0.6017311898955146
1776235841814999162,0,-5.919136494199987,-9.87964603217738,0.0,0.8020422473959022,0.0,0.0,-0.5972673048075965
1776235841834826980,0,-5.919136494199987,-9.87964603217738,0.0,0.8054104143474278,0.0,0.0,-0.5927175250156728
1776235841854834228,0,-5.919136494199987,-9.87964603217738,0.0,0.8088593749623925,0.0,0.0,-0.588002135655516
1776235841874922133,0,-5.919136494199987,-9.87964603217738,0.0,0.812405755078697,0.0,0.0,-0.5830925219165585
1776235841894993935,0,-5.919136494199987,-9.87964603217738,0.0,0.8159195282275893,0.0,0.0,-0.5781654810319171
1776235841914928729,0,-5.919136494199987,-9.87964603217738,0.0,0.8195339849544266,0.0,0.0,-0.5730305816487612
1776235841934918720,0,-5.919136494199987,-9.87964603217738,0.0,0.8232338240457305,0.0,0.0,-0.5677024493051295
1776235841954823344,0,-5.919136494199987,-9.87964603217738,0.0,0.8269226215074393,0.0,0.0,-0.5623157280738857
1776235841974961583,0,-5.919136494199987,-9.87964603217738,0.0,0.8306524828384292,0.0,0.0,-0.5567912110965413
1776235841994986872,0,-5.919136494199987,-9.87964603217738,0.0,0.8344020945514597,0.0,0.0,-0.5511561889411537
1776235842015000606,0,-5.919136494199987,-9.87964603217738,0.0,0.838073136204773,0.0,0.0,-0.5455578964435361
1776235842034826696,0,-5.919136494199987,-9.87964603217738,0.0,0.8417101941390731,0.0,0.0,-0.5399295778917504
1776235842054943151,0,-5.919136494199987,-9.87964603217738,0.0,0.845324272527751,0.0,0.0,-0.5342535673960714
1776235842074934236,0,-5.919136494199987,-9.87964603217738,0.0,0.8489148919616896,0.0,0.0,-0.5285295698498552
1776235842094922478,0,-5.919136494199987,-9.87964603217738,0.0,0.8523617384754997,0.0,0.0,-0.5229526429639915
1776235842114925995,0,-5.919136494199987,-9.87964603217738,0.0,0.8558055848361424,0.0,0.0,-0.5172975941982217
1776235842134944961,0,-5.919136494199987,-9.87964603217738,0.0,0.8591479487780764,0.0,0.0,-0.5117272731743188
1776235842154934751,0,-5.919136494199987,-9.87964603217738,0.0,0.8624492648539072,0.0,0.0,-0.5061435226820107
1776235842174932451,0,-5.919136494199987,-9.87964603217738,0.0,0.8656204699231936,0.0,0.0,-0.5007007110539683
1776235842195002814,0,-5.919136494199987,-9.87964603217738,0.0,0.8687338725109179,0.0,0.0,-0.4952791725402797
1776235842214874172,0,-5.919136494199987,-9.87964603217738,0.0,0.8717829526784662,0.0,0.0,-0.48989231818759443
1776235842234921519,0,-5.919136494199987,-9.87964603217738,0.0,0.8747620553218858,0.0,0.0,-0.4845527283681623
1776235842254875327,0,-5.919136494199987,-9.87964603217738,0.0,0.8776947823715676,0.0,0.0,-0.4792200632253689
1776235842274872712,0,-5.919136494199987,-9.87964603217738,0.0,0.8805396983267194,0.0,0.0,-0.4739724039126012
1776235842294951724,0,-5.919136494199987,-9.87964603217738,0.0,0.8833928900572631,0.0,0.0,-0.46863312067786705
1776235842314919456,0,-5.919136494199987,-9.87964603217738,0.0,0.8861981627756351,0.0,0.0,-0.46330639569629184
1776235842334873501,0,-5.919136494199987,-9.87964603217738,0.0,0.8889420103044513,0.0,0.0,-0.45801976192723465
1776235842354879633,0,-5.919136494199987,-9.87964603217738,0.0,0.8916885282069033,0.0,0.0,-0.45264949868988774
1776235842374872909,0,-5.919136494199987,-9.87964603217738,0.0,0.8944008700925843,0.0,0.0,-0.44726623344226213
1776235842394877292,0,-5.919136494199987,-9.87964603217738,0.0,0.8971396397597928,0.0,0.0,-0.44174706198419605
1776235842414875142,0,-5.919136494199987,-9.87964603217738,0.0,0.8997867651437714,0.0,0.0,-0.43632989500160035
1776235842434873611,0,-5.919136494199987,-9.87964603217738,0.0,0.9024314193978764,0.0,0.0,-0.4308335331465438
1776235842454904670,0,-5.919136494199987,-9.87964603217738,0.0,0.9051020958681819,0.0,0.0,-0.4251943038835592
1776235842474904315,0,-5.919136494199987,-9.87964603217738,0.0,0.9077334281974356,0.0,0.0,-0.41954740296292015
1776235842494875666,0,-5.919136494199987,-9.87964603217738,0.0,0.910272145649615,0.0,0.0,-0.4140104115290412
1776235842514876375,0,-5.919136494199987,-9.87964603217738,0.0,0.9128052524675616,0.0,0.0,-0.4083951163611425
1776235842534873064,0,-5.919136494199987,-9.87964603217738,0.0,0.9153595901653466,0.0,0.0,-0.40263733146881525
1776235842554874815,0,-5.919136494199987,-9.87964603217738,0.0,0.9177988445442972,0.0,0.0,-0.3970456912663239
1776235842574950877,0,-5.919136494199987,-9.87964603217738,0.0,0.9202363861136358,0.0,0.0,-0.3913629947663876
1776235842594940195,0,-5.919136494199987,-9.87964603217738,0.0,0.9225783178094132,0.0,0.0,-0.38580985926742883
1776235842614936395,0,-5.919136494199987,-9.87964603217738,0.0,0.9249901404714284,0.0,0.0,-0.37999110519938123
1776235842634917512,0,-5.919136494199987,-9.87964603217738,0.0,0.9272887065366017,0.0,0.0,-0.3743469710438114
1776235842654895783,0,-5.919136494199987,-9.87964603217738,0.0,0.9296261525986558,0.0,0.0,-0.36850402495036705
1776235842674908769,0,-5.919136494199987,-9.87964603217738,0.0,0.9319307476155614,0.0,0.0,-0.3626362938933454
1776235842694916859,0,-5.919136494199987,-9.87964603217738,0.0,0.9342441453013306,0.0,0.0,-0.3566340939537138
1776235842714938020,0,-5.919136494199987,-9.87964603217738,0.0,0.9364957877401445,0.0,0.0,-0.3506788267702603
1776235842734912791,0,-5.919136494199987,-9.87964603217738,0.0,0.9387043839665998,0.0,0.0,-0.3447231926080495
1776235842754926473,0,-5.919136494199987,-9.87964603217738,0.0,0.9409233560677231,0.0,0.0,-0.3386196066477143
1776235842774915649,0,-5.919136494199987,-9.87964603217738,0.0,0.9430999981319641,0.0,0.0,-0.3325092382528481
1776235842794916222,0,-5.919136494199987,-9.87964603217738,0.0,0.9452185818388453,0.0,0.0,-0.3264380991038916
1776235842814878508,0,-5.919136494199987,-9.87964603217738,0.0,0.9472941400832869,0.0,0.0,-0.32036512320142774
1776235842834896231,0,-5.919136494199987,-9.87964603217738,0.0,0.949377163758244,0.0,0.0,-0.31413850597205095
1776235842854923846,0,-5.919136494199987,-9.87964603217738,0.0,0.951420259015857,0.0,0.0,-0.30789525935648887
1776235842874874278,0,-5.919136494199987,-9.87964603217738,0.0,0.953375534609104,0.0,0.0,-0.301786497393116
1776235842894876684,0,-5.919136494199987,-9.87964603217738,0.0,0.9553349595886692,0.0,0.0,-0.2955251511931188
1776235842914875226,0,-5.919136494199987,-9.87964603217738,0.0,0.9572326481097863,0.0,0.0,-0.28931930006953577
1776235842934873115,0,-5.919136494199987,-9.87964603217738,0.0,0.9590899639283896,0.0,0.0,-0.28310146783766454
1776235842954872882,0,-5.919136494199987,-9.87964603217738,0.0,0.9609070601807339,0.0,0.0,-0.27687112831571914
1776235842974873202,0,-5.919136494199987,-9.87964603217738,0.0,0.9626674928998405,0.0,0.0,-0.27068671580617965
1776235842994879986,0,-5.919136494199987,-9.87964603217738,0.0,0.9643886727473855,0.0,0.0,-0.26448910729278846
1776235843014880000,0,-5.919136494199987,-9.87964603217738,0.0,0.9660358059982483,0.0,0.0,-0.25840824586168837
1776235843034884641,0,-5.919136494199987,-9.87964603217738,0.0,0.9676601057831047,0.0,0.0,-0.2522576454259227
1776235843054887787,0,-5.919136494199987,-9.87964603217738,0.0,0.9692303592116489,0.0,0.0,-0.24615546059849666
1776235843074901901,0,-5.919136494199987,-9.87964603217738,0.0,0.9707941802909494,0.0,0.0,-0.23991385852681285
1776235843094875228,0,-5.919136494199987,-9.87964603217738,0.0,0.9722843978804137,0.0,0.0,-0.23380130375667602
1776235843114873162,0,-5.919136494199987,-9.87964603217738,0.0,0.9737515503663671,0.0,0.0,-0.22761352806697682
1776235843134872830,0,-5.919136494199987,-9.87964603217738,0.0,0.9751794453557948,0.0,0.0,-0.221416009709245
1776235843154873832,0,-5.919136494199987,-9.87964603217738,0.0,0.9765679874664328,0.0,0.0,-0.2152091212187839
1776235843174896876,0,-5.919136494199987,-9.87964603217738,0.0,0.9779331324384068,0.0,0.0,-0.20891813822453364
1776235843194875986,0,-5.919136494199987,-9.87964603217738,0.0,0.9792548897358645,0.0,0.0,-0.2026323294254888
1776235843214873513,0,-5.919136494199987,-9.87964603217738,0.0,0.9805236629991209,0.0,0.0,-0.1964009834465867
1776235843234872426,0,-5.919136494199987,-9.87964603217738,0.0,0.9817775795771841,0.0,0.0,-0.19003363975771703
1776235843254873785,0,-5.919136494199987,-9.87964603217738,0.0,0.9829792720643354,0.0,0.0,-0.1837164954267014
1776235843274879433,0,-5.919136494199987,-9.87964603217738,0.0,0.984140562594629,0.0,0.0,-0.1773903973047222
1776235843294874530,0,-5.919136494199987,-9.87964603217738,0.0,0.9852605608308374,0.0,0.0,-0.1710603030258739
1776235843314873771,0,-5.919136494199987,-9.87964603217738,0.0,0.986349944266458,0.0,0.0,-0.16466264739021816
1776235843334872497,0,-5.919136494199987,-9.87964603217738,0.0,0.9873771787777105,0.0,0.0,-0.15838657401739983
1776235843354873048,0,-5.919136494199987,-9.87964603217738,0.0,0.9883554395609477,0.0,0.0,-0.1521628242715213
1776235843374872400,0,-5.919136494199987,-9.87964603217738,0.0,0.9893133777549448,0.0,0.0,-0.14580480305909657
1776235843394874507,0,-5.919136494199987,-9.87964603217738,0.0,0.9902124017047922,0.0,0.0,-0.13956861935989495
1776235843414874948,0,-5.919136494199987,-9.87964603217738,0.0,0.9910720460050307,0.0,0.0,-0.13332741513808147
1776235843434873477,0,-5.919136494199987,-9.87964603217738,0.0,0.9918922765132753,0.0,0.0,-0.12708151633228287
1776235843454872783,0,-5.919136494199987,-9.87964603217738,0.0,0.9926731743125412,0.0,0.0,-0.1208303314580539
1776235843474823694,0,-5.919136494199987,-9.87964603217738,0.0,0.9934049250792586,0.0,0.0,-0.1146588628422269
1776235843494845529,0,-5.919136494199987,-9.87964603217738,0.0,0.9941148113861314,0.0,0.0,-0.1083316287273315
1776235843514879622,0,-5.919136494199987,-9.87964603217738,0.0,0.9947847960285969,0.0,0.0,-0.10199612536926488
1776235843534936587,0,-5.919136494199987,-9.87964603217738,0.0,0.9954151005723957,0.0,0.0,-0.09564924229938926
1776235843554874463,0,-5.919136494199987,-9.87964603217738,0.0,0.9960015289482842,0.0,0.0,-0.08933618713981642
1776235843574992301,0,-5.919136494199987,-9.87964603217738,0.0,0.9965526688965519,0.0,0.0,-0.08296251029928801
1776235843594882466,0,-5.919136494199987,-9.87964603217738,0.0,0.9970574750240254,0.0,0.0,-0.07665762518311488
1776235843614877684,0,-5.919136494199987,-9.87964603217738,0.0,0.9975247420703462,0.0,0.0,-0.07031634914789868
1776235843634875527,0,-5.919136494199987,-9.87964603217738,0.0,0.997947892817367,0.0,0.0,-0.06403126752905304
1776235843654873136,0,-5.919136494199987,-9.87964603217738,0.0,0.9983314394308868,0.0,0.0,-0.057743718652798974
1776235843674874757,0,-5.919136494199987,-9.87964603217738,0.0,0.9986785225004498,0.0,0.0,-0.05139269107877755
1776235843694909184,0,-5.919136494199987,-9.87964603217738,0.0,0.9989888278505658,0.0,0.0,-0.044959112866611785
1776235843714874999,0,-5.919136494199987,-9.87964603217738,0.0,0.9992541418669982,0.0,0.0,-0.03861554041637809
1776235843734875415,0,-5.919136494199987,-9.87964603217738,0.0,0.999481785428094,0.0,0.0,-0.032189448542490624
1776235843754874722,0,-5.919136494199987,-9.87964603217738,0.0,0.9996680947518285,0.0,0.0,-0.025762382173416542
1776235843774924618,0,-5.919136494199987,-9.87964603217738,0.0,0.9998133902309227,0.0,0.0,-0.01931798941268162
1776235843794875884,0,-5.919136494199987,-9.87964603217738,0.0,0.9999167334619169,0.0,0.0,-0.012904500875659345
1776235843814874915,0,-5.919136494199987,-9.87964603217738,0.0,0.9999790361565813,0.0,0.0,-0.00647512527713645
1776235843834872953,0,-5.919136494199987,-9.87964603217738,0.0,0.9999999932957977,0.0,0.0,-0.00011579466519337969
1776235843854872734,0,-5.919136494199987,-9.87964603217738,0.0,0.9999805054494658,0.0,0.0,0.006244094892853769
1776235843874921618,0,-5.919136494199987,-9.87964603217738,0.0,0.9999203728906275,0.0,0.0,0.012619345397777579
1776235843894881444,0,-5.919136494199987,-9.87964603217738,0.0,0.999821267517876,0.0,0.0,0.018905899051560742
1776235843914875742,0,-5.919136494199987,-9.87964603217738,0.0,0.9996775598705157,0.0,0.0,0.025392445556338503
1776235843934874276,0,-5.919136494199987,-9.87964603217738,0.0,0.9994958616033546,0.0,0.0,0.03174937224210722
1776235843954873832,0,-5.919136494199987,-9.87964603217738,0.0,0.9992760122744473,0.0,0.0,0.03804538464621796
1776235843974873510,0,-5.919136494199987,-9.87964603217738,0.0,0.9990107293253393,0.0,0.0,0.04446979528684181
1776235843994877860,0,-5.919136494199987,-9.87964603217738,0.0,0.9987040674050411,0.0,0.0,0.050893867495279826
1776235844014875319,0,-5.919136494199987,-9.87964603217738,0.0,0.9983562233210911,0.0,0.0,0.05731362277895006
1776235844034987996,0,-5.919136494199987,-9.87964603217738,0.0,0.9979692379343337,0.0,0.0,0.06369772473774318
1776235844054876225,0,-5.919136494199987,-9.87964603217738,0.0,0.9975464284292299,0.0,0.0,0.07000802188383279
1776235844074997965,0,-5.919136494199987,-9.87964603217738,0.0,0.9970726664607449,0.0,0.0,0.0764597789485445
1776235844094875387,0,-5.919136494199987,-9.87964603217738,0.0,0.9965801313865549,0.0,0.0,0.08263196551914372
1776235844114876139,0,-5.919136494199987,-9.87964603217738,0.0,0.9960281882949878,0.0,0.0,0.089038464282602
1776235844134873645,0,-5.919136494199987,-9.87964603217738,0.0,0.9954351611627158,0.0,0.0,0.09544024267025972
1776235844154874105,0,-5.919136494199987,-9.87964603217738,0.0,0.9948008915506424,0.0,0.0,0.10183902086158765
1776235844174875205,0,-5.919136494199987,-9.87964603217738,0.0,0.9941254679738898,0.0,0.0,0.10823379290080615
1776235844194877824,0,-5.919136494199987,-9.87964603217738,0.0,0.9934169043905187,0.0,0.0,0.11455502638976196
1776235844214875857,0,-5.919136494199987,-9.87964603217738,0.0,0.9926598608292103,0.0,0.0,0.12093965726151501
1776235844234874559,0,-5.919136494199987,-9.87964603217738,0.0,0.9918706660678684,0.0,0.0,0.12725007581169875
1776235844254877808,0,-5.919136494199987,-9.87964603217738,0.0,0.9910491756661287,0.0,0.0,0.13349730863012477
1776235844274828325,0,-5.919136494199987,-9.87964603217738,0.0,0.9901906588857199,0.0,0.0,0.13972279361458492
1776235844294828836,0,-5.919136494199987,-9.87964603217738,0.0,0.9892819778737789,0.0,0.0,0.14601769842777254
1776235844314874694,0,-5.919136494199987,-9.87964603217738,0.0,0.9883402408747005,0.0,0.0,0.1522615127592621
1776235844334876134,0,-5.919136494199987,-9.87964603217738,0.0,0.987340701307889,0.0,0.0,0.15861380627437818
1776235844354825309,0,-5.919136494199987,-9.87964603217738,0.0,0.9862932330426971,0.0,0.0,0.16500199530364493
1776235844374825022,0,-5.919136494199987,-9.87964603217738,0.0,0.9852119042947015,0.0,0.0,0.1713403152676215
1776235844394875700,0,-5.919136494199987,-9.87964603217738,0.0,0.9840637657355983,0.0,0.0,0.17781593001267768
1776235844414878318,0,-5.919136494199987,-9.87964603217738,0.0,0.9828759695086376,0.0,0.0,0.18426836017736622
1776235844434876159,0,-5.919136494199987,-9.87964603217738,0.0,0.9816347213072562,0.0,0.0,0.19077021236038275
1776235844454872914,0,-5.919136494199987,-9.87964603217738,0.0,0.9803505339071291,0.0,0.0,0.19726335358602937
1776235844474900922,0,-5.919136494199987,-9.87964603217738,0.0,0.9790335303549096,0.0,0.0,0.2036991567012548
1776235844494876520,0,-5.919136494199987,-9.87964603217738,0.0,0.9776778895562397,0.0,0.0,0.21010936264920996
1776235844514878858,0,-5.919136494199987,-9.87964603217738,0.0,0.9762935352991594,0.0,0.0,0.2164507632998067
1776235844534887607,0,-5.919136494199987,-9.87964603217738,0.0,0.9748675865186014,0.0,0.0,0.22278507300848768
1776235844554873315,0,-5.919136494199987,-9.87964603217738,0.0,0.9734159879641233,0.0,0.0,0.22904435023774256
1776235844574873488,0,-5.919136494199987,-9.87964603217738,0.0,0.9719395757516589,0.0,0.0,0.23523065507642751
1776235844594906118,0,-5.919136494199987,-9.87964603217738,0.0,0.9703899130029655,0.0,0.0,0.24154381950713855
1776235844614911106,0,-5.919136494199987,-9.87964603217738,0.0,0.9688485505762889,0.0,0.0,0.24765396432567777
1776235844634909053,0,-5.919136494199987,-9.87964603217738,0.0,0.9672362857071541,0.0,0.0,0.25387785963220294
1776235844654876241,0,-5.919136494199987,-9.87964603217738,0.0,0.9655866108970997,0.0,0.0,0.26008171188350176
1776235844674872577,0,-5.919136494199987,-9.87964603217738,0.0,0.963860030965327,0.0,0.0,0.266409160329593
1776235844694912705,0,-5.919136494199987,-9.87964603217738,0.0,0.9621071982931125,0.0,0.0,0.27267148547763004
1776235844714875992,0,-5.919136494199987,-9.87964603217738,0.0,0.9603011440666102,0.0,0.0,0.278965432812669
1776235844734877036,0,-5.919136494199987,-9.87964603217738,0.0,0.9584332655597505,0.0,0.0,0.2853167984337283
1776235844754875964,0,-5.919136494199987,-9.87964603217738,0.0,0.9565031671494751,0.0,0.0,0.29172194163796317
1776235844774918712,0,-5.919136494199987,-9.87964603217738,0.0,0.9545258943371079,0.0,0.0,0.29812802122568816
1776235844794875706,0,-5.919136494199987,-9.87964603217738,0.0,0.9525539437462753,0.0,0.0,0.30436981495118365
1776235844814875835,0,-5.919136494199987,-9.87964603217738,0.0,0.9505181445453952,0.0,0.0,0.3106690472029347
1776235844834874308,0,-5.919136494199987,-9.87964603217738,0.0,0.9484408628059727,0.0,0.0,0.31695414456962395
1776235844854875939,0,-5.919136494199987,-9.87964603217738,0.0,0.9463636997362852,0.0,0.0,0.32310330827995265
1776235844874873819,0,-5.919136494199987,-9.87964603217738,0.0,0.9442470701213148,0.0,0.0,0.32923771133834717
1776235844894874442,0,-5.919136494199987,-9.87964603217738,0.0,0.9420669005202051,0.0,0.0,0.3354250362514014
1776235844914875324,0,-5.919136494199987,-9.87964603217738,0.0,0.9398461589869451,0.0,0.0,0.3415980056111071
1776235844934904248,0,-5.919136494199987,-9.87964603217738,0.0,0.9376061469874429,0.0,0.0,0.34769917044963106
1776235844954875348,0,-5.919136494199987,-9.87964603217738,0.0,0.9353084366132138,0.0,0.0,0.35383347552223743
1776235844974878460,0,-5.919136494199987,-9.87964603217738,0.0,0.9329452106773479,0.0,0.0,0.3600183799116358
1776235844994875374,0,-5.919136494199987,-9.87964603217738,0.0,0.9305638036540896,0.0,0.0,0.36612976842757927
1776235845014876712,0,-5.919136494199987,-9.87964603217738,0.0,0.9281418234918719,0.0,0.0,0.37222675278005335
1776235845034873328,0,-5.919136494199987,-9.87964603217738,0.0,0.9256804827703735,0.0,0.0,0.3783062830802686
1776235845054875289,0,-5.919136494199987,-9.87964603217738,0.0,0.9232055529109187,0.0,0.0,0.3843065274939328
1776235845074873558,0,-5.919136494199987,-9.87964603217738,0.0,0.9206921976418043,0.0,0.0,0.39028947872253067
1776235845094874101,0,-5.919136494199987,-9.87964603217738,0.0,0.9181120360875187,0.0,0.0,0.39632094215576197
1776235845114873495,0,-5.919136494199987,-9.87964603217738,0.0,0.915468373544477,0.0,0.0,0.4023899315835699
1776235845134872254,0,-5.919136494199987,-9.87964603217738,0.0,0.9128091828053754,0.0,0.0,0.4083863315369195
1776235845154908399,0,-5.919136494199987,-9.87964603217738,0.0,0.9101346909952521,0.0,0.0,0.41431249588562596
1776235845174874424,0,-5.919136494199987,-9.87964603217738,0.0,0.9073767461640754,0.0,0.0,0.42031826098885494
1776235845194876529,0,-5.919136494199987,-9.87964603217738,0.0,0.9045996599884996,0.0,0.0,0.42626219061592935
1776235845214873622,0,-5.919136494199987,-9.87964603217738,0.0,0.9017843480635162,0.0,0.0,0.43218629037448547
1776235845234923669,0,-5.919136494199987,-9.87964603217738,0.0,0.898922631215271,0.0,0.0,0.43810741044749957
1776235845254872461,0,-5.919136494199987,-9.87964603217738,0.0,0.8960367825772987,0.0,0.0,0.4439798241683091
1776235845274876760,0,-5.919136494199987,-9.87964603217738,0.0,0.8930773833441144,0.0,0.0,0.44990308663003165
1776235845294873707,0,-5.919136494199987,-9.87964603217738,0.0,0.8901072804649126,0.0,0.0,0.4557510606277922
1776235845314872523,0,-5.919136494199987,-9.87964603217738,0.0,0.8870709072566402,0.0,0.0,0.46163319367099376
1776235845334874342,0,-5.919136494199987,-9.87964603217738,0.0,0.8839951987554081,0.0,0.0,0.467495977070805
1776235845354876260,0,-5.919136494199987,-9.87964603217738,0.0,0.8808807272784037,0.0,0.0,0.4733382979534516
1776235845374873331,0,-5.919136494199987,-9.87964603217738,0.0,0.877728413210786,0.0,0.0,0.4791584629769945
1776235845394875670,0,-5.919136494199987,-9.87964603217738,0.0,0.8745998437301221,0.0,0.0,0.48484545305411075
1776235845414872402,0,-5.919136494199987,-9.87964603217738,0.0,0.8714353200014004,0.0,0.0,0.4905104311368482
1776235845434872312,0,-5.919136494199987,-9.87964603217738,0.0,0.8682633593432858,0.0,0.0,0.4961035565503558
1776235845454872084,0,-5.919136494199987,-9.87964603217738,0.0,0.8650906380827742,0.0,0.0,0.5016155778098789
1776235845474872303,0,-5.919136494199987,-9.87964603217738,0.0,0.8618828530869295,0.0,0.0,0.5071074319655888
1776235845494874584,0,-5.919136494199987,-9.87964603217738,0.0,0.8586706251560605,0.0,0.0,0.5125278114347553
1776235845514872770,0,-5.919136494199987,-9.87964603217738,0.0,0.8554612263445339,0.0,0.0,0.5178668653438894
1776235845534872683,0,-5.919136494199987,-9.87964603217738,0.0,0.8521503284061854,0.0,0.0,0.5232970645792218
1776235845554873208,0,-5.919136494199987,-9.87964603217738,0.0,0.8487361180003455,0.0,0.0,0.5288166052628298
1776235845574873529,0,-5.919136494199987,-9.87964603217738,0.0,0.8453182500923113,0.0,0.0,0.5342630962932706
1776235845594872825,0,-5.919136494199987,-9.87964603217738,0.0,0.8418332279173828,0.0,0.0,0.539737729248382
1776235845614876261,0,-5.919136494199987,-9.87964603217738,0.0,0.8383120178397103,0.0,0.0,0.5451907562913308
1776235845634872153,0,-5.919136494199987,-9.87964603217738,0.0,0.8346852610494936,0.0,0.0,0.5507272600722964
1776235845654872778,0,-5.919136494199987,-9.87964603217738,0.0,0.8310544423237561,0.0,0.0,0.556191076783825
1776235845674872943,0,-5.919136494199987,-9.87964603217738,0.0,0.8273879429635028,0.0,0.0,0.5616308323432959
1776235845694876165,0,-5.919136494199987,-9.87964603217738,0.0,0.8236852690840939,0.0,0.0,0.5670472444989604
1776235845714873620,0,-5.919136494199987,-9.87964603217738,0.0,0.8199138773110612,0.0,0.0,0.572486885258293
1776235845734871957,0,-5.919136494199987,-9.87964603217738,0.0,0.816141063512874,0.0,0.0,0.5778527186472994
1776235845754872998,0,-5.919136494199987,-9.87964603217738,0.0,0.8122976221039269,0.0,0.0,0.5832431509450462
1776235845774826429,0,-5.919136494199987,-9.87964603217738,0.0,0.8084630863175282,0.0,0.0,0.5885468868849253
1776235845794826807,0,-5.919136494199987,-9.87964603217738,0.0,0.8045491449354475,0.0,0.0,0.5938860777822969
1776235845814874104,0,-5.919136494199987,-9.87964603217738,0.0,0.800704742591561,0.0,0.0,0.599059191725978
1776235845834825301,0,-5.919136494199987,-9.87964603217738,0.0,0.7968095820142154,0.0,0.0,0.6042304941082761
1776235845854823172,0,-5.919136494199987,-9.87964603217738,0.0,0.7928717939147931,0.0,0.0,0.6093884790626894
1776235845874875426,0,-5.919136494199987,-9.87964603217738,0.0,0.7888897724585447,0.0,0.0,0.6145347239255936
1776235845894824620,0,-5.919136494199987,-9.87964603217738,0.0,0.7848518058917459,0.0,0.0,0.6196835021109286
1776235845914874719,0,-5.919136494199987,-9.87964603217738,0.0,0.780840981319447,0.0,0.0,0.6247298311206877
1776235845934872887,0,-5.919136494199987,-9.87964603217738,0.0,0.7767704431512844,0.0,0.0,0.6297838348564984
1776235845954872623,0,-5.919136494199987,-9.87964603217738,0.0,0.7726668704416071,0.0,0.0,0.6348117101329912
1776235845974872711,0,-5.919136494199987,-9.87964603217738,0.0,0.7684858916470486,0.0,0.0,0.639866731702345
1776235845994875006,0,-5.919136494199987,-9.87964603217738,0.0,0.7643165212559193,0.0,0.0,0.6448412636728902
1776235846014873752,0,-5.919136494199987,-9.87964603217738,0.0,0.7601156988307837,0.0,0.0,0.6497877533402653
1776235846034872473,0,-5.919136494199987,-9.87964603217738,0.0,0.7559679698344871,0.0,0.0,0.6546086071725028
1776235846054882792,0,-5.919136494199987,-9.87964603217738,0.0,0.7518268175485875,0.0,0.0,0.6593606269825056
1776235846074873231,0,-5.919136494199987,-9.87964603217738,0.0,0.7475338245251465,0.0,0.0,0.6642237433205828
1776235846094900656,0,-5.919136494199987,-9.87964603217738,0.0,0.7432013454407622,0.0,0.0,0.6690678292483064
1776235846114878995,0,-5.919136494199987,-9.87964603217738,0.0,0.7389357129565298,0.0,0.0,0.6737759361370996
1776235846134825837,0,-5.919136494199987,-9.87964603217738,0.0,0.734599683823689,0.0,0.0,0.6785007771006133
1776235846154873906,0,-5.919136494199987,-9.87964603217738,0.0,0.7302591482295708,0.0,0.0,0.6831702397111731
1776235846174872770,0,-5.919136494199987,-9.87964603217738,0.0,0.7258102789143337,0.0,0.0,0.6878949331273615
1776235846194876495,0,-5.919136494199987,-9.87964603217738,0.0,0.7214197971731442,0.0,0.0,0.6924979972871109
1776235846214886541,0,-5.919136494199987,-9.87964603217738,0.0,0.716859222786149,0.0,0.0,0.6972179391742861
1776235846234901211,0,-5.919136494199987,-9.87964603217738,0.0,0.7123580130554394,0.0,0.0,0.7018162588852629
1776235846254872709,0,-5.919136494199987,-9.87964603217738,0.0,0.7078371122528468,0.0,0.0,0.7063756950218139
1776235846274908129,0,-5.919136494199987,-9.87964603217738,0.0,0.7032724195249309,0.0,0.0,0.7109204624538175
1776235846294874225,0,-5.919136494199987,-9.87964603217738,0.0,0.6986944923077592,0.0,0.0,0.7154201607578603
1776235846314874780,0,-5.919136494199987,-9.87964603217738,0.0,0.6940366039891847,0.0,0.0,0.7199397143672237
1776235846334874139,0,-5.919136494199987,-9.87964603217738,0.0,0.6894439293802792,0.0,0.0,0.7243390561337146
1776235846354874174,0,-5.919136494199987,-9.87964603217738,0.0,0.6847284740366757,0.0,0.0,0.7287982689629591
1776235846374873155,0,-5.919136494199987,-9.87964603217738,0.0,0.6799844286429061,0.0,0.0,0.7332265521673234
1776235846394874619,0,-5.919136494199987,-9.87964603217738,0.0,0.6752111509283709,0.0,0.0,0.7376244990928547
1776235846414875228,0,-5.919136494199987,-9.87964603217738,0.0,0.6704541545424108,0.0,0.0,0.7419509597384595
1776235846434873726,0,-5.919136494199987,-9.87964603217738,0.0,0.6656251706894843,0.0,0.0,0.746286226688256
1776235846454875198,0,-5.919136494199987,-9.87964603217738,0.0,0.6608124680157578,0.0,0.0,0.7505510523041874
1776235846474874050,0,-5.919136494199987,-9.87964603217738,0.0,0.6560259064461347,0.0,0.0,0.7547383719352868
1776235846494875842,0,-5.919136494199987,-9.87964603217738,0.0,0.651113431641326,0.0,0.0,0.758980433961414
1776235846514875900,0,-5.919136494199987,-9.87964603217738,0.0,0.6461739564903064,0.0,0.0,0.7631901584491664
1776235846534873736,0,-5.919136494199987,-9.87964603217738,0.0,0.6413535900550997,0.0,0.0,0.7672454447720332
1776235846554910709,0,-5.919136494199987,-9.87964603217738,0.0,0.6362973407042726,0.0,0.0,0.7714439021812739
1776235846574908502,0,-5.919136494199987,-9.87964603217738,0.0,0.6313786660423725,0.0,0.0,0.7754746804806423
1776235846594882320,0,-5.919136494199987,-9.87964603217738,0.0,0.6263859076395601,0.0,0.0,0.7795131138797887
1776235846614877329,0,-5.919136494199987,-9.87964603217738,0.0,0.6214168128385181,0.0,0.0,0.7834801495389773
1776235846634873858,0,-5.919136494199987,-9.87964603217738,0.0,0.616319862414519,0.0,0.0,0.7874959220169642
1776235846654873455,0,-5.919136494199987,-9.87964603217738,0.0,0.6112436602205721,0.0,0.0,0.7914424728558341
1776235846674873681,0,-5.919136494199987,-9.87964603217738,0.0,0.6061977008089943,0.0,0.0,0.7953139930454444
1776235846694885478,0,-5.919136494199987,-9.87964603217738,0.0,0.6010203232436607,0.0,0.0,0.7992337399334976
1776235846714875901,0,-5.919136494199987,-9.87964603217738,0.0,0.5959756792835533,0.0,0.0,0.8030024842442938
1776235846734875086,0,-5.919136494199987,-9.87964603217738,0.0,0.5907518919868749,0.0,0.0,0.80685327173776
1776235846754873775,0,-5.919136494199987,-9.87964603217738,0.0,0.585551990570245,0.0,0.0,0.810634853888743
1776235846774873934,0,-5.919136494199987,-9.87964603217738,0.0,0.5802786336589918,0.0,0.0,0.8144180175553912
1776235846794875919,0,-5.919136494199987,-9.87964603217738,0.0,0.5751358070253343,0.0,0.0,0.8180579462833408
1776235846814875576,0,-5.919136494199987,-9.87964603217738,0.0,0.569863931813913,0.0,0.0,0.8217390700323235
1776235846834875510,0,-5.919136494199987,-9.87964603217738,0.0,0.564568423018834,0.0,0.0,0.8253862706212328
1776235846854873526,0,-5.919136494199987,-9.87964603217738,0.0,0.5593081066689696,0.0,0.0,0.8289598553695906
1776235846874906991,0,-5.919136494199987,-9.87964603217738,0.0,0.5539574119261145,0.0,0.0,0.8325450052532423
1776235846894875534,0,-5.919136494199987,-9.87964603217738,0.0,0.5487097039218531,0.0,0.0,0.8360129549366997
1776235846914874592,0,-5.919136494199987,-9.87964603217738,0.0,0.543163576984245,0.0,0.0,0.8396268984719821
1776235846934874673,0,-5.919136494199987,-9.87964603217738,0.0,0.5375933630380572,0.0,0.0,0.8432042314987702
1776235846954873088,0,-5.919136494199987,-9.87964603217738,0.0,0.5322201745023636,0.0,0.0,0.8466059802840242
1776235846974874380,0,-5.919136494199987,-9.87964603217738,0.0,0.5266036582207158,0.0,0.0,0.8501109263787636
1776235846994876452,0,-5.919136494199987,-9.87964603217738,0.0,0.5211260278797062,0.0,0.0,0.8534797379354239
1776235847014874137,0,-5.919136494199987,-9.87964603217738,0.0,0.515576652133132,0.0,0.0,0.8568434604845808
1776235847034876685,0,-5.919136494199987,-9.87964603217738,0.0,0.5100558237817685,0.0,0.0,0.8601413003840134
1776235847054874373,0,-5.919136494199987,-9.87964603217738,0.0,0.5044634520470027,0.0,0.0,0.8634330463613386
1776235847074873789,0,-5.919136494199987,-9.87964603217738,0.0,0.4988493512652445,0.0,0.0,0.8666887127119198
1776235847094877647,0,-5.919136494199987,-9.87964603217738,0.0,0.49332609215052825,0.0,0.0,0.8698444497744918
1776235847114875360,0,-5.919136494199987,-9.87964603217738,0.0,0.48767109986276713,0.0,0.0,0.8730274327640793
1776235847134873594,0,-5.919136494199987,-9.87964603217738,0.0,0.4821093120154085,0.0,0.0,0.876111072449167
1776235847154874286,0,-5.919136494199987,-9.87964603217738,0.0,0.47635149145961525,0.0,0.0,0.8792549440203337
1776235847174874196,0,-5.919136494199987,-9.87964603217738,0.0,0.4706880992794538,0.0,0.0,0.8822996731251208
1776235847194875468,0,-5.919136494199987,-9.87964603217738,0.0,0.464951736580462,0.0,0.0,0.8853360280993949
1776235847214874607,0,-5.919136494199987,-9.87964603217738,0.0,0.4592496993230851,0.0,0.0,0.88830721806797
1776235847234875499,0,-5.919136494199987,-9.87964603217738,0.0,0.45352817383810634,0.0,0.0,0.8912419399551799
1776235847254874418,0,-5.919136494199987,-9.87964603217738,0.0,0.4477348167179336,0.0,0.0,0.8941663904993066
1776235847274873904,0,-5.919136494199987,-9.87964603217738,0.0,0.44203904831326835,0.0,0.0,0.8969958081096588
1776235847294924604,0,-5.919136494199987,-9.87964603217738,0.0,0.4361303219779157,0.0,0.0,0.8998835159349456
1776235847314920304,0,-5.919136494199987,-9.87964603217738,0.0,0.4303995152521391,0.0,0.0,0.9026384975563161
1776235847334873744,0,-5.919136494199987,-9.87964603217738,0.0,0.4244828158047586,0.0,0.0,0.905435993920312
1776235847354875313,0,-5.919136494199987,-9.87964603217738,0.0,0.4185335972522944,0.0,0.0,0.9082013146715073
1776235847374963751,0,-5.919136494199987,-9.87964603217738,0.0,0.412659352021453,0.0,0.0,0.9108854259396374
1776235847394913474,0,-5.919136494199987,-9.87964603217738,0.0,0.4066901727854479,0.0,0.0,0.9135661461326938
1776235847414918874,0,-5.919136494199987,-9.87964603217738,0.0,0.400805985079605,0.0,0.0,0.9161629562061366
1776235847434873385,0,-5.919136494199987,-9.87964603217738,0.0,0.3950394063229926,0.0,0.0,0.9186641755570844
1776235847454875780,0,-5.919136494199987,-9.87964603217738,0.0,0.38918805063266937,0.0,0.0,0.9211583258293564
1776235847474876418,0,-5.919136494199987,-9.87964603217738,0.0,0.3834415348676357,0.0,0.0,0.9235651516478692
1776235847494874353,0,-5.919136494199987,-9.87964603217738,0.0,0.3774957399299432,0.0,0.0,0.9260113208458872
1776235847514874625,0,-5.919136494199987,-9.87964603217738,0.0,0.3716543363228462,0.0,0.0,0.9283711834672728
1776235847534874560,0,-5.919136494199987,-9.87964603217738,0.0,0.3655562879315524,0.0,0.0,0.9307892351943612
1776235847554873568,0,-5.919136494199987,-9.87964603217738,0.0,0.35956409500842457,0.0,0.0,0.9331203896501098
1776235847574888444,0,-5.919136494199987,-9.87964603217738,0.0,0.3533743980640555,0.0,0.0,0.9354819799402159
1776235847594875319,0,-5.919136494199987,-9.87964603217738,0.0,0.34723411380082997,0.0,0.0,0.9377784760874779
1776235847614965421,0,-5.919136494199987,-9.87964603217738,0.0,0.34104707814329144,0.0,0.0,0.9400462172095176
1776235847634886415,0,-5.919136494199987,-9.87964603217738,0.0,0.33496319519442797,0.0,0.0,0.9422312125296739
1776235847654875513,0,-5.919136494199987,-9.87964603217738,0.0,0.32890107568963933,0.0,0.0,0.9443643801045221
1776235847674878277,0,-5.919136494199987,-9.87964603217738,0.0,0.32276441842863707,0.0,0.0,0.9464793342680143
1776235847694904126,0,-5.919136494199987,-9.87964603217738,0.0,0.31678750981244275,0.0,0.0,0.9484965332708557
1776235847714873907,0,-5.919136494199987,-9.87964603217738,0.0,0.31063446006051687,0.0,0.0,0.9505294483722802
1776235847734901844,0,-5.919136494199987,-9.87964603217738,0.0,0.30457438937546455,0.0,0.0,0.9524885518139118
1776235847754917760,0,-5.919136494199987,-9.87964603217738,0.0,0.2984387500466512,0.0,0.0,0.9544287885801603
1776235847774909699,0,-5.919136494199987,-9.87964603217738,0.0,0.2922981241517422,0.0,0.0,0.9563272487058876
1776235847794910882,0,-5.919136494199987,-9.87964603217738,0.0,0.28608508035255287,0.0,0.0,0.9582042197776387
1776235847814911222,0,-5.919136494199987,-9.87964603217738,0.0,0.2799178506119112,0.0,0.0,0.9600239564244257
1776235847834874319,0,-5.919136494199987,-9.87964603217738,0.0,0.273568153789404,0.0,0.0,0.9618526213678772
1776235847854955155,0,-5.919136494199987,-9.87964603217738,0.0,0.26735278602356666,0.0,0.0,0.963598717208277
1776235847874875707,0,-5.919136494199987,-9.87964603217738,0.0,0.26099333676753905,0.0,0.0,0.9653406021518757
1776235847894875945,0,-5.919136494199987,-9.87964603217738,0.0,0.25478077005836186,0.0,0.0,0.9669988413687309
1776235847914877259,0,-5.919136494199987,-9.87964603217738,0.0,0.24843140345335016,0.0,0.0,0.968649491703887
1776235847934874539,0,-5.919136494199987,-9.87964603217738,0.0,0.24214053690441187,0.0,0.0,0.970241186709595
1776235847954873595,0,-5.919136494199987,-9.87964603217738,0.0,0.2358389141264815,0.0,0.0,0.9717921622361656
1776235847974873886,0,-5.919136494199987,-9.87964603217738,0.0,0.2294004355138122,0.0,0.0,0.9733321325149362
1776235847994873608,0,-5.919136494199987,-9.87964603217738,0.0,0.22313729783378083,0.0,0.0,0.9747870261320872
1776235848014881022,0,-5.919136494199987,-9.87964603217738,0.0,0.21667696970484993,0.0,0.0,0.9762433563407863
1776235848034884677,0,-5.919136494199987,-9.87964603217738,0.0,0.2103941401051106,0.0,0.0,0.9776166456282499
1776235848054873946,0,-5.919136494199987,-9.87964603217738,0.0,0.20392123232127543,0.0,0.0,0.9789872986962458
1776235848074875082,0,-5.919136494199987,-9.87964603217738,0.0,0.1975629935201491,0.0,0.0,0.9802901935607422
1776235848094875434,0,-5.919136494199987,-9.87964603217738,0.0,0.191127971559397,0.0,0.0,0.9815651269720163
1776235848114905427,0,-5.919136494199987,-9.87964603217738,0.0,0.18474406837565122,0.0,0.0,0.9827866651517067
1776235848134873081,0,-5.919136494199987,-9.87964603217738,0.0,0.17830349831411044,0.0,0.0,0.9839755395785761
1776235848154873679,0,-5.919136494199987,-9.87964603217738,0.0,0.17178552581222128,0.0,0.0,0.9851343731295841
1776235848174873424,0,-5.919136494199987,-9.87964603217738,0.0,0.16538851253019302,0.0,0.0,0.9862284927556343
1776235848194875066,0,-5.919136494199987,-9.87964603217738,0.0,0.15898392552274573,0.0,0.0,0.9872811714123683
1776235848214875120,0,-5.919136494199987,-9.87964603217738,0.0,0.15237548787301158,0.0,0.0,0.9883226753927392
1776235848234874491,0,-5.919136494199987,-9.87964603217738,0.0,0.14595831174652105,0.0,0.0,0.9892907415073212
1776235848254874980,0,-5.919136494199987,-9.87964603217738,0.0,0.1394058963334598,0.0,0.0,0.9902353235809479
1776235848274873721,0,-5.919136494199987,-9.87964603217738,0.0,0.13290740875217574,0.0,0.0,0.9911284582226373
1776235848294898527,0,-5.919136494199987,-9.87964603217738,0.0,0.1263947216765909,0.0,0.0,0.9919800271841652
1776235848314877458,0,-5.919136494199987,-9.87964603217738,0.0,0.11983201587030705,0.0,0.0,0.9927941820802831
1776235848334873742,0,-5.919136494199987,-9.87964603217738,0.0,0.11338750137509226,0.0,0.0,0.9935508414429095
1776235848354872040,0,-5.919136494199987,-9.87964603217738,0.0,0.10673872421786716,0.0,0.0,0.994287103784587
1776235848374875000,0,-5.919136494199987,-9.87964603217738,0.0,0.10028264273004087,0.0,0.0,0.9949589898920854
1776235848394870878,0,-5.919136494199987,-9.87964603217738,0.0,0.09369522329606575,0.0,0.0,0.9956009266425481
1776235848414888580,0,-5.919136494199987,-9.87964603217738,0.0,0.08715632770579428,0.0,0.0,0.9961946469143669
1776235848434872466,0,-5.919136494199987,-9.87964603217738,0.0,0.08062473038060669,0.0,0.0,0.9967445273745196
1776235848454872087,0,-5.919136494199987,-9.87964603217738,0.0,0.07408452218756333,0.0,0.0,0.9972519659405242
1776235848474873582,0,-5.919136494199987,-9.87964603217738,0.0,0.06761035823696757,0.0,0.0,0.9977118018040425
1776235848494874463,0,-5.919136494199987,-9.87964603217738,0.0,0.06100378179226282,0.0,0.0,0.9981375349154253
1776235848514872566,0,-5.919136494199987,-9.87964603217738,0.0,0.0545851494844074,0.0,0.0,0.998509119365349
1776235848534872159,0,-5.919136494199987,-9.87964603217738,0.0,0.0479740058757219,0.0,0.0,0.9988485845012928
1776235848554872609,0,-5.919136494199987,-9.87964603217738,0.0,0.041420426259431146,0.0,0.0,0.9991418058956831
1776235848574872210,0,-5.919136494199987,-9.87964603217738,0.0,0.034865342401863855,0.0,0.0,0.9993920191292308
1776235848594874201,0,-5.919136494199987,-9.87964603217738,0.0,0.028377953756899423,0.0,0.0,0.9995972647724539
1776235848614879199,0,-5.919136494199987,-9.87964603217738,0.0,0.021888394058251662,0.0,0.0,0.9997604204035838
1776235848634872608,0,-5.919136494199987,-9.87964603217738,0.0,0.015461645053627985,0.0,0.0,0.9998804616214059
1776235848654872803,0,-5.919136494199987,-9.87964603217738,0.0,0.008902079447162337,0.0,0.0,0.9999603757057158
1776235848674872713,0,-5.919136494199987,-9.87964603217738,0.0,0.0025422231342923434,0.0,0.0,0.9999967685455465
1776235848694874042,0,-5.919136494199987,-9.87964603217738,0.0,-0.003948195020524498,-0.0,0.0,0.9999922058476656
1776235848714878462,0,-5.919136494199987,-9.87964603217738,0.0,-0.010379439998257746,-0.0,0.0,0.9999461321617893
1776235848734873385,0,-5.919136494199987,-9.87964603217738,0.0,-0.016937151410299684,-0.0,0.0,0.9998565561629851
1776235848754886044,0,-5.919136494199987,-9.87964603217738,0.0,-0.023369903457642068,-0.0,0.0,0.9997268865107012
1776235848774872076,0,-5.919136494199987,-9.87964603217738,0.0,-0.02985306252907296,-0.0,0.0,0.9995542980036829
1776235848794873120,0,-5.919136494199987,-9.87964603217738,0.0,-0.03640979174095719,-0.0,0.0,0.9993369437108688
1776235848814874187,0,-5.919136494199987,-9.87964603217738,0.0,-0.04283507412588378,-0.0,0.0,0.9990821569944236
1776235848834871975,0,-5.919136494199987,-9.87964603217738,0.0,-0.04944727981788422,-0.0,0.0,0.9987767350707624
1776235848854873482,0,-5.919136494199987,-9.87964603217738,0.0,-0.05592874211246325,-0.0,0.0,0.9984347629192993
1776235848874874999,0,-5.919136494199987,-9.87964603217738,0.0,-0.06253760759744925,-0.0,0.0,0.9980426081265206
1776235848894874558,0,-5.919136494199987,-9.87964603217738,0.0,-0.06895354316803187,-0.0,0.0,0.9976198719374902
1776235848914881901,0,-5.919136494199987,-9.87964603217738,0.0,-0.07555865115418818,-0.0,0.0,0.9971413592042804
1776235848934872185,0,-5.919136494199987,-9.87964603217738,0.0,-0.08209504987067498,-0.0,0.0,0.9966245044081203
1776235848954872896,0,-5.919136494199987,-9.87964603217738,0.0,-0.08863132578270043,-0.0,0.0,0.9960644999647367
1776235848974872570,0,-5.919136494199987,-9.87964603217738,0.0,-0.09522317509878502,-0.0,0.0,0.9954559492635051
1776235848994872630,0,-5.919136494199987,-9.87964603217738,0.0,-0.1016816527189124,-0.0,0.0,0.9948169889483948
1776235849014873149,0,-5.919136494199987,-9.87964603217738,0.0,-0.10826523580694335,-0.0,0.0,0.9941220441754961
1776235849034873804,0,-5.919136494199987,-9.87964603217738,0.0,-0.11484411872520732,-0.0,0.0,0.9933835253285764
1776235849054872448,0,-5.919136494199987,-9.87964603217738,0.0,-0.12128827704951846,-0.0,0.0,0.9926173249799538
1776235849074873152,0,-5.919136494199987,-9.87964603217738,0.0,-0.12779741947082182,-0.0,0.0,0.9918002921841669
1776235849094872534,0,-5.919136494199987,-9.87964603217738,0.0,-0.1342312679354815,-0.0,0.0,0.9909500323974125
1776235849114825120,0,-5.919136494199987,-9.87964603217738,0.0,-0.14064442858888512,-0.0,0.0,0.9900601722657598
1776235849134908340,0,-5.919136494199987,-9.87964603217738,0.0,-0.14716314973000377,-0.0,0.0,0.9891122319340432
1776235849154872931,0,-5.919136494199987,-9.87964603217738,0.0,-0.1535679897765699,-0.0,0.0,0.9881380837291838
1776235849174871757,0,-5.919136494199987,-9.87964603217738,0.0,-0.1601056675350114,-0.0,0.0,0.9870998810774766
1776235849194825057,0,-5.919136494199987,-9.87964603217738,0.0,-0.16643456171191057,-0.0,0.0,0.9860525019834209
1776235849214829414,0,-5.919136494199987,-9.87964603217738,0.0,-0.17290084635625738,-0.0,0.0,0.9849392353487041
1776235849234861879,0,-5.919136494199987,-9.87964603217738,0.0,-0.17917167738513085,-0.0,0.0,0.9838178235948963
1776235849254873132,0,-5.919136494199987,-9.87964603217738,0.0,-0.18562524784836884,-0.0,0.0,0.9826206121190577
1776235849274874938,0,-5.919136494199987,-9.87964603217738,0.0,-0.19194018742976043,-0.0,0.0,0.9814066254358733
1776235849294872971,0,-5.919136494199987,-9.87964603217738,0.0,-0.19830480373765172,-0.0,0.0,0.9801404005623743
1776235849314873527,0,-5.919136494199987,-9.87964603217738,0.0,-0.20466187048347628,-0.0,0.0,0.9788327327844144
1776235849334900087,0,-5.919136494199987,-9.87964603217738,0.0,-0.21095983767721962,-0.0,0.0,0.9774947298513692
1776235849354872738,0,-5.919136494199987,-9.87964603217738,0.0,-0.2173588621311614,-0.0,0.0,0.9760917605702072
1776235849374872223,0,-5.919136494199987,-9.87964603217738,0.0,-0.22368891262454382,-0.0,0.0,0.9746605923955525
1776235849394924785,0,-5.919136494199987,-9.87964603217738,0.0,-0.23015314812185853,-0.0,0.0,0.9731544216667763
1776235849414873498,0,-5.919136494199987,-9.87964603217738,0.0,-0.2363897087674004,-0.0,0.0,0.9716583275971362
1776235849434873692,0,-5.919136494199987,-9.87964603217738,0.0,-0.24269080964784556,-0.0,0.0,0.9701036908044796
1776235849454873151,0,-5.919136494199987,-9.87964603217738,0.0,-0.24898145720860512,-0.0,0.0,0.9685082518834207
1776235849474873176,0,-5.919136494199987,-9.87964603217738,0.0,-0.25532947661106914,-0.0,0.0,0.9668541039751124
1776235849494874201,0,-5.919136494199987,-9.87964603217738,0.0,-0.26154134552423636,-0.0,0.0,0.9651922733742598
1776235849514874514,0,-5.919136494199987,-9.87964603217738,0.0,-0.2678674329994598,-0.0,0.0,0.9634557791296288
1776235849534874509,0,-5.919136494199987,-9.87964603217738,0.0,-0.2741145741635938,-0.0,0.0,0.9616970418126031
1776235849554876280,0,-5.919136494199987,-9.87964603217738,0.0,-0.28047551832440737,-0.0,0.0,0.9598611793486884
1776235849574873797,0,-5.919136494199987,-9.87964603217738,0.0,-0.28669829482507286,-0.0,0.0,0.9580209223938669
1776235849594874634,0,-5.919136494199987,-9.87964603217738,0.0,-0.29303432973063565,-0.0,0.0,0.9561019200897555
1776235849614874925,0,-5.919136494199987,-9.87964603217738,0.0,-0.29923330633430034,-0.0,0.0,0.9541799769332003
1776235849634872623,0,-5.919136494199987,-9.87964603217738,0.0,-0.3054188776557613,-0.0,0.0,0.9522180995819682
1776235849654903575,0,-5.919136494199987,-9.87964603217738,0.0,-0.3115447400076753,-0.0,0.0,0.9502314849411958
1776235849674901094,0,-5.919136494199987,-9.87964603217738,0.0,-0.3175811222735875,-0.0,0.0,0.9482311062053642
1776235849694873687,0,-5.919136494199987,-9.87964603217738,0.0,-0.32359716176767783,-0.0,0.0,0.9461949465601174
1776235849714872973,0,-5.919136494199987,-9.87964603217738,0.0,-0.32911719366967623,-0.0,0.0,0.9442890832954688
1776235849734873705,0,-5.919136494199987,-9.87964603217738,0.0,-0.3343153942418223,-0.0,0.0,0.942461254998281
1776235849754873213,0,-5.919136494199987,-9.87964603217738,0.0,-0.3390704235043235,-0.0,0.0,0.9407609940386552
1776235849774872529,0,-5.919136494199987,-9.87964603217738,0.0,-0.3390704235043235,-0.0,0.0,0.9407609940386552
1776235849794873823,0,-5.919044088226602,-9.879569461950089,0.0,-0.33916264219628905,-0.0,0.0,0.9407277513385219
1776235849814874680,0,-5.919074887872279,-9.879594986822287,0.0,-0.33913211260768156,-0.0,0.0,0.9407387576783741
1776235849834871181,0,-5.919136478697095,-9.879646019475887,0.0,-0.3390714123340798,-0.0,0.0,0.9407606376426325
1776235849854879502,0,-5.9190440401613404,-9.879569422465194,0.0,-0.3391604544237261,-0.0,0.0,0.9407285400980941
1776235849874873572,0,-5.918951681951343,-9.879492862532324,0.0,-0.3392494300576204,-0.0,0.0,0.9406964569963999
1776235849894879582,0,-5.918982484770111,-9.879518399725821,0.0,-0.3392207665014453,-0.0,0.0,0.940706793626033
1776235849914874369,0,-5.918982484770111,-9.879518399725821,0.0,-0.3392207665014453,-0.0,0.0,0.940706793626033
1776235849934880585,0,-5.918982484770111,-9.879518399725821,0.0,-0.3392207665014453,-0.0,0.0,0.940706793626033
1776235849954872721,0,-5.918982484770111,-9.879518399725821,0.0,-0.3392207665014453,-0.0,0.0,0.940706793626033
1776235849974876011,0,-5.918951685956094,-9.87949286622527,0.0,-0.3392426820029801,-0.0,0.0,0.9406988905635134
1776235849994874724,0,-5.918951685956094,-9.87949286622527,0.0,-0.3392426820029801,-0.0,0.0,0.9406988905635134
1776235850014873874,0,-5.918951685956094,-9.87949286622527,0.0,-0.3392426820029801,-0.0,0.0,0.9406988905635134
1776235850034875206,0,-5.918951685956094,-9.87949286622527,0.0,-0.3392426820029801,-0.0,0.0,0.9406988905635134
1776235850054874677,0,-5.918951685956094,-9.87949286622527,0.0,-0.3392426820029801,-0.0,0.0,0.9406988905635134
1776235850074873620,0,-5.918951685956094,-9.87949286622527,0.0,-0.3392426820029801,-0.0,0.0,0.9406988905635134
1776235850094873539,0,-5.918951685956094,-9.87949286622527,0.0,-0.3392426820029801,-0.0,0.0,0.9406988905635134
1776235850114871928,0,-5.918951685956094,-9.87949286622527,0.0,-0.3392426820029801,-0.0,0.0,0.9406988905635134
1776235850134872633,0,-5.918951685956094,-9.87949286622527,0.0,-0.3392426820029801,-0.0,0.0,0.9406988905635134
1776235850154875070,0,-5.918951685956094,-9.87949286622527,0.0,-0.3392426820029801,-0.0,0.0,0.9406988905635134
1776235850174871943,0,-5.918951685956094,-9.87949286622527,0.0,-0.3392426820029801,-0.0,0.0,0.9406988905635134
1776235850194872764,0,-5.918951685956094,-9.87949286622527,0.0,-0.3392426820029801,-0.0,0.0,0.9406988905635134
1776235850214871334,0,-5.918951685956094,-9.87949286622527,0.0,-0.3392426820029801,-0.0,0.0,0.9406988905635134
1776235850234872335,0,-5.918982480650977,-9.879518397521423,0.0,-0.3392426820029801,-0.0,0.0,0.9406988905635134
1776235850254870609,0,-5.918982480650977,-9.879518397521423,0.0,-0.3392426820029801,-0.0,0.0,0.9406988905635134
1776235850274871869,0,-5.918982480650977,-9.879518397521423,0.0,-0.3392426820029801,-0.0,0.0,0.9406988905635134
1776235850294896378,0,-5.918982480650977,-9.879518397521423,0.0,-0.3392426820029801,-0.0,0.0,0.9406988905635134
1776235850314905711,0,-5.918982480650977,-9.879518397521423,0.0,-0.3392426820029801,-0.0,0.0,0.9406988905635134
1776235850334871701,0,-5.918982480650977,-9.879518397521423,0.0,-0.3392426820029801,-0.0,0.0,0.9406988905635134
1776235850354872978,0,-5.918982480650977,-9.879518397521423,0.0,-0.3392426820029801,-0.0,0.0,0.9406988905635134
1776235850374875895,0,-5.918982480650977,-9.879518397521423,0.0,-0.3392426820029801,-0.0,0.0,0.9406988905635134
1776235850394915497,0,-5.918982480650977,-9.879518397521423,0.0,-0.3392426820029801,-0.0,0.0,0.9406988905635134
1776235850414899744,0,-5.918982480650977,-9.879518397521423,0.0,-0.3392426820029801,-0.0,0.0,0.9406988905635134
1776235850434872234,0,-5.918982480650977,-9.879518397521423,0.0,-0.3392426820029801,-0.0,0.0,0.9406988905635134
1776235850454873103,0,-5.918982480650977,-9.879518397521423,0.0,-0.3392426820029801,-0.0,0.0,0.9406988905635134
1776235850474903295,0,-5.918982480650977,-9.879518397521423,0.0,-0.3392426820029801,-0.0,0.0,0.9406988905635134
1776235850494873613,0,-5.918982480650977,-9.879518397521423,0.0,-0.3392426820029801,-0.0,0.0,0.9406988905635134
1776235850514873597,0,-5.918982480650977,-9.879518397521423,0.0,-0.3392426820029801,-0.0,0.0,0.9406988905635134
1776235850534872521,0,-5.918982480650977,-9.879518397521423,0.0,-0.3392426820029801,-0.0,0.0,0.9406988905635134
1776235850554899301,0,-5.918982480650977,-9.879518397521423,0.0,-0.3392426820029801,-0.0,0.0,0.9406988905635134
1776235850574872882,0,-5.918982480650977,-9.879518397521423,0.0,-0.3392426820029801,-0.0,0.0,0.9406988905635134
1776235850594873063,0,-5.918982480650977,-9.879518397521423,0.0,-0.3392426820029801,-0.0,0.0,0.9406988905635134
1776235850614873952,0,-5.918982480650977,-9.879518397521423,0.0,-0.3392426820029801,-0.0,0.0,0.9406988905635134
1776235850634870952,0,-5.918982480650977,-9.879518397521423,0.0,-0.3392426820029801,-0.0,0.0,0.9406988905635134
1776235850654870100,0,-5.918982480650977,-9.879518397521423,0.0,-0.3392426820029801,-0.0,0.0,0.9406988905635134
1776235850674869834,0,-5.918982480650977,-9.879518397521423,0.0,-0.3392426820029801,-0.0,0.0,0.9406988905635134
1776235850694871623,0,-5.918982480650977,-9.879518397521423,0.0,-0.3392426820029801,-0.0,0.0,0.9406988905635134
1776235850714887900,0,-5.918982480650977,-9.879518397521423,0.0,-0.3392426820029801,-0.0,0.0,0.9406988905635134
1776235850734872122,0,-5.918982480650977,-9.879518397521423,0.0,-0.33899828179131786,-0.0,0.0,0.9407869923327672
1776235850754871484,0,-5.918982480650977,-9.879518397521423,0.0,-0.33881953185316455,-0.0,0.0,0.9408513829690651
1776235850774870641,0,-5.918982480650977,-9.879518397521423,0.0,-0.33876308253931636,-0.0,0.0,0.9408717095908774
1776235850794878099,0,-5.918982480650977,-9.879518397521423,0.0,-0.33876308253931636,-0.0,0.0,0.9408717095908774
1776235850814872983,0,-5.918982480650977,-9.879518397521423,0.0,-0.33876308253931636,-0.0,0.0,0.9408717095908774
1776235850834870924,0,-5.918982480650977,-9.879518397521423,0.0,-0.33876308253931636,-0.0,0.0,0.9408717095908774
1776235850854870426,0,-5.918982480650977,-9.879518397521423,0.0,-0.33876308253931636,-0.0,0.0,0.9408717095908774
1776235850874872166,0,-5.918982480650977,-9.879518397521423,0.0,-0.33870662471505014,-0.0,0.0,0.9408920354504752
1776235850894900839,0,-5.918982480650977,-9.879518397521423,0.0,-0.33870662471505014,-0.0,0.0,0.9408920354504752
1776235850914870999,0,-5.918982480650977,-9.879518397521423,0.0,-0.33870662471505014,-0.0,0.0,0.9408920354504752
1776235850934887522,0,-5.918982480650977,-9.879518397521423,0.0,-0.33870662471505014,-0.0,0.0,0.9408920354504752
1776235850955028668,0,-5.918982480650977,-9.879518397521423,0.0,-0.3386497721647198,-0.0,0.0,0.9409124995517827
1776235850974871597,0,-5.918982480650977,-9.879518397521423,0.0,-0.33859376018446224,-0.0,0.0,0.9409326572949559
1776235850994871348,0,-5.918982480650977,-9.879518397521423,0.0,-0.33853730431798285,-0.0,0.0,0.940952970974168
1776235851014893752,0,-5.918982480650977,-9.879518397521423,0.0,-0.3384807832851886,-0.0,0.0,0.940973304268854
1776235851034871422,0,-5.918982480650977,-9.879518397521423,0.0,-0.3383585904772501,-0.0,0.0,0.9410172497091903
1776235851054870975,0,-5.918982480650977,-9.879518397521423,0.0,-0.3380574543551363,-0.0,0.0,0.9411254738635677
1776235851074871533,0,-5.918982480650977,-9.879518397521423,0.0,-0.33756800975891404,-0.0,0.0,0.9413011413928094
1776235851094876031,0,-5.918982480650977,-9.879518397521423,0.0,-0.3369559551351449,-0.0,0.0,0.9415204109837249
1776235851114877461,0,-5.918982480650977,-9.879518397521423,0.0,-0.336033037502546,-0.0,0.0,0.9418501991860555
1776235851134897880,0,-5.918982480650977,-9.879518397521423,0.0,-0.33510892043666685,-0.0,0.0,0.9421793945124101
1776235851154872907,0,-5.918982480650977,-9.879518397521423,0.0,-0.33394182011695434,-0.0,0.0,0.9425936880634072
1776235851174872059,0,-5.918982480650977,-9.879518397521423,0.0,-0.3323955836160975,-0.0,0.0,0.9431400617047894
1776235851194873581,0,-5.918982480650977,-9.879518397521423,0.0,-0.3303574720546658,-0.0,0.0,0.943855889772189
1776235851214876559,0,-5.918982480650977,-9.879518397521423,0.0,-0.32781692917507416,-0.0,0.0,0.9447412666684061
1776235851234872619,0,-5.918982480650977,-9.879518397521423,0.0,-0.3248399596456908,-0.0,0.0,0.9457689996068733
1776235851254872964,0,-5.918982480650977,-9.879518397521423,0.0,-0.3216792306981353,-0.0,0.0,0.9468487062553637
1776235851274873718,0,-5.918982480650977,-9.879518397521423,0.0,-0.31813564124015403,-0.0,0.0,0.9480452066081638
1776235851294873903,0,-5.918982480650977,-9.879518397521423,0.0,-0.31453074786789614,-0.0,0.0,0.9492472852980207
1776235851314874457,0,-5.918982480650977,-9.879518397521423,0.0,-0.3109212459581519,-0.0,0.0,0.950435678419024
1776235851334872054,0,-5.918982480650977,-9.879518397521423,0.0,-0.30730778874557063,-0.0,0.0,0.9516101738507778
1776235851354873162,0,-5.918982480650977,-9.879518397521423,0.0,-0.30381312386377385,-0.0,0.0,0.9527316441517701
1776235851374872777,0,-5.918982480650977,-9.879518397521423,0.0,-0.30043862223363804,-0.0,0.0,0.9538011502773276
1776235851394875582,0,-5.918982480650977,-9.879518397521423,0.0,-0.2973081046471932,-0.0,0.0,0.9547815933034599
1776235851414875146,0,-5.918982480650977,-9.879518397521423,0.0,-0.29429913823505227,-0.0,0.0,0.9557133551615283
1776235851434872209,0,-5.918982480650977,-9.879518397521423,0.0,-0.29142153503278406,-0.0,0.0,0.9565947359875737
1776235851454923324,0,-5.918982480650977,-9.879518397521423,0.0,-0.2888406620485838,-0.0,0.0,0.9573771837407322
1776235851474874279,0,-5.918982480650977,-9.879518397521423,0.0,-0.28652865138374983,-0.0,0.0,0.9580716736947239
1776235851494929047,0,-5.918982480650977,-9.879518397521423,0.0,-0.2841356295742255,-0.0,0.0,0.9587840966591271
1776235851514873941,0,-5.918982480650977,-9.879518397521423,0.0,-0.2818783487705776,-0.0,0.0,0.9594501532098333
1776235851534873698,0,-5.918982480650977,-9.879518397521423,0.0,-0.27973810179196235,-0.0,0.0,0.9600763482170727
1776235851554873683,0,-5.918982480650977,-9.879518397521423,0.0,-0.27759643931522454,-0.0,0.0,0.9606977760354756
1776235851574874963,0,-5.918982480650977,-9.879518397521423,0.0,-0.27539557454621605,-0.0,0.0,0.9613309926972913
1776235851594879416,0,-5.918982480650977,-9.879518397521423,0.0,-0.27319291590306066,-0.0,0.0,0.9619592666534188
1776235851614926701,0,-5.918982480650977,-9.879518397521423,0.0,-0.2708586691930664,-0.0,0.0,0.9626191257828618
1776235851634874272,0,-5.918982480650977,-9.879518397521423,0.0,-0.2685344509702265,-0.0,0.0,0.9632700808403213
1776235851654931243,0,-5.918982480650977,-9.879518397521423,0.0,-0.26625390795486337,-0.0,0.0,0.9639029289813177
1776235851674872654,0,-5.918982480650977,-9.879518397521423,0.0,-0.2638600025950171,-0.0,0.0,0.9645609877195727
1776235851694874294,0,-5.918982480650977,-9.879518397521423,0.0,-0.2613993150838625,-0.0,0.0,0.9652307486159398
1776235851714905419,0,-5.918982480650977,-9.879518397521423,0.0,-0.2588655779057222,-0.0,0.0,0.9659133566606979
1776235851734873791,0,-5.918982480650977,-9.879518397521423,0.0,-0.25627044948932226,-0.0,0.0,0.9666051193318503
1776235851754875326,0,-5.918982480650977,-9.879518397521423,0.0,-0.2538045866495897,-0.0,0.0,0.9672555152572824
1776235851774872046,0,-5.918982480650977,-9.879518397521423,0.0,-0.2513957313638015,-0.0,0.0,0.9678843868211013
1776235851794873265,0,-5.918982480650977,-9.879518397521423,0.0,-0.2489847754256949,-0.0,0.0,0.9685073988391706
1776235851814876469,0,-5.918982480650977,-9.879518397521423,0.0,-0.24657203606759007,-0.0,0.0,0.9691244662216939
1776235851834872755,0,-5.918982480650977,-9.879518397521423,0.0,-0.24410042894686768,-0.0,0.0,0.9697499577664106
1776235851854872258,0,-5.918982480650977,-9.879518397521423,0.0,-0.2418111982921284,-0.0,0.0,0.9703233195077428
1776235851874872428,0,-5.918982480650977,-9.879518397521423,0.0,-0.23952054449831128,-0.0,0.0,0.9708912960590554
1776235851894873519,0,-5.918982480650977,-9.879518397521423,0.0,-0.23952054449831128,-0.0,0.0,0.9708912960590554
1776235851914873441,0,-5.918982480650977,-9.879518397521423,0.0,-0.2371702976729035,-0.0,0.0,0.9714680900069473
1776235851934872979,0,-5.918982480650977,-9.879518397521423,0.0,-0.2371702976729035,-0.0,0.0,0.9714680900069473
1776235851954872788,0,-5.918982480650977,-9.879518397521423,0.0,-0.2371702976729035,-0.0,0.0,0.9714680900069473
1776235851974872587,0,-5.918982480650977,-9.879518397521423,0.0,-0.2371702976729035,-0.0,0.0,0.9714680900069473
1776235851994874333,0,-5.918982480650977,-9.879518397521423,0.0,-0.2371702976729035,-0.0,0.0,0.9714680900069473
1776235852014874371,0,-5.918982480650977,-9.879518397521423,0.0,-0.2371702976729035,-0.0,0.0,0.9714680900069473
1776235852034873403,0,-5.918875980325635,-9.879463113825633,0.0,-0.23707507684670803,-0.0,0.0,0.9714913318903713
1776235852054876014,0,-5.918875980325635,-9.879463113825633,0.0,-0.23707507684670803,-0.0,0.0,0.9714913318903713
1776235852074873066,0,-5.918982470217441,-9.879518391835202,0.0,-0.23716835570902386,-0.0,0.0,0.9714685641081126
1776235852094874222,0,-5.918982470217441,-9.879518391835202,0.0,-0.23716835570902386,-0.0,0.0,0.9714685641081126
1776235852114874220,0,-5.919017969756895,-9.879536825026193,0.0,-0.23719746713721013,-0.0,0.0,0.9714614565610373
1776235852134871845,0,-5.919017969756895,-9.879536825026193,0.0,-0.23719746713721013,-0.0,0.0,0.9714614565610373
1776235852154871839,0,-5.919017969756895,-9.879536825026193,0.0,-0.23719746713721013,-0.0,0.0,0.9714614565610373
1776235852174872691,0,-5.919017969756895,-9.879536825026193,0.0,-0.23719746713721013,-0.0,0.0,0.9714614565610373
1776235852194873238,0,-5.919017969756895,-9.879536825026193,0.0,-0.23719746713721013,-0.0,0.0,0.9714614565610373
1776235852214873687,0,-5.919017969756895,-9.879536825026193,0.0,-0.23719746713721013,-0.0,0.0,0.9714614565610373
1776235852234874583,0,-5.919017969756895,-9.879536825026193,0.0,-0.23719746713721013,-0.0,0.0,0.9714614565610373
1776235852254872816,0,-5.919017969756895,-9.879536825026193,0.0,-0.23719746713721013,-0.0,0.0,0.9714614565610373
1776235852274872912,0,-5.919017969756895,-9.879536825026193,0.0,-0.23719746713721013,-0.0,0.0,0.9714614565610373
1776235852294874502,0,-5.919017969756895,-9.879536825026193,0.0,-0.23719746713721013,-0.0,0.0,0.9714614565610373
1776235852314891459,0,-5.919017969756895,-9.879536825026193,0.0,-0.23701272868465714,-0.0,0.0,0.9715065447239422
1776235852334872017,0,-5.919017969756895,-9.879536825026193,0.0,-0.23670213667792245,-0.0,0.0,0.97158226542692
1776235852354872687,0,-5.919017969756895,-9.879536825026193,0.0,-0.2365758247496619,-0.0,0.0,0.9716130295256529
1776235852374872806,0,-5.919017969756895,-9.879536825026193,0.0,-0.23644951230293498,-0.0,0.0,0.971643776356183
1776235852394874226,0,-5.919017969756895,-9.879536825026193,0.0,-0.23632318764320895,-0.0,0.0,0.9716745087642017
1776235852414873734,0,-5.919017969756895,-9.879536825026193,0.0,-0.23626488818105026,-0.0,0.0,0.9716886860578319
1776235852434872884,0,-5.919017969756895,-9.879536825026193,0.0,-0.23626488818105026,-0.0,0.0,0.9716886860578319
1776235852454875270,0,-5.919017969756895,-9.879536825026193,0.0,-0.23626488818105026,-0.0,0.0,0.9716886860578319
1776235852474872903,0,-5.919017969756895,-9.879536825026193,0.0,-0.23626488818105026,-0.0,0.0,0.9716886860578319
1776235852494872812,0,-5.919017969756895,-9.879536825026193,0.0,-0.23626488818105026,-0.0,0.0,0.9716886860578319
1776235852514872951,0,-5.919017969756895,-9.879536825026193,0.0,-0.23626488818105026,-0.0,0.0,0.9716886860578319
1776235852534872279,0,-5.919017969756895,-9.879536825026193,0.0,-0.23620658839311148,-0.0,0.0,0.9717028597260003
1776235852554872940,0,-5.919017969756895,-9.879536825026193,0.0,-0.23620658839311148,-0.0,0.0,0.9717028597260003
1776235852574872233,0,-5.919017969756895,-9.879536825026193,0.0,-0.23620658839311148,-0.0,0.0,0.9717028597260003
1776235852594872002,0,-5.919017969756895,-9.879536825026193,0.0,-0.23620658839311148,-0.0,0.0,0.9717028597260003
1776235852614876907,0,-5.919017969756895,-9.879536825026193,0.0,-0.23620658839311148,-0.0,0.0,0.9717028597260003
1776235852634871961,0,-5.919017969756895,-9.879536825026193,0.0,-0.23626487572209987,-0.0,0.0,0.9716886890872101
1776235852654874406,0,-5.919017969756895,-9.879536825026193,0.0,-0.23632318374587818,-0.0,0.0,0.9716745097120805
1776235852674872058,0,-5.919017969756895,-9.879536825026193,0.0,-0.23638147694717662,-0.0,0.0,0.9716603302369977
1776235852694873897,0,-5.919017969756895,-9.879536825026193,0.0,-0.23643978150255848,-0.0,0.0,0.9716461442948365
1776235852714872711,0,-5.919017969756895,-9.879536825026193,0.0,-0.23643978150255848,-0.0,0.0,0.9716461442948365
1776235852734872452,0,-5.919017969756895,-9.879536825026193,0.0,-0.23643978150255848,-0.0,0.0,0.9716461442948365
1776235852754872283,0,-5.919017969756895,-9.879536825026193,0.0,-0.23643978150255848,-0.0,0.0,0.9716461442948365
1776235852774872173,0,-5.919017969756895,-9.879536825026193,0.0,-0.23643978150255848,-0.0,0.0,0.9716461442948365
1776235852794873908,0,-5.919017969756895,-9.879536825026193,0.0,-0.2363814772503685,-0.0,0.0,0.9716603301632384
1776235852814873806,0,-5.919017969756895,-9.879536825026193,0.0,-0.2363231775019261,-0.0,0.0,0.9716745112306863
1776235852834872581,0,-5.919017969756895,-9.879536825026193,0.0,-0.23619686555349745,-0.0,0.0,0.9717052231529391
1776235852854873822,0,-5.919017969756895,-9.879536825026193,0.0,-0.23594419853214835,-0.0,0.0,0.9717666053014078
1776235852874875429,0,-5.919017969756895,-9.879536825026193,0.0,-0.235312449702222,-0.0,0.0,0.9719197760181337
1776235852894875618,0,-5.919017969756895,-9.879536825026193,0.0,-0.23448622516822287,-0.0,0.0,0.9721194423559059
1776235852914875262,0,-5.919017969756895,-9.879536825026193,0.0,-0.23328063857835812,-0.0,0.0,0.9724094526815715
1776235852934874455,0,-5.919017969756895,-9.879536825026193,0.0,-0.2315591787914163,-0.0,0.0,0.9728208194305079
1776235852954873546,0,-5.919017969756895,-9.879536825026193,0.0,-0.22938931300537163,-0.0,0.0,0.9733347538637073
1776235852974872386,0,-5.919017969756895,-9.879536825026193,0.0,-0.2267119337170481,-0.0,0.0,0.9739618571126267
1776235852994873995,0,-5.919017969756895,-9.879536825026193,0.0,-0.22351586773779497,-0.0,0.0,0.974700290791698
1776235853014873608,0,-5.919017969756895,-9.879536825026193,0.0,-0.22006410220956124,-0.0,0.0,0.9754854129707423
1776235853034872232,0,-5.919017969756895,-9.879536825026193,0.0,-0.2162875951548739,-0.0,0.0,0.9763296964561312
1776235853054871607,0,-5.919017969756895,-9.879536825026193,0.0,-0.21238067857489518,-0.0,0.0,0.9771870073676108
1776235853074875121,0,-5.919017969756895,-9.879536825026193,0.0,-0.20853802803941976,-0.0,0.0,0.9780142590276638
1776235853094873215,0,-5.919017969756895,-9.879536825026193,0.0,-0.2046246862091559,-0.0,0.0,0.9788405068211085
1776235853114873752,0,-5.919017969756895,-9.879536825026193,0.0,-0.2007761692806334,-0.0,0.0,0.97963714193011
1776235853134876160,0,-5.919017969756895,-9.879536825026193,0.0,-0.19717912359866194,-0.0,0.0,0.9803674786613761
1776235853154889907,0,-5.919017969756895,-9.879536825026193,0.0,-0.1935086565214145,-0.0,0.0,0.9810985678571125
1776235853174872886,0,-5.919017969756895,-9.879536825026193,0.0,-0.19023350473031517,-0.0,0.0,0.9817388724492991
1776235853194873362,0,-5.919017969756895,-9.879536825026193,0.0,-0.18701230692364298,-0.0,0.0,0.9823575708768661
1776235853214873258,0,-5.919017969756895,-9.879536825026193,0.0,-0.1839169740027584,-0.0,0.0,0.9829417819350588
1776235853234884839,0,-5.919017969756895,-9.879536825026193,0.0,-0.1808180061349452,-0.0,0.0,0.983516572639924
1776235853254872149,0,-5.919017969756895,-9.879536825026193,0.0,-0.177917691710857,-0.0,0.0,0.984045372417492
1776235853274873297,0,-5.919017969756895,-9.879536825026193,0.0,-0.17501382132145987,-0.0,0.0,0.9845659766346083
1776235853294873935,0,-5.919017969756895,-9.879536825026193,0.0,-0.1721774590339419,-0.0,0.0,0.9850659483509798
1776235853314873328,0,-5.919017969756895,-9.879536825026193,0.0,-0.16946796224126912,-0.0,0.0,0.9855356968541483
1776235853334872135,0,-5.919017969756895,-9.879536825026193,0.0,-0.16643189445046588,-0.0,0.0,0.9860529521834155
1776235853354872287,0,-5.919017969756895,-9.879536825026193,0.0,-0.1635913541772787,-0.0,0.0,0.9865281895812426
1776235853374873220,0,-5.919017969756895,-9.879536825026193,0.0,-0.1607493459909654,-0.0,0.0,0.9869952622801575
1776235853394873881,0,-5.919017969756895,-9.879536825026193,0.0,-0.157580163590522,-0.0,0.0,0.9875061984832219
1776235853414872648,0,-5.919017969756895,-9.879536825026193,0.0,-0.15440965770356682,-0.0,0.0,0.9880069117206961
1776235853434872583,0,-5.919017969756895,-9.879536825026193,0.0,-0.15123737565379214,-0.0,0.0,0.988497474051074
1776235853454873337,0,-5.919017969756895,-9.879536825026193,0.0,-0.14793483221028006,-0.0,0.0,0.9889971109254648
1776235853474872582,0,-5.919017969756895,-9.879536825026193,0.0,-0.14463088769550678,-0.0,0.0,0.9894856776752303
1776235853494873993,0,-5.919017969756895,-9.879536825026193,0.0,-0.14145367469483627,-0.0,0.0,0.9899448762003505
1776235853514824254,0,-5.919017969756895,-9.879536825026193,0.0,-0.1381547028058099,-0.0,0.0,0.9904106613383351
1776235853534874290,0,-5.919017969756895,-9.879536825026193,0.0,-0.1348972875162393,-0.0,0.0,0.9908595873385699
1776235853554873298,0,-5.919017969756895,-9.879536825026193,0.0,-0.13184495641904123,-0.0,0.0,0.9912703503418536
1776235853574872540,0,-5.919017969756895,-9.879536825026193,0.0,-0.12859300947014596,-0.0,0.0,0.9916974528128077
1776235853594873099,0,-5.919017969756895,-9.879536825026193,0.0,-0.12546844235519838,-0.0,0.0,0.9920976111114068
1776235853614874778,0,-5.919017969756895,-9.879536825026193,0.0,-0.12241193481787563,-0.0,0.0,0.9924793792387548
1776235853634874066,0,-5.919017969756895,-9.879536825026193,0.0,-0.1192255641737266,-0.0,0.0,0.9928671939627458
1776235853654875029,0,-5.919017969756895,-9.879536825026193,0.0,-0.11603769808443944,-0.0,0.0,0.9932448100157707
1776235853674921926,0,-5.919017969756895,-9.879536825026193,0.0,-0.11316996609759028,-0.0,0.0,0.9935756432066308
1776235853694910227,0,-5.919017969756895,-9.879536825026193,0.0,-0.11011101187502566,-0.0,0.0,0.9939192950455575
1776235853714876861,0,-5.919017969756895,-9.879536825026193,0.0,-0.10692529356635559,-0.0,0.0,0.9942670574829223
1776235853734873764,0,-5.919017969756895,-9.879536825026193,0.0,-0.10386292307856723,-0.0,0.0,0.9945916213248408
1776235853754873571,0,-5.919017969756895,-9.879536825026193,0.0,-0.10072947962965072,-0.0,0.0,0.9949138515135568
1776235853774872792,0,-5.919017969756895,-9.879536825026193,0.0,-0.0974657532620875,-0.0,0.0,0.9952388793355361
1776235853794875476,0,-5.919017969756895,-9.879536825026193,0.0,-0.09432985160379845,-0.0,0.0,0.995540998199675
1776235853814897677,0,-5.919017969756895,-9.879536825026193,0.0,-0.09118995258754903,-0.0,0.0,0.9958335164810835
1776235853834895662,0,-5.919017969756895,-9.879536825026193,0.0,-0.08786370147679447,-0.0,0.0,0.9961325062273576
1776235853854891000,0,-5.919017969756895,-9.879536825026193,0.0,-0.08479591683251197,-0.0,0.0,0.9963983402678538
1776235853874890652,0,-5.919017969756895,-9.879536825026193,0.0,-0.08165690120856067,-0.0,0.0,0.9966604991094086
1776235853894879663,0,-5.919017969756895,-9.879536825026193,0.0,-0.07832943547545455,-0.0,0.0,0.9969275297322753
1776235853914896970,0,-5.919017969756895,-9.879536825026193,0.0,-0.07525587430368583,-0.0,0.0,0.99716425596929
1776235853934871552,0,-5.919017969756895,-9.879536825026193,0.0,-0.07198893423940222,-0.0,0.0,0.9974054307788157
1776235853954902992,0,-5.919017969756895,-9.879536825026193,0.0,-0.06871191898665827,-0.0,0.0,0.9976365431303982
1776235853974893978,0,-5.919017969756895,-9.879536825026193,0.0,-0.06564026255680384,-0.0,0.0,0.9978433524013044
1776235853994872980,0,-5.919017969756895,-9.879536825026193,0.0,-0.0624402162204639,-0.0,0.0,0.998048705924887
1776235854014872800,0,-5.919017969756895,-9.879536825026193,0.0,-0.059296086538602744,-0.0,0.0,0.9982404390332054
1776235854034872704,0,-5.919017969756895,-9.879536825026193,0.0,-0.05622124437178201,-0.0,0.0,0.9984183350085716
1776235854054875120,0,-5.919017969756895,-9.879536825026193,0.0,-0.05307557293029833,-0.0,0.0,0.9985904984317248
1776235854074874982,0,-5.919017969756895,-9.879536825026193,0.0,-0.04992977647293673,-0.0,0.0,0.9987527308705406
1776235854094874191,0,-5.919017969756895,-9.879536825026193,0.0,-0.04672365519137267,-0.0,0.0,0.9989078536309332
1776235854115017226,0,-5.919017969756895,-9.879536825026193,0.0,-0.04362479585484383,-0.0,0.0,0.9990479854274384
1776235854134975961,0,-5.919017969756895,-9.879536825026193,0.0,-0.040424250094417975,-0.0,0.0,0.9991826059356237
1776235854154872682,0,-5.919017969756895,-9.879536825026193,0.0,-0.03729288469196936,-0.0,0.0,0.9993043784309921
1776235854174879622,0,-5.919017969756895,-9.879536825026193,0.0,-0.03428377026990444,-0.0,0.0,0.99941213875762
1776235854194824710,0,-5.919017969756895,-9.879536825026193,0.0,-0.031014521060161518,-0.0,0.0,0.9995189340294705
1776235854214872044,0,-5.919017969756895,-9.879536825026193,0.0,-0.027728178120639692,-0.0,0.0,0.9996155001489874
1776235854234870211,0,-5.919017969756895,-9.879536825026193,0.0,-0.02457954557026533,-0.0,0.0,0.999697877330726
1776235854254871496,0,-5.919017969756895,-9.879536825026193,0.0,-0.02124020930763904,-0.0,0.0,0.9997744013068987
1776235854274871246,0,-5.919017969756895,-9.879536825026193,0.0,-0.018160846784070477,-0.0,0.0,0.9998350782224464
1776235854294825264,0,-5.919017969756895,-9.879536825026193,0.0,-0.015088353910480098,-0.0,0.0,0.9998861643088538
1776235854314911047,0,-5.919017969756895,-9.879536825026193,0.0,-0.01173433148388841,-0.0,0.0,0.9999311503621768
1776235854334906488,0,-5.919017969756895,-9.879536825026193,0.0,-0.008585213392146166,-0.0,0.0,0.9999631463764108
1776235854354873585,0,-5.919017969756895,-9.879536825026193,0.0,-0.005310689897066894,-0.0,0.0,0.999985898186978
1776235854374972955,0,-5.919017969756895,-9.879536825026193,0.0,-0.0019541189132656848,-0.0,0.0,0.9999980907078138
1776235854394905415,0,-5.919017969756895,-9.879536825026193,0.0,0.0011852419917996277,0.0,0.0,0.9999992976004638
1776235854414906812,0,-5.919017969756895,-9.879536825026193,0.0,0.004395452432064068,0.0,0.0,0.9999903399523005
1776235854434996914,0,-5.919017969756895,-9.879536825026193,0.0,0.007750435937407959,0.0,0.0,0.9999699649203371
1776235854454902743,0,-5.919017969756895,-9.879536825026193,0.0,0.011014846834569,0.0,0.0,0.9999393347344683
1776235854474879774,0,-5.919017969756895,-9.879536825026193,0.0,0.014290816279850163,0.0,0.0,0.99989788107089
1776235854494875496,0,-5.919017969756895,-9.879536825026193,0.0,0.017569697182867067,0.0,0.0,0.9998456409570942
1776235854514873624,0,-5.919017969756895,-9.879536825026193,0.0,0.02084878364333028,0.0,0.0,0.999782640487718
1776235854534828577,0,-5.919017969756895,-9.879536825026193,0.0,0.024120567206915227,0.0,0.0,0.999709056794834
1776235854554822934,0,-5.919017969756895,-9.879536825026193,0.0,0.027398552270412834,0.0,0.0,0.9996245892001084
1776235854574872461,0,-5.919017969756895,-9.879536825026193,0.0,0.030745406381136656,0.0,0.0,0.9995272482461189
1776235854594907029,0,-5.919017969756895,-9.879536825026193,0.0,0.033959269998469335,0.0,0.0,0.9994232176516469
1776235854614874754,0,-5.919017969756895,-9.879536825026193,0.0,0.037162061596610486,0.0,0.0,0.9993092520225607
1776235854634873418,0,-5.919017969756895,-9.879536825026193,0.0,0.04023954736552177,0.0,0.0,0.9991900614136522
1776235854654871357,0,-5.919017969756895,-9.879536825026193,0.0,0.04331653991209322,0.0,0.0,0.9990613981983509
1776235854674869827,0,-5.919017969756895,-9.879536825026193,0.0,0.04652305312253526,0.0,0.0,0.9989172165540835
1776235854694872897,0,-5.919017969756895,-9.879536825026193,0.0,0.04966988924309303,0.0,0.0,0.9987656892898248
1776235854714873285,0,-5.919017969756895,-9.879536825026193,0.0,0.05274590676054393,0.0,0.0,0.9986079657803697
1776235854734823462,0,-5.919017969756895,-9.879536825026193,0.0,0.05588342008344346,0.0,0.0,0.9984373006652834
1776235854754821167,0,-5.919017969756895,-9.879536825026193,0.0,0.05895798420953737,0.0,0.0,0.9982604650580669
1776235854774895144,0,-5.919017969756895,-9.879536825026193,0.0,0.06217394148490722,0.0,0.0,0.9980653290242234
1776235854794872926,0,-5.919017969756895,-9.879536825026193,0.0,0.06544361959841144,0.0,0.0,0.9978562685346314
1776235854814872176,0,-5.919017969756895,-9.879536825026193,0.0,0.06858641909362025,0.0,0.0,0.9976451789669082
1776235854834893112,0,-5.919017969756895,-9.879536825026193,0.0,0.07186174519137516,0.0,0.0,0.9974146026492944
1776235854854872108,0,-5.919017969756895,-9.879536825026193,0.0,0.07512943783368295,0.0,0.0,0.9971737900540681
1776235854874893643,0,-5.919017969756895,-9.879536825026193,0.0,0.07833341897722446,0.0,0.0,0.9969272167371792
1776235854894873553,0,-5.919017969756895,-9.879536825026193,0.0,0.08159962933222899,0.0,0.0,0.9966651897667756
1776235854914874054,0,-5.919017969756895,-9.879536825026193,0.0,0.0848683283105198,0.0,0.0,0.9963921752250857
1776235854934872923,0,-5.919017969756895,-9.879536825026193,0.0,0.088135847589957,0.0,0.0,0.9961084641591998
1776235854954827474,0,-5.919017969756895,-9.879536825026193,0.0,0.09132563220719744,0.0,0.0,0.995821082776397
1776235854974822074,0,-5.919017969756895,-9.879536825026193,0.0,0.09465026120718119,0.0,0.0,0.9955105866104149
1776235854994824523,0,-5.919017969756895,-9.879536825026193,0.0,0.0979154207304027,0.0,0.0,0.9951947399294212
1776235855014974650,0,-5.919017969756895,-9.879536825026193,0.0,0.10100315258831184,0.0,0.0,0.9948861056257757
1776235855035013129,0,-5.919017969756895,-9.879536825026193,0.0,0.10427210609618871,0.0,0.0,0.9945488061881453
1776235855054872936,0,-5.919017969756895,-9.879536825026193,0.0,0.10751080115866626,0.0,0.0,0.994203916525288
1776235855074871234,0,-5.919017969756895,-9.879536825026193,0.0,0.11057217391792198,0.0,0.0,0.9938680970607039
1776235855094983171,0,-5.919017969756895,-9.879536825026193,0.0,0.11390964218078108,0.0,0.0,0.9934911139100573
1776235855114874248,0,-5.919017969756895,-9.879536825026193,0.0,0.11702153136970582,0.0,0.0,0.9931293778737436
1776235855134872449,0,-5.919017969756895,-9.879536825026193,0.0,0.12007953490332601,0.0,0.0,0.9927642747890362
1776235855154897912,0,-5.919017969756895,-9.879536825026193,0.0,0.12333929409270442,0.0,0.0,0.9923645592889305
1776235855174902167,0,-5.919017969756895,-9.879536825026193,0.0,0.12639583707847005,0.0,0.0,0.9919798850628135
1776235855194873982,0,-5.919017969756895,-9.879536825026193,0.0,0.12957495038596006,0.0,0.0,0.9915696305517208
1776235855214903189,0,-5.919017969756895,-9.879536825026193,0.0,0.1328313435276138,0.0,0.0,0.9911386553740344
1776235855234871816,0,-5.919017969756895,-9.879536825026193,0.0,0.13594787072508252,0.0,0.0,0.990715991818703
1776235855254871726,0,-5.919017969756895,-9.879536825026193,0.0,0.13906793240667978,0.0,0.0,0.990282843523067
1776235855274871900,0,-5.919017969756895,-9.879536825026193,0.0,0.1422460461307259,0.0,0.0,0.989831330257926
1776235855294871671,0,-5.919017969756895,-9.879536825026193,0.0,0.14536326823909887,0.0,0.0,0.9893783504033469
1776235855314871243,0,-5.919017969756895,-9.879536825026193,0.0,0.14853835053630987,0.0,0.0,0.9889066479804615
1776235855334903146,0,-5.919017969756895,-9.879536825026193,0.0,0.15171703140440365,0.0,0.0,0.988423968943406
1776235855354873293,0,-5.919017969756895,-9.879536825026193,0.0,0.15482516387817033,0.0,0.0,0.9879418852493793
1776235855374883995,0,-5.919017969756895,-9.879536825026193,0.0,0.15793807193066514,0.0,0.0,0.9874490191573558
1776235855394873901,0,-5.919017969756895,-9.879536825026193,0.0,0.16104617855109915,0.0,0.0,0.9869468721132295
1776235855414873249,0,-5.919017969756895,-9.879536825026193,0.0,0.16428238680249316,0.0,0.0,0.9864133501663874
1776235855434873015,0,-5.919017969756895,-9.879536825026193,0.0,0.1673887323131587,0.0,0.0,0.9858909738376722
1776235855454872631,0,-5.919017969756895,-9.879536825026193,0.0,0.1706214865291035,0.0,0.0,0.9853366472097742
1776235855474822128,0,-5.919017969756895,-9.879536825026193,0.0,0.17377555038173423,0.0,0.0,0.9847852852726453
1776235855494872619,0,-5.919017969756895,-9.879536825026193,0.0,0.17688458367608348,0.0,0.0,0.9842316008225598
1776235855515001562,0,-5.919017969756895,-9.879536825026193,0.0,0.18006340759292658,0.0,0.0,0.9836550051954311
1776235855534872555,0,-5.919017969756895,-9.879536825026193,0.0,0.18307267485046327,0.0,0.0,0.9830993824243287
1776235855554872127,0,-5.919017969756895,-9.879536825026193,0.0,0.18609968303434213,0.0,0.0,0.9825308687133028
1776235855574876710,0,-5.919017969756895,-9.879536825026193,0.0,0.1893810434350726,0.0,0.0,0.9819036716437326
1776235855594897113,0,-5.919017969756895,-9.879536825026193,0.0,0.19247624868317587,0.0,0.0,0.9813016323704207
1776235855614901833,0,-5.919017969756895,-9.879536825026193,0.0,0.19569463610076065,0.0,0.0,0.9806648812929883
1776235855634872746,0,-5.919017969756895,-9.879536825026193,0.0,0.19883698158742777,0.0,0.0,0.9800325784142081
1776235855654901566,0,-5.919017969756895,-9.879536825026193,0.0,0.20185888093561627,0.0,0.0,0.9794146170991225
1776235855674900342,0,-5.919017969756895,-9.879536825026193,0.0,0.2050015642871239,0.0,0.0,0.9787616454683092
1776235855694873781,0,-5.919017969756895,-9.879536825026193,0.0,0.20820653353327892,0.0,0.0,0.9780848835321276
1776235855714872640,0,-5.919017969756895,-9.879536825026193,0.0,0.2113449290296614,0.0,0.0,0.9774115412524284
1776235855734873317,0,-5.919017969756895,-9.879536825026193,0.0,0.21448143205551096,0.0,0.0,0.9767280662003203
1776235855754872368,0,-5.919017969756895,-9.879536825026193,0.0,0.21761547017667404,0.0,0.0,0.9760345829630143
1776235855774898301,0,-5.919017969756895,-9.879536825026193,0.0,0.2207514743042285,0.0,0.0,0.975330091093528
1776235855794874261,0,-5.919017969756895,-9.879536825026193,0.0,0.22381897354207342,0.0,0.0,0.974630733705116
1776235855814900039,0,-5.919017969756895,-9.879536825026193,0.0,0.22695040920596227,0.0,0.0,0.9739063157004612
1776235855834903056,0,-5.919017969756895,-9.879536825026193,0.0,0.23014407697753175,0.0,0.0,0.9731565669675974
1776235855854900211,0,-5.919017969756895,-9.879536825026193,0.0,0.2332662745494894,0.0,0.0,0.9724128984941542
1776235855874873080,0,-5.919017969756895,-9.879536825026193,0.0,0.23657634527742852,0.0,0.0,0.971612902783395
1776235855894972388,0,-5.919017969756895,-9.879536825026193,0.0,0.2399046008725558,0.0,0.0,0.970796468102444
1776235855914873585,0,-5.919017969756895,-9.879536825026193,0.0,0.24307179948840718,0.0,0.0,0.9700082990848417
1776235855934873683,0,-5.919017969756895,-9.879536825026193,0.0,0.24637812425145197,0.0,0.0,0.969173782089846
1776235855954872463,0,-5.919017969756895,-9.879536825026193,0.0,0.24955548957886808,0.0,0.0,0.9683604998248594
1776235855974907457,0,-5.919017969756895,-9.879536825026193,0.0,0.2527359167079652,0.0,0.0,0.9675352998241379
1776235855994904101,0,-5.919017969756895,-9.879536825026193,0.0,0.25603318305310535,0.0,0.0,0.966667993250886
1776235856014903033,0,-5.919017969756895,-9.879536825026193,0.0,0.25926024770661377,0.0,0.0,0.9658074983966035
1776235856034900611,0,-5.919017969756895,-9.879536825026193,0.0,0.26248420227875724,0.0,0.0,0.9649362898938377
1776235856054897737,0,-5.919017969756895,-9.879536825026193,0.0,0.2657051566234777,0.0,0.0,0.9640543396218354
1776235856074900930,0,-5.919017969756895,-9.879536825026193,0.0,0.26874108891681425,0.0,0.0,0.9632124517092815
1776235856094900669,0,-5.919017969756895,-9.879536825026193,0.0,0.2718315707915406,0.0,0.0,0.962344843141482
1776235856114903579,0,-5.919017969756895,-9.879536825026193,0.0,0.27486204406014114,0.0,0.0,0.9614836747106427
1776235856134901486,0,-5.919017969756895,-9.879536825026193,0.0,0.27801389668891613,0.0,0.0,0.9605770522180116
1776235856154902512,0,-5.919017969756895,-9.879536825026193,0.0,0.2812208317185228,0.0,0.0,0.9596430814670328
1776235856174886156,0,-5.919017969756895,-9.879536825026193,0.0,0.284421846337086,0.0,0.0,0.9586992298558517
1776235856194874222,0,-5.919017969756895,-9.879536825026193,0.0,0.287495965777639,0.0,0.0,0.9577818486803676
1776235856214903934,0,-5.919017969756895,-9.879536825026193,0.0,0.2906980951556058,0.0,0.0,0.9568148292501023
1776235856234872620,0,-5.919017969756895,-9.879536825026193,0.0,0.29376316374447303,0.0,0.0,0.9558782368203798
1776235856254899048,0,-5.919017969756895,-9.879536825026193,0.0,0.29683406474705715,0.0,0.0,0.9549290748562115
1776235856274873386,0,-5.919017969756895,-9.879536825026193,0.0,0.29996061508688676,0.0,0.0,0.9539515865056761
1776235856294898934,0,-5.919017969756895,-9.879536825026193,0.0,0.30314920001094925,0.0,0.0,0.9529431056116212
1776235856314873047,0,-5.919017969756895,-9.879536825026193,0.0,0.3063262177817076,0.0,0.0,0.9519265981679227
1776235856334901079,0,-5.919017969756895,-9.879536825026193,0.0,0.3095083894796502,0.0,0.0,0.9508967119733421
1776235856354870397,0,-5.919017969756895,-9.879536825026193,0.0,0.3126777851629121,0.0,0.0,0.9498592541348512
1776235856374870929,0,-5.919017969756895,-9.879536825026193,0.0,0.31579171884462803,0.0,0.0,0.9488285357793342
1776235856394872213,0,-5.919017969756895,-9.879536825026193,0.0,0.3189592419872908,0.0,0.0,0.9477684326621629
1776235856414887996,0,-5.919017969756895,-9.879536825026193,0.0,0.3221918190513349,0.0,0.0,0.9466744064019011
1776235856434870805,0,-5.919017969756895,-9.879536825026193,0.0,0.325349193787505,0.0,0.0,0.9455939414472898
1776235856454870324,0,-5.919017969756895,-9.879536825026193,0.0,0.328505580998744,0.0,0.0,0.9445020292475171
1776235856474888210,0,-5.919017969756895,-9.879536825026193,0.0,0.3316045424243559,0.0,0.0,0.9434184794901643
1776235856494890713,0,-5.919017969756895,-9.879536825026193,0.0,0.33469755262557305,0.0,0.0,0.9423256062882149
1776235856514870327,0,-5.919017969756895,-9.879536825026193,0.0,0.33778342795825383,0.0,0.0,0.9412238606180632
1776235856534872083,0,-5.919017969756895,-9.879536825026193,0.0,0.3406810449236749,0.0,0.0,0.9401789327727531
1776235856554870580,0,-5.919017969756895,-9.879536825026193,0.0,0.3436970324666941,0.0,0.0,0.9390805875288809
1776235856574871661,0,-5.919017969756895,-9.879536825026193,0.0,0.3467755288256053,0.0,0.0,0.9379481502768273
1776235856594873507,0,-5.919017969756895,-9.879536825026193,0.0,0.34985041156609686,0.0,0.0,0.9368055772288254
1776235856614872718,0,-5.919017969756895,-9.879536825026193,0.0,0.352799492261043,0.0,0.0,0.9356989463819815
1776235856634886561,0,-5.919017969756895,-9.879536825026193,0.0,0.35580333958264193,0.0,0.0,0.9345608506361901
1776235856654873064,0,-5.919017969756895,-9.879536825026193,0.0,0.3587434518667736,0.0,0.0,0.9334361980032229
1776235856674899896,0,-5.919017969756895,-9.879536825026193,0.0,0.3616859311315067,0.0,0.0,0.9322999985098869
1776235856694873813,0,-5.919017969756895,-9.879536825026193,0.0,0.36461705157544466,0.0,0.0,0.9311575622312421
1776235856714871968,0,-5.919017969756895,-9.879536825026193,0.0,0.36754811382109803,0.0,0.0,0.930004507530234
1776235856734822591,0,-5.919017969756895,-9.879536825026193,0.0,0.3705890248812978,0.0,0.0,0.9287969501659278
1776235856754872101,0,-5.919017969756895,-9.879536825026193,0.0,0.3736410116032351,0.0,0.0,0.9275733903299033
1776235856774893099,0,-5.919017969756895,-9.879536825026193,0.0,0.376740265087706,0.0,0.0,0.9263189367931787
1776235856794873536,0,-5.919017969756895,-9.879536825026193,0.0,0.3798290409473515,0.0,0.0,0.9250567007773173
1776235856814871737,0,-5.919017969756895,-9.879536825026193,0.0,0.38298098641157874,0.0,0.0,0.9237562254443615
1776235856834888437,0,-5.919017969756895,-9.879536825026193,0.0,0.3861313888032062,0.0,0.0,0.9224437926404553
1776235856854871464,0,-5.919017969756895,-9.879536825026193,0.0,0.38927200533684214,0.0,0.0,0.9211228505802218
1776235856874898160,0,-5.919017969756895,-9.879536825026193,0.0,0.392470211779981,0.0,0.0,0.9197647160363225
1776235856894890171,0,-5.919017969756895,-9.879536825026193,0.0,0.39565815313796227,0.0,0.0,0.9183978581505168
1776235856914894296,0,-5.919017969756895,-9.879536825026193,0.0,0.3987882282734775,0.0,0.0,0.9170430464217592
1776235856934874327,0,-5.919017969756895,-9.879536825026193,0.0,0.40184586819669915,0.0,0.0,0.9157073212622258
1776235856954872636,0,-5.919017969756895,-9.879536825026193,0.0,0.40490182525837176,0.0,0.0,0.9143601653082001
1776235856974871581,0,-5.919017969756895,-9.879536825026193,0.0,0.4078985852877973,0.0,0.0,0.9130272417185664
1776235856994873146,0,-5.919017969756895,-9.879536825026193,0.0,0.41089134918029424,0.0,0.0,0.9116843199094725
1776235857014915483,0,-5.919017969756895,-9.879536825026193,0.0,0.41388577887256656,0.0,0.0,0.9103288208373109
1776235857034901649,0,-5.919017969756895,-9.879536825026193,0.0,0.4168037788038038,0.0,0.0,0.9089964851278963
1776235857054899998,0,-5.919017969756895,-9.879536825026193,0.0,0.4197192646915853,0.0,0.0,0.907653975282847
1776235857074873451,0,-5.919017969756895,-9.879536825026193,0.0,0.4225091382831138,0.0,0.0,0.9063586641430977
1776235857094825014,0,-5.919017969756895,-9.879536825026193,0.0,0.4252919634240051,0.0,0.0,0.9050562114294088
1776235857114982832,0,-5.919017969756895,-9.879536825026193,0.0,0.42816323861285344,0.0,0.0,0.9037014114742505
1776235857134822219,0,-5.919017969756895,-9.879536825026193,0.0,0.43085962276920375,0.0,0.0,0.9024189633796375
1776235857154822041,0,-5.919017969756895,-9.879536825026193,0.0,0.4337541372050064,0.0,0.0,0.9010312694116339
1776235857174822747,0,-5.919017969756895,-9.879536825026193,0.0,0.43664430991982467,0.0,0.0,0.899634229348039
1776235857194899073,0,-5.919017969756895,-9.879536825026193,0.0,0.43954088486313503,0.0,0.0,0.8982225840701915
1776235857214904368,0,-5.919017969756895,-9.879536825026193,0.0,0.4424854641035001,0.0,0.0,0.8967756765530107
1776235857234899594,0,-5.919017969756895,-9.879536825026193,0.0,0.44542380193582914,0.0,0.0,0.8953198515999917
1776235857254887634,0,-5.919017969756895,-9.879536825026193,0.0,0.44840989486131694,0.0,0.0,0.8938280406154545
1776235857274872165,0,-5.919017969756895,-9.879536825026193,0.0,0.4513369697494804,0.0,0.0,0.8923535956880303
1776235857294872405,0,-5.919017969756895,-9.879536825026193,0.0,0.45431494338104716,0.0,0.0,0.8908411374766412
1776235857314899744,0,-5.919017969756895,-9.879536825026193,0.0,0.4573542095094525,0.0,0.0,0.8892846153195184
1776235857334894092,0,-5.919017969756895,-9.879536825026193,0.0,0.46032102556287907,0.0,0.0,0.8877525293823382
1776235857354870115,0,-5.919017969756895,-9.879536825026193,0.0,0.4632799973160156,0.0,0.0,0.8862119634076673
1776235857374892211,0,-5.919017969756895,-9.879536825026193,0.0,0.4662406200329992,0.0,0.0,0.8846579475883571
1776235857394872990,0,-5.919017969756895,-9.879536825026193,0.0,0.46907524064645284,0.0,0.0,0.8831582070118991
1776235857414903106,0,-5.919017969756895,-9.879536825026193,0.0,0.47191201855545445,0.0,0.0,0.8816456469256322
1776235857434873469,0,-5.919017969756895,-9.879536825026193,0.0,0.47473547845965314,0.0,0.0,0.8801285278251605
1776235857454872186,0,-5.919017969756895,-9.879536825026193,0.0,0.477619556378482,0.0,0.0,0.8785667643183539
1776235857474872651,0,-5.919017969756895,-9.879536825026193,0.0,0.480384731733906,0.0,0.0,0.8770578712473557
1776235857494873391,0,-5.919017969756895,-9.879536825026193,0.0,0.4831977117716917,0.0,0.0,0.8755112628279553
1776235857514872925,0,-5.919017969756895,-9.879536825026193,0.0,0.4860055433619812,0.0,0.0,0.8739557264652629
1776235857534823327,0,-5.919017969756895,-9.879536825026193,0.0,0.4887492730450253,0.0,0.0,0.8724242936197727
1776235857554871967,0,-5.919017969756895,-9.879536825026193,0.0,0.4915540307192523,0.0,0.0,0.8708470789315748
1776235857574826289,0,-5.919017969756895,-9.879536825026193,0.0,0.494227788699581,0.0,0.0,0.8693324409436947
1776235857594992073,0,-5.919017969756895,-9.879536825026193,0.0,0.49698638754346885,0.0,0.0,0.8677583365180037
1776235857614978562,0,-5.919017969756895,-9.879536825026193,0.0,0.4998280373141229,0.0,0.0,0.8661246637261357
1776235857634985357,0,-5.919017969756895,-9.879536825026193,0.0,0.502554770950101,0.0,0.0,0.864545373126993
1776235857654874379,0,-5.919017969756895,-9.879536825026193,0.0,0.5053720663642156,0.0,0.0,0.8629015439427391
1776235857674871920,0,-5.919017969756895,-9.879536825026193,0.0,0.5081993126192748,0.0,0.0,0.8612394897200759
1776235857694825192,0,-5.919017969756895,-9.879536825026193,0.0,0.5110148522335151,0.0,0.0,0.8595718822744023
1776235857714823482,0,-5.919017969756895,-9.879536825026193,0.0,0.5137712050867124,0.0,0.0,0.8579272398191745
1776235857734823590,0,-5.919017969756895,-9.879536825026193,0.0,0.5165225147507196,0.0,0.0,0.856273607998981
1776235857754981393,0,-5.919017969756895,-9.879536825026193,0.0,0.5193504247106042,0.0,0.0,0.8545613707352533
1776235857774871075,0,-5.919017969756895,-9.879536825026193,0.0,0.5221351573331384,0.0,0.0,0.8528627541853958
1776235857794873851,0,-5.919017969756895,-9.879536825026193,0.0,0.5249301210570478,0.0,0.0,0.8511453271956753
1776235857814873081,0,-5.919017969756895,-9.879536825026193,0.0,0.5277189418351874,0.0,0.0,0.8494190476015652
1776235857834870064,0,-5.919017969756895,-9.879536825026193,0.0,0.5304424430556467,0.0,0.0,0.8477209532653756
1776235857854903954,0,-5.919017969756895,-9.879536825026193,0.0,0.5331654916150214,0.0,0.0,0.846010968339603
1776235857874873554,0,-5.919017969756895,-9.879536825026193,0.0,0.5358237339276852,0.0,0.0,0.8443298680964645
1776235857894894813,0,-5.919017969756895,-9.879536825026193,0.0,0.5384835316353199,0.0,0.0,0.8426360342149826
1776235857914874073,0,-5.919017969756895,-9.879536825026193,0.0,0.5411828152741559,0.0,0.0,0.8409049651726043
1776235857934871399,0,-5.919017969756895,-9.879536825026193,0.0,0.5439376995756398,0.0,0.0,0.8391256038164734
1776235857954870399,0,-5.919017969756895,-9.879536825026193,0.0,0.5466283514293471,0.0,0.0,0.8373753312664723
1776235857974872657,0,-5.919017969756895,-9.879536825026193,0.0,0.549422445855483,0.0,0.0,0.8355447181271501
1776235857994872159,0,-5.919017969756895,-9.879536825026193,0.0,0.5521016425836407,0.0,0.0,0.8337768144152522
1776235858014823978,0,-5.919017969756895,-9.879536825026193,0.0,0.5547189821649556,0.0,0.0,0.8320377700716931
1776235858034943749,0,-5.919017969756895,-9.879536825026193,0.0,0.5574613846122649,0.0,0.0,0.8302028695844025
1776235858054906385,0,-5.919017969756895,-9.879536825026193,0.0,0.5601184913462393,0.0,0.0,0.8284125033170449
1776235858074873041,0,-5.919017969756895,-9.879536825026193,0.0,0.5627703814516831,0.0,0.0,0.82661326977053
1776235858094902787,0,-5.919017969756895,-9.879536825026193,0.0,0.5655322224529002,0.0,0.0,0.8247262002431373
1776235858114873729,0,-5.919017969756895,-9.879536825026193,0.0,0.568172837556403,0.0,0.0,0.822909245702772
1776235858134872667,0,-5.919017969756895,-9.879536825026193,0.0,0.5708113045724729,0.0,0.0,0.8210812715999991
1776235858154897156,0,-5.919017969756895,-9.879536825026193,0.0,0.5733980343156807,0.0,0.0,0.8192769337915681
1776235858174871587,0,-5.919017969756895,-9.879536825026193,0.0,0.5759726155621449,0.0,0.0,0.8174689878659017
1776235858194874590,0,-5.919017969756895,-9.879536825026193,0.0,0.578651212503677,0.0,0.0,0.8155751187156364
1776235858214871753,0,-5.919017969756895,-9.879536825026193,0.0,0.5812658524657351,0.0,0.0,0.8137137142492329
1776235858234872161,0,-5.919017969756895,-9.879536825026193,0.0,0.5838749275367072,0.0,0.0,0.8118436234854622
1776235858254876171,0,-5.919017969756895,-9.879536825026193,0.0,0.5865351617816664,0.0,0.0,0.8099237643097987
1776235858274873514,0,-5.919017969756895,-9.879536825026193,0.0,0.5891881998688,0.0,0.0,0.8079958323749963
1776235858294983333,0,-5.919017969756895,-9.879536825026193,0.0,0.5918497694425231,0.0,0.0,0.8060482928527498
1776235858314872706,0,-5.919017969756895,-9.879536825026193,0.0,0.5943718691117695,0.0,0.0,0.8041903264828429
1776235858334925610,0,-5.919017969756895,-9.879536825026193,0.0,0.5969570656711294,0.0,0.0,0.8022731839874214
1776235858354872375,0,-5.919017969756895,-9.879536825026193,0.0,0.5995783187512139,0.0,0.0,0.8003160873576562
1776235858374872187,0,-5.919017969756895,-9.879536825026193,0.0,0.6021442159124171,0.0,0.0,0.7983873391050365
1776235858394904447,0,-5.919017969756895,-9.879536825026193,0.0,0.6048117563419211,0.0,0.0,0.7963684696110216
1776235858414874267,0,-5.919017969756895,-9.879536825026193,0.0,0.6074166551008345,0.0,0.0,0.7943834131614996
1776235858434873427,0,-5.919017969756895,-9.879536825026193,0.0,0.6100188515238678,0.0,0.0,0.7923869009426526
1776235858454871280,0,-5.919017969756895,-9.879536825026193,0.0,0.6125589939648173,0.0,0.0,0.7904248724026913
1776235858474874846,0,-5.919017969756895,-9.879536825026193,0.0,0.6150462319728716,0.0,0.0,0.7884910478477055
1776235858494872008,0,-5.919017969756895,-9.879536825026193,0.0,0.6176288035418728,0.0,0.0,0.7864697457851985
1776235858514870466,0,-5.919017969756895,-9.879536825026193,0.0,0.6202048990323776,0.0,0.0,0.7844398531539803
1776235858534870623,0,-5.919017969756895,-9.879536825026193,0.0,0.6227745411501845,0.0,0.0,0.7824013489860413
1776235858554870996,0,-5.919017969756895,-9.879536825026193,0.0,0.6253843316282595,0.0,0.0,0.7803168829096774
1776235858574870483,0,-5.919017969756895,-9.879536825026193,0.0,0.6279403369443978,0.0,0.0,0.7782614812761558
1776235858594894273,0,-5.919017969756895,-9.879536825026193,0.0,0.6304926806595165,0.0,0.0,0.7761951942873501
1776235858614871394,0,-5.919017969756895,-9.879536825026193,0.0,0.633078693339873,0.0,0.0,0.7740874421143125
1776235858634871542,0,-5.919017969756895,-9.879536825026193,0.0,0.6357146650611691,0.0,0.0,0.7719241313925648
1776235858654871666,0,-5.919017969756895,-9.879536825026193,0.0,0.6383894257188116,0.0,0.0,0.7697135448531525
1776235858674872747,0,-5.919017969756895,-9.879536825026193,0.0,0.6410566269397358,0.0,0.0,0.7674935837234397
1776235858694911577,0,-5.919017969756895,-9.879536825026193,0.0,0.6437211204833004,0.0,0.0,0.7652601642864498
1776235858714874644,0,-5.919017969756895,-9.879536825026193,0.0,0.6463221048282466,0.0,0.0,0.7630647002780203
1776235858734872274,0,-5.919017969756895,-9.879536825026193,0.0,0.6489200851465797,0.0,0.0,0.7608565719591017
1776235858754872397,0,-5.919017969756895,-9.879536825026193,0.0,0.6515108440178282,0.0,0.0,0.7586393215007887
1776235858774872940,0,-5.919017969756895,-9.879536825026193,0.0,0.6540940811371456,0.0,0.0,0.7564132025694377
1776235858794874220,0,-5.919017969756895,-9.879536825026193,0.0,0.6566698067487845,0.0,0.0,0.754178205004967
1776235858814872689,0,-5.919017969756895,-9.879536825026193,0.0,0.6592375351848162,0.0,0.0,0.7519347526238219
1776235858834872939,0,-5.919017969756895,-9.879536825026193,0.0,0.66174534673421,0.0,0.0,0.7497286816413122
1776235858854978763,0,-5.919017969756895,-9.879536825026193,0.0,0.6642589551538672,0.0,0.0,0.7475025354457954
1776235858874893481,0,-5.919017969756895,-9.879536825026193,0.0,0.6667412894046434,0.0,0.0,0.7452892411695164
1776235858894894191,0,-5.919017969756895,-9.879536825026193,0.0,0.6691303134364931,0.0,0.0,0.7431450892257719
1776235858914890642,0,-5.919017969756895,-9.879536825026193,0.0,0.671608241961888,0.0,0.0,0.740906451131897
1776235858934871072,0,-5.919017969756895,-9.879536825026193,0.0,0.6740767046693099,0.0,0.0,0.7386613542227344
1776235858954872411,0,-5.919017969756895,-9.879536825026193,0.0,0.6765402337505141,0.0,0.0,0.7364056708885394
1776235858974869862,0,-5.919017969756895,-9.879536825026193,0.0,0.678995737940819,0.0,0.0,0.7341422122846517
1776235858994890362,0,-5.919017969756895,-9.879536825026193,0.0,0.6814977681522664,0.0,0.0,0.7318201910329338
1776235859014871419,0,-5.919017969756895,-9.879536825026193,0.0,0.6839869517379082,0.0,0.0,0.7294942425079751
1776235859034886180,0,-5.919017969756895,-9.879536825026193,0.0,0.6863777698496756,0.0,0.0,0.7272451835909164
1776235859054870754,0,-5.919017969756895,-9.879536825026193,0.0,0.6888010681372669,0.0,0.0,0.7249504041884246
1776235859074871073,0,-5.919017969756895,-9.879536825026193,0.0,0.6913125341148725,0.0,0.0,0.7225558664737789
1776235859094871968,0,-5.919017969756895,-9.879536825026193,0.0,0.69377253535555,0.0,0.0,0.7201941885257976
1776235859114871215,0,-5.919017969756895,-9.879536825026193,0.0,0.6962242669289203,0.0,0.0,0.7178243309747083
1776235859134870738,0,-5.919017969756895,-9.879536825026193,0.0,0.698667937022267,0.0,0.0,0.7154460942496293
1776235859154871289,0,-5.919017969756895,-9.879536825026193,0.0,0.7011963027461159,0.0,0.0,0.7129682636802127
1776235859174889391,0,-5.919017969756895,-9.879536825026193,0.0,0.7035758493612903,0.0,0.0,0.7106201687227425
1776235859194872223,0,-5.919017969756895,-9.879536825026193,0.0,0.7059433612075123,0.0,0.0,0.7082682901041383
1776235859214871418,0,-5.919017969756895,-9.879536825026193,0.0,0.7083966985904431,0.0,0.0,0.7058145063868841
1776235859234887256,0,-5.919017969756895,-9.879536825026193,0.0,0.7108013021073594,0.0,0.0,0.7033928553251607
1776235859254871795,0,-5.919017969756895,-9.879536825026193,0.0,0.7132359108831288,0.0,0.0,0.7009240582450524
1776235859274870809,0,-5.919017969756895,-9.879536825026193,0.0,0.7157125860077489,0.0,0.0,0.6983949414408016
1776235859294872908,0,-5.919017969756895,-9.879536825026193,0.0,0.7180414725885941,0.0,0.0,0.6960003187088375
1776235859314873002,0,-5.919017969756895,-9.879536825026193,0.0,0.7204106654018028,0.0,0.0,0.6935477439768164
1776235859334870861,0,-5.919017969756895,-9.879536825026193,0.0,0.7226813800658455,0.0,0.0,0.6911813241878899
1776235859354871513,0,-5.919017969756895,-9.879536825026193,0.0,0.7249859653642168,0.0,0.0,0.6887636387215245
1776235859374872094,0,-5.919017969756895,-9.879536825026193,0.0,0.7273304976400565,0.0,0.0,0.6862873648863628
1776235859394872851,0,-5.919017969756895,-9.879536825026193,0.0,0.7296187226701616,0.0,0.0,0.6838541653957823
1776235859414893974,0,-5.919017969756895,-9.879536825026193,0.0,0.7319897961707383,0.0,0.0,0.6813155937610124
1776235859434888193,0,-5.919017969756895,-9.879536825026193,0.0,0.734348868841962,0.0,0.0,0.6787722289770928
1776235859454899799,0,-5.919017969756895,-9.879536825026193,0.0,0.7365725749876946,0.0,0.0,0.6763585157118945
1776235859474874309,0,-5.919017969756895,-9.879536825026193,0.0,0.738871741969824,0.0,0.0,0.6738460869653232
1776235859494875202,0,-5.919017969756895,-9.879536825026193,0.0,0.7411653589908982,0.0,0.0,0.6713225086587615
1776235859514877115,0,-5.919017969756895,-9.879536825026193,0.0,0.7434036515512142,0.0,0.0,0.6688430390310726
1776235859534872108,0,-5.919017969756895,-9.879536825026193,0.0,0.745632879351105,0.0,0.0,0.66635696832147
1776235859554878967,0,-5.919017969756895,-9.879536825026193,0.0,0.7479414342737222,0.0,0.0,0.663764725559115
1776235859574873438,0,-5.919017969756895,-9.879536825026193,0.0,0.750199895655409,0.0,0.0,0.6612110983329103
1776235859594876128,0,-5.919017969756895,-9.879536825026193,0.0,0.7524505614603259,0.0,0.0,0.658648732298211
1776235859614873575,0,-5.919017969756895,-9.879536825026193,0.0,0.7546459673223286,0.0,0.0,0.6561322000970132
1776235859634875003,0,-5.919017969756895,-9.879536825026193,0.0,0.7568333913494475,0.0,0.0,0.6536078470600656
1776235859654902254,0,-5.919017969756895,-9.879536825026193,0.0,0.7590608143031338,0.0,0.0,0.6510197233490422
1776235859674872283,0,-5.919017969756895,-9.879536825026193,0.0,0.7612277364373504,0.0,0.0,0.6484846438262573
1776235859694888415,0,-5.919017969756895,-9.879536825026193,0.0,0.7633523765656829,0.0,0.0,0.6459823133736122
1776235859714875730,0,-5.919017969756895,-9.879536825026193,0.0,0.7655043325639799,0.0,0.0,0.6434307397271097
1776235859734873344,0,-5.919017969756895,-9.879536825026193,0.0,0.7676104130737174,0.0,0.0,0.6409167291784456
1776235859754871670,0,-5.919017969756895,-9.879536825026193,0.0,0.7696636260030755,0.0,0.0,0.6384496086675894
1776235859774872200,0,-5.919017969756895,-9.879536825026193,0.0,0.7717536521256844,0.0,0.0,0.6359216150050792
1776235859794874971,0,-5.919017969756895,-9.879536825026193,0.0,0.77387361471551,0.0,0.0,0.6333400575103002
1776235859814873365,0,-5.919017969756895,-9.879536825026193,0.0,0.7759844808433092,0.0,0.0,0.6307519999891715
1776235859834873410,0,-5.919017969756895,-9.879536825026193,0.0,0.7780868649908079,0.0,0.0,0.6281566926562004
1776235859854872278,0,-5.919017969756895,-9.879536825026193,0.0,0.7801804461235726,0.0,0.0,0.6255545311852702
1776235859874872356,0,-5.919017969756895,-9.879536825026193,0.0,0.7822654507476243,0.0,0.0,0.6229452340026499
1776235859894903660,0,-5.919017969756895,-9.879536825026193,0.0,0.7843449635166164,0.0,0.0,0.6203248972966647
1776235859914874996,0,-5.919017969756895,-9.879536825026193,0.0,0.7864896930452777,0.0,0.0,0.6176034024627333
1776235859934902289,0,-5.919017969756895,-9.879536825026193,0.0,0.7886309491611431,0.0,0.0,0.6148668360102004
1776235859954887770,0,-5.919017969756895,-9.879536825026193,0.0,0.7907582429315977,0.0,0.0,0.6121285822731465
1776235859974899571,0,-5.919017969756895,-9.879536825026193,0.0,0.7928422260032131,0.0,0.0,0.6094269477683686
1776235859994902227,0,-5.919017969756895,-9.879536825026193,0.0,0.7949524395874326,0.0,0.0,0.6066717553949494
1776235860014875745,0,-5.919017969756895,-9.879536825026193,0.0,0.79705002565677,0.0,0.0,0.603913285663217
1776235860034874896,0,-5.919017969756895,-9.879536825026193,0.0,0.7990264865267761,0.0,0.0,0.6012958288801575
1776235860054872517,0,-5.919017969756895,-9.879536825026193,0.0,0.8010301161749729,0.0,0.0,0.5986240497847621
1776235860074872190,0,-5.919017969756895,-9.879536825026193,0.0,0.8030667297256963,0.0,0.0,0.5958891068040055
1776235860094874757,0,-5.919017969756895,-9.879536825026193,0.0,0.805052770549385,0.0,0.0,0.5932032001184412
1776235860114874270,0,-5.919017969756895,-9.879536825026193,0.0,0.8071062848786646,0.0,0.0,0.5904061694370748
1776235860134870353,0,-5.919017969756895,-9.879536825026193,0.0,0.8091497317197068,0.0,0.0,0.5876025116164213
1776235860154871676,0,-5.919017969756895,-9.879536825026193,0.0,0.8110728388973691,0.0,0.0,0.5849451683730383
1776235860174872742,0,-5.919017969756895,-9.879536825026193,0.0,0.8129871945398894,0.0,0.0,0.5822815654940142
1776235860194910035,0,-5.919017969756895,-9.879536825026193,0.0,0.8149310860893318,0.0,0.0,0.5795578702125113
1776235860214906916,0,-5.919017969756895,-9.879536825026193,0.0,0.8168619597521962,0.0,0.0,0.576833198342295
1776235860234914322,0,-5.919017969756895,-9.879536825026193,0.0,0.8187847327643232,0.0,0.0,0.5741006544083153
1776235860254916822,0,-5.919017969756895,-9.879536825026193,0.0,0.820697896866483,0.0,0.0,0.5713623736989789
1776235860274905894,0,-5.919017969756895,-9.879536825026193,0.0,0.8226745014719119,0.0,0.0,0.5685126776316789
1776235860294904690,0,-5.919017969756895,-9.879536825026193,0.0,0.8246082266980056,0.0,0.0,0.5657042270144096
1776235860314873131,0,-5.919017969756895,-9.879536825026193,0.0,0.8264901088192137,0.0,0.0,0.5629512412491906
1776235860334906946,0,-5.919017969756895,-9.879536825026193,0.0,0.8284811253060108,0.0,0.0,0.560016986359955
1776235860354872240,0,-5.919017969756895,-9.879536825026193,0.0,0.830382665543409,0.0,0.0,0.5571935290049794
1776235860374903830,0,-5.919017969756895,-9.879536825026193,0.0,0.8322808496782312,0.0,0.0,0.554354207397113
1776235860394824932,0,-5.919017969756895,-9.879536825026193,0.0,0.834158935805789,0.0,0.0,0.5515241334840694
1776235860414824265,0,-5.919017969756895,-9.879536825026193,0.0,0.8361060357413518,0.0,0.0,0.5485678599743895
1776235860434824159,0,-5.919017969756895,-9.879536825026193,0.0,0.8380045186462093,0.0,0.0,0.5456632906184317
1776235860454822045,0,-5.919017969756895,-9.879536825026193,0.0,0.8398601589690485,0.0,0.0,0.5428028310321203
1776235860474821969,0,-5.919017969756895,-9.879536825026193,0.0,0.8417386175783399,0.0,0.0,0.5398852652900477
1776235860494875019,0,-5.919017969756895,-9.879536825026193,0.0,0.8435418939857747,0.0,0.0,0.5370633790260624
1776235860514873481,0,-5.919017969756895,-9.879536825026193,0.0,0.8454002791599537,0.0,0.0,0.5341332867330703
1776235860534873436,0,-5.919017969756895,-9.879536825026193,0.0,0.8472167508176921,0.0,0.0,0.5312473784725084
1776235860554871865,0,-5.919017969756895,-9.879536825026193,0.0,0.8490232335396589,0.0,0.0,0.5283555137498441
1776235860574872239,0,-5.919017969756895,-9.879536825026193,0.0,0.850888323135819,0.0,0.0,0.5253466108685904
1776235860594986295,0,-5.919017969756895,-9.879536825026193,0.0,0.852648183547663,0.0,0.0,0.5224854783559738
1776235860614901970,0,-5.919017969756895,-9.879536825026193,0.0,0.8544484702895854,0.0,0.0,0.5195361504455562
1776235860634893266,0,-5.919017969756895,-9.879536825026193,0.0,0.85628147489673,0.0,0.0,0.5165094730483466
1776235860654873631,0,-5.919017969756895,-9.879536825026193,0.0,0.8580001528478104,0.0,0.0,0.5136494307532464
1776235860674871808,0,-5.919017969756895,-9.879536825026193,0.0,0.8598129272354348,0.0,0.0,0.5106091755529203
1776235860694899698,0,-5.919017969756895,-9.879536825026193,0.0,0.8616175981280733,0.0,0.0,0.5075579913625734
1776235860714873510,0,-5.919017969756895,-9.879536825026193,0.0,0.8633411048441147,0.0,0.0,0.5046207850322292
1776235860734872746,0,-5.919017969756895,-9.879536825026193,0.0,0.8650868712797907,0.0,0.0,0.5016220740152321
1776235860754873349,0,-5.919017969756895,-9.879536825026193,0.0,0.8667924208062443,0.0,0.0,0.4986691280126038
1776235860774872352,0,-5.919017969756895,-9.879536825026193,0.0,0.8684877553564672,0.0,0.0,0.4957106200152316
1776235860794903405,0,-5.919017969756895,-9.879536825026193,0.0,0.8701756846730706,0.0,0.0,0.4927415933364595
1776235860814874190,0,-5.919017969756895,-9.879536825026193,0.0,0.8718777734399953,0.0,0.0,0.4897235426047193
1776235860835010926,0,-5.919017969756895,-9.879536825026193,0.0,0.873554005849132,0.0,0.0,0.48672723250803895
1776235860854877058,0,-5.919017969756895,-9.879536825026193,0.0,0.8752600834295085,0.0,0.0,0.48365254713995864
1776235860874823344,0,-5.919017969756895,-9.879536825026193,0.0,0.8768375175250147,0.0,0.0,0.48078682163779146
1776235860894896546,0,-5.919017969756895,-9.879536825026193,0.0,0.8784442932535325,0.0,0.0,0.47784476940770404
1776235860914874400,0,-5.919017969756895,-9.879536825026193,0.0,0.8800952983437245,0.0,0.0,0.4747970785854423
1776235860934904619,0,-5.919017969756895,-9.879536825026193,0.0,0.8817730848904886,0.0,0.0,0.4716738563485487
1776235860954903174,0,-5.919017969756895,-9.879536825026193,0.0,0.8834371620180336,0.0,0.0,0.4685496566699444
1776235860974824368,0,-5.919017969756895,-9.879536825026193,0.0,0.8851162465388761,0.0,0.0,0.4653699927078792
1776235860994871762,0,-5.919017969756895,-9.879536825026193,0.0,0.8867619844534406,0.0,0.0,0.4622263330103511
1776235861014874033,0,-5.919017969756895,-9.879536825026193,0.0,0.8883928905338471,0.0,0.0,0.45908394880339265
1776235861034873526,0,-5.919017969756895,-9.879536825026193,0.0,0.8900124369264693,0.0,0.0,0.4559362478638955
1776235861054873964,0,-5.919017969756895,-9.879536825026193,0.0,0.8916797619060917,0.0,0.0,0.4526667672881406
1776235861074879224,0,-5.919017969756895,-9.879536825026193,0.0,0.8933354740643312,0.0,0.0,0.4493903990721837
1776235861094893092,0,-5.919017969756895,-9.879536825026193,0.0,0.8949798523160256,0.0,0.0,0.44610656120302133
1776235861114872302,0,-5.919017969756895,-9.879536825026193,0.0,0.8966093432447598,0.0,0.0,0.44282240865407946
1776235861134871848,0,-5.919017969756895,-9.879536825026193,0.0,0.898202050306668,0.0,0.0,0.43958284409755777
1776235861154871606,0,-5.919017969756895,-9.879536825026193,0.0,0.899752523692703,0.0,0.0,0.43640049966585975
1776235861174873539,0,-5.919017969756895,-9.879536825026193,0.0,0.9013222143834619,0.0,0.0,0.43314924201583527
1776235861194872560,0,-5.919017969756895,-9.879536825026193,0.0,0.902849837503992,0.0,0.0,0.42995601044643544
1776235861214873327,0,-5.919017969756895,-9.879536825026193,0.0,0.9043662794767175,0.0,0.0,0.4267571118861871
1776235861234873511,0,-5.919017969756895,-9.879536825026193,0.0,0.9059009904859341,0.0,0.0,0.4234895458409847
1776235861254872158,0,-5.919017969756895,-9.879536825026193,0.0,0.9074489886333016,0.0,0.0,0.42016226987724414
1776235861274995533,0,-5.919017969756895,-9.879536825026193,0.0,0.9089104116947673,0.0,0.0,0.4169914429731725
1776235861294875705,0,-5.919017969756895,-9.879536825026193,0.0,0.9103186090415505,0.0,0.0,0.41390823866245624
1776235861314873087,0,-5.919017969756895,-9.879536825026193,0.0,0.9117492006661724,0.0,0.0,0.41074736162828335
1776235861334874061,0,-5.919017969756895,-9.879536825026193,0.0,0.9131976007211265,0.0,0.0,0.40751704508790537
1776235861354871850,0,-5.919017969756895,-9.879536825026193,0.0,0.9146343279342849,0.0,0.0,0.40428213683540243
1776235861374872143,0,-5.919017969756895,-9.879536825026193,0.0,0.9161119021038713,0.0,0.0,0.40092266439255714
1776235861394822307,0,-5.919017969756895,-9.879536825026193,0.0,0.9175496836365367,0.0,0.0,0.3976211489074638
1776235861414821955,0,-5.919017969756895,-9.879536825026193,0.0,0.9189790890262344,0.0,0.0,0.39430626920264966
1776235861434871841,0,-5.919017969756895,-9.879536825026193,0.0,0.9204000640324849,0.0,0.0,0.390977904911515
1776235861454899174,0,-5.919017969756895,-9.879536825026193,0.0,0.9218306954180485,0.0,0.0,0.3875927875813442
1776235861474883708,0,-5.919017969756895,-9.879536825026193,0.0,0.9232458594041152,0.0,0.0,0.3842096863603999
1776235861494875410,0,-5.919017969756895,-9.879536825026193,0.0,0.9246491084260103,0.0,0.0,0.3808202020468245
1776235861514823220,0,-5.919017969756895,-9.879536825026193,0.0,0.9260142853098708,0.0,0.0,0.37748846790603957
1776235861534873419,0,-5.919017969756895,-9.879536825026193,0.0,0.9273968746116934,0.0,0.0,0.3740789180914409
1776235861554888362,0,-5.919017969756895,-9.879536825026193,0.0,0.9287422535503512,0.0,0.0,0.3707260801052646
1776235861574871886,0,-5.919017969756895,-9.879536825026193,0.0,0.9300954501738335,0.0,0.0,0.36731791892845883
1776235861594873357,0,-5.919017969756895,-9.879536825026193,0.0,0.9314373385128323,0.0,0.0,0.36390175105944655
1776235861614872431,0,-5.919017969756895,-9.879536825026193,0.0,0.9327448914390598,0.0,0.0,0.3605370542598036
1776235861634922240,0,-5.919017969756895,-9.879536825026193,0.0,0.9340435606627797,0.0,0.0,0.3571591056999614
1776235861654874594,0,-5.919017969756895,-9.879536825026193,0.0,0.935323773349925,0.0,0.0,0.3537929323862449
1776235861674873133,0,-5.919017969756895,-9.879536825026193,0.0,0.9366157977318547,0.0,0.0,0.3503581702188799
1776235861694903184,0,-5.919017969756895,-9.879536825026193,0.0,0.9378520403341101,0.0,0.0,0.3470353734724269
1776235861714903695,0,-5.919017969756895,-9.879536825026193,0.0,0.939119373649847,0.0,0.0,0.3435910389336703
1776235861734872258,0,-5.919017969756895,-9.879536825026193,0.0,0.9403516848383354,0.0,0.0,0.3402039224078758
1776235861754903975,0,-5.919017969756895,-9.879536825026193,0.0,0.9415756191410254,0.0,0.0,0.33680165296386927
1776235861774873446,0,-5.919017969756895,-9.879536825026193,0.0,0.9428267665727753,0.0,0.0,0.3332831952468133
1776235861794825115,0,-5.919017969756895,-9.879536825026193,0.0,0.9440636685977473,0.0,0.0,0.32976323268939906
1776235861814948792,0,-5.919017969756895,-9.879536825026193,0.0,0.9452749442101278,0.0,0.0,0.3262748532273667
1776235861834872701,0,-5.919017969756895,-9.879536825026193,0.0,0.9464614970771966,0.0,0.0,0.32281671975037446
1776235861854899173,0,-5.919017969756895,-9.879536825026193,0.0,0.9476637899633678,0.0,0.0,0.31927001298629026
1776235861874872168,0,-5.919017969756895,-9.879536825026193,0.0,0.9488275614536705,0.0,0.0,0.3157946462907202
1776235861894875025,0,-5.919017969756895,-9.879536825026193,0.0,0.9500021616340873,0.0,0.0,0.3122433232121409
1776235861914873319,0,-5.919017969756895,-9.879536825026193,0.0,0.9511632063844893,0.0,0.0,0.3086884429653587
1776235861934894101,0,-5.919017969756895,-9.879536825026193,0.0,0.9522725164696803,0.0,0.0,0.30524916769174415
1776235861954906897,0,-5.919017969756895,-9.879536825026193,0.0,0.9534082076246257,0.0,0.0,0.3016832604471096
1776235861974871979,0,-5.919017969756895,-9.879536825026193,0.0,0.9545278858736895,0.0,0.0,0.2981216447853205
1776235861994873546,0,-5.919017969756895,-9.879536825026193,0.0,0.9555979662798887,0.0,0.0,0.29467359372997903
1776235862014873161,0,-5.919017969756895,-9.879536825026193,0.0,0.9566554886917782,0.0,0.0,0.29122203892544785
1776235862034872689,0,-5.919017969756895,-9.879536825026193,0.0,0.9576803943100797,0.0,0.0,0.2878337408194012
1776235862054872451,0,-5.919017969756895,-9.879536825026193,0.0,0.9586933110206018,0.0,0.0,0.28444179616286275
1776235862074873721,0,-5.919017969756895,-9.879536825026193,0.0,0.9596942890840698,0.0,0.0,0.28104603092629116
1776235862094875900,0,-5.919017969756895,-9.879536825026193,0.0,0.9606638440681269,0.0,0.0,0.2777138431916018
1776235862114874662,0,-5.919017969756895,-9.879536825026193,0.0,0.9616600678592621,0.0,0.0,0.2742442595295652
1776235862134874964,0,-5.919017969756895,-9.879536825026193,0.0,0.9626600808269055,0.0,0.0,0.27071307464238925
1776235862154872571,0,-5.919017969756895,-9.879536825026193,0.0,0.9636309647440073,0.0,0.0,0.2672365315343951
1776235862174872757,0,-5.919017969756895,-9.879536825026193,0.0,0.9646236968110877,0.0,0.0,0.26363065745567377
1776235862194824812,0,-5.919017969756895,-9.879536825026193,0.0,0.965582434710656,0.0,0.0,0.2600972160140162
1776235862214893452,0,-5.919017969756895,-9.879536825026193,0.0,0.9665337180322211,0.0,0.0,0.2565396107949237
1776235862234871725,0,-5.919017969756895,-9.879536825026193,0.0,0.9674853866155407,0.0,0.0,0.2529269196534399
1776235862254871995,0,-5.919017969756895,-9.879536825026193,0.0,0.9684395341356129,0.0,0.0,0.24924860826732223
1776235862274897661,0,-5.919017969756895,-9.879536825026193,0.0,0.9693808819353664,0.0,0.0,0.24556202014605424
1776235862294909432,0,-5.919017969756895,-9.879536825026193,0.0,0.9703390113873261,0.0,0.0,0.2417482222889478
1776235862314918121,0,-5.919017969756895,-9.879536825026193,0.0,0.9712677084714825,0.0,0.0,0.2379895764115631
1776235862334905525,0,-5.919017969756895,-9.879536825026193,0.0,0.9721504425826698,0.0,0.0,0.23435766893003349
1776235862354913051,0,-5.919017969756895,-9.879536825026193,0.0,0.9730343104841324,0.0,0.0,0.2306604227444949
1776235862374908061,0,-5.919017969756895,-9.879536825026193,0.0,0.9738899614445944,0.0,0.0,0.22702057835677894
1776235862394875219,0,-5.919017969756895,-9.879536825026193,0.0,0.9747308333975001,0.0,0.0,0.2233826368011062
1776235862414873873,0,-5.919017969756895,-9.879536825026193,0.0,0.9755440273057938,0.0,0.0,0.2198041191333608
1776235862434873634,0,-5.919017969756895,-9.879536825026193,0.0,0.9763311524384688,0.0,0.0,0.21628102269540742
1776235862454874035,0,-5.919017969756895,-9.879536825026193,0.0,0.9770757829518494,0.0,0.0,0.21289179028095584
1776235862474873576,0,-5.919017969756895,-9.879536825026193,0.0,0.9778086168737593,0.0,0.0,0.2095001402563394
1776235862494875242,0,-5.919017969756895,-9.879536825026193,0.0,0.978544179835562,0.0,0.0,0.20603710372150805
1776235862514921607,0,-5.919017969756895,-9.879536825026193,0.0,0.9792832906228881,0.0,0.0,0.20249502884468057
1776235862535059155,0,-5.919017969756895,-9.879536825026193,0.0,0.9799988307679386,0.0,0.0,0.19900324543452358
1776235862554874835,0,-5.919017969756895,-9.879536825026193,0.0,0.9806772148791023,0.0,0.0,0.19563281988707046
1776235862574871552,0,-5.919017969756895,-9.879536825026193,0.0,0.9813500458013543,0.0,0.0,0.1922292579335406
1776235862594871634,0,-5.919017969756895,-9.879536825026193,0.0,0.982024389760101,0.0,0.0,0.18875406728412839
1776235862614823224,0,-5.919017969756895,-9.879536825026193,0.0,0.9826718960666763,0.0,0.0,0.18535356667926126
1776235862634930325,0,-5.919017969756895,-9.879536825026193,0.0,0.9833490960756265,0.0,0.0,0.18172659477150915
1776235862654904665,0,-5.919017969756895,-9.879536825026193,0.0,0.9840210202810854,0.0,0.0,0.17805232838963836
1776235862674976600,0,-5.919017969756895,-9.879536825026193,0.0,0.9846823979417707,0.0,0.0,0.1743576071860483
1776235862694896233,0,-5.919017969756895,-9.879536825026193,0.0,0.9853471341761681,0.0,0.0,0.17056091337352902
1776235862714873129,0,-5.919017969756895,-9.879536825026193,0.0,0.9859990790705225,0.0,0.0,0.16675076033434275
1776235862734908007,0,-5.919017969756895,-9.879536825026193,0.0,0.9866266916905777,0.0,0.0,0.1629962307653333
1776235862754901243,0,-5.919017969756895,-9.879536825026193,0.0,0.9872705667198636,0.0,0.0,0.1590497660754001
1776235862774874488,0,-5.919017969756895,-9.879536825026193,0.0,0.9878871907737781,0.0,0.0,0.15517376809594133
1776235862794874626,0,-5.919017969756895,-9.879536825026193,0.0,0.9884999852867004,0.0,0.0,0.15122096114029002
1776235862814873579,0,-5.919017969756895,-9.879536825026193,0.0,0.9891057623896217,0.0,0.0,0.14720662623552372
1776235862834872028,0,-5.919017969756895,-9.879536825026193,0.0,0.9896766009617451,0.0,0.0,0.14331861536034565
1776235862854870663,0,-5.919017969756895,-9.879536825026193,0.0,0.990232161563533,0.0,0.0,0.13942835509756615
1776235862874871111,0,-5.919017969756895,-9.879536825026193,0.0,0.990764344403126,0.0,0.0,0.13559503626403144
1776235862894874532,0,-5.919017969756895,-9.879536825026193,0.0,0.991281763816327,0.0,0.0,0.13175911628874742
1776235862914871526,0,-5.919017969756895,-9.879536825026193,0.0,0.9917841727545496,0.0,0.0,0.12792245570490637
1776235862934902352,0,-5.919017969756895,-9.879536825026193,0.0,0.9922725446169297,0.0,0.0,0.12407738391601886
1776235862954874620,0,-5.919017969756895,-9.879536825026193,0.0,0.9927446470937114,0.0,0.0,0.12024169687251841
1776235862974874655,0,-5.919017969756895,-9.879536825026193,0.0,0.9931874077198938,0.0,0.0,0.11652799297438166
1776235862994874784,0,-5.919017969756895,-9.879536825026193,0.0,0.9936083786181003,0.0,0.0,0.11288219496408637
1776235863014934596,0,-5.919017969756895,-9.879536825026193,0.0,0.9940313959208191,0.0,0.0,0.10909438080720665
1776235863034873744,0,-5.919017969756895,-9.879536825026193,0.0,0.9944238996635069,0.0,0.0,0.10545666303284744
1776235863054872837,0,-5.919017969756895,-9.879536825026193,0.0,0.9948174367598038,0.0,0.0,0.10167727139657949
1776235863074901851,0,-5.919017969756895,-9.879536825026193,0.0,0.9951971665368778,0.0,0.0,0.09789075399122094
1776235863094872563,0,-5.919017969756895,-9.879536825026193,0.0,0.9955492162315768,0.0,0.0,0.09424307964351167
1776235863114889881,0,-5.919017969756895,-9.879536825026193,0.0,0.9959004488550982,0.0,0.0,0.09045604440950228
1776235863134888549,0,-5.919017969756895,-9.879536825026193,0.0,0.9962317669599607,0.0,0.0,0.08673100080037355
1776235863154872973,0,-5.919017969756895,-9.879536825026193,0.0,0.9965539057069275,0.0,0.0,0.08294765228906928
1776235863174901121,0,-5.919017969756895,-9.879536825026193,0.0,0.9968726304280582,0.0,0.0,0.07902505111320118
1776235863194896726,0,-5.919017969756895,-9.879536825026193,0.0,0.9971709276623671,0.0,0.0,0.07516741997018463
1776235863214901788,0,-5.919017969756895,-9.879536825026193,0.0,0.9974544274376163,0.0,0.0,0.0713068382772451
1776235863234872309,0,-5.919017969756895,-9.879536825026193,0.0,0.9977178129819574,0.0,0.0,0.06752159401628467
1776235863254903428,0,-5.919017969756895,-9.879536825026193,0.0,0.997967567696665,0.0,0.0,0.06372388740184033
1776235863274901746,0,-5.919017969756895,-9.879536825026193,0.0,0.99820249341314,0.0,0.0,0.0599314787385576
1776235863294898109,0,-5.919017969756895,-9.879536825026193,0.0,0.998422986675046,0.0,0.0,0.05613857567556248
1776235863314894271,0,-5.919017969756895,-9.879536825026193,0.0,0.9986290659707401,0.0,0.0,0.05234490040497937
1776235863334984003,0,-5.919017969756895,-9.879536825026193,0.0,0.9988279226506017,0.0,0.0,0.04840228231688651
1776235863354875039,0,-5.919017969756895,-9.879536825026193,0.0,0.9990037156422626,0.0,0.0,0.04462707847207962
1776235863374949306,0,-5.919017969756895,-9.879536825026193,0.0,0.9991642014959077,0.0,0.0,0.04087662472667217
1776235863394900954,0,-5.919017969756895,-9.879536825026193,0.0,0.9993119776501967,0.0,0.0,0.03708869537814266
1776235863414875337,0,-5.919017969756895,-9.879536825026193,0.0,0.999443540296381,0.0,0.0,0.03335580548924249
1776235863434901231,0,-5.919017969756895,-9.879536825026193,0.0,0.999565290401491,0.0,0.0,0.029482710604403883
1776235863454932864,0,-5.919017969756895,-9.879536825026193,0.0,0.9996687170024763,0.0,0.0,0.0257382253977019
1776235863474894714,0,-5.919017969756895,-9.879536825026193,0.0,0.9997606762579337,0.0,0.0,0.021876704694241578
1776235863494874568,0,-5.919017969756895,-9.879536825026193,0.0,0.9998341634397272,0.0,0.0,0.018211139963792033
1776235863514872370,0,-5.919017969756895,-9.879536825026193,0.0,0.9998961407917026,0.0,0.0,0.014412065426561446
1776235863534872943,0,-5.919017969756895,-9.879536825026193,0.0,0.9999444288510773,0.0,0.0,0.010542258282399797
1776235863554901198,0,-5.919017969756895,-9.879536825026193,0.0,0.9999773059275684,0.0,0.0,0.006737034202244708
1776235863574875502,0,-5.919017969756895,-9.879536825026193,0.0,0.999995875645989,0.0,0.0,0.0028720534485966813
1776235863594907725,0,-5.919017969756895,-9.879536825026193,0.0,0.9999995637613895,0.0,0.0,-0.000934064789355222
1776235863614874156,0,-5.919017969756895,-9.879536825026193,0.0,0.9999888245097291,0.0,0.0,-0.004727669156166401
1776235863634873004,0,-5.919017969756895,-9.879536825026193,0.0,0.9999636413664471,0.0,0.0,-0.008527364490604344
1776235863654872998,0,-5.919017969756895,-9.879536825026193,0.0,0.9999247555722232,0.0,0.0,-0.012267159158903045
1776235863674875214,0,-5.919017969756895,-9.879536825026193,0.0,0.9998697869890016,0.0,0.0,-0.016137195127047768
1776235863694908606,0,-5.919017969756895,-9.879536825026193,0.0,0.9998023170012557,0.0,0.0,-0.019882829751336928
1776235863714872373,0,-5.919017969756895,-9.879536825026193,0.0,0.9997180501852451,0.0,0.0,-0.02374489700571053
1776235863734874428,0,-5.919017969756895,-9.879536825026193,0.0,0.9996186603550083,0.0,0.0,-0.02761401582636061
1776235863754872686,0,-5.919017969756895,-9.879536825026193,0.0,0.999510595265435,0.0,0.0,-0.03128210274479617
1776235863774942241,0,-5.919017969756895,-9.879536825026193,0.0,0.9993886128933949,0.0,0.0,-0.034962843405766296
1776235863794980353,0,-5.919017969756895,-9.879536825026193,0.0,0.9992482581328662,0.0,0.0,-0.03876749435329562
1776235863814872818,0,-5.919017969756895,-9.879536825026193,0.0,0.9991000895132722,0.0,0.0,-0.042414751379342044
1776235863834824970,0,-5.919017969756895,-9.879536825026193,0.0,0.9989261201346842,0.0,0.0,-0.04633148511181634
1776235863854980956,0,-5.919017969756895,-9.879536825026193,0.0,0.9987413626081022,0.0,0.0,-0.050156660731265575
1776235863874873050,0,-5.919017969756895,-9.879536825026193,0.0,0.9985446627660993,0.0,0.0,-0.05393103430620447
1776235863894874711,0,-5.919017969756895,-9.879536825026193,0.0,0.998332497630399,0.0,0.0,-0.0577254205272629
1776235863914874201,0,-5.919017969756895,-9.879536825026193,0.0,0.9981059395724414,0.0,0.0,-0.06151856134707587
1776235863934899477,0,-5.919017969756895,-9.879536825026193,0.0,0.9978561393925055,0.0,0.0,-0.06544558867245798
1776235863954873100,0,-5.919017969756895,-9.879536825026193,0.0,0.9976047358583204,0.0,0.0,-0.0691721836654782
1776235863974872968,0,-5.919017969756895,-9.879536825026193,0.0,0.9973295715412824,0.0,0.0,-0.07303236083601634
1776235863994875716,0,-5.919017969756895,-9.879536825026193,0.0,0.9970494165770016,0.0,0.0,-0.07676236645297438
1776235864014976359,0,-5.919017969756895,-9.879536825026193,0.0,0.9967594993571514,0.0,0.0,-0.08043942094073686
1776235864034873165,0,-5.919017969756895,-9.879536825026193,0.0,0.9964482849282907,0.0,0.0,-0.0842069798975589
1776235864054873862,0,-5.919017969756895,-9.879536825026193,0.0,0.9961377944436254,0.0,0.0,-0.0878037270335927
1776235864075013871,0,-5.919017969756895,-9.879536825026193,0.0,0.995794512221472,0.0,0.0,-0.09161489742176603
1776235864094874218,0,-5.919017969756895,-9.879536825026193,0.0,0.9954473983487447,0.0,0.0,-0.09531252342014349
1776235864114873706,0,-5.919017969756895,-9.879536825026193,0.0,0.9951037644075189,0.0,0.0,-0.09883571248281266
1776235864134873081,0,-5.919017969756895,-9.879536825026193,0.0,0.9947210171540155,0.0,0.0,-0.10261626592349152
1776235864154874021,0,-5.919017969756895,-9.879536825026193,0.0,0.9943238754076928,0.0,0.0,-0.10639563334191397
1776235864174872766,0,-5.919017969756895,-9.879536825026193,0.0,0.9939410298378374,0.0,0.0,-0.10991464508835602
1776235864194874629,0,-5.919017969756895,-9.879536825026193,0.0,0.993530911519498,0.0,0.0,-0.11356200004946797
1776235864214876365,0,-5.919017969756895,-9.879536825026193,0.0,0.993099203994044,0.0,0.0,-0.11727732528667308
1776235864234872752,0,-5.919017969756895,-9.879536825026193,0.0,0.9926537240201463,0.0,0.0,-0.12099001689782178
1776235864254872874,0,-5.919017969756895,-9.879536825026193,0.0,0.9921942771373286,0.0,0.0,-0.1247017097554565
1776235864274977258,0,-5.919017969756895,-9.879536825026193,0.0,0.9917352225699425,0.0,0.0,-0.1283013963842432
1776235864294873980,0,-5.919017969756895,-9.879536825026193,0.0,0.991243109500061,0.0,0.0,-0.1320496038186034
1776235864314874332,0,-5.919017969756895,-9.879536825026193,0.0,0.9907423036316572,0.0,0.0,-0.13575598622026686
1776235864334872830,0,-5.919017969756895,-9.879536825026193,0.0,0.9902011742380453,0.0,0.0,-0.13964825289847452
1776235864354904528,0,-5.919017969756895,-9.879536825026193,0.0,0.989652441735702,0.0,0.0,-0.14348534617361772
1776235864374873751,0,-5.919017969756895,-9.879536825026193,0.0,0.9891200177557433,0.0,0.0,-0.14711081019040742
1776235864394979969,0,-5.919017969756895,-9.879536825026193,0.0,0.9885508116519363,0.0,0.0,-0.1508883454157346
1776235864414874311,0,-5.919017969756895,-9.879536825026193,0.0,0.9879933909024635,0.0,0.0,-0.15449614730811898
1776235864435037212,0,-5.919017969756895,-9.879536825026193,0.0,0.9873942751793956,0.0,0.0,-0.15827995875333026
1776235864454906272,0,-5.919017969756895,-9.879536825026193,0.0,0.9867993695704798,0.0,0.0,-0.16194753537891105
1776235864474873754,0,-5.919017969756895,-9.879536825026193,0.0,0.9861877929078104,0.0,0.0,-0.1656310270439131
1776235864494873930,0,-5.919017969756895,-9.879536825026193,0.0,0.9855614315242457,0.0,0.0,-0.16931823496563939
1776235864514905725,0,-5.919017969756895,-9.879536825026193,0.0,0.9849202613323941,0.0,0.0,-0.1730088980859904
1776235864534873069,0,-5.919017969756895,-9.879536825026193,0.0,0.9842338671044065,0.0,0.0,-0.17687197303333688
1776235864554872276,0,-5.919017969756895,-9.879536825026193,0.0,0.9835420316348332,0.0,0.0,-0.1806794731219478
1776235864574872981,0,-5.919017969756895,-9.879536825026193,0.0,0.9828354134663068,0.0,0.0,-0.18448455229778435
1776235864594908834,0,-5.919017969756895,-9.879536825026193,0.0,0.9821127938634262,0.0,0.0,-0.18829354776458848
1776235864614873422,0,-5.919017969756895,-9.879536825026193,0.0,0.9813665548619551,0.0,0.0,-0.19214495829549416
1776235864634873627,0,-5.919017969756895,-9.879536825026193,0.0,0.9806293126997555,0.0,0.0,-0.19587279309287736
1776235864654872818,0,-5.919017969756895,-9.879536825026193,0.0,0.9798380109073541,0.0,0.0,-0.19979357442400353
1776235864674872848,0,-5.919017969756895,-9.879536825026193,0.0,0.9790717215794577,0.0,0.0,-0.20351551293067785
1776235864694984823,0,-5.919017969756895,-9.879536825026193,0.0,0.9782597840018112,0.0,0.0,-0.20738320810694766
1776235864714873652,0,-5.919017969756895,-9.879536825026193,0.0,0.9774544296834003,0.0,0.0,-0.2111464844421959
1776235864734872687,0,-5.919017969756895,-9.879536825026193,0.0,0.9766450571657123,0.0,0.0,-0.21485909874562575
1776235864754895789,0,-5.919017969756895,-9.879536825026193,0.0,0.9757921281953708,0.0,0.0,-0.21870007442145303
1776235864774903823,0,-5.919017969756895,-9.879536825026193,0.0,0.9749670332607963,0.0,0.0,-0.22234946380560824
1776235864794981697,0,-5.919017969756895,-9.879536825026193,0.0,0.974082211812707,0.0,0.0,-0.2261942630352603
1776235864814906007,0,-5.919017969756895,-9.879536825026193,0.0,0.9732487119741056,0.0,0.0,-0.2297540960260437
1776235864834873110,0,-5.919017969756895,-9.879536825026193,0.0,0.9723397747140166,0.0,0.0,-0.23357089396818173
1776235864854895887,0,-5.919017969756895,-9.879536825026193,0.0,0.9714275303000987,0.0,0.0,-0.23733637179128453
1776235864874903754,0,-5.919017969756895,-9.879536825026193,0.0,0.9705182803009875,0.0,0.0,-0.24102752457263857
1776235864894873986,0,-5.919017969756895,-9.879536825026193,0.0,0.9695967548558408,0.0,0.0,-0.24470826094151887
1776235864914874493,0,-5.919017969756895,-9.879536825026193,0.0,0.9686747433594685,0.0,0.0,-0.24833292487599762
1776235864934871978,0,-5.919017969756895,-9.879536825026193,0.0,0.9677065661647704,0.0,0.0,-0.2520793561591051
1776235864954873123,0,-5.919017969756895,-9.879536825026193,0.0,0.9667416244564265,0.0,0.0,-0.25575502251832605
1776235864974873855,0,-5.919017969756895,-9.879536825026193,0.0,0.9657627417749731,0.0,0.0,-0.25942691957329056
1776235864994986644,0,-5.919017969756895,-9.879536825026193,0.0,0.9647643107448192,0.0,0.0,-0.26311561092621255
1776235865014971420,0,-5.919017969756895,-9.879536825026193,0.0,0.9637396173928326,0.0,0.0,-0.2668444300852399
1776235865034874692,0,-5.919017969756895,-9.879536825026193,0.0,0.9627047792275403,0.0,0.0,-0.27055407602261855
1776235865054872467,0,-5.919017969756895,-9.879536825026193,0.0,0.9616698414282527,0.0,0.0,-0.2742099853895903
1776235865074875029,0,-5.919017969756895,-9.879536825026193,0.0,0.9606207674989148,0.0,0.0,-0.277862809763732
1776235865094874197,0,-5.919017969756895,-9.879536825026193,0.0,0.9595382929049827,0.0,0.0,-0.28157816756451753
1776235865114986380,0,-5.919017969756895,-9.879536825026193,0.0,0.9584552909319376,0.0,0.0,-0.28524280058324863
1776235865134975865,0,-5.919017969756895,-9.879536825026193,0.0,0.9573823499878132,0.0,0.0,-0.288823537703928
1776235865154904281,0,-5.919017969756895,-9.879536825026193,0.0,0.9562439985233994,0.0,0.0,-0.292570359551307
1776235865174907296,0,-5.919017969756895,-9.879536825026193,0.0,0.9551429331519746,0.0,0.0,-0.29614519622955665
1776235865194903180,0,-5.919017969756895,-9.879536825026193,0.0,0.9540109224391263,0.0,0.0,-0.29977184635460224
1776235865214894938,0,-5.919017969756895,-9.879536825026193,0.0,0.9528259463666573,0.0,0.0,-0.30351724157036586
1776235865234876787,0,-5.919017969756895,-9.879536825026193,0.0,0.9517066463598356,0.0,0.0,-0.30700889119782
1776235865255011969,0,-5.919017969756895,-9.879536825026193,0.0,0.9505032708769443,0.0,0.0,-0.31071455075717036
1776235865274903665,0,-5.919017969756895,-9.879536825026193,0.0,0.9493409181161266,0.0,0.0,-0.3142480249586776
1776235865294908170,0,-5.919017969756895,-9.879536825026193,0.0,0.9481809744711235,0.0,0.0,-0.31773076598118527
1776235865314903951,0,-5.919017969756895,-9.879536825026193,0.0,0.9470087683387,0.0,0.0,-0.32120770957375605
1776235865334898857,0,-5.919017969756895,-9.879536825026193,0.0,0.945843338752234,0.0,0.0,-0.3246234411406955
1776235865354901946,0,-5.919017969756895,-9.879536825026193,0.0,0.9446651046133305,0.0,0.0,-0.32803633964224954
1776235865374872540,0,-5.919017969756895,-9.879536825026193,0.0,0.9434764997380937,0.0,0.0,-0.3314394280135586
1776235865394984154,0,-5.919017969756895,-9.879536825026193,0.0,0.9434764997380937,0.0,0.0,-0.3314394280135586
1776235865414908673,0,-5.919017969756895,-9.879536825026193,0.0,0.9434764997380937,0.0,0.0,-0.3314394280135586
1776235865434874846,0,-5.919017969756895,-9.879536825026193,0.0,0.9434764997380937,0.0,0.0,-0.3314394280135586
1776235865454873600,0,-5.9188931432177085,-9.879636900736243,0.0,0.9434333735154693,0.0,0.0,-0.3315621657204288
1776235865474908150,0,-5.918924403252607,-9.87961183396252,0.0,0.9434440048291398,0.0,0.0,-0.33153191362515
1776235865494882821,0,-5.918986741174744,-9.879561856129765,0.0,0.9434646246746442,0.0,0.0,-0.33147322966950543
1776235865514999199,0,-5.9190181335808525,-9.87953669283015,0.0,0.9434745917048382,0.0,0.0,-0.3314448593769241
1776235865534981092,0,-5.9190181335808525,-9.87953669283015,0.0,0.9434745917048382,0.0,0.0,-0.3314448593769241
1776235865554899357,0,-5.918987050249878,-9.87956160820308,0.0,0.9434657962777504,0.0,0.0,-0.3314698949437042
1776235865574901502,0,-5.919018264430802,-9.87953658784578,0.0,0.9434739493447417,0.0,0.0,-0.3314466878818308
1776235865594874706,0,-5.919018264430802,-9.87953658784578,0.0,0.9434739493447417,0.0,0.0,-0.3314466878818308
1776235865614903690,0,-5.919018264430802,-9.87953658784578,0.0,0.9434739493447417,0.0,0.0,-0.3314466878818308
1776235865634873790,0,-5.91904942966175,-9.879511608892502,0.0,0.9434798291204978,0.0,0.0,-0.33142995043109236
1776235865654873003,0,-5.91904942966175,-9.879511608892502,0.0,0.9434798291204978,0.0,0.0,-0.33142995043109236
1776235865674871462,0,-5.91904942966175,-9.879511608892502,0.0,0.9434798291204978,0.0,0.0,-0.33142995043109236
1776235865694906668,0,-5.91904942966175,-9.879511608892502,0.0,0.9434798291204978,0.0,0.0,-0.33142995043109236
1776235865714905434,0,-5.91904942966175,-9.879511608892502,0.0,0.9434798291204978,0.0,0.0,-0.33142995043109236
1776235865734895799,0,-5.91904942966175,-9.879511608892502,0.0,0.9434798291204978,0.0,0.0,-0.33142995043109236
1776235865754905252,0,-5.91904942966175,-9.879511608892502,0.0,0.9434798291204978,0.0,0.0,-0.33142995043109236
1776235865774902498,0,-5.91904942966175,-9.879511608892502,0.0,0.9434798291204978,0.0,0.0,-0.33142995043109236
1776235865794874681,0,-5.91904942966175,-9.879511608892502,0.0,0.9434798291204978,0.0,0.0,-0.33142995043109236
1776235865814904443,0,-5.9190181709152965,-9.879536661963892,0.0,0.9434793377524381,0.0,0.0,-0.3314313492025473
1776235865834870813,0,-5.918987011173273,-9.879561635837296,0.0,0.9434788479374453,0.0,0.0,-0.33143274354630536
1776235865854902214,0,-5.918955749995656,-9.879586691116792,0.0,0.9434786431591123,0.0,0.0,-0.33143332648157214
1776235865874911189,0,-5.918924523835052,-9.879611718369294,0.0,0.9434785990304088,0.0,0.0,-0.3314334521010473
1776235865894903506,0,-5.918893323674375,-9.879636724790121,0.0,0.9434785990304088,0.0,0.0,-0.3314334521010473
1776235865914873267,0,-5.918893323674375,-9.879636724790121,0.0,0.9434785990304088,0.0,0.0,-0.3314334521010473
1776235865934906126,0,-5.918893323674375,-9.879636724790121,0.0,0.9434785990304088,0.0,0.0,-0.3314334521010473
1776235865954904297,0,-5.918893323674375,-9.879636724790121,0.0,0.9434785990304088,0.0,0.0,-0.3314334521010473
1776235865974907231,0,-5.918893323674375,-9.879636724790121,0.0,0.9434785990304088,0.0,0.0,-0.3314334521010473
1776235865994903636,0,-5.918893323674375,-9.879636724790121,0.0,0.9434785990304088,0.0,0.0,-0.3314334521010473
1776235866014873843,0,-5.918893323674375,-9.879636724790121,0.0,0.9434785990304088,0.0,0.0,-0.3314334521010473
1776235866034873741,0,-5.918893323674375,-9.879636724790121,0.0,0.9434785990304088,0.0,0.0,-0.3314334521010473
1776235866054875674,0,-5.918893323674375,-9.879636724790121,0.0,0.9434785990304088,0.0,0.0,-0.3314334521010473
1776235866074874378,0,-5.918893323674375,-9.879636724790121,0.0,0.9434785990304088,0.0,0.0,-0.3314334521010473
1776235866094906789,0,-5.918893323674375,-9.879636724790121,0.0,0.9434785990304088,0.0,0.0,-0.3314334521010473
1776235866114907542,0,-5.918893323674375,-9.879636724790121,0.0,0.9434785990304088,0.0,0.0,-0.3314334521010473
1776235866134904796,0,-5.918893323674375,-9.879636724790121,0.0,0.9434785990304088,0.0,0.0,-0.3314334521010473
1776235866154870952,0,-5.918893323674375,-9.879636724790121,0.0,0.9434785990304088,0.0,0.0,-0.3314334521010473
1776235866174871985,0,-5.918893323674375,-9.879636724790121,0.0,0.9434785990304088,0.0,0.0,-0.3314334521010473
1776235866194975156,0,-5.918893323674375,-9.879636724790121,0.0,0.9434785990304088,0.0,0.0,-0.3314334521010473
1776235866214873250,0,-5.918893323674375,-9.879636724790121,0.0,0.9434785990304088,0.0,0.0,-0.3314334521010473
1776235866234873385,0,-5.918893323674375,-9.879636724790121,0.0,0.9434785990304088,0.0,0.0,-0.3314334521010473
1776235866254874971,0,-5.918893323674375,-9.879636724790121,0.0,0.9434785990304088,0.0,0.0,-0.3314334521010473
1776235866274875220,0,-5.918893323674375,-9.879636724790121,0.0,0.9434785990304088,0.0,0.0,-0.3314334521010473
1776235866294984378,0,-5.918893323674375,-9.879636724790121,0.0,0.9434785990304088,0.0,0.0,-0.3314334521010473
1776235866314907010,0,-5.918893323674375,-9.879636724790121,0.0,0.9434785990304088,0.0,0.0,-0.3314334521010473
1776235866334873174,0,-5.918893323674375,-9.879636724790121,0.0,0.9434785990304088,0.0,0.0,-0.3314334521010473
1776235866354906246,0,-5.918893323674375,-9.879636724790121,0.0,0.9434785990304088,0.0,0.0,-0.3314334521010473
1776235866374987947,0,-5.918893323674375,-9.879636724790121,0.0,0.9434785990304088,0.0,0.0,-0.3314334521010473
1776235866394823483,0,-5.918893323674375,-9.879636724790121,0.0,0.9434785990304088,0.0,0.0,-0.3314334521010473
1776235866414894188,0,-5.918893323674375,-9.879636724790121,0.0,0.9434785990304088,0.0,0.0,-0.3314334521010473
1776235866434821828,0,-5.918893323674375,-9.879636724790121,0.0,0.9434785990304088,0.0,0.0,-0.3314334521010473
1776235866454983112,0,-5.918893323674375,-9.879636724790121,0.0,0.9434785990304088,0.0,0.0,-0.3314334521010473
1776235866474899822,0,-5.918893323674375,-9.879636724790121,0.0,0.9434785990304088,0.0,0.0,-0.3314334521010473
1776235866494905291,0,-5.918893323674375,-9.879636724790121,0.0,0.9434785990304088,0.0,0.0,-0.3314334521010473
1776235866514981373,0,-5.918893323674375,-9.879636724790121,0.0,0.9434785990304088,0.0,0.0,-0.3314334521010473
1776235866534988513,0,-5.918893323674375,-9.879636724790121,0.0,0.9434785990304088,0.0,0.0,-0.3314334521010473
1776235866554986363,0,-5.918893323674375,-9.879636724790121,0.0,0.9434785990304088,0.0,0.0,-0.3314334521010473
1776235866574905431,0,-5.918893323674375,-9.879636724790121,0.0,0.9434785990304088,0.0,0.0,-0.3314334521010473
1776235866594978408,0,-5.918893323674375,-9.879636724790121,0.0,0.9434785990304088,0.0,0.0,-0.3314334521010473
1776235866614874644,0,-5.918893323674375,-9.879636724790121,0.0,0.9434785990304088,0.0,0.0,-0.3314334521010473
1776235866634872149,0,-5.918893323674375,-9.879636724790121,0.0,0.9434785990304088,0.0,0.0,-0.3314334521010473
1776235866654872699,0,-5.918893323674375,-9.879636724790121,0.0,0.9434785990304088,0.0,0.0,-0.3314334521010473
1776235866674874267,0,-5.918893323674375,-9.879636724790121,0.0,0.9434785990304088,0.0,0.0,-0.3314334521010473
1776235866694984826,0,-5.918893323674375,-9.879636724790121,0.0,0.9434785990304088,0.0,0.0,-0.3314334521010473
1776235866714992527,0,-5.918893323674375,-9.879636724790121,0.0,0.9434785990304088,0.0,0.0,-0.3314334521010473
1776235866734984387,0,-5.918893323674375,-9.879636724790121,0.0,0.9434785990304088,0.0,0.0,-0.3314334521010473
1776235866754977142,0,-5.918893323674375,-9.879636724790121,0.0,0.9434785990304088,0.0,0.0,-0.3314334521010473
1776235866774824493,0,-5.918893323674375,-9.879636724790121,0.0,0.9434785990304088,0.0,0.0,-0.3314334521010473
1776235866794823806,0,-5.918893323674375,-9.879636724790121,0.0,0.9434785990304088,0.0,0.0,-0.3314334521010473
1776235866814823460,0,-5.918893323674375,-9.879636724790121,0.0,0.9434785990304088,0.0,0.0,-0.3314334521010473
1776235866834997926,0,-5.918893323674375,-9.879636724790121,0.0,0.9434785990304088,0.0,0.0,-0.3314334521010473
1776235866854822546,0,-5.918893323674375,-9.879636724790121,0.0,0.9434785990304088,0.0,0.0,-0.3314334521010473
1776235866874823453,0,-5.918893323674375,-9.879636724790121,0.0,0.9434785990304088,0.0,0.0,-0.3314334521010473
1776235866894907370,0,-5.918893323674375,-9.879636724790121,0.0,0.9434785990304088,0.0,0.0,-0.3314334521010473
1776235866914906628,0,-5.918893323674375,-9.879636724790121,0.0,0.9434785990304088,0.0,0.0,-0.3314334521010473
1776235866934908779,0,-5.918893323674375,-9.879636724790121,0.0,0.9434785990304088,0.0,0.0,-0.3314334521010473
1776235866954977332,0,-5.918893323674375,-9.879636724790121,0.0,0.9434785990304088,0.0,0.0,-0.3314334521010473
1776235866974910309,0,-5.918893323674375,-9.879636724790121,0.0,0.9434785990304088,0.0,0.0,-0.3314334521010473
1776235866994909856,0,-5.918893323674375,-9.879636724790121,0.0,0.9434785990304088,0.0,0.0,-0.3314334521010473
1776235867014981564,0,-5.918893323674375,-9.879636724790121,0.0,0.9434785990304088,0.0,0.0,-0.3314334521010473
1776235867034903889,0,-5.918893323674375,-9.879636724790121,0.0,0.9434785990304088,0.0,0.0,-0.3314334521010473
1776235867054904784,0,-5.918893323674375,-9.879636724790121,0.0,0.9434785990304088,0.0,0.0,-0.3314334521010473
1776235867074889039,0,-5.918893323674375,-9.879636724790121,0.0,0.9434785990304088,0.0,0.0,-0.3314334521010473
1776235867094983501,0,-5.918893323674375,-9.879636724790121,0.0,0.9434785990304088,0.0,0.0,-0.3314334521010473
1776235867114994249,0,-5.918893323674375,-9.879636724790121,0.0,0.9434785990304088,0.0,0.0,-0.3314334521010473
1776235867134908005,0,-5.918893323674375,-9.879636724790121,0.0,0.9434785990304088,0.0,0.0,-0.3314334521010473
1776235867154875532,0,-5.918893323674375,-9.879636724790121,0.0,0.9434785990304088,0.0,0.0,-0.3314334521010473
1776235867174985200,0,-5.918893323674375,-9.879636724790121,0.0,0.9434785990304088,0.0,0.0,-0.3314334521010473
1776235867194908756,0,-5.918893323674375,-9.879636724790121,0.0,0.9434785990304088,0.0,0.0,-0.3314334521010473
1776235867214905826,0,-5.918893323674375,-9.879636724790121,0.0,0.9434785990304088,0.0,0.0,-0.3314334521010473
1776235867234905755,0,-5.918893323674375,-9.879636724790121,0.0,0.9434785990304088,0.0,0.0,-0.3314334521010473
1776235867254907936,0,-5.918893323674375,-9.879636724790121,0.0,0.9434785990304088,0.0,0.0,-0.3314334521010473
1776235867274901476,0,-5.918893323674375,-9.879636724790121,0.0,0.9434785990304088,0.0,0.0,-0.3314334521010473
1776235867294906105,0,-5.918893323674375,-9.879636724790121,0.0,0.9434785990304088,0.0,0.0,-0.3314334521010473
1776235867314823646,0,-5.918893323674375,-9.879636724790121,0.0,0.9434785990304088,0.0,0.0,-0.3314334521010473
1776235867334821346,0,-5.918893323674375,-9.879636724790121,0.0,0.9434785990304088,0.0,0.0,-0.3314334521010473
1776235867354822544,0,-5.918893323674375,-9.879636724790121,0.0,0.9434785990304088,0.0,0.0,-0.3314334521010473
1776235867374822313,0,-5.918893323674375,-9.879636724790121,0.0,0.9434785990304088,0.0,0.0,-0.3314334521010473
1776235867394902433,0,-5.918893323674375,-9.879636724790121,0.0,0.9434785990304088,0.0,0.0,-0.3314334521010473
1776235867414872959,0,-5.918893323674375,-9.879636724790121,0.0,0.9434785990304088,0.0,0.0,-0.3314334521010473
1776235867434870714,0,-5.918893323674375,-9.879636724790121,0.0,0.9434785990304088,0.0,0.0,-0.3314334521010473
1776235867454894913,0,-5.918893323674375,-9.879636724790121,0.0,0.9434785990304088,0.0,0.0,-0.3314334521010473
1776235867474908074,0,-5.918893323674375,-9.879636724790121,0.0,0.9434785990304088,0.0,0.0,-0.3314334521010473
1776235867494873799,0,-5.918893323674375,-9.879636724790121,0.0,0.9434785990304088,0.0,0.0,-0.3314334521010473
1776235867514994356,0,-5.918893323674375,-9.879636724790121,0.0,0.9434785990304088,0.0,0.0,-0.3314334521010473
1776235867534873777,0,-5.918893323674375,-9.879636724790121,0.0,0.9434785990304088,0.0,0.0,-0.3314334521010473
1776235867554903171,0,-5.918893323674375,-9.879636724790121,0.0,0.9434785990304088,0.0,0.0,-0.3314334521010473
1776235867574893689,0,-5.918893323674375,-9.879636724790121,0.0,0.9434785990304088,0.0,0.0,-0.3314334521010473
1776235867594907103,0,-5.918893323674375,-9.879636724790121,0.0,0.9434785990304088,0.0,0.0,-0.3314334521010473
1776235867614892302,0,-5.918893323674375,-9.879636724790121,0.0,0.9434785990304088,0.0,0.0,-0.3314334521010473
1776235867634873742,0,-5.918893323674375,-9.879636724790121,0.0,0.9434785990304088,0.0,0.0,-0.3314334521010473
1776235867654907546,0,-5.918893323674375,-9.879636724790121,0.0,0.9434785990304088,0.0,0.0,-0.3314334521010473
1776235867674872179,0,-5.918893323674375,-9.879636724790121,0.0,0.9434785990304088,0.0,0.0,-0.3314334521010473
1776235867694990145,0,-5.918893323674375,-9.879636724790121,0.0,0.9434785990304088,0.0,0.0,-0.3314334521010473
1776235867714893786,0,-5.918893323674375,-9.879636724790121,0.0,0.9434785990304088,0.0,0.0,-0.3314334521010473
1776235867734874303,0,-5.918893323674375,-9.879636724790121,0.0,0.9434785990304088,0.0,0.0,-0.3314334521010473
1776235867754908587,0,-5.918893323674375,-9.879636724790121,0.0,0.9434785990304088,0.0,0.0,-0.3314334521010473
1776235867774873525,0,-5.918893323674375,-9.879636724790121,0.0,0.9434785990304088,0.0,0.0,-0.3314334521010473
1776235867794906087,0,-5.918893323674375,-9.879636724790121,0.0,0.9434785990304088,0.0,0.0,-0.3314334521010473
1776235867814871891,0,-5.918893323674375,-9.879636724790121,0.0,0.9434785990304088,0.0,0.0,-0.3314334521010473
1776235867834995485,0,-5.918893323674375,-9.879636724790121,0.0,0.9434785990304088,0.0,0.0,-0.3314334521010473
1776235867854990874,0,-5.918893323674375,-9.879636724790121,0.0,0.9434785990304088,0.0,0.0,-0.3314334521010473
1776235867874903873,0,-5.918893323674375,-9.879636724790121,0.0,0.9434785990304088,0.0,0.0,-0.3314334521010473
1776235867894874548,0,-5.918893323674375,-9.879636724790121,0.0,0.9434785990304088,0.0,0.0,-0.3314334521010473
1776235867914873960,0,-5.918893323674375,-9.879636724790121,0.0,0.9434785990304088,0.0,0.0,-0.3314334521010473
1776235867934905344,0,-5.918893323674375,-9.879636724790121,0.0,0.9434785990304088,0.0,0.0,-0.3314334521010473
1776235867954914539,0,-5.918893323674375,-9.879636724790121,0.0,0.9434785990304088,0.0,0.0,-0.3314334521010473
1776235867974822246,0,-5.918893323674375,-9.879636724790121,0.0,0.9434785990304088,0.0,0.0,-0.3314334521010473
1776235867994874135,0,-5.918893323674375,-9.879636724790121,0.0,0.9434785990304088,0.0,0.0,-0.3314334521010473
1776235868014873764,0,-5.918893323674375,-9.879636724790121,0.0,0.9434785990304088,0.0,0.0,-0.3314334521010473
1776235868034871643,0,-5.918893323674375,-9.879636724790121,0.0,0.9434785990304088,0.0,0.0,-0.3314334521010473
1776235868054906317,0,-5.918893323674375,-9.879636724790121,0.0,0.9434785990304088,0.0,0.0,-0.3314334521010473
1776235868074979362,0,-5.918893323674375,-9.879636724790121,0.0,0.9434785990304088,0.0,0.0,-0.3314334521010473
1776235868094905998,0,-5.918893323674375,-9.879636724790121,0.0,0.9434785990304088,0.0,0.0,-0.3314334521010473
1776235868114897134,0,-5.918893323674375,-9.879636724790121,0.0,0.9434785990304088,0.0,0.0,-0.3314334521010473
1776235868134876259,0,-5.918893323674375,-9.879636724790121,0.0,0.9434785990304088,0.0,0.0,-0.3314334521010473
1776235868154904852,0,-5.918893323674375,-9.879636724790121,0.0,0.9434785990304088,0.0,0.0,-0.3314334521010473
1776235868174902231,0,-5.918893323674375,-9.879636724790121,0.0,0.9434785990304088,0.0,0.0,-0.3314334521010473
1776235868194904992,0,-5.918893323674375,-9.879636724790121,0.0,0.9434785990304088,0.0,0.0,-0.3314334521010473
1776235868214903810,0,-5.918893323674375,-9.879636724790121,0.0,0.9434785990304088,0.0,0.0,-0.3314334521010473
1776235868234902899,0,-5.918893323674375,-9.879636724790121,0.0,0.9434785990304088,0.0,0.0,-0.3314334521010473
1776235868254908068,0,-5.918893323674375,-9.879636724790121,0.0,0.9434785990304088,0.0,0.0,-0.3314334521010473
1776235868274974670,0,-5.918893323674375,-9.879636724790121,0.0,0.9434785990304088,0.0,0.0,-0.3314334521010473
1776235868294900486,0,-5.918893323674375,-9.879636724790121,0.0,0.9434785990304088,0.0,0.0,-0.3314334521010473
1776235868314824743,0,-5.918893323674375,-9.879636724790121,0.0,0.9434785990304088,0.0,0.0,-0.3314334521010473
1776235868334998847,0,-5.918893323674375,-9.879636724790121,0.0,0.9434785990304088,0.0,0.0,-0.3314334521010473
1776235868354872487,0,-5.918893323674375,-9.879636724790121,0.0,0.9434785990304088,0.0,0.0,-0.3314334521010473
1776235868374903402,0,-5.918893323674375,-9.879636724790121,0.0,0.9434785990304088,0.0,0.0,-0.3314334521010473
1776235868394874632,0,-5.918893323674375,-9.879636724790121,0.0,0.9434785990304088,0.0,0.0,-0.3314334521010473
1776235868414909274,0,-5.918893323674375,-9.879636724790121,0.0,0.9434785990304088,0.0,0.0,-0.3314334521010473
1776235868434827178,0,-5.918893323674375,-9.879636724790121,0.0,0.9434785990304088,0.0,0.0,-0.3314334521010473
1776235868454822814,0,-5.918893323674375,-9.879636724790121,0.0,0.9434785990304088,0.0,0.0,-0.3314334521010473
1776235868474907647,0,-5.918893323674375,-9.879636724790121,0.0,0.9434785990304088,0.0,0.0,-0.3314334521010473
1776235868494901491,0,-5.918893323674375,-9.879636724790121,0.0,0.9434785990304088,0.0,0.0,-0.3314334521010473
1776235868514905300,0,-5.918893323674375,-9.879636724790121,0.0,0.9434785990304088,0.0,0.0,-0.3314334521010473
1776235868534904028,0,-5.918893323674375,-9.879636724790121,0.0,0.9434785990304088,0.0,0.0,-0.3314334521010473
1776235868554904186,0,-5.918893323674375,-9.879636724790121,0.0,0.9434785990304088,0.0,0.0,-0.3314334521010473
1776235868574822842,0,-5.918893323674375,-9.879636724790121,0.0,0.9434785990304088,0.0,0.0,-0.3314334521010473
1776235868594986071,0,-5.918893323674375,-9.879636724790121,0.0,0.9434785990304088,0.0,0.0,-0.3314334521010473
1776235868614978342,0,-5.918893323674375,-9.879636724790121,0.0,0.9434785990304088,0.0,0.0,-0.3314334521010473
1776235868634995521,0,-5.918893323674375,-9.879636724790121,0.0,0.9434785990304088,0.0,0.0,-0.3314334521010473
1776235868655017481,0,-5.918893323674375,-9.879636724790121,0.0,0.9434785990304088,0.0,0.0,-0.3314334521010473
1776235868674973469,0,-5.918893323674375,-9.879636724790121,0.0,0.9434785990304088,0.0,0.0,-0.3314334521010473
1776235868694982693,0,-5.918893323674375,-9.879636724790121,0.0,0.9434785990304088,0.0,0.0,-0.3314334521010473
1776235868714906002,0,-5.918893323674375,-9.879636724790121,0.0,0.9434785990304088,0.0,0.0,-0.3314334521010473
1776235868734901074,0,-5.918893323674375,-9.879636724790121,0.0,0.9434785990304088,0.0,0.0,-0.3314334521010473
1776235868754906992,0,-5.918893323674375,-9.879636724790121,0.0,0.9434785990304088,0.0,0.0,-0.3314334521010473
1776235868774971934,0,-5.918893323674375,-9.879636724790121,0.0,0.9434785990304088,0.0,0.0,-0.3314334521010473
1776235868794908808,0,-5.918893323674375,-9.879636724790121,0.0,0.9434785990304088,0.0,0.0,-0.3314334521010473
1776235868814875875,0,-5.918893323674375,-9.879636724790121,0.0,0.9434785990304088,0.0,0.0,-0.3314334521010473
1776235868834987560,0,-5.918893323674375,-9.879636724790121,0.0,0.9434785990304088,0.0,0.0,-0.3314334521010473
1776235868854906376,0,-5.918893323674375,-9.879636724790121,0.0,0.9434785990304088,0.0,0.0,-0.3314334521010473
1776235868874992581,0,-5.918893323674375,-9.879636724790121,0.0,0.9434785990304088,0.0,0.0,-0.3314334521010473
1776235868894990997,0,-5.918893323674375,-9.879636724790121,0.0,0.9434785990304088,0.0,0.0,-0.3314334521010473
1776235868914992285,0,-5.918893323674375,-9.879636724790121,0.0,0.9434785990304088,0.0,0.0,-0.3314334521010473
1776235868934905135,0,-5.918893323674375,-9.879636724790121,0.0,0.9434785990304088,0.0,0.0,-0.3314334521010473
1776235868955011281,0,-5.918893323674375,-9.879636724790121,0.0,0.9434785990304088,0.0,0.0,-0.3314334521010473
1776235868974981891,0,-5.918893323674375,-9.879636724790121,0.0,0.9434785990304088,0.0,0.0,-0.3314334521010473
1776235868994907557,0,-5.918893323674375,-9.879636724790121,0.0,0.9434785990304088,0.0,0.0,-0.3314334521010473
1776235869014907775,0,-5.918893323674375,-9.879636724790121,0.0,0.9434785990304088,0.0,0.0,-0.3314334521010473
1776235869034905057,0,-5.918893323674375,-9.879636724790121,0.0,0.9434785990304088,0.0,0.0,-0.3314334521010473
1776235869054903973,0,-5.918893323674375,-9.879636724790121,0.0,0.9434785990304088,0.0,0.0,-0.3314334521010473
1776235869074907283,0,-5.918893323674375,-9.879636724790121,0.0,0.9434785990304088,0.0,0.0,-0.3314334521010473
1776235869094905808,0,-5.918893323674375,-9.879636724790121,0.0,0.9434785990304088,0.0,0.0,-0.3314334521010473
1776235869114976483,0,-5.918893323674375,-9.879636724790121,0.0,0.9434785990304088,0.0,0.0,-0.3314334521010473
1776235869134983015,0,-5.918893323674375,-9.879636724790121,0.0,0.9434785990304088,0.0,0.0,-0.3314334521010473
1776235869154873022,0,-5.918893323674375,-9.879636724790121,0.0,0.9434785990304088,0.0,0.0,-0.3314334521010473
1776235869174873192,0,-5.918893323674375,-9.879636724790121,0.0,0.9434785990304088,0.0,0.0,-0.3314334521010473
1776235869194905019,0,-5.918893323674375,-9.879636724790121,0.0,0.9434785990304088,0.0,0.0,-0.3314334521010473
1776235869214903848,0,-5.918893323674375,-9.879636724790121,0.0,0.9434785990304088,0.0,0.0,-0.3314334521010473
1776235869234897276,0,-5.918893323674375,-9.879636724790121,0.0,0.9434785990304088,0.0,0.0,-0.3314334521010473
1776235869254904718,0,-5.918893323674375,-9.879636724790121,0.0,0.9434785990304088,0.0,0.0,-0.3314334521010473
1776235869274908344,0,-5.918893323674375,-9.879636724790121,0.0,0.9434785990304088,0.0,0.0,-0.3314334521010473
1776235869294907302,0,-5.918893323674375,-9.879636724790121,0.0,0.9434785990304088,0.0,0.0,-0.3314334521010473
1776235869314905499,0,-5.918893323674375,-9.879636724790121,0.0,0.9434785990304088,0.0,0.0,-0.3314334521010473
1776235869334873999,0,-5.918893323674375,-9.879636724790121,0.0,0.9434785990304088,0.0,0.0,-0.3314334521010473
1776235869354901494,0,-5.918893323674375,-9.879636724790121,0.0,0.9434785990304088,0.0,0.0,-0.3314334521010473
1776235869374872280,0,-5.918893323674375,-9.879636724790121,0.0,0.9434785990304088,0.0,0.0,-0.3314334521010473
1776235869394903577,0,-5.918893323674375,-9.879636724790121,0.0,0.9434785990304088,0.0,0.0,-0.3314334521010473
1776235869414904746,0,-5.918893323674375,-9.879636724790121,0.0,0.9434785990304088,0.0,0.0,-0.3314334521010473
1776235869434899316,0,-5.918893323674375,-9.879636724790121,0.0,0.9434785990304088,0.0,0.0,-0.3314334521010473
1776235869454873850,0,-5.918893323674375,-9.879636724790121,0.0,0.9434785990304088,0.0,0.0,-0.3314334521010473
1776235869474905400,0,-5.918893323674375,-9.879636724790121,0.0,0.9434785990304088,0.0,0.0,-0.3314334521010473
1776235869494909558,0,-5.918893323674375,-9.879636724790121,0.0,0.9434785990304088,0.0,0.0,-0.3314334521010473
1776235869514995458,0,-5.918893323674375,-9.879636724790121,0.0,0.9434785990304088,0.0,0.0,-0.3314334521010473
1776235869534906644,0,-5.918893323674375,-9.879636724790121,0.0,0.9434785990304088,0.0,0.0,-0.3314334521010473
1776235869554905166,0,-5.918893323674375,-9.879636724790121,0.0,0.9434785990304088,0.0,0.0,-0.3314334521010473
1776235869574973863,0,-5.918893323674375,-9.879636724790121,0.0,0.9434785990304088,0.0,0.0,-0.3314334521010473
1776235869594909117,0,-5.918893323674375,-9.879636724790121,0.0,0.9434785990304088,0.0,0.0,-0.3314334521010473
1776235869614904835,0,-5.918893323674375,-9.879636724790121,0.0,0.9434785990304088,0.0,0.0,-0.3314334521010473
1776235869634970779,0,-5.918893323674375,-9.879636724790121,0.0,0.9434785990304088,0.0,0.0,-0.3314334521010473
1776235869654984997,0,-5.918893323674375,-9.879636724790121,0.0,0.9434785990304088,0.0,0.0,-0.3314334521010473
1776235869674908033,0,-5.918893323674375,-9.879636724790121,0.0,0.9434785990304088,0.0,0.0,-0.3314334521010473
1776235869694982373,0,-5.918893323674375,-9.879636724790121,0.0,0.9434785990304088,0.0,0.0,-0.3314334521010473
1776235869714875528,0,-5.918893323674375,-9.879636724790121,0.0,0.9434785990304088,0.0,0.0,-0.3314334521010473
1776235869734987498,0,-5.918893323674375,-9.879636724790121,0.0,0.9434785990304088,0.0,0.0,-0.3314334521010473
1776235869754910298,0,-5.918893323674375,-9.879636724790121,0.0,0.9434785990304088,0.0,0.0,-0.3314334521010473
1776235869774911141,0,-5.918893323674375,-9.879636724790121,0.0,0.9434785990304088,0.0,0.0,-0.3314334521010473
1776235869794823159,0,-5.918893323674375,-9.879636724790121,0.0,0.9434785990304088,0.0,0.0,-0.3314334521010473
1776235869814875543,0,-5.918893323674375,-9.879636724790121,0.0,0.9434785990304088,0.0,0.0,-0.3314334521010473
1776235869835001484,0,-5.918893323674375,-9.879636724790121,0.0,0.9434785990304088,0.0,0.0,-0.3314334521010473
1776235869854904419,0,-5.918893323674375,-9.879636724790121,0.0,0.9434785990304088,0.0,0.0,-0.3314334521010473
1776235869874983558,0,-5.918893323674375,-9.879636724790121,0.0,0.9434785990304088,0.0,0.0,-0.3314334521010473
1776235869894906414,0,-5.918893323674375,-9.879636724790121,0.0,0.9434785990304088,0.0,0.0,-0.3314334521010473
1776235869914905143,0,-5.918893323674375,-9.879636724790121,0.0,0.9434785990304088,0.0,0.0,-0.3314334521010473
1776235869934904793,0,-5.918893323674375,-9.879636724790121,0.0,0.9434785990304088,0.0,0.0,-0.3314334521010473
1776235869954822063,0,-5.918893323674375,-9.879636724790121,0.0,0.9434785990304088,0.0,0.0,-0.3314334521010473
1776235869974837565,0,-5.918893323674375,-9.879636724790121,0.0,0.9434785990304088,0.0,0.0,-0.3314334521010473
1776235869994907944,0,-5.918893323674375,-9.879636724790121,0.0,0.9434785990304088,0.0,0.0,-0.3314334521010473
1776235870014905522,0,-5.918893323674375,-9.879636724790121,0.0,0.9434785990304088,0.0,0.0,-0.3314334521010473
1776235870034914198,0,-5.918893323674375,-9.879636724790121,0.0,0.9434785990304088,0.0,0.0,-0.3314334521010473
1776235870054904643,0,-5.918893323674375,-9.879636724790121,0.0,0.9434785990304088,0.0,0.0,-0.3314334521010473
1776235870074874479,0,-5.918893323674375,-9.879636724790121,0.0,0.9434785990304088,0.0,0.0,-0.3314334521010473
