1788446844370749843,0,0.487001754749986,0.6236257392381779,0.0,0.9927374746232797,0.0,0.0,0.12030089974141141
1788446844397952736,0,0.487001754749986,0.6236257392381779,0.0,0.9927374746232797,0.0,0.0,0.12030089974141141
1788446844410840937,0,0.487001754749986,0.6236257392381779,0.0,0.9927374746232797,0.0,0.0,0.12030089974141141
1788446844430806343,0,0.487001754749986,0.6236257392381779,0.0,0.9927374746232797,0.0,0.0,0.12030089974141141
1788446844450728042,0,0.487001754749986,0.6236257392381779,0.0,0.9927374746232797,0.0,0.0,0.12030089974141141
1788446844470780508,0,0.487001754749986,0.6236257392381779,0.0,0.9927374746232797,0.0,0.0,0.12030089974141141
1788446844498411853,0,0.487001754749986,0.6236257392381779,0.0,0.9927374746232797,0.0,0.0,0.12030089974141141
1788446844510758821,0,0.487001754749986,0.6236257392381779,0.0,0.9927374746232797,0.0,0.0,0.12030089974141141
1788446844530777862,0,0.487001754749986,0.6236257392381779,0.0,0.9927374746232797,0.0,0.0,0.12030089974141141
1788446844550734306,0,0.487001754749986,0.6236257392381779,0.0,0.9927374746232797,0.0,0.0,0.12030089974141141
1788446844570754603,0,0.487001754749986,0.6236257392381779,0.0,0.9927374746232797,0.0,0.0,0.12030089974141141
1788446844598780060,0,0.487001754749986,0.6236257392381779,0.0,0.9927374746232797,0.0,0.0,0.12030089974141141
1788446844610899193,0,0.487001754749986,0.6236257392381779,0.0,0.9927374746232797,0.0,0.0,0.12030089974141141
1788446844631062068,0,0.487001754749986,0.6236257392381779,0.0,0.9927374746232797,0.0,0.0,0.12030089974141141
1788446844650723192,0,0.487001754749986,0.6236257392381779,0.0,0.9927374746232797,0.0,0.0,0.12030089974141141
1788446844670756274,0,0.487001754749986,0.6236257392381779,0.0,0.9927374746232797,0.0,0.0,0.12030089974141141
1788446844698097474,0,0.487001754749986,0.6236257392381779,0.0,0.9927374746232797,0.0,0.0,0.12030089974141141
1788446844710759911,0,0.487001754749986,0.6236257392381779,0.0,0.9927374746232797,0.0,0.0,0.12030089974141141
1788446844730774620,0,0.487001754749986,0.6236257392381779,0.0,0.9927374746232797,0.0,0.0,0.12030089974141141
1788446844750737912,0,0.487001754749986,0.6236257392381779,0.0,0.9927374746232797,0.0,0.0,0.12030089974141141
1788446844770931231,0,0.487001754749986,0.6236257392381779,0.0,0.9927374746232797,0.0,0.0,0.12030089974141141
1788446844798099390,0,0.487001754749986,0.6236257392381779,0.0,0.9927374746232797,0.0,0.0,0.12030089974141141
1788446844810979077,0,0.487001754749986,0.6236257392381779,0.0,0.9927374746232797,0.0,0.0,0.12030089974141141
1788446844830723108,0,0.487001754749986,0.6236257392381779,0.0,0.9927374746232797,0.0,0.0,0.12030089974141141
1788446844850726614,0,0.487001754749986,0.6236257392381779,0.0,0.9927374746232797,0.0,0.0,0.12030089974141141
1788446844870728013,0,0.487001754749986,0.6236257392381779,0.0,0.9927374746232797,0.0,0.0,0.12030089974141141
1788446844898061187,0,0.487001754749986,0.6236257392381779,0.0,0.9927374746232797,0.0,0.0,0.12030089974141141
1788446844910743814,0,0.487001754749986,0.6236257392381779,0.0,0.9927374746232797,0.0,0.0,0.12030089974141141
1788446844930755016,0,0.487001754749986,0.6236257392381779,0.0,0.9927374746232797,0.0,0.0,0.12030089974141141
1788446844950727421,0,0.487001754749986,0.6236257392381779,0.0,0.9927374746232797,0.0,0.0,0.12030089974141141
1788446844970767708,0,0.487001754749986,0.6236257392381779,0.0,0.9927374746232797,0.0,0.0,0.12030089974141141
1788446844998209436,0,0.487001754749986,0.6236257392381779,0.0,0.9927374746232797,0.0,0.0,0.12030089974141141
1788446845010740276,0,0.487001754749986,0.6236257392381779,0.0,0.9927374746232797,0.0,0.0,0.12030089974141141
1788446845030769302,0,0.487001754749986,0.6236257392381779,0.0,0.9927374746232797,0.0,0.0,0.12030089974141141
1788446845050725741,0,0.487001754749986,0.6236257392381779,0.0,0.9927374746232797,0.0,0.0,0.12030089974141141
1788446845070961475,0,0.487001754749986,0.6236257392381779,0.0,0.9927374746232797,0.0,0.0,0.12030089974141141
1788446845099077346,0,0.487001754749986,0.6236257392381779,0.0,0.9927374746232797,0.0,0.0,0.12030089974141141
1788446845110754482,0,0.487001754749986,0.6236257392381779,0.0,0.9927374746232797,0.0,0.0,0.12030089974141141
1788446845130741276,0,0.487001754749986,0.6236257392381779,0.0,0.9927374746232797,0.0,0.0,0.12030089974141141
1788446845150740377,0,0.487001754749986,0.6236257392381779,0.0,0.9927374746232797,0.0,0.0,0.12030089974141141
1788446845170957902,0,0.487001754749986,0.6236257392381779,0.0,0.9927374746232797,0.0,0.0,0.12030089974141141
1788446845198654635,0,0.487001754749986,0.6236257392381779,0.0,0.9927374746232797,0.0,0.0,0.12030089974141141
1788446845210843996,0,0.487001754749986,0.6236257392381779,0.0,0.9927374746232797,0.0,0.0,0.12030089974141141
1788446845230750471,0,0.487001754749986,0.6236257392381779,0.0,0.9927374746232797,0.0,0.0,0.12030089974141141
1788446845250714185,0,0.487001754749986,0.6236257392381779,0.0,0.9927374746232797,0.0,0.0,0.12030089974141141
1788446845270735736,0,0.487001754749986,0.6236257392381779,0.0,0.9927374746232797,0.0,0.0,0.12030089974141141
1788446845298028581,0,0.487001754749986,0.6236257392381779,0.0,0.9927374746232797,0.0,0.0,0.12030089974141141
1788446845311138295,0,0.487001754749986,0.6236257392381779,0.0,0.9927374746232797,0.0,0.0,0.12030089974141141
1788446845330752447,0,0.487001754749986,0.6236257392381779,0.0,0.9927374746232797,0.0,0.0,0.12030089974141141
1788446845351028481,0,0.487001754749986,0.6236257392381779,0.0,0.9927374746232797,0.0,0.0,0.12030089974141141
1788446845370724065,0,0.487001754749986,0.6236257392381779,0.0,0.9927374746232797,0.0,0.0,0.12030089974141141
1788446845398124449,0,0.487001754749986,0.6236257392381779,0.0,0.9927374746232797,0.0,0.0,0.12030089974141141
1788446845410757166,0,0.487001754749986,0.6236257392381779,0.0,0.9927374746232797,0.0,0.0,0.12030089974141141
1788446845430786819,0,0.487001754749986,0.6236257392381779,0.0,0.9927374746232797,0.0,0.0,0.12030089974141141
1788446845450716680,0,0.487001754749986,0.6236257392381779,0.0,0.9927374746232797,0.0,0.0,0.12030089974141141
1788446845470761759,0,0.487001754749986,0.6236257392381779,0.0,0.9927374746232797,0.0,0.0,0.12030089974141141
1788446845498012337,0,0.487001754749986,0.6236257392381779,0.0,0.9927374746232797,0.0,0.0,0.12030089974141141
1788446845510787249,0,0.487001754749986,0.6236257392381779,0.0,0.9927374746232797,0.0,0.0,0.12030089974141141
1788446845530729789,0,0.487001754749986,0.6236257392381779,0.0,0.9927374746232797,0.0,0.0,0.12030089974141141
1788446845550723805,0,0.487001754749986,0.6236257392381779,0.0,0.9927374746232797,0.0,0.0,0.12030089974141141
1788446845570723973,0,0.487001754749986,0.6236257392381779,0.0,0.9927374746232797,0.0,0.0,0.12030089974141141
1788446845598161137,0,0.487001754749986,0.6236257392381779,0.0,0.9927374746232797,0.0,0.0,0.12030089974141141
1788446845610768149,0,0.487001754749986,0.6236257392381779,0.0,0.9927374746232797,0.0,0.0,0.12030089974141141
1788446845630808483,0,0.487001754749986,0.6236257392381779,0.0,0.9927374746232797,0.0,0.0,0.12030089974141141
1788446845650726537,0,0.487001754749986,0.6236257392381779,0.0,0.9927374746232797,0.0,0.0,0.12030089974141141
1788446845670942369,0,0.487001754749986,0.6236257392381779,0.0,0.9927374746232797,0.0,0.0,0.12030089974141141
1788446845698843839,0,0.487001754749986,0.6236257392381779,0.0,0.9927374746232797,0.0,0.0,0.12030089974141141
1788446845710744111,0,0.487001754749986,0.6236257392381779,0.0,0.9927374746232797,0.0,0.0,0.12030089974141141
1788446845730759229,0,0.487001754749986,0.6236257392381779,0.0,0.9927374746232797,0.0,0.0,0.12030089974141141
1788446845750716199,0,0.487001754749986,0.6236257392381779,0.0,0.9927374746232797,0.0,0.0,0.12030089974141141
1788446845770759762,0,0.487001754749986,0.6236257392381779,0.0,0.9927374746232797,0.0,0.0,0.12030089974141141
1788446845798201684,0,0.487001754749986,0.6236257392381779,0.0,0.9927374746232797,0.0,0.0,0.12030089974141141
1788446845810727550,0,0.487001754749986,0.6236257392381779,0.0,0.9927374746232797,0.0,0.0,0.12030089974141141
1788446845830779760,0,0.487001754749986,0.6236257392381779,0.0,0.9927374746232797,0.0,0.0,0.12030089974141141
1788446845850725253,0,0.487001754749986,0.6236257392381779,0.0,0.9927374746232797,0.0,0.0,0.12030089974141141
1788446845870726448,0,0.487001754749986,0.6236257392381779,0.0,0.9927374746232797,0.0,0.0,0.12030089974141141
1788446845898061434,0,0.487001754749986,0.6236257392381779,0.0,0.9927374746232797,0.0,0.0,0.12030089974141141
1788446845910731746,0,0.487001754749986,0.6236257392381779,0.0,0.9927374746232797,0.0,0.0,0.12030089974141141
1788446845930733530,0,0.487001754749986,0.6236257392381779,0.0,0.9927374746232797,0.0,0.0,0.12030089974141141
1788446845950724207,0,0.487001754749986,0.6236257392381779,0.0,0.9927374746232797,0.0,0.0,0.12030089974141141
1788446845970731496,0,0.487001754749986,0.6236257392381779,0.0,0.9927374746232797,0.0,0.0,0.12030089974141141
1788446845998092076,0,0.487001754749986,0.6236257392381779,0.0,0.9927374746232797,0.0,0.0,0.12030089974141141
1788446846010736088,0,0.487001754749986,0.6236257392381779,0.0,0.9927374746232797,0.0,0.0,0.12030089974141141
1788446846030744262,0,0.487001754749986,0.6236257392381779,0.0,0.9927374746232797,0.0,0.0,0.12030089974141141
1788446846050725712,0,0.487001754749986,0.6236257392381779,0.0,0.9927374746232797,0.0,0.0,0.12030089974141141
1788446846070740245,0,0.487001754749986,0.6236257392381779,0.0,0.9927374746232797,0.0,0.0,0.12030089974141141
1788446846098022517,0,0.487001754749986,0.6236257392381779,0.0,0.9927374746232797,0.0,0.0,0.12030089974141141
1788446846110722247,0,0.487001754749986,0.6236257392381779,0.0,0.9927374746232797,0.0,0.0,0.12030089974141141
1788446846130768740,0,0.487001754749986,0.6236257392381779,0.0,0.9927374746232797,0.0,0.0,0.12030089974141141
1788446846150722224,0,0.487001754749986,0.6236257392381779,0.0,0.9927374746232797,0.0,0.0,0.12030089974141141
1788446846170725274,0,0.487001754749986,0.6236257392381779,0.0,0.9927374746232797,0.0,0.0,0.12030089974141141
1788446846198503841,0,0.487001754749986,0.6236257392381779,0.0,0.9927374746232797,0.0,0.0,0.12030089974141141
1788446846210806572,0,0.487001754749986,0.6236257392381779,0.0,0.9927374746232797,0.0,0.0,0.12030089974141141
1788446846230740594,0,0.487001754749986,0.6236257392381779,0.0,0.9927374746232797,0.0,0.0,0.12030089974141141
1788446846250734325,0,0.487001754749986,0.6236257392381779,0.0,0.9927374746232797,0.0,0.0,0.12030089974141141
1788446846270723897,0,0.487001754749986,0.6236257392381779,0.0,0.9927374746232797,0.0,0.0,0.12030089974141141
1788446846298154138,0,0.487001754749986,0.6236257392381779,0.0,0.9927374746232797,0.0,0.0,0.12030089974141141
1788446846310715967,0,0.487001754749986,0.6236257392381779,0.0,0.9927374746232797,0.0,0.0,0.12030089974141141
1788446846330718276,0,0.487001754749986,0.6236257392381779,0.0,0.9927374746232797,0.0,0.0,0.12030089974141141
1788446846350725125,0,0.487001754749986,0.6236257392381779,0.0,0.9927374746232797,0.0,0.0,0.12030089974141141
1788446846370721392,0,0.487001754749986,0.6236257392381779,0.0,0.9927374746232797,0.0,0.0,0.12030089974141141
1788446846398034741,0,0.487001754749986,0.6236257392381779,0.0,0.9927374746232797,0.0,0.0,0.12030089974141141
1788446846410715015,0,0.487001754749986,0.6236257392381779,0.0,0.9927374746232797,0.0,0.0,0.12030089974141141
1788446846430736993,0,0.487001754749986,0.6236257392381779,0.0,0.9927374746232797,0.0,0.0,0.12030089974141141
1788446846450727099,0,0.487001754749986,0.6236257392381779,0.0,0.9927374746232797,0.0,0.0,0.12030089974141141
1788446846470761868,0,0.487001754749986,0.6236257392381779,0.0,0.9927374746232797,0.0,0.0,0.12030089974141141
1788446846498852701,0,0.487001754749986,0.6236257392381779,0.0,0.9927374746232797,0.0,0.0,0.12030089974141141
1788446846510711691,0,0.487001754749986,0.6236257392381779,0.0,0.9927374746232797,0.0,0.0,0.12030089974141141
1788446846530760895,0,0.487001754749986,0.6236257392381779,0.0,0.9927374746232797,0.0,0.0,0.12030089974141141
1788446846550727372,0,0.487001754749986,0.6236257392381779,0.0,0.9927374746232797,0.0,0.0,0.12030089974141141
1788446846570730318,0,0.487001754749986,0.6236257392381779,0.0,0.9927374746232797,0.0,0.0,0.12030089974141141
1788446846598296872,0,0.487001754749986,0.6236257392381779,0.0,0.9927374746232797,0.0,0.0,0.12030089974141141
1788446846610722626,0,0.487001754749986,0.6236257392381779,0.0,0.9927374746232797,0.0,0.0,0.12030089974141141
1788446846630744542,0,0.487001754749986,0.6236257392381779,0.0,0.9927374746232797,0.0,0.0,0.12030089974141141
1788446846650723039,0,0.487001754749986,0.6236257392381779,0.0,0.9927374746232797,0.0,0.0,0.12030089974141141
1788446846670850523,0,0.487001754749986,0.6236257392381779,0.0,0.9927374746232797,0.0,0.0,0.12030089974141141
1788446846698883547,0,0.487001754749986,0.6236257392381779,0.0,0.9927374746232797,0.0,0.0,0.12030089974141141
1788446846710767113,0,0.487001754749986,0.6236257392381779,0.0,0.9927374746232797,0.0,0.0,0.12030089974141141
1788446846730735898,0,0.487001754749986,0.6236257392381779,0.0,0.9927374746232797,0.0,0.0,0.12030089974141141
1788446846750723107,0,0.487001754749986,0.6236257392381779,0.0,0.9927374746232797,0.0,0.0,0.12030089974141141
1788446846770733769,0,0.487001754749986,0.6236257392381779,0.0,0.9927374746232797,0.0,0.0,0.12030089974141141
1788446846798157822,0,0.487001754749986,0.6236257392381779,0.0,0.9927374746232797,0.0,0.0,0.12030089974141141
1788446846810789859,0,0.487001754749986,0.6236257392381779,0.0,0.9927374746232797,0.0,0.0,0.12030089974141141
1788446846830722482,0,0.487001754749986,0.6236257392381779,0.0,0.9927374746232797,0.0,0.0,0.12030089974141141
1788446846850726033,0,0.487001754749986,0.6236257392381779,0.0,0.9927374746232797,0.0,0.0,0.12030089974141141
1788446846870726747,0,0.487001754749986,0.6236257392381779,0.0,0.9927374746232797,0.0,0.0,0.12030089974141141
1788446846898518304,0,0.487001754749986,0.6236257392381779,0.0,0.9927374746232797,0.0,0.0,0.12030089974141141
1788446846910776970,0,0.487001754749986,0.6236257392381779,0.0,0.9927374746232797,0.0,0.0,0.12030089974141141
1788446846930739417,0,0.487001754749986,0.6236257392381779,0.0,0.9927374746232797,0.0,0.0,0.12030089974141141
1788446846950713769,0,0.487001754749986,0.6236257392381779,0.0,0.9927374746232797,0.0,0.0,0.12030089974141141
1788446846970807204,0,0.487001754749986,0.6236257392381779,0.0,0.9927374746232797,0.0,0.0,0.12030089974141141
1788446846998398108,0,0.487001754749986,0.6236257392381779,0.0,0.9927374746232797,0.0,0.0,0.12030089974141141
1788446847010739557,0,0.487001754749986,0.6236257392381779,0.0,0.9927374746232797,0.0,0.0,0.12030089974141141
1788446847030754722,0,0.487001754749986,0.6236257392381779,0.0,0.9927374746232797,0.0,0.0,0.12030089974141141
1788446847050727039,0,0.487001754749986,0.6236257392381779,0.0,0.9927374746232797,0.0,0.0,0.12030089974141141
1788446847070729856,0,0.487001754749986,0.6236257392381779,0.0,0.9927374746232797,0.0,0.0,0.12030089974141141
1788446847098140993,0,0.487001754749986,0.6236257392381779,0.0,0.9927374746232797,0.0,0.0,0.12030089974141141
1788446847110745247,0,0.487001754749986,0.6236257392381779,0.0,0.9927374746232797,0.0,0.0,0.12030089974141141
1788446847130779916,0,0.487001754749986,0.6236257392381779,0.0,0.9927374746232797,0.0,0.0,0.12030089974141141
1788446847150731876,0,0.487001754749986,0.6236257392381779,0.0,0.9927374746232797,0.0,0.0,0.12030089974141141
1788446847170727387,0,0.487001754749986,0.6236257392381779,0.0,0.9927374746232797,0.0,0.0,0.12030089974141141
1788446847198084572,0,0.487001754749986,0.6236257392381779,0.0,0.9927374746232797,0.0,0.0,0.12030089974141141
1788446847210763412,0,0.487001754749986,0.6236257392381779,0.0,0.9927374746232797,0.0,0.0,0.12030089974141141
1788446847230720797,0,0.487001754749986,0.6236257392381779,0.0,0.9927374746232797,0.0,0.0,0.12030089974141141
1788446847250713700,0,0.487001754749986,0.6236257392381779,0.0,0.9927374746232797,0.0,0.0,0.12030089974141141
1788446847270722839,0,0.487001754749986,0.6236257392381779,0.0,0.9927374746232797,0.0,0.0,0.12030089974141141
1788446847298414922,0,0.487001754749986,0.6236257392381779,0.0,0.9927374746232797,0.0,0.0,0.12030089974141141
1788446847310788722,0,0.487001754749986,0.6236257392381779,0.0,0.9927374746232797,0.0,0.0,0.12030089974141141
1788446847330764631,0,0.487001754749986,0.6236257392381779,0.0,0.9927374746232797,0.0,0.0,0.12030089974141141
1788446847350720822,0,0.487001754749986,0.6236257392381779,0.0,0.9927374746232797,0.0,0.0,0.12030089974141141
1788446847370728877,0,0.487001754749986,0.6236257392381779,0.0,0.9927374746232797,0.0,0.0,0.12030089974141141
1788446847398097581,0,0.487001754749986,0.6236257392381779,0.0,0.9927374746232797,0.0,0.0,0.12030089974141141
1788446847410717671,0,0.487001754749986,0.6236257392381779,0.0,0.9927374746232797,0.0,0.0,0.12030089974141141
1788446847430756501,0,0.487001754749986,0.6236257392381779,0.0,0.9927374746232797,0.0,0.0,0.12030089974141141
1788446847450722328,0,0.487001754749986,0.6236257392381779,0.0,0.9927374746232797,0.0,0.0,0.12030089974141141
1788446847470723574,0,0.487001754749986,0.6236257392381779,0.0,0.9927374746232797,0.0,0.0,0.12030089974141141
1788446847498534424,0,0.487001754749986,0.6236257392381779,0.0,0.9927374746232797,0.0,0.0,0.12030089974141141
1788446847510745894,0,0.487001754749986,0.6236257392381779,0.0,0.9927374746232797,0.0,0.0,0.12030089974141141
1788446847530778575,0,0.487001754749986,0.6236257392381779,0.0,0.9927374746232797,0.0,0.0,0.12030089974141141
1788446847550817771,0,0.487001754749986,0.6236257392381779,0.0,0.9927374746232797,0.0,0.0,0.12030089974141141
1788446847570717656,0,0.487001754749986,0.6236257392381779,0.0,0.9927374746232797,0.0,0.0,0.12030089974141141
1788446847598336827,0,0.487001754749986,0.6236257392381779,0.0,0.9927374746232797,0.0,0.0,0.12030089974141141
1788446847610883500,0,0.487001754749986,0.6236257392381779,0.0,0.9927374746232797,0.0,0.0,0.12030089974141141
1788446847630786904,0,0.487001754749986,0.6236257392381779,0.0,0.9927374746232797,0.0,0.0,0.12030089974141141
1788446847650724241,0,0.487001754749986,0.6236257392381779,0.0,0.9927374746232797,0.0,0.0,0.12030089974141141
1788446847670955686,0,0.487001754749986,0.6236257392381779,0.0,0.9927374746232797,0.0,0.0,0.12030089974141141
1788446847698608508,0,0.487001754749986,0.6236257392381779,0.0,0.9927374746232797,0.0,0.0,0.12030089974141141
1788446847711002950,0,0.487001754749986,0.6236257392381779,0.0,0.9927374746232797,0.0,0.0,0.12030089974141141
1788446847730739293,0,0.487001754749986,0.6236257392381779,0.0,0.9927374746232797,0.0,0.0,0.12030089974141141
1788446847750723145,0,0.487001754749986,0.6236257392381779,0.0,0.9927374746232797,0.0,0.0,0.12030089974141141
1788446847770740709,0,0.487001754749986,0.6236257392381779,0.0,0.9927374746232797,0.0,0.0,0.12030089974141141
1788446847798067715,0,0.487001754749986,0.6236257392381779,0.0,0.9927374746232797,0.0,0.0,0.12030089974141141
1788446847810732465,0,0.487001754749986,0.6236257392381779,0.0,0.9927374746232797,0.0,0.0,0.12030089974141141
1788446847830751967,0,0.487001754749986,0.6236257392381779,0.0,0.9927374746232797,0.0,0.0,0.12030089974141141
1788446847850731920,0,0.487001754749986,0.6236257392381779,0.0,0.9927374746232797,0.0,0.0,0.12030089974141141
1788446847870741161,0,0.487001754749986,0.6236257392381779,0.0,0.9927374746232797,0.0,0.0,0.12030089974141141
1788446847898443857,0,0.487001754749986,0.6236257392381779,0.0,0.9927374746232797,0.0,0.0,0.12030089974141141
1788446847910739181,0,0.487001754749986,0.6236257392381779,0.0,0.9927374746232797,0.0,0.0,0.12030089974141141
1788446847930760991,0,0.487001754749986,0.6236257392381779,0.0,0.9927374746232797,0.0,0.0,0.12030089974141141
1788446847950717371,0,0.487001754749986,0.6236257392381779,0.0,0.9927374746232797,0.0,0.0,0.12030089974141141
1788446847970712858,0,0.487001754749986,0.6236257392381779,0.0,0.9927374746232797,0.0,0.0,0.12030089974141141
1788446847998292282,0,0.487001754749986,0.6236257392381779,0.0,0.9927374746232797,0.0,0.0,0.12030089974141141
1788446848010761381,0,0.487001754749986,0.6236257392381779,0.0,0.9927374746232797,0.0,0.0,0.12030089974141141
1788446848030723131,0,0.487001754749986,0.6236257392381779,0.0,0.9927374746232797,0.0,0.0,0.12030089974141141
1788446848050715211,0,0.4870912208240835,0.6236477455631484,0.0,0.9927374746232797,0.0,0.0,0.12030089974141141
1788446848070722203,0,0.48727019883796036,0.6236917694948532,0.0,0.9927374746232797,0.0,0.0,0.12030089974141141
1788446848097894011,0,0.4875638692017344,0.6237640047679446,0.0,0.9927374746232797,0.0,0.0,0.12030089974141141
1788446848110760641,0,0.48767842477434376,0.6237921824656745,0.0,0.9927374746232797,0.0,0.0,0.12030089974141141
1788446848130730041,0,0.4879077082665332,0.623848580254016,0.0,0.9927374746232797,0.0,0.0,0.12030089974141141
1788446848150720966,0,0.4881187060869722,0.6239004802259811,0.0,0.9927374746232797,0.0,0.0,0.12030089974141141
1788446848170777614,0,0.4883121138420331,0.6239480534825804,0.0,0.9927374746232797,0.0,0.0,0.12030089974141141
1788446848197941729,0,0.48860108291623694,0.62401913233579,0.0,0.9927374746232797,0.0,0.0,0.12030089974141141
1788446848210776602,0,0.4886972685074482,0.6240427914870272,0.0,0.9927374746232797,0.0,0.0,0.12030089974141141
1788446848230742784,0,0.4888895679163187,0.6240900921350766,0.0,0.9927374746232797,0.0,0.0,0.12030089974141141
1788446848250719457,0,0.4890883076421862,0.624138976933433,0.0,0.9927374746232797,0.0,0.0,0.12030089974141141
1788446848270737688,0,0.48929405508819607,0.6241895854484978,0.0,0.9927374746232797,0.0,0.0,0.12030089974141141
1788446848298089299,0,0.4895948339010276,0.6242635692134292,0.0,0.9927374746232797,0.0,0.0,0.12030089974141141
1788446848310734622,0,0.4896903365195776,0.6242870603789537,0.0,0.9927374746232797,0.0,0.0,0.12030089974141141
1788446848330900956,0,0.48988137214871325,0.6243340501856546,0.0,0.9927374746232797,0.0,0.0,0.12030089974141141
1788446848350724419,0,0.4900747627909293,0.6243816192644521,0.0,0.9927374746232797,0.0,0.0,0.12030089974141141
1788446848370723071,0,0.49027042554849404,0.6244297472246558,0.0,0.9927374746232797,0.0,0.0,0.12030089974141141
1788446848397934557,0,0.49056551326340764,0.6245023311439297,0.0,0.9927374746232797,0.0,0.0,0.12030089974141141
1788446848410775522,0,0.4906653975053672,0.6245269000750939,0.0,0.9927374746232797,0.0,0.0,0.12030089974141141
1788446848430724558,0,0.4908638411801349,0.6245757120687547,0.0,0.9927374746232797,0.0,0.0,0.12030089974141141
1788446848450726073,0,0.4910625407807042,0.6246245870135205,0.0,0.9927374746232797,0.0,0.0,0.12030089974141141
1788446848470722495,0,0.49125778086927685,0.624672611008122,0.0,0.9927374746232797,0.0,0.0,0.12030089974141141
1788446848497959228,0,0.4915518734612164,0.6247449501529712,0.0,0.9927374746232797,0.0,0.0,0.12030089974141141
1788446848510735535,0,0.4916505549786113,0.6247692232451075,0.0,0.9927374746232797,0.0,0.0,0.12030089974141141
1788446848530722209,0,0.49184792650450126,0.6248177715179705,0.0,0.9927374746232797,0.0,0.0,0.12030089974141141
1788446848550715255,0,0.4921459758619899,0.6248910839730883,0.0,0.9927374746232797,0.0,0.0,0.12030089974141141
1788446848570745033,0,0.4925443515803075,0.624989074157869,0.0,0.9927374746232797,0.0,0.0,0.12030089974141141
1788446848598486352,0,0.49294294488407825,0.6250871178630771,0.0,0.9927374746232797,0.0,0.0,0.12030089974141141
1788446848610730733,0,0.49334677956341777,0.6251864507132222,0.0,0.9927374746232797,0.0,0.0,0.12030089974141141
1788446848630739965,0,0.49375058845195696,0.6252857772194997,0.0,0.9927374746232797,0.0,0.0,0.12030089974141141
1788446848650725649,0,0.49414385607207767,0.6253825108473304,0.0,0.9927374746232797,0.0,0.0,0.12030089974141141
1788446848670752784,0,0.49452815037333137,0.6254770372716099,0.0,0.9927374746232797,0.0,0.0,0.12030089974141141
1788446848698013413,0,0.4949108766825542,0.6255711780105448,0.0,0.9927374746232797,0.0,0.0,0.12030089974141141
1788446848710721270,0,0.4953073946837336,0.6256687111800612,0.0,0.9927374746232797,0.0,0.0,0.12030089974141141
1788446848730776207,0,0.4957039767037928,0.6257662600965657,0.0,0.9927374746232797,0.0,0.0,0.12030089974141141
1788446848750714035,0,0.4960983883637129,0.6258632751446539,0.0,0.9927374746232797,0.0,0.0,0.12030089974141141
1788446848770720001,0,0.4964905540470328,0.6259597377246308,0.0,0.9927374746232797,0.0,0.0,0.12030089974141141
1788446848798442419,0,0.49688288231022754,0.6260562402950374,0.0,0.9927374746232797,0.0,0.0,0.12030089974141141
1788446848810725962,0,0.497279050318366,0.6261536873107689,0.0,0.9927374746232797,0.0,0.0,0.12030089974141141
1788446848830760902,0,0.4976736178493655,0.626250740650793,0.0,0.9927374746232797,0.0,0.0,0.12030089974141141
1788446848850722798,0,0.4980665574846868,0.6263473935708626,0.0,0.9927374746232797,0.0,0.0,0.12030089974141141
1788446848870722555,0,0.4984575108989013,0.6264435579322513,0.0,0.9927374746232797,0.0,0.0,0.12030089974141141
1788446848897928272,0,0.498848433556811,0.6265397147283898,0.0,0.9927374746232797,0.0,0.0,0.12030089974141141
1788446848910718777,0,0.4992406350464135,0.6266361861477356,0.0,0.9927374746232797,0.0,0.0,0.12030089974141141
1788446848930723205,0,0.49943535569860703,0.626684082390333,0.0,0.9927374746232797,0.0,0.0,0.12030089974141141
1788446848950723870,0,0.499827168958874,0.6267804583153067,0.0,0.9927374746232797,0.0,0.0,0.12030089974141141
1788446848970719065,0,0.5002275078743759,0.6268789312982754,0.0,0.9927374746232797,0.0,0.0,0.12030089974141141
1788446848998536017,0,0.5008244795069472,0.6270257708263121,0.0,0.9927374746232797,0.0,0.0,0.12030089974141141
1788446849010718328,0,0.5010195011599012,0.6270737410914206,0.0,0.9927374746232797,0.0,0.0,0.12030089974141141
1788446849030737112,0,0.5014097511995501,0.6271697324727723,0.0,0.9927374746232797,0.0,0.0,0.12030089974141141
1788446849050720491,0,0.5017998636041221,0.6272656899994672,0.0,0.9927374746232797,0.0,0.0,0.12030089974141141
1788446849070751986,0,0.5021959609115788,0.6273631196569419,0.0,0.9927374746232797,0.0,0.0,0.12030089974141141
1788446849098032919,0,0.5027876915592728,0.6275086700387212,0.0,0.9927374746232797,0.0,0.0,0.12030089974141141
1788446849110715251,0,0.5029858058286714,0.6275574010072105,0.0,0.9927374746232797,0.0,0.0,0.12030089974141141
1788446849130727067,0,0.503381446231664,0.6276547182780453,0.0,0.9927374746232797,0.0,0.0,0.12030089974141141
1788446849150713039,0,0.5037776944242206,0.6277521850493386,0.0,0.9927374746232797,0.0,0.0,0.12030089974141141
1788446849170715379,0,0.5041641198338659,0.6278472356709724,0.0,0.9927374746232797,0.0,0.0,0.12030089974141141
1788446849198401344,0,0.5047437539432807,0.6279898106182842,0.0,0.9927374746232797,0.0,0.0,0.12030089974141141
1788446849210734600,0,0.5049398073264878,0.6280380346622578,0.0,0.9927374746232797,0.0,0.0,0.12030089974141141
1788446849230739898,0,0.5053328523256242,0.6281347135311042,0.0,0.9927374746232797,0.0,0.0,0.12030089974141141
1788446849250722138,0,0.5057273334897858,0.628231745659273,0.0,0.9927374746232797,0.0,0.0,0.12030089974141141
1788446849270740638,0,0.5061225771963117,0.6283289653852734,0.0,0.9927374746232797,0.0,0.0,0.12030089974141141
1788446849297775225,0,0.5067122569000703,0.628474011304437,0.0,0.9927374746232797,0.0,0.0,0.12030089974141141
1788446849310716401,0,0.5069068314809053,0.6285218715855554,0.0,0.9927374746232797,0.0,0.0,0.12030089974141141
1788446849330736717,0,0.5072955710443644,0.6286174913972962,0.0,0.9927374746232797,0.0,0.0,0.12030089974141141
1788446849350722548,0,0.5076868309269442,0.6287137311579699,0.0,0.9927374746232797,0.0,0.0,0.12030089974141141
1788446849370721944,0,0.5080808350841826,0.6288106459548157,0.0,0.9927374746232797,0.0,0.0,0.12030089974141141
1788446849398387651,0,0.508676825531649,0.6289572441044294,0.0,0.9927374746232797,0.0,0.0,0.12030089974141141
1788446849410734497,0,0.5088766010053081,0.629006383653501,0.0,0.9927374746232797,0.0,0.0,0.12030089974141141
1788446849430730175,0,0.5092773701809189,0.6291049624039883,0.0,0.9927374746232797,0.0,0.0,0.12030089974141141
1788446849450722484,0,0.5096692759361394,0.6292013610160444,0.0,0.9927374746232797,0.0,0.0,0.12030089974141141
1788446849470733726,0,0.5100561067961763,0.6292965113679516,0.0,0.9927374746232797,0.0,0.0,0.12030089974141141
1788446849497770439,0,0.5106404949381353,0.6294402556999779,0.0,0.9927374746232797,0.0,0.0,0.12030089974141141
1788446849510713445,0,0.5108369381366304,0.6294885756443994,0.0,0.9927374746232797,0.0,0.0,0.12030089974141141
1788446849530740116,0,0.5112327767005295,0.6295859416899233,0.0,0.9927374746232797,0.0,0.0,0.12030089974141141
1788446849550725045,0,0.5116278354655096,0.6296831159089155,0.0,0.9927374746232797,0.0,0.0,0.12030089974141141
1788446849570743837,0,0.5120250216486443,0.6297808134015467,0.0,0.9927374746232797,0.0,0.0,0.12030089974141141
1788446849598045428,0,0.5126161638036846,0.6299262190294067,0.0,0.9927374746232797,0.0,0.0,0.12030089974141141
1788446849610731321,0,0.5128101155050562,0.629973926114195,0.0,0.9927374746232797,0.0,0.0,0.12030089974141141
1788446849630751135,0,0.513204141285207,0.6300708462297161,0.0,0.9927374746232797,0.0,0.0,0.12030089974141141
1788446849650714011,0,0.5135938142470783,0.6301666956649118,0.0,0.9927374746232797,0.0,0.0,0.12030089974141141
1788446849670757765,0,0.5139852889332905,0.630262988277534,0.0,0.9927374746232797,0.0,0.0,0.12030089974141141
1788446849698564329,0,0.5145803250116834,0.6304093516770436,0.0,0.9927374746232797,0.0,0.0,0.12030089974141141
1788446849710766067,0,0.5147782961567476,0.6304580474084037,0.0,0.9927374746232797,0.0,0.0,0.12030089974141141
1788446849730776259,0,0.5151748270779735,0.6305555836590009,0.0,0.9927374746232797,0.0,0.0,0.12030089974141141
1788446849750722499,0,0.5155670204266626,0.630652053011458,0.0,0.9927374746232797,0.0,0.0,0.12030089974141141
1788446849770722523,0,0.5159528172804502,0.6307469490246642,0.0,0.9927374746232797,0.0,0.0,0.12030089974141141
1788446849797949960,0,0.5165355577316387,0.6308902880514314,0.0,0.9927374746232797,0.0,0.0,0.12030089974141141
1788446849810762847,0,0.5167332975119461,0.6309389269053236,0.0,0.9927374746232797,0.0,0.0,0.12030089974141141
1788446849830745526,0,0.5171301748851597,0.6310365484387289,0.0,0.9927374746232797,0.0,0.0,0.12030089974141141
1788446849850727275,0,0.5175252318547351,0.63113372218396,0.0,0.9927374746232797,0.0,0.0,0.12030089974141141
1788446849870719362,0,0.517921041517745,0.6312310810561195,0.0,0.9927374746232797,0.0,0.0,0.12030089974141141
1788446849898634079,0,0.5185118462618699,0.6313764036731427,0.0,0.9927374746232797,0.0,0.0,0.12030089974141141
1788446849910719956,0,0.5187058939996932,0.6314241343962148,0.0,0.9927374746232797,0.0,0.0,0.12030089974141141
1788446849930732141,0,0.5190940069329186,0.6315196001364717,0.0,0.9927374746232797,0.0,0.0,0.12030089974141141
1788446849950721752,0,0.5194852712251117,0.6316158409973673,0.0,0.9927374746232797,0.0,0.0,0.12030089974141141
1788446849970714546,0,0.5198808068555579,0.6317131324646507,0.0,0.9927374746232797,0.0,0.0,0.12030089974141141
1788446849998033287,0,0.5202804524089462,0.6318114348659755,0.0,0.9927374746232797,0.0,0.0,0.12030089974141141
1788446850010738901,0,0.5206750660566123,0.6319084995494988,0.0,0.9927374746232797,0.0,0.0,0.12030089974141141
1788446850030733215,0,0.5210690307619954,0.6320054046101158,0.0,0.9927374746232797,0.0,0.0,0.12030089974141141
1788446850050720961,0,0.5214591751366484,0.6321013700160549,0.0,0.9927374746232797,0.0,0.0,0.12030089974141141
1788446850070717315,0,0.5218455619389571,0.632196411204244,0.0,0.9927374746232797,0.0,0.0,0.12030089974141141
1788446850098473979,0,0.5222329512217493,0.6322916989767773,0.0,0.9927374746232797,0.0,0.0,0.12030089974141141
1788446850110772434,0,0.5226311219279421,0.6323896386365289,0.0,0.9927374746232797,0.0,0.0,0.12030089974141141
1788446850130722769,0,0.5230251375107385,0.6324865562437654,0.0,0.9927374746232797,0.0,0.0,0.12030089974141141
1788446850150720867,0,0.5232220669764868,0.6325349957813066,0.0,0.9927374746232797,0.0,0.0,0.12030089974141141
1788446850170729411,0,0.5236191672552685,0.6326326721760482,0.0,0.9927374746232797,0.0,0.0,0.12030089974141141
1788446850197995571,0,0.524220775184344,0.6327806521617093,0.0,0.9927374746232797,0.0,0.0,0.12030089974141141
1788446850210741893,0,0.5245151530414699,0.6328530615223568,0.0,0.9927374746232797,0.0,0.0,0.12030089974141141
1788446850230725497,0,0.5251083930286071,0.632998983259129,0.0,0.9927374746232797,0.0,0.0,0.12030089974141141
1788446850250727107,0,0.5256982122318883,0.633144063547238,0.0,0.9927374746232797,0.0,0.0,0.12030089974141141
1788446850270787329,0,0.5263091645331948,0.6332943420067089,0.0,0.9927374746232797,0.0,0.0,0.12030089974141141
1788446850298923377,0,0.527215021420882,0.6335171593646133,0.0,0.9927374746232797,0.0,0.0,0.12030089974141141
1788446850310764651,0,0.5275038861273269,0.6335882125617796,0.0,0.9927374746232797,0.0,0.0,0.12030089974141141
1788446850330742312,0,0.5280816113193071,0.6337303179178783,0.0,0.9927374746232797,0.0,0.0,0.12030089974141141
1788446850350672324,0,0.5286680986348086,0.633874578503991,0.0,0.9927374746232797,0.0,0.0,0.12030089974141141
1788446850370760973,0,0.5292690284873567,0.634022391553496,0.0,0.9927374746232797,0.0,0.0,0.12030089974141141
1788446850398078681,0,0.5301638757758731,0.6342425006161364,0.0,0.9927374746232797,0.0,0.0,0.12030089974141141
1788446850410964696,0,0.5304596056355735,0.6343152424381755,0.0,0.9927374746232797,0.0,0.0,0.12030089974141141
1788446850430756123,0,0.5310510640910471,0.6344607257713606,0.0,0.9927374746232797,0.0,0.0,0.12030089974141141
1788446850450724220,0,0.531639093807879,0.6346053657482049,0.0,0.9927374746232797,0.0,0.0,0.12030089974141141
1788446850470724120,0,0.5322232694173326,0.6347490577866578,0.0,0.9927374746232797,0.0,0.0,0.12030089974141141
1788446850498062865,0,0.5331073627639047,0.6349665218044903,0.0,0.9927374746232797,0.0,0.0,0.12030089974141141
1788446850510769620,0,0.5334063500292211,0.6350400649119557,0.0,0.9927374746232797,0.0,0.0,0.12030089974141141
1788446850530724048,0,0.5339932439920162,0.6351844255947794,0.0,0.9927374746232797,0.0,0.0,0.12030089974141141
1788446850550721392,0,0.5345830047492758,0.6353294914346377,0.0,0.9927374746232797,0.0,0.0,0.12030089974141141
1788446850570721531,0,0.5351759794478557,0.6354753478206474,0.0,0.9927374746232797,0.0,0.0,0.12030089974141141
1788446850598018419,0,0.5360628496077918,0.6356934948864353,0.0,0.9927374746232797,0.0,0.0,0.12030089974141141
1788446850610758268,0,0.5363566594863054,0.635765764515056,0.0,0.9927374746232797,0.0,0.0,0.12030089974141141
1788446850630726215,0,0.5369438559622828,0.6359101996561102,0.0,0.9927374746232797,0.0,0.0,0.12030089974141141
1788446850650727434,0,0.5375344789810214,0.6360554776138286,0.0,0.9927374746232797,0.0,0.0,0.12030089974141141
1788446850670768288,0,0.5381286338082859,0.6362016242808661,0.0,0.9927374746232797,0.0,0.0,0.12030089974141141
1788446850698038320,0,0.5390201408554808,0.6364209119248441,0.0,0.9927374746232797,0.0,0.0,0.12030089974141141
1788446850710774953,0,0.5393136790961073,0.636493114761487,0.0,0.9927374746232797,0.0,0.0,0.12030089974141141
1788446850730742974,0,0.539901251724167,0.6366376424740913,0.0,0.9927374746232797,0.0,0.0,0.12030089974141141
1788446850750728352,0,0.5404904626426561,0.6367825731398002,0.0,0.9927374746232797,0.0,0.0,0.12030089974141141
1788446850771058717,0,0.5410816599469636,0.6369279923811136,0.0,0.9927374746232797,0.0,0.0,0.12030089974141141
1788446850797905350,0,0.5419666660206841,0.6371456809782375,0.0,0.9927374746232797,0.0,0.0,0.12030089974141141
1788446850810744119,0,0.5422603272828552,0.637217914051083,0.0,0.9927374746232797,0.0,0.0,0.12030089974141141
1788446850830755766,0,0.5428475246578578,0.6373623494132741,0.0,0.9927374746232797,0.0,0.0,0.12030089974141141
1788446850850726307,0,0.5434363555268321,0.6375071865486732,0.0,0.9927374746232797,0.0,0.0,0.12030089974141141
1788446850870731205,0,0.5440267287490957,0.6376524030390268,0.0,0.9927374746232797,0.0,0.0,0.12030089974141141
1788446850898108841,0,0.5449122321271807,0.6378702138400835,0.0,0.9927374746232797,0.0,0.0,0.12030089974141141
1788446850910731477,0,0.5452066911817028,0.6379426430772378,0.0,0.9927374746232797,0.0,0.0,0.12030089974141141
1788446850930731496,0,0.5457950314938255,0.6380873594285937,0.0,0.9927374746232797,0.0,0.0,0.12030089974141141
1788446850950736775,0,0.5463852995234036,0.6382325499722267,0.0,0.9927374746232797,0.0,0.0,0.12030089974141141
1788446850970736712,0,0.5469776409938687,0.6383782505522966,0.0,0.9927374746232797,0.0,0.0,0.12030089974141141
1788446850998156310,0,0.5478661300500015,0.6385967957760934,0.0,0.9927374746232797,0.0,0.0,0.12030089974141141
1788446851010733443,0,0.5481604308591818,0.6386691861609566,0.0,0.9927374746232797,0.0,0.0,0.12030089974141141
1788446851030736729,0,0.5487506367367861,0.6388143615369514,0.0,0.9927374746232797,0.0,0.0,0.12030089974141141
1788446851050721790,0,0.5493400781598474,0.6389593488769066,0.0,0.9927374746232797,0.0,0.0,0.12030089974141141
1788446851070744417,0,0.5499386538967576,0.6391065830217443,0.0,0.9927374746232797,0.0,0.0,0.12030089974141141
1788446851097906816,0,0.5505297230115218,0.6392519707317466,0.0,0.9927374746232797,0.0,0.0,0.12030089974141141
1788446851110726081,0,0.5511156787690428,0.6393961007358985,0.0,0.9927374746232797,0.0,0.0,0.12030089974141141
1788446851130747068,0,0.5517018698279255,0.6395402886181167,0.0,0.9927374746232797,0.0,0.0,0.12030089974141141
1788446851150721634,0,0.5522921228693187,0.639685475594836,0.0,0.9927374746232797,0.0,0.0,0.12030089974141141
1788446851170747728,0,0.5528860569150916,0.6398315679553567,0.0,0.9927374746232797,0.0,0.0,0.12030089974141141
1788446851198149498,0,0.5534820134209085,0.639978157788558,0.0,0.9927374746232797,0.0,0.0,0.12030089974141141
1788446851210727689,0,0.5540708771463951,0.640123003077831,0.0,0.9927374746232797,0.0,0.0,0.12030089974141141
1788446851231025710,0,0.5546597520810944,0.6402678511242812,0.0,0.9927374746232797,0.0,0.0,0.12030089974141141
1788446851250712757,0,0.5552514050306264,0.6404133824422994,0.0,0.9927374746232797,0.0,0.0,0.12030089974141141
1788446851270769710,0,0.555846079096376,0.6405596568285281,0.0,0.9927374746232797,0.0,0.0,0.12030089974141141
1788446851298111521,0,0.5564407862555155,0.6407059393548717,0.0,0.9927374746232797,0.0,0.0,0.12030089974141141
1788446851310795342,0,0.5570295576138665,0.640850761828277,0.0,0.9927374746232797,0.0,0.0,0.12030089974141141
1788446851330734966,0,0.5576257258450034,0.6409974037404119,0.0,0.9927374746232797,0.0,0.0,0.12030089974141141
1788446851350702544,0,0.5579237130075184,0.6410707008485446,0.0,0.9927374746232797,0.0,0.0,0.12030089974141141
1788446851370799908,0,0.5587224670798727,0.6412671736848573,0.0,0.9927374746232797,0.0,0.0,0.12030089974141141
1788446851397954898,0,0.5599107914834114,0.6415594707436187,0.0,0.9927374746232797,0.0,0.0,0.12030089974141141
1788446851410768030,0,0.560312762596923,0.6416583452049364,0.0,0.9927374746232797,0.0,0.0,0.12030089974141141
1788446851430725048,0,0.561111186496695,0.6418547367622884,0.0,0.9927374746232797,0.0,0.0,0.12030089974141141
1788446851450715515,0,0.5619092304432047,0.6420510348609992,0.0,0.9927374746232797,0.0,0.0,0.12030089974141141
1788446851470751855,0,0.5626788221606974,0.642240334512509,0.0,0.9927374746232797,0.0,0.0,0.12030089974141141
1788446851498284093,0,0.5638336148201435,0.6425243836297619,0.0,0.9927374746232797,0.0,0.0,0.12030089974141141
1788446851510730364,0,0.5642311207144058,0.6426221597630328,0.0,0.9927374746232797,0.0,0.0,0.12030089974141141
1788446851530758101,0,0.5650285626987436,0.6428183097946724,0.0,0.9927374746232797,0.0,0.0,0.12030089974141141
1788446851550755867,0,0.5658255822687663,0.6430143559233537,0.0,0.9927374746232797,0.0,0.0,0.12030089974141141
1788446851570724968,0,0.5666159513511559,0.6432087661402899,0.0,0.9927374746232797,0.0,0.0,0.12030089974141141
1788446851598452350,0,0.5677943540098863,0.6434986224829715,0.0,0.9927374746232797,0.0,0.0,0.12030089974141141
1788446851610736491,0,0.568181837799012,0.6435939333753521,0.0,0.9927374746232797,0.0,0.0,0.12030089974141141
1788446851630742063,0,0.568956666771727,0.6437845210667711,0.0,0.9927374746232797,0.0,0.0,0.12030089974141141
1788446851651022001,0,0.5697501686253704,0.6439797018984866,0.0,0.9927374746232797,0.0,0.0,0.12030089974141141
1788446851670730905,0,0.5705401284143491,0.6441740116329743,0.0,0.9927374746232797,0.0,0.0,0.12030089974141141
1788446851698067535,0,0.5717253973385186,0.6444655571553204,0.0,0.9927374746232797,0.0,0.0,0.12030089974141141
1788446851710836066,0,0.5721243250919436,0.6445636829640415,0.0,0.9927374746232797,0.0,0.0,0.12030089974141141
1788446851730737225,0,0.5729116769322746,0.6447573509538399,0.0,0.9927374746232797,0.0,0.0,0.12030089974141141
1788446851750729653,0,0.5736959039388952,0.6449502503479985,0.0,0.9927374746232797,0.0,0.0,0.12030089974141141
1788446851770733953,0,0.5744775326068745,0.6451425107142266,0.0,0.9927374746232797,0.0,0.0,0.12030089974141141
1788446851798112522,0,0.5756533167872946,0.6454317231067521,0.0,0.9927374746232797,0.0,0.0,0.12030089974141141
1788446851811025199,0,0.5760483411054681,0.6455288888367111,0.0,0.9927374746232797,0.0,0.0,0.12030089974141141
1788446851830732617,0,0.5768386775681591,0.6457232910944395,0.0,0.9927374746232797,0.0,0.0,0.12030089974141141
1788446851850715437,0,0.5776407586693452,0.6459205822615159,0.0,0.9927374746232797,0.0,0.0,0.12030089974141141
1788446851870939867,0,0.5784271691841107,0.6461140189020163,0.0,0.9927374746232797,0.0,0.0,0.12030089974141141
1788446851897918786,0,0.57960562350505,0.64640388814415,0.0,0.9927374746232797,0.0,0.0,0.12030089974141141
1788446851910727254,0,0.5799934098198719,0.6464992735131369,0.0,0.9927374746232797,0.0,0.0,0.12030089974141141
1788446851930730776,0,0.5807702616396354,0.6466903588986804,0.0,0.9927374746232797,0.0,0.0,0.12030089974141141
1788446851950722510,0,0.5815524786002043,0.6468827639375325,0.0,0.9927374746232797,0.0,0.0,0.12030089974141141
1788446851970740756,0,0.5823481461912957,0.6470784774496622,0.0,0.9927374746232797,0.0,0.0,0.12030089974141141
1788446851998085295,0,0.58352512988094,0.6473679848264392,0.0,0.9927374746232797,0.0,0.0,0.12030089974141141
1788446852010726339,0,0.5839179390325047,0.647464605682904,0.0,0.9927374746232797,0.0,0.0,0.12030089974141141
1788446852031029019,0,0.5847033346456793,0.6476577926198844,0.0,0.9927374746232797,0.0,0.0,0.12030089974141141
1788446852050712300,0,0.5854885368128787,0.6478509319741755,0.0,0.9927374746232797,0.0,0.0,0.12030089974141141
1788446852070730351,0,0.5862745934738569,0.648044281511759,0.0,0.9927374746232797,0.0,0.0,0.12030089974141141
1788446852097960770,0,0.5874782548297962,0.6483403509659486,0.0,0.9927374746232797,0.0,0.0,0.12030089974141141
1788446852110727619,0,0.5878732632344792,0.6484375127816019,0.0,0.9927374746232797,0.0,0.0,0.12030089974141141
1788446852130725820,0,0.5886632445828698,0.6486318276904289,0.0,0.9927374746232797,0.0,0.0,0.12030089974141141
1788446852150728134,0,0.5894512734782599,0.648825662378511,0.0,0.9927374746232797,0.0,0.0,0.12030089974141141
1788446852170723647,0,0.5902373148769153,0.649019008225998,0.0,0.9927374746232797,0.0,0.0,0.12030089974141141
1788446852198041532,0,0.5914140661577555,0.6493084585323629,0.0,0.9927374746232797,0.0,0.0,0.12030089974141141
1788446852210754286,0,0.5918033781611857,0.6494042191494329,0.0,0.9927374746232797,0.0,0.0,0.12030089974141141
1788446852230721500,0,0.5925882988972148,0.6495972892150126,0.0,0.9927374746232797,0.0,0.0,0.12030089974141141
1788446852250722251,0,0.5933706922056834,0.6497897376311318,0.0,0.9927374746232797,0.0,0.0,0.12030089974141141
1788446852270724275,0,0.5941543211139964,0.6499824900045686,0.0,0.9927374746232797,0.0,0.0,0.12030089974141141
1788446852298064723,0,0.5949380730800227,0.6501752726470091,0.0,0.9927374746232797,0.0,0.0,0.12030089974141141
1788446852310695176,0,0.5957281869509792,0.6503696200885772,0.0,0.9927374746232797,0.0,0.0,0.12030089974141141
1788446852330750255,0,0.5965154049239503,0.6505632552146359,0.0,0.9927374746232797,0.0,0.0,0.12030089974141141
1788446852350725134,0,0.5973071207637526,0.6507579966988326,0.0,0.9927374746232797,0.0,0.0,0.12030089974141141
1788446852370742440,0,0.5980918142465108,0.6509510108660242,0.0,0.9927374746232797,0.0,0.0,0.12030089974141141
1788446852398716071,0,0.5988760479856629,0.6511439119482583,0.0,0.9927374746232797,0.0,0.0,0.12030089974141141
1788446852410744580,0,0.5996631716407047,0.651337523938689,0.0,0.9927374746232797,0.0,0.0,0.12030089974141141
1788446852430741467,0,0.600450636324768,0.6515312198134082,0.0,0.9927374746232797,0.0,0.0,0.12030089974141141
1788446852450723318,0,0.6012370072595683,0.6517246466541953,0.0,0.9927374746232797,0.0,0.0,0.12030089974141141
1788446852470763785,0,0.6020231254061836,0.6519180113156496,0.0,0.9927374746232797,0.0,0.0,0.12030089974141141
1788446852497927892,0,0.602808423599488,0.6521111742898703,0.0,0.9927374746232797,0.0,0.0,0.12030089974141141
1788446852510774106,0,0.6035893457819137,0.6523032608153663,0.0,0.9927374746232797,0.0,0.0,0.12030089974141141
1788446852530727700,0,0.6043706944358492,0.6524954522417504,0.0,0.9927374746232797,0.0,0.0,0.12030089974141141
1788446852550725754,0,0.6051543868934366,0.6526882202468487,0.0,0.9927374746232797,0.0,0.0,0.12030089974141141
1788446852570725076,0,0.6059404129654267,0.6528815623243727,0.0,0.9927374746232797,0.0,0.0,0.12030089974141141
1788446852597995744,0,0.606726717229074,0.6530749728298468,0.0,0.9927374746232797,0.0,0.0,0.12030089974141141
1788446852610808093,0,0.6075120988914469,0.6532681562713069,0.0,0.9927374746232797,0.0,0.0,0.12030089974141141
1788446852630726074,0,0.6079049179724111,0.6533647795381432,0.0,0.9927374746232797,0.0,0.0,0.12030089974141141
1788446852650859610,0,0.6086897868307591,0.6535578368431639,0.0,0.9927374746232797,0.0,0.0,0.12030089974141141
1788446852670771186,0,0.6094725937990255,0.653750387104457,0.0,0.9927374746232797,0.0,0.0,0.12030089974141141
1788446852698077340,0,0.6106598931181204,0.6540424320189664,0.0,0.9927374746232797,0.0,0.0,0.12030089974141141
1788446852710733205,0,0.6110531762030426,0.6541391694507368,0.0,0.9927374746232797,0.0,0.0,0.12030089974141141
1788446852730730893,0,0.6118395255886446,0.6543325909909804,0.0,0.9927374746232797,0.0,0.0,0.12030089974141141
1788446852750731487,0,0.6126259395873648,0.6545260284243741,0.0,0.9927374746232797,0.0,0.0,0.12030089974141141
1788446852770724902,0,0.6134189925780738,0.6547210988128812,0.0,0.9927374746232797,0.0,0.0,0.12030089974141141
1788446852797956361,0,0.614597770682351,0.6550110475369372,0.0,0.9927374746232797,0.0,0.0,0.12030089974141141
1788446852810712494,0,0.6149900465752881,0.6551075372895372,0.0,0.9927374746232797,0.0,0.0,0.12030089974141141
1788446852830753662,0,0.615774583109328,0.6553005130431792,0.0,0.9927374746232797,0.0,0.0,0.12030089974141141
1788446852850720551,0,0.6165591499388229,0.6554934962487218,0.0,0.9927374746232797,0.0,0.0,0.12030089974141141
1788446852870742369,0,0.617351588200802,0.6556884153654057,0.0,0.9927374746232797,0.0,0.0,0.12030089974141141
1788446852897942846,0,0.6185268829866151,0.6559775072198932,0.0,0.9927374746232797,0.0,0.0,0.12030089974141141
1788446852910899278,0,0.6189189349934198,0.6560739418064572,0.0,0.9927374746232797,0.0,0.0,0.12030089974141141
1788446852930729676,0,0.619703243563774,0.6562668612952187,0.0,0.9927374746232797,0.0,0.0,0.12030089974141141
1788446852950734616,0,0.6205914011210222,0.6564853249714594,0.0,0.9927374746232797,0.0,0.0,0.12030089974141141
1788446852970726291,0,0.6215838584622957,0.6567294437195503,0.0,0.9927374746232797,0.0,0.0,0.12030089974141141
1788446852998153899,0,0.6230718734884784,0.6570954567562322,0.0,0.9927374746232797,0.0,0.0,0.12030089974141141
1788446853010756339,0,0.623569630818564,0.6572178921408278,0.0,0.9927374746232797,0.0,0.0,0.12030089974141141
1788446853030752392,0,0.624560985625884,0.657461739694181,0.0,0.9927374746232797,0.0,0.0,0.12030089974141141
1788446853050734927,0,0.6255395392688242,0.6577024385326754,0.0,0.9927374746232797,0.0,0.0,0.12030089974141141
1788446853070732704,0,0.6265086142328568,0.6579408059017731,0.0,0.9927374746232797,0.0,0.0,0.12030089974141141
1788446853097973167,0,0.6279896840707326,0.6583051107634272,0.0,0.9927374746232797,0.0,0.0,0.12030089974141141
1788446853110740915,0,0.6284946483267644,0.6584293189058993,0.0,0.9927374746232797,0.0,0.0,0.12030089974141141
1788446853130734269,0,0.6294915254695694,0.6586745248916729,0.0,0.9927374746232797,0.0,0.0,0.12030089974141141
1788446853150728932,0,0.630492278648101,0.6589206842819538,0.0,0.9927374746232797,0.0,0.0,0.12030089974141141
1788446853170748262,0,0.6314808350715613,0.6591638435860435,0.0,0.9927374746232797,0.0,0.0,0.12030089974141141
1788446853198136445,0,0.632950150681237,0.6595252571719485,0.0,0.9927374746232797,0.0,0.0,0.12030089974141141
1788446853210723133,0,0.6334378593772511,0.659645220853361,0.0,0.9927374746232797,0.0,0.0,0.12030089974141141
1788446853230765169,0,0.6344167795421934,0.6598860098074132,0.0,0.9927374746232797,0.0,0.0,0.12030089974141141
1788446853250722332,0,0.6353976904659793,0.6601272884364735,0.0,0.9927374746232797,0.0,0.0,0.12030089974141141
1788446853270746146,0,0.636384950610486,0.6603701288090459,0.0,0.9927374746232797,0.0,0.0,0.12030089974141141
1788446853298560835,0,0.6378718039971721,0.6607358561936277,0.0,0.9927374746232797,0.0,0.0,0.12030089974141141
1788446853310725346,0,0.6383758700398877,0.6608598433988627,0.0,0.9927374746232797,0.0,0.0,0.12030089974141141
1788446853330781971,0,0.6393531072257894,0.661100218463366,0.0,0.9927374746232797,0.0,0.0,0.12030089974141141
1788446853350730716,0,0.6403292694517964,0.661340329075726,0.0,0.9927374746232797,0.0,0.0,0.12030089974141141
1788446853370760233,0,0.6413067578346822,0.6615807658485523,0.0,0.9927374746232797,0.0,0.0,0.12030089974141141
1788446853398074780,0,0.642778769706618,0.6619428426052598,0.0,0.9927374746232797,0.0,0.0,0.12030089974141141
1788446853411122106,0,0.64328454796137,0.6620672509703572,0.0,0.9927374746232797,0.0,0.0,0.12030089974141141
1788446853430761679,0,0.6442731836116488,0.6623104297621945,0.0,0.9927374746232797,0.0,0.0,0.12030089974141141
1788446853450736421,0,0.6452585429982334,0.6625528026379324,0.0,0.9927374746232797,0.0,0.0,0.12030089974141141
1788446853470795264,0,0.6462561940012049,0.6627981988920066,0.0,0.9927374746232797,0.0,0.0,0.12030089974141141
1788446853498080188,0,0.6472366853550797,0.6630393743177582,0.0,0.9927374746232797,0.0,0.0,0.12030089974141141
1788446853510735331,0,0.6482218612505289,0.6632817019388938,0.0,0.9927374746232797,0.0,0.0,0.12030089974141141
1788446853530726770,0,0.649204519233784,0.6635234102191838,0.0,0.9927374746232797,0.0,0.0,0.12030089974141141
1788446853550726206,0,0.650187168562797,0.663765116410787,0.0,0.9927374746232797,0.0,0.0,0.12030089974141141
1788446853570733794,0,0.6511694633380147,0.6640067354313836,0.0,0.9927374746232797,0.0,0.0,0.12030089974141141
1788446853598055001,0,0.652151510309648,0.6642482934987298,0.0,0.9927374746232797,0.0,0.0,0.12030089974141141
1788446853610714443,0,0.6531281252186769,0.664488515419657,0.0,0.9927374746232797,0.0,0.0,0.12030089974141141
1788446853630762640,0,0.6541050502031129,0.6647288136110868,0.0,0.9927374746232797,0.0,0.0,0.12030089974141141
1788446853650722545,0,0.655092604220475,0.6649717263492644,0.0,0.9927374746232797,0.0,0.0,0.12030089974141141
1788446853670732694,0,0.6560708997545222,0.6652123618197316,0.0,0.9927374746232797,0.0,0.0,0.12030089974141141
1788446853697994892,0,0.6570489345511141,0.6654529331555095,0.0,0.9927374746232797,0.0,0.0,0.12030089974141141
1788446853710713522,0,0.6575423763792664,0.6655743069984317,0.0,0.9927374746232797,0.0,0.0,0.12030089974141141
1788446853730768002,0,0.6585296498690011,0.6658171505731505,0.0,0.9927374746232797,0.0,0.0,0.12030089974141141
1788446853750724429,0,0.6595167322918036,0.6660599471503784,0.0,0.9927374746232797,0.0,0.0,0.12030089974141141
1788446853770735780,0,0.6605011081805923,0.6663020779105066,0.0,0.9927374746232797,0.0,0.0,0.12030089974141141
1788446853797998882,0,0.6619963802523007,0.6666698757887811,0.0,0.9927374746232797,0.0,0.0,0.12030089974141141
1788446853810751280,0,0.6624871512519024,0.6667905926774151,0.0,0.9927374746232797,0.0,0.0,0.12030089974141141
1788446853830711626,0,0.6634788934938259,0.6670345354488281,0.0,0.9927374746232797,0.0,0.0,0.12030089974141141
1788446853850723633,0,0.6644696378970877,0.667278232777909,0.0,0.9927374746232797,0.0,0.0,0.12030089974141141
1788446853870716537,0,0.6654520733307931,0.6675198863968429,0.0,0.9927374746232797,0.0,0.0,0.12030089974141141
1788446853898056327,0,0.6669265998097571,0.6678825816413656,0.0,0.9927374746232797,0.0,0.0,0.12030089974141141
1788446853910755535,0,0.6674142684348726,0.668002535466377,0.0,0.9927374746232797,0.0,0.0,0.12030089974141141
1788446853930725579,0,0.6684101260618163,0.668247490596493,0.0,0.9927374746232797,0.0,0.0,0.12030089974141141
1788446853950720702,0,0.6693871721552622,0.6684878186174563,0.0,0.9927374746232797,0.0,0.0,0.12030089974141141
1788446853970722544,0,0.6703637544797507,0.6687280325234323,0.0,0.9927374746232797,0.0,0.0,0.12030089974141141
1788446853998283980,0,0.6718332676981564,0.66908949463597,0.0,0.9927374746232797,0.0,0.0,0.12030089974141141
1788446854010794617,0,0.672326369423002,0.6692107848625064,0.0,0.9927374746232797,0.0,0.0,0.12030089974141141
1788446854030740564,0,0.6733339101039196,0.6694586137206825,0.0,0.9927374746232797,0.0,0.0,0.12030089974141141
1788446854050733792,0,0.6743397244842324,0.6697060180370034,0.0,0.9927374746232797,0.0,0.0,0.12030089974141141
1788446854070731813,0,0.6753314575757429,0.6699499588000427,0.0,0.9927374746232797,0.0,0.0,0.12030089974141141
1788446854098276282,0,0.6768145057154907,0.6703147502734,0.0,0.9927374746232797,0.0,0.0,0.12030089974141141
1788446854110732124,0,0.6773060779392676,0.6704356642423211,0.0,0.9927374746232797,0.0,0.0,0.12030089974141141
1788446854130757614,0,0.6782896515856368,0.6706775977518977,0.0,0.9927374746232797,0.0,0.0,0.12030089974141141
1788446854150730727,0,0.6792731006282124,0.6709195006923266,0.0,0.9927374746232797,0.0,0.0,0.12030089974141141
1788446854170728437,0,0.6802567667734579,0.6711614571144975,0.0,0.9927374746232797,0.0,0.0,0.12030089974141141
1788446854198162678,0,0.6817293150923482,0.6715236659427639,0.0,0.9927374746232797,0.0,0.0,0.12030089974141141
1788446854210763275,0,0.6822166325230525,0.6716435334624686,0.0,0.9927374746232797,0.0,0.0,0.12030089974141141
1788446854230726609,0,0.6831985414771835,0.6718850577410839,0.0,0.9927374746232797,0.0,0.0,0.12030089974141141
1788446854250731842,0,0.684176572478681,0.6721256280636237,0.0,0.9927374746232797,0.0,0.0,0.12030089974141141
1788446854270728830,0,0.6851557090530759,0.6723664702487846,0.0,0.9927374746232797,0.0,0.0,0.12030089974141141
1788446854298056116,0,0.6866281921838545,0.6727286628826861,0.0,0.9927374746232797,0.0,0.0,0.12030089974141141
1788446854311333923,0,0.6871209837285841,0.6728498768129643,0.0,0.9927374746232797,0.0,0.0,0.12030089974141141
1788446854330732590,0,0.6881064788376681,0.6730922830326317,0.0,0.9927374746232797,0.0,0.0,0.12030089974141141
1788446854350737801,0,0.689106013815531,0.6733381426543354,0.0,0.9927374746232797,0.0,0.0,0.12030089974141141
1788446854370732280,0,0.6900914844198687,0.6735805427661847,0.0,0.9927374746232797,0.0,0.0,0.12030089974141141
1788446854398074322,0,0.6915791562929944,0.6739464713152998,0.0,0.9927374746232797,0.0,0.0,0.12030089974141141
1788446854410726526,0,0.6920704505437849,0.6740673169101034,0.0,0.9927374746232797,0.0,0.0,0.12030089974141141
1788446854430722311,0,0.6930704383908896,0.6743132878857157,0.0,0.9927374746232797,0.0,0.0,0.12030089974141141
1788446854450724505,0,0.6940536413995801,0.6745551302681514,0.0,0.9927374746232797,0.0,0.0,0.12030089974141141
1788446854470715010,0,0.6950441437154264,0.6747987681307273,0.0,0.9927374746232797,0.0,0.0,0.12030089974141141
1788446854498000610,0,0.6960388137892235,0.6750434311535906,0.0,0.9927374746232797,0.0,0.0,0.12030089974141141
1788446854510724409,0,0.697017972463102,0.6752842787746509,0.0,0.9927374746232797,0.0,0.0,0.12030089974141141
1788446854530768008,0,0.6979963475591566,0.6755249336559032,0.0,0.9927374746232797,0.0,0.0,0.12030089974141141
1788446854550725770,0,0.6989759046847658,0.675765879285748,0.0,0.9927374746232797,0.0,0.0,0.12030089974141141
1788446854570712032,0,0.6999533417464413,0.6760063034348885,0.0,0.9927374746232797,0.0,0.0,0.12030089974141141
1788446854598154891,0,0.70093064230652,0.6762466940081789,0.0,0.9927374746232797,0.0,0.0,0.12030089974141141
1788446854610736615,0,0.7019361669027254,0.6764940268799202,0.0,0.9927374746232797,0.0,0.0,0.12030089974141141
1788446854630757806,0,0.7029217020851428,0.676736442876296,0.0,0.9927374746232797,0.0,0.0,0.12030089974141141
1788446854650716818,0,0.7034186282455105,0.6768586737742281,0.0,0.9927374746232797,0.0,0.0,0.12030089974141141
1788446854670680470,0,0.704416157543151,0.6771040400919497,0.0,0.9927374746232797,0.0,0.0,0.12030089974141141
1788446854698509218,0,0.7059022674416404,0.677469584557044,0.0,0.9927374746232797,0.0,0.0,0.12030089974141141
1788446854710746247,0,0.7063954046577409,0.6775908835938599,0.0,0.9927374746232797,0.0,0.0,0.12030089974141141
1788446854730723355,0,0.707387173844,0.6778348332352765,0.0,0.9927374746232797,0.0,0.0,0.12030089974141141
1788446854750723974,0,0.7083805661777106,0.6780791821291042,0.0,0.9927374746232797,0.0,0.0,0.12030089974141141
1788446854770722521,0,0.7093727905256341,0.6783232434860414,0.0,0.9927374746232797,0.0,0.0,0.12030089974141141
1788446854797996614,0,0.7108439815592719,0.6786851181777227,0.0,0.9927374746232797,0.0,0.0,0.12030089974141141
1788446854810738076,0,0.7113317608877004,0.6788050991931366,0.0,0.9927374746232797,0.0,0.0,0.12030089974141141
1788446854830755718,0,0.7123076515565342,0.6790451428902665,0.0,0.9927374746232797,0.0,0.0,0.12030089974141141
1788446854850724882,0,0.7132848233318915,0.6792855017062475,0.0,0.9927374746232797,0.0,0.0,0.12030089974141141
1788446854870755424,0,0.7142619671275564,0.6795258537991687,0.0,0.9927374746232797,0.0,0.0,0.12030089974141141
1788446854898030414,0,0.7157439424301828,0.6798903813014889,0.0,0.9927374746232797,0.0,0.0,0.12030089974141141
1788446854910724575,0,0.716236370371241,0.6800115057545826,0.0,0.9927374746232797,0.0,0.0,0.12030089974141141
1788446854930767054,0,0.7172209106623777,0.6802536770336054,0.0,0.9927374746232797,0.0,0.0,0.12030089974141141
1788446854950720278,0,0.7182071048729103,0.6804962551739511,0.0,0.9927374746232797,0.0,0.0,0.12030089974141141
1788446854970756098,0,0.7191941784573352,0.6807390496575852,0.0,0.9927374746232797,0.0,0.0,0.12030089974141141
1788446854997997576,0,0.7206788271250422,0.6811042346572943,0.0,0.9927374746232797,0.0,0.0,0.12030089974141141
1788446855010765744,0,0.7211717055398107,0.6812254699151926,0.0,0.9927374746232797,0.0,0.0,0.12030089974141141
1788446855030729758,0,0.7221565370527996,0.681467712827209,0.0,0.9927374746232797,0.0,0.0,0.12030089974141141
1788446855050730722,0,0.7231413896419338,0.6817099609635089,0.0,0.9927374746232797,0.0,0.0,0.12030089974141141
1788446855070726982,0,0.7241273818407775,0.6819524894543559,0.0,0.9927374746232797,0.0,0.0,0.12030089974141141
1788446855097958029,0,0.7256003105947229,0.6823147916999909,0.0,0.9927374746232797,0.0,0.0,0.12030089974141141
1788446855110787347,0,0.7260886427050813,0.6824349087251522,0.0,0.9927374746232797,0.0,0.0,0.12030089974141141
1788446855130731881,0,0.727063983016429,0.6826748171281304,0.0,0.9927374746232797,0.0,0.0,0.12030089974141141
1788446855150727709,0,0.7280411132654694,0.6829151657696477,0.0,0.9927374746232797,0.0,0.0,0.12030089974141141
1788446855170736452,0,0.7290153071635824,0.6831547921053559,0.0,0.9927374746232797,0.0,0.0,0.12030089974141141
1788446855198349782,0,0.7304825202739635,0.6835156882913188,0.0,0.9927374746232797,0.0,0.0,0.12030089974141141
1788446855210770922,0,0.7309776042399391,0.6836374660170577,0.0,0.9927374746232797,0.0,0.0,0.12030089974141141
1788446855230739976,0,0.7319874849620367,0.6838858703000813,0.0,0.9927374746232797,0.0,0.0,0.12030089974141141
1788446855250723810,0,0.7329723454524907,0.6841281202595629,0.0,0.9927374746232797,0.0,0.0,0.12030089974141141
1788446855270764543,0,0.7339670355529897,0.6843727880464,0.0,0.9927374746232797,0.0,0.0,0.12030089974141141
1788446855298545593,0,0.7354503269847915,0.6847376390800326,0.0,0.9927374746232797,0.0,0.0,0.12030089974141141
1788446855310749634,0,0.7359413384500343,0.6848584151569566,0.0,0.9927374746232797,0.0,0.0,0.12030089974141141
1788446855330751803,0,0.7369231679065881,0.6850999197212386,0.0,0.9927374746232797,0.0,0.0,0.12030089974141141
1788446855350724395,0,0.7379197112790833,0.6853450435680399,0.0,0.9927374746232797,0.0,0.0,0.12030089974141141
1788446855370759861,0,0.7389048720683511,0.6855873676339705,0.0,0.9927374746232797,0.0,0.0,0.12030089974141141
1788446855398022086,0,0.7403812491941564,0.685950518129861,0.0,0.9927374746232797,0.0,0.0,0.12030089974141141
1788446855410732338,0,0.7408700834432814,0.6860707586283011,0.0,0.9927374746232797,0.0,0.0,0.12030089974141141
1788446855430725176,0,0.7418477951863605,0.6863112502622836,0.0,0.9927374746232797,0.0,0.0,0.12030089974141141
1788446855450774382,0,0.7428293245123877,0.686552681041389,0.0,0.9927374746232797,0.0,0.0,0.12030089974141141
1788446855470786104,0,0.7438039019793213,0.6867924019632378,0.0,0.9927374746232797,0.0,0.0,0.12030089974141141
1788446855497905745,0,0.7447790186940008,0.6870322555261245,0.0,0.9927374746232797,0.0,0.0,0.12030089974141141
1788446855510827608,0,0.7457672918204525,0.6872753450659648,0.0,0.9927374746232797,0.0,0.0,0.12030089974141141
1788446855530724039,0,0.7467602787896084,0.6875195940887691,0.0,0.9927374746232797,0.0,0.0,0.12030089974141141
1788446855550728648,0,0.7477522729137628,0.6877635989382127,0.0,0.9927374746232797,0.0,0.0,0.12030089974141141
1788446855570728464,0,0.7487385462143573,0.6880061966531467,0.0,0.9927374746232797,0.0,0.0,0.12030089974141141
1788446855597980827,0,0.7497256059569223,0.6882489878124584,0.0,0.9927374746232797,0.0,0.0,0.12030089974141141
1788446855610776758,0,0.7507082798090642,0.6884907000761399,0.0,0.9927374746232797,0.0,0.0,0.12030089974141141
1788446855630712234,0,0.7517018018477645,0.688735080712165,0.0,0.9927374746232797,0.0,0.0,0.12030089974141141
1788446855650726861,0,0.7526855213223761,0.6889770502521597,0.0,0.9927374746232797,0.0,0.0,0.12030089974141141
1788446855670735648,0,0.7536699524971298,0.6892191949319983,0.0,0.9927374746232797,0.0,0.0,0.12030089974141141
1788446855698015763,0,0.7546696927626305,0.6894651052533289,0.0,0.9927374746232797,0.0,0.0,0.12030089974141141
1788446855710744714,0,0.7551593027922364,0.6895855366533471,0.0,0.9927374746232797,0.0,0.0,0.12030089974141141
1788446855730774290,0,0.7561509984417316,0.6898294681258228,0.0,0.9927374746232797,0.0,0.0,0.12030089974141141
1788446855750765213,0,0.7571302761076127,0.6900703450956094,0.0,0.9927374746232797,0.0,0.0,0.12030089974141141
1788446855770739019,0,0.7581041230229206,0.6903098861619208,0.0,0.9927374746232797,0.0,0.0,0.12030089974141141
1788446855797907528,0,0.7595770515270565,0.6906721883461091,0.0,0.9927374746232797,0.0,0.0,0.12030089974141141
1788446855810740098,0,0.7600699119332749,0.6907934192145263,0.0,0.9927374746232797,0.0,0.0,0.12030089974141141
1788446855830757463,0,0.7610727899569245,0.6910401011800272,0.0,0.9927374746232797,0.0,0.0,0.12030089974141141
1788446855850725015,0,0.7620706145890106,0.6912855401423574,0.0,0.9927374746232797,0.0,0.0,0.12030089974141141
1788446855870783593,0,0.7630655499552728,0.6915302684202819,0.0,0.9927374746232797,0.0,0.0,0.12030089974141141
1788446855898056720,0,0.7645459068102669,0.691894397745552,0.0,0.9927374746232797,0.0,0.0,0.12030089974141141
1788446855911021311,0,0.7650498951392741,0.6920183657531053,0.0,0.9927374746232797,0.0,0.0,0.12030089974141141
1788446855930744288,0,0.7660415830117048,0.6922622951510383,0.0,0.9927374746232797,0.0,0.0,0.12030089974141141
1788446855950725107,0,0.7670275251918973,0.6925048112983905,0.0,0.9927374746232797,0.0,0.0,0.12030089974141141
1788446855970750226,0,0.7680121676664841,0.6927470077921005,0.0,0.9927374746232797,0.0,0.0,0.12030089974141141
1788446855998087868,0,0.7694861765765932,0.6931095757281178,0.0,0.9927374746232797,0.0,0.0,0.12030089974141141
1788446856010759930,0,0.7699752299567554,0.6932298701669313,0.0,0.9927374746232797,0.0,0.0,0.12030089974141141
1788446856030757539,0,0.7709540798713634,0.6934706418412245,0.0,0.9927374746232797,0.0,0.0,0.12030089974141141
1788446856050722301,0,0.7719311935463736,0.6937109864456384,0.0,0.9927374746232797,0.0,0.0,0.12030089974141141
1788446856070737067,0,0.7729112259334171,0.6939520489774613,0.0,0.9927374746232797,0.0,0.0,0.12030089974141141
1788446856098445626,0,0.7743791562146756,0.6943131216884615,0.0,0.9927374746232797,0.0,0.0,0.12030089974141141
1788446856110733220,0,0.7748709598733312,0.6944340925843374,0.0,0.9927374746232797,0.0,0.0,0.12030089974141141
1788446856130742473,0,0.7758547912394305,0.6946760894862579,0.0,0.9927374746232797,0.0,0.0,0.12030089974141141
1788446856150711618,0,0.7768379420577994,0.6949179190312029,0.0,0.9927374746232797,0.0,0.0,0.12030089974141141
1788446856170723188,0,0.777830396661063,0.6951620371058145,0.0,0.9927374746232797,0.0,0.0,0.12030089974141141
1788446856198162871,0,0.7793129857118056,0.6955267155337418,0.0,0.9927374746232797,0.0,0.0,0.12030089974141141
1788446856210767345,0,0.7798043015740779,0.6956475664844347,0.0,0.9927374746232797,0.0,0.0,0.12030089974141141
1788446856230761071,0,0.7807873013555615,0.6958893589182753,0.0,0.9927374746232797,0.0,0.0,0.12030089974141141
1788446856250747508,0,0.7817734220013249,0.696131919003731,0.0,0.9927374746232797,0.0,0.0,0.12030089974141141
1788446856270753021,0,0.782759251402569,0.6963744074505936,0.0,0.9927374746232797,0.0,0.0,0.12030089974141141
1788446856298067241,0,0.7842402566451575,0.6967386963028207,0.0,0.9927374746232797,0.0,0.0,0.12030089974141141
1788446856310862513,0,0.7847333119322867,0.6968599751068841,0.0,0.9927374746232797,0.0,0.0,0.12030089974141141
1788446856330726060,0,0.7857170666122372,0.6971019532261552,0.0,0.9927374746232797,0.0,0.0,0.12030089974141141
1788446856350725554,0,0.7866942415419234,0.6973423129373775,0.0,0.9927374746232797,0.0,0.0,0.12030089974141141
1788446856370738818,0,0.7876696768140785,0.6975822447777185,0.0,0.9927374746232797,0.0,0.0,0.12030089974141141
1788446856398080164,0,0.7891354693334333,0.6979427918142735,0.0,0.9927374746232797,0.0,0.0,0.12030089974141141
1788446856410783015,0,0.7896259844215401,0.6980634458352671,0.0,0.9927374746232797,0.0,0.0,0.12030089974141141
1788446856430750108,0,0.7906067802731559,0.6983046962394657,0.0,0.9927374746232797,0.0,0.0,0.12030089974141141
1788446856450723921,0,0.791609540276093,0.6985513492566294,0.0,0.9927374746232797,0.0,0.0,0.12030089974141141
1788446856470741933,0,0.7925948724523993,0.6987937154793374,0.0,0.9927374746232797,0.0,0.0,0.12030089974141141
1788446856498001686,0,0.7935875022778399,0.6990378767349266,0.0,0.9927374746232797,0.0,0.0,0.12030089974141141
1788446856510723805,0,0.7945697065681566,0.6992794734185657,0.0,0.9927374746232797,0.0,0.0,0.12030089974141141
1788446856530744413,0,0.7955665827939522,0.6995246790163473,0.0,0.9927374746232797,0.0,0.0,0.12030089974141141
1788446856550726411,0,0.7965508133760149,0.6997667741551669,0.0,0.9927374746232797,0.0,0.0,0.12030089974141141
1788446856570737365,0,0.7975408641088088,0.700010300940032,0.0,0.9927374746232797,0.0,0.0,0.12030089974141141
1788446856597987509,0,0.7985283319696448,0.7002531924054304,0.0,0.9927374746232797,0.0,0.0,0.12030089974141141
1788446856610721175,0,0.7995068578164357,0.7004938843674513,0.0,0.9927374746232797,0.0,0.0,0.12030089974141141
1788446856630775256,0,0.8004848589462351,0.7007344472627106,0.0,0.9927374746232797,0.0,0.0,0.12030089974141141
1788446856650729257,0,0.8014815088408829,0.7009795972701197,0.0,0.9927374746232797,0.0,0.0,0.12030089974141141
1788446856670715615,0,0.801969289353072,0.7010995786164473,0.0,0.9927374746232797,0.0,0.0,0.12030089974141141
1788446856698312944,0,0.8034321682570957,0.7014594088598315,0.0,0.9927374746232797,0.0,0.0,0.12030089974141141
1788446856710758922,0,0.8039236181826028,0.7015802927465623,0.0,0.9927374746232797,0.0,0.0,0.12030089974141141
1788446856730713564,0,0.8049053568087815,0.7018217748889469,0.0,0.9927374746232797,0.0,0.0,0.12030089974141141
1788446856750722595,0,0.8059086645415874,0.7020685624700083,0.0,0.9927374746232797,0.0,0.0,0.12030089974141141
1788446856770734390,0,0.8068926936129538,0.7023106081626151,0.0,0.9927374746232797,0.0,0.0,0.12030089974141141
1788446856797874970,0,0.8083698921594182,0.7026739607867407,0.0,0.9927374746232797,0.0,0.0,0.12030089974141141
1788446856810778784,0,0.8088616582955244,0.7027949224931106,0.0,0.9927374746232797,0.0,0.0,0.12030089974141141
1788446856830746479,0,0.8098553907043752,0.7030393548747329,0.0,0.9927374746232797,0.0,0.0,0.12030089974141141
1788446856850720362,0,0.8108472342641322,0.7032833226485007,0.0,0.9927374746232797,0.0,0.0,0.12030089974141141
1788446856870733718,0,0.8118319034016473,0.7035255257808203,0.0,0.9927374746232797,0.0,0.0,0.12030089974141141
1788446856898033073,0,0.8133100940804666,0.7038891224838367,0.0,0.9927374746232797,0.0,0.0,0.12030089974141141
1788446856910734432,0,0.8138015412406081,0.7040100058104745,0.0,0.9927374746232797,0.0,0.0,0.12030089974141141
1788446856930758161,0,0.8147853236862479,0.7042519909196823,0.0,0.9927374746232797,0.0,0.0,0.12030089974141141
1788446856950714054,0,0.8157710215619646,0.704494447094685,0.0,0.9927374746232797,0.0,0.0,0.12030089974141141
1788446856970732099,0,0.8167467402182838,0.7047344485607067,0.0,0.9927374746232797,0.0,0.0,0.12030089974141141
1788446856998340278,0,0.8182400821395145,0.7051017718735104,0.0,0.9927374746232797,0.0,0.0,0.12030089974141141
1788446857010737269,0,0.818732667826869,0.7052229351280861,0.0,0.9927374746232797,0.0,0.0,0.12030089974141141
1788446857030751868,0,0.8197199600958628,0.7054657833220137,0.0,0.9927374746232797,0.0,0.0,0.12030089974141141
1788446857050713023,0,0.8207049708874868,0.7057080702917972,0.0,0.9927374746232797,0.0,0.0,0.12030089974141141
1788446857070786053,0,0.8217037821503443,0.7059537517769439,0.0,0.9927374746232797,0.0,0.0,0.12030089974141141
1788446857097855571,0,0.8231888779104852,0.7063190466680761,0.0,0.9927374746232797,0.0,0.0,0.12030089974141141
1788446857110790265,0,0.8236789631302995,0.7064395949525913,0.0,0.9927374746232797,0.0,0.0,0.12030089974141141
1788446857130755568,0,0.8246695372337088,0.7066832505537467,0.0,0.9927374746232797,0.0,0.0,0.12030089974141141
1788446857150716029,0,0.8256604867386589,0.7069269983736955,0.0,0.9927374746232797,0.0,0.0,0.12030089974141141
1788446857170738549,0,0.8266504368523181,0.7071705002475622,0.0,0.9927374746232797,0.0,0.0,0.12030089974141141
1788446857197869390,0,0.8281370352989444,0.7075361647224461,0.0,0.9927374746232797,0.0,0.0,0.12030089974141141
1788446857210779484,0,0.8286266423299329,0.7076565953449936,0.0,0.9927374746232797,0.0,0.0,0.12030089974141141
1788446857230710877,0,0.8296152802155037,0.7078997746061103,0.0,0.9927374746232797,0.0,0.0,0.12030089974141141
1788446857250712073,0,0.8305930893260134,0.708140290269608,0.0,0.9927374746232797,0.0,0.0,0.12030089974141141
1788446857270747187,0,0.8315663412009338,0.7083796849714274,0.0,0.9927374746232797,0.0,0.0,0.12030089974141141
1788446857297944946,0,0.8330318777846512,0.7087401688949367,0.0,0.9927374746232797,0.0,0.0,0.12030089974141141
1788446857310711358,0,0.833523988057618,0.7088612152099505,0.0,0.9927374746232797,0.0,0.0,0.12030089974141141
1788446857330745103,0,0.834508086884657,0.7091032779002988,0.0,0.9927374746232797,0.0,0.0,0.12030089974141141
1788446857350718338,0,0.8355049765678403,0.7093484868082475,0.0,0.9927374746232797,0.0,0.0,0.12030089974141141
1788446857370727934,0,0.8364904888666067,0.7095908971758409,0.0,0.9927374746232797,0.0,0.0,0.12030089974141141
1788446857398253843,0,0.8374752326157339,0.7098331185002323,0.0,0.9927374746232797,0.0,0.0,0.12030089974141141
1788446857410710892,0,0.8384679535009444,0.7100773019115376,0.0,0.9927374746232797,0.0,0.0,0.12030089974141141
1788446857430721049,0,0.839451420071407,0.7103192090031059,0.0,0.9927374746232797,0.0,0.0,0.12030089974141141
1788446857450713107,0,0.8404333473536886,0.7105607375501259,0.0,0.9927374746232797,0.0,0.0,0.12030089974141141
1788446857470720595,0,0.8414172669241053,0.7108027562281722,0.0,0.9927374746232797,0.0,0.0,0.12030089974141141
1788446857498135364,0,0.8424013070596417,0.7110448045621087,0.0,0.9927374746232797,0.0,0.0,0.12030089974141141
1788446857510777122,0,0.8433918391967147,0.7112884498406311,0.0,0.9927374746232797,0.0,0.0,0.12030089974141141
1788446857530724372,0,0.8443721407586907,0.7115295786623668,0.0,0.9927374746232797,0.0,0.0,0.12030089974141141
1788446857550723419,0,0.8453596981122232,0.7117724922211023,0.0,0.9927374746232797,0.0,0.0,0.12030089974141141
1788446857570732544,0,0.8463363229027496,0.7120127166521872,0.0,0.9927374746232797,0.0,0.0,0.12030089974141141
1788446857598044865,0,0.8473127735167019,0.7122528982403412,0.0,0.9927374746232797,0.0,0.0,0.12030089974141141
1788446857610756226,0,0.8482974284767336,0.7124950978051467,0.0,0.9927374746232797,0.0,0.0,0.12030089974141141
1788446857630725482,0,0.8487896832641746,0.7126161797070627,0.0,0.9927374746232797,0.0,0.0,0.12030089974141141
1788446857650930821,0,0.8497844529396756,0.7128608672293602,0.0,0.9927374746232797,0.0,0.0,0.12030089974141141
1788446857670774976,0,0.8507697224349077,0.7131032179538754,0.0,0.9927374746232797,0.0,0.0,0.12030089974141141
1788446857698082357,0,0.8522712284510353,0.7134725494643238,0.0,0.9927374746232797,0.0,0.0,0.12030089974141141
1788446857710748245,0,0.8527625954216516,0.7135934129863429,0.0,0.9927374746232797,0.0,0.0,0.12030089974141141
1788446857730757483,0,0.853750131645784,0.713836321267338,0.0,0.9927374746232797,0.0,0.0,0.12030089974141141
1788446857750835796,0,0.8547366847273937,0.7140789877207885,0.0,0.9927374746232797,0.0,0.0,0.12030089974141141
1788446857770732977,0,0.8557198908994669,0.7143208308412555,0.0,0.9927374746232797,0.0,0.0,0.12030089974141141
1788446857797992080,0,0.857204884005718,0.7146861004834615,0.0,0.9927374746232797,0.0,0.0,0.12030089974141141
1788446857810727798,0,0.8576949055561671,0.7148066330670381,0.0,0.9927374746232797,0.0,0.0,0.12030089974141141
1788446857830727180,0,0.8586747177924339,0.7150476414474836,0.0,0.9927374746232797,0.0,0.0,0.12030089974141141
1788446857850742909,0,0.8596530092360404,0.7152882757524047,0.0,0.9927374746232797,0.0,0.0,0.12030089974141141
1788446857870726063,0,0.8606310058964377,0.7155288375483072,0.0,0.9927374746232797,0.0,0.0,0.12030089974141141
1788446857897994530,0,0.8621028722863223,0.7158908784799554,0.0,0.9927374746232797,0.0,0.0,0.12030089974141141
1788446857910768722,0,0.8625949662278675,0.7160119208179555,0.0,0.9927374746232797,0.0,0.0,0.12030089974141141
1788446857930727899,0,0.8635792736693405,0.7162540349022148,0.0,0.9927374746232797,0.0,0.0,0.12030089974141141
1788446857950722770,0,0.8645633436867818,0.7164960905863245,0.0,0.9927374746232797,0.0,0.0,0.12030089974141141
1788446857970755269,0,0.8655520058230646,0.716739275812487,0.0,0.9927374746232797,0.0,0.0,0.12030089974141141
1788446857998066255,0,0.867034450536111,0.717103918697015,0.0,0.9927374746232797,0.0,0.0,0.12030089974141141
1788446858010749369,0,0.8675262851672928,0.7172248972113259,0.0,0.9927374746232797,0.0,0.0,0.12030089974141141
1788446858030724701,0,0.8685096059154358,0.7174667685145231,0.0,0.9927374746232797,0.0,0.0,0.12030089974141141
1788446858050722750,0,0.8694923519625037,0.7177084985362299,0.0,0.9927374746232797,0.0,0.0,0.12030089974141141
1788446858070743046,0,0.8704743664744566,0.7179500486993421,0.0,0.9927374746232797,0.0,0.0,0.12030089974141141
1788446858098055332,0,0.8719465302847114,0.7183121629086197,0.0,0.9927374746232797,0.0,0.0,0.12030089974141141
1788446858110722385,0,0.8724366559082946,0.7184327211314168,0.0,0.9927374746232797,0.0,0.0,0.12030089974141141
1788446858130733960,0,0.8734170751641239,0.7186738789027952,0.0,0.9927374746232797,0.0,0.0,0.12030089974141141
1788446858150714483,0,0.874393331492942,0.7189140127414893,0.0,0.9927374746232797,0.0,0.0,0.12030089974141141
1788446858170801163,0,0.8753708298696178,0.7191544521318023,0.0,0.9927374746232797,0.0,0.0,0.12030089974141141
1788446858198067237,0,0.8768352689561865,0.719514666298282,0.0,0.9927374746232797,0.0,0.0,0.12030089974141141
1788446858210725939,0,0.8773261920446699,0.7196354206368168,0.0,0.9927374746232797,0.0,0.0,0.12030089974141141
1788446858230759965,0,0.8783078671007175,0.7198768872225816,0.0,0.9927374746232797,0.0,0.0,0.12030089974141141
1788446858250788154,0,0.8792916331166751,0.7201188681302162,0.0,0.9927374746232797,0.0,0.0,0.12030089974141141
1788446858270736604,0,0.8802828282344254,0.7203626764040797,0.0,0.9927374746232797,0.0,0.0,0.12030089974141141
1788446858298025924,0,0.8817695021324582,0.720728359598424,0.0,0.9927374746232797,0.0,0.0,0.12030089974141141
1788446858310724523,0,0.8822601354545836,0.7208490426619552,0.0,0.9927374746232797,0.0,0.0,0.12030089974141141
1788446858330741601,0,0.8832414583837618,0.721090422633649,0.0,0.9927374746232797,0.0,0.0,0.12030089974141141
1788446858350725730,0,0.8842230097945107,0.7213318588058792,0.0,0.9927374746232797,0.0,0.0,0.12030089974141141
1788446858370740593,0,0.8852047157116125,0.7215733329826622,0.0,0.9927374746232797,0.0,0.0,0.12030089974141141
1788446858398160508,0,0.8866778123643616,0.7219356765670565,0.0,0.9927374746232797,0.0,0.0,0.12030089974141141
1788446858410736754,0,0.8871684075713778,0.722056350295229,0.0,0.9927374746232797,0.0,0.0,0.12030089974141141
1788446858430736375,0,0.8881612753895685,0.7223005700908772,0.0,0.9927374746232797,0.0,0.0,0.12030089974141141
1788446858450733011,0,0.8891434580194861,0.7225421616463846,0.0,0.9927374746232797,0.0,0.0,0.12030089974141141
1788446858470760395,0,0.8901186116647867,0.7227820242932516,0.0,0.9927374746232797,0.0,0.0,0.12030089974141141
1788446858498961926,0,0.8915857362339205,0.723142899018958,0.0,0.9927374746232797,0.0,0.0,0.12030089974141141
1788446858510752863,0,0.8920812677689247,0.723264786915731,0.0,0.9927374746232797,0.0,0.0,0.12030089974141141
1788446858530735286,0,0.8930730489622442,0.7235087393489736,0.0,0.9927374746232797,0.0,0.0,0.12030089974141141
1788446858550724132,0,0.8940575358542224,0.7237508974931331,0.0,0.9927374746232797,0.0,0.0,0.12030089974141141
1788446858570738991,0,0.8950428445327507,0.723993257695176,0.0,0.9927374746232797,0.0,0.0,0.12030089974141141
1788446858597907440,0,0.8960279518048061,0.7242355683564864,0.0,0.9927374746232797,0.0,0.0,0.12030089974141141
1788446858610713866,0,0.8970130037641108,0.7244778655728095,0.0,0.9927374746232797,0.0,0.0,0.12030089974141141
1788446858630733038,0,0.897995489619634,0.724719531594202,0.0,0.9927374746232797,0.0,0.0,0.12030089974141141
1788446858650725068,0,0.8989815773412164,0.7249620835811635,0.0,0.9927374746232797,0.0,0.0,0.12030089974141141
1788446858670724563,0,0.8999670100122555,0.7252044744426925,0.0,0.9927374746232797,0.0,0.0,0.12030089974141141
1788446858698334417,0,0.9009502951954202,0.7254463370779394,0.0,0.9927374746232797,0.0,0.0,0.12030089974141141
1788446858710738578,0,0.9019324830403023,0.7256879298764676,0.0,0.9927374746232797,0.0,0.0,0.12030089974141141
1788446858730741463,0,0.9029147528171199,0.7259295428281323,0.0,0.9927374746232797,0.0,0.0,0.12030089974141141
1788446858750729471,0,0.9038945069380988,0.726170536993546,0.0,0.9927374746232797,0.0,0.0,0.12030089974141141
1788446858770724680,0,0.9048695378789974,0.7264103693788587,0.0,0.9927374746232797,0.0,0.0,0.12030089974141141
1788446858797867926,0,0.9058446912622735,0.7266502318818286,0.0,0.9927374746232797,0.0,0.0,0.12030089974141141
1788446858810729998,0,0.9068277998148866,0.726892051070544,0.0,0.9927374746232797,0.0,0.0,0.12030089974141141
1788446858830744757,0,0.9078105548290626,0.7271337832979795,0.0,0.9927374746232797,0.0,0.0,0.12030089974141141
1788446858850724490,0,0.9087954220072136,0.7273760350629345,0.0,0.9927374746232797,0.0,0.0,0.12030089974141141
1788446858870755028,0,0.9097814741508394,0.7276185782986422,0.0,0.9927374746232797,0.0,0.0,0.12030089974141141
1788446858898557792,0,0.9107663041816053,0.7278608209263046,0.0,0.9927374746232797,0.0,0.0,0.12030089974141141
1788446858910848068,0,0.9111568992936632,0.7279568971228694,0.0,0.9927374746232797,0.0,0.0,0.12030089974141141
1788446858930716922,0,0.91193890834451,0.7281492509259898,0.0,0.9927374746232797,0.0,0.0,0.12030089974141141
1788446858950713436,0,0.9127205148770879,0.7283415057201286,0.0,0.9927374746232797,0.0,0.0,0.12030089974141141
1788446858970739816,0,0.9132765959028246,0.7284782871295352,0.0,0.9927374746232797,0.0,0.0,0.12030089974141141
1788446858998234252,0,0.9141107997104122,0.7286834794796665,0.0,0.9927374746232797,0.0,0.0,0.12030089974141141
1788446859010711738,0,0.914303219884904,0.728730809817238,0.0,0.9927374746232797,0.0,0.0,0.12030089974141141
1788446859030741519,0,0.9146923015831678,0.7288265137535347,0.0,0.9927374746232797,0.0,0.0,0.12030089974141141
1788446859050731793,0,0.9150772958767697,0.7289212122950334,0.0,0.9927374746232797,0.0,0.0,0.12030089974141141
1788446859070739052,0,0.9152627179056891,0.728966821286668,0.0,0.9927374746232797,0.0,0.0,0.12030089974141141
1788446859098097753,0,0.9154712999392245,0.7290181270364653,0.0,0.9927374746232797,0.0,0.0,0.12030089974141141
1788446859110726041,0,0.9154712999392245,0.7290181270364653,0.0,0.9927374746232797,0.0,0.0,0.12030089974141141
1788446859130755994,0,0.9154712999392245,0.7290181270364653,0.0,0.9927374746232797,0.0,0.0,0.12030089974141141
1788446859150736890,0,0.9153820918379437,0.7289961841515558,0.0,0.9927374746232797,0.0,0.0,0.12030089974141141
1788446859170734489,0,0.915203586112932,0.72895227636153,0.0,0.9927374746232797,0.0,0.0,0.12030089974141141
1788446859198103894,0,0.9149221477881566,0.7288830498231048,0.0,0.9927374746232797,0.0,0.0,0.12030089974141141
1788446859210738672,0,0.9148233382287354,0.7288587452359531,0.0,0.9927374746232797,0.0,0.0,0.12030089974141141
1788446859230767089,0,0.9146257350503989,0.7288101399826004,0.0,0.9927374746232797,0.0,0.0,0.12030089974141141
1788446859250731294,0,0.9144253719978888,0.7287608558552781,0.0,0.9927374746232797,0.0,0.0,0.12030089974141141
1788446859270762978,0,0.9142221986949486,0.7287108804627327,0.0,0.9927374746232797,0.0,0.0,0.12030089974141141
1788446859297904706,0,0.9139235456171247,0.7286374195158303,0.0,0.9927374746232797,0.0,0.0,0.12030089974141141
1788446859310725109,0,0.9138286364512798,0.7286140743165367,0.0,0.9927374746232797,0.0,0.0,0.12030089974141141
1788446859330725327,0,0.9136388587545758,0.7285673939131049,0.0,0.9927374746232797,0.0,0.0,0.12030089974141141
1788446859350718894,0,0.9134461700439778,0.7285199974835374,0.0,0.9927374746232797,0.0,0.0,0.12030089974141141
1788446859370747321,0,0.9132505621953793,0.7284718830295143,0.0,0.9927374746232797,0.0,0.0,0.12030089974141141
1788446859398094518,0,0.9128600181107799,0.7283758193683977,0.0,0.9927374746232797,0.0,0.0,0.12030089974141141
1788446859410804300,0,0.9126626292141855,0.7283272668710361,0.0,0.9927374746232797,0.0,0.0,0.12030089974141141
1788446859431092282,0,0.9122733706118603,0.7282315194526734,0.0,0.9927374746232797,0.0,0.0,0.12030089974141141
1788446859450724130,0,0.911875135497398,0.728133563997779,0.0,0.9927374746232797,0.0,0.0,0.12030089974141141
1788446859470728444,0,0.9114688831166884,0.728033636455845,0.0,0.9927374746232797,0.0,0.0,0.12030089974141141
1788446859498388729,0,0.9108731088656358,0.7278870914371435,0.0,0.9927374746232797,0.0,0.0,0.12030089974141141
1788446859510724554,0,0.9106835457213907,0.7278404638080656,0.0,0.9927374746232797,0.0,0.0,0.12030089974141141
1788446859530745937,0,0.9103026410845997,0.7277467711222374,0.0,0.9927374746232797,0.0,0.0,0.12030089974141141
1788446859550722931,0,0.9099179138125643,0.7276521381829381,0.0,0.9927374746232797,0.0,0.0,0.12030089974141141
1788446859570726029,0,0.9095274600314834,0.7275560966864819,0.0,0.9927374746232797,0.0,0.0,0.12030089974141141
1788446859598061815,0,0.9089385370569658,0.7274112369032625,0.0,0.9927374746232797,0.0,0.0,0.12030089974141141
1788446859610769314,0,0.9087400385546562,0.7273624114072776,0.0,0.9927374746232797,0.0,0.0,0.12030089974141141
1788446859630724200,0,0.9083428037659959,0.7272647019265859,0.0,0.9927374746232797,0.0,0.0,0.12030089974141141
1788446859650714629,0,0.907948468710871,0.727167705721274,0.0,0.9927374746232797,0.0,0.0,0.12030089974141141
1788446859670756954,0,0.9075595689357683,0.7270720464699563,0.0,0.9927374746232797,0.0,0.0,0.12030089974141141
1788446859698057713,0,0.9069747151919049,0.7269281875805857,0.0,0.9927374746232797,0.0,0.0,0.12030089974141141
1788446859710742981,0,0.9067794130887978,0.7268801482842845,0.0,0.9927374746232797,0.0,0.0,0.12030089974141141
1788446859731033586,0,0.9063903985254349,0.7267844607029548,0.0,0.9927374746232797,0.0,0.0,0.12030089974141141
1788446859750724000,0,0.9059988627866157,0.7266881530094397,0.0,0.9927374746232797,0.0,0.0,0.12030089974141141
1788446859770834822,0,0.9056041133719241,0.7265910548664423,0.0,0.9927374746232797,0.0,0.0,0.12030089974141141
1788446859798011334,0,0.9052093094487712,0.7264939433157735,0.0,0.9927374746232797,0.0,0.0,0.12030089974141141
1788446859810889736,0,0.9048118410562596,0.7263961763745782,0.0,0.9927374746232797,0.0,0.0,0.12030089974141141
1788446859830775110,0,0.9044225715733256,0.7263004261530156,0.0,0.9927374746232797,0.0,0.0,0.12030089974141141
1788446859850724437,0,0.9040327565818993,0.7262045417663802,0.0,0.9927374746232797,0.0,0.0,0.12030089974141141
1788446859870738360,0,0.9036423295424605,0.7261085068476738,0.0,0.9927374746232797,0.0,0.0,0.12030089974141141
1788446859898075938,0,0.9032515771914564,0.7260123919107655,0.0,0.9927374746232797,0.0,0.0,0.12030089974141141
1788446859910740692,0,0.902850578335877,0.7259137566323349,0.0,0.9927374746232797,0.0,0.0,0.12030089974141141
1788446859930752203,0,0.9024543759518794,0.7258163011610369,0.0,0.9927374746232797,0.0,0.0,0.12030089974141141
1788446859950740257,0,0.902058086680017,0.7257188243017825,0.0,0.9927374746232797,0.0,0.0,0.12030089974141141
1788446859970761847,0,0.9016704494788309,0.7256234756108799,0.0,0.9927374746232797,0.0,0.0,0.12030089974141141
1788446859998014971,0,0.9012814419783468,0.7255277898619144,0.0,0.9927374746232797,0.0,0.0,0.12030089974141141
1788446860010743465,0,0.9008916680277481,0.7254319155543578,0.0,0.9927374746232797,0.0,0.0,0.12030089974141141
1788446860030734686,0,0.9005019546103432,0.7253360561364008,0.0,0.9927374746232797,0.0,0.0,0.12030089974141141
1788446860050727450,0,0.9001090490247354,0.7252394115760693,0.0,0.9927374746232797,0.0,0.0,0.12030089974141141
1788446860070913667,0,0.899712584014943,0.7251418915379634,0.0,0.9927374746232797,0.0,0.0,0.12030089974141141
1788446860098231097,0,0.8993163085315403,0.7250444181183996,0.0,0.9927374746232797,0.0,0.0,0.12030089974141141
1788446860110786262,0,0.8989257818748884,0.7249483587282606,0.0,0.9927374746232797,0.0,0.0,0.12030089974141141
1788446860131105378,0,0.8985360749300635,0.7248525009658898,0.0,0.9927374746232797,0.0,0.0,0.12030089974141141
1788446860150723758,0,0.8983381718379998,0.7248038219576673,0.0,0.9927374746232797,0.0,0.0,0.12030089974141141
1788446860170763604,0,0.8979449832846857,0.7247071078102522,0.0,0.9927374746232797,0.0,0.0,0.12030089974141141
1788446860198518318,0,0.8973560103148642,0.7245622357936414,0.0,0.9927374746232797,0.0,0.0,0.12030089974141141
1788446860210891572,0,0.8971581325806806,0.7245135630227972,0.0,0.9927374746232797,0.0,0.0,0.12030089974141141
1788446860230756993,0,0.8967623239591141,0.7244162044068057,0.0,0.9927374746232797,0.0,0.0,0.12030089974141141
1788446860250779852,0,0.8963665400846701,0.724318851877962,0.0,0.9927374746232797,0.0,0.0,0.12030089974141141
1788446860270750663,0,0.8959748877024715,0.7242225155248309,0.0,0.9927374746232797,0.0,0.0,0.12030089974141141
1788446860298150221,0,0.8953945574495851,0.724079769297013,0.0,0.9927374746232797,0.0,0.0,0.12030089974141141
1788446860310976461,0,0.8951988723390831,0.7240316358385669,0.0,0.9927374746232797,0.0,0.0,0.12030089974141141
1788446860330803372,0,0.8948074736411681,0.7239353619170935,0.0,0.9927374746232797,0.0,0.0,0.12030089974141141
1788446860350666128,0,0.8944135042974823,0.7238384556834782,0.0,0.9927374746232797,0.0,0.0,0.12030089974141141
1788446860370743608,0,0.8940184546497286,0.7237412837552846,0.0,0.9927374746232797,0.0,0.0,0.12030089974141141
1788446860398474191,0,0.8933214814398606,0.7235698464672046,0.0,0.9927374746232797,0.0,0.0,0.12030089974141141
1788446860410808598,0,0.893024293828628,0.7234967460279362,0.0,0.9927374746232797,0.0,0.0,0.12030089974141141
1788446860430743623,0,0.8924252685378575,0.7233494013532825,0.0,0.9927374746232797,0.0,0.0,0.12030089974141141
1788446860450728102,0,0.8918268824873359,0.7232022139151394,0.0,0.9927374746232797,0.0,0.0,0.12030089974141141
1788446860471066873,0,0.8912244168971958,0.7230540230161289,0.0,0.9927374746232797,0.0,0.0,0.12030089974141141
1788446860498184331,0,0.8903263459704416,0.7228331209004086,0.0,0.9927374746232797,0.0,0.0,0.12030089974141141
1788446860510753898,0,0.8900407318707049,0.7227628672678627,0.0,0.9927374746232797,0.0,0.0,0.12030089974141141
1788446860530776464,0,0.8894693208433664,0.7226223150318759,0.0,0.9927374746232797,0.0,0.0,0.12030089974141141
1788446860550735931,0,0.8888813638470032,0.7224776928936586,0.0,0.9927374746232797,0.0,0.0,0.12030089974141141
1788446860570757584,0,0.8882768498485663,0.7223289981393707,0.0,0.9927374746232797,0.0,0.0,0.12030089974141141
1788446860598536512,0,0.8872780711937208,0.7220833245122019,0.0,0.9927374746232797,0.0,0.0,0.12030089974141141
1788446860610990798,0,0.8868838655895227,0.7219863601646322,0.0,0.9927374746232797,0.0,0.0,0.12030089974141141
1788446860630966833,0,0.8860948145812948,0.7217922740953395,0.0,0.9927374746232797,0.0,0.0,0.12030089974141141
1788446860650731553,0,0.8853020749102417,0.7215972807431796,0.0,0.9927374746232797,0.0,0.0,0.12030089974141141
1788446860670758466,0,0.8845057967137234,0.7214014170380121,0.0,0.9927374746232797,0.0,0.0,0.12030089974141141
1788446860698094405,0,0.8833225321265898,0.7211103647559793,0.0,0.9927374746232797,0.0,0.0,0.12030089974141141
1788446860710742036,0,0.8829352947217697,0.721015114436155,0.0,0.9927374746232797,0.0,0.0,0.12030089974141141
1788446860730748098,0,0.8821608575974563,0.7208246230661155,0.0,0.9927374746232797,0.0,0.0,0.12030089974141141
1788446860750713582,0,0.8813754384922542,0.7206314303822524,0.0,0.9927374746232797,0.0,0.0,0.12030089974141141
1788446860770723784,0,0.8805789857469513,0.7204355236777411,0.0,0.9927374746232797,0.0,0.0,0.12030089974141141
1788446860798084413,0,0.8793923737258209,0.7201436479174225,0.0,0.9927374746232797,0.0,0.0,0.12030089974141141
1788446860810713690,0,0.8790022738441021,0.7200476934710244,0.0,0.9927374746232797,0.0,0.0,0.12030089974141141
1788446860830727976,0,0.8782219769593448,0.7198557606889042,0.0,0.9927374746232797,0.0,0.0,0.12030089974141141
1788446860850721509,0,0.8774393627301552,0.71966325780429,0.0,0.9927374746232797,0.0,0.0,0.12030089974141141
1788446860870726411,0,0.8766543855026374,0.719470173587466,0.0,0.9927374746232797,0.0,0.0,0.12030089974141141
1788446860898052339,0,0.8754771173997392,0.7191805959966291,0.0,0.9927374746232797,0.0,0.0,0.12030089974141141
1788446860910992362,0,0.8750849445360427,0.7190841316504659,0.0,0.9927374746232797,0.0,0.0,0.12030089974141141
1788446860930724804,0,0.8743007017124527,0.7188912282698042,0.0,0.9927374746232797,0.0,0.0,0.12030089974141141
1788446860950727132,0,0.8735168551748429,0.718698422429054,0.0,0.9927374746232797,0.0,0.0,0.12030089974141141
1788446860970747659,0,0.8727329790515601,0.7185056093748757,0.0,0.9927374746232797,0.0,0.0,0.12030089974141141
1788446860997917518,0,0.8715545321383902,0.718215742146932,0.0,0.9927374746232797,0.0,0.0,0.12030089974141141
1788446861010813434,0,0.8711611561201663,0.7181189818559812,0.0,0.9927374746232797,0.0,0.0,0.12030089974141141
1788446861030723872,0,0.8703724984553535,0.7179249925389599,0.0,0.9927374746232797,0.0,0.0,0.12030089974141141
1788446861050715468,0,0.8694772172711147,0.7177047766852129,0.0,0.9927374746232797,0.0,0.0,0.12030089974141141
1788446861070754207,0,0.8684826052906315,0.7174601281138595,0.0,0.9927374746232797,0.0,0.0,0.12030089974141141
1788446861098075342,0,0.8669914478807876,0.717093342254063,0.0,0.9927374746232797,0.0,0.0,0.12030089974141141
1788446861110751990,0,0.8664971831804252,0.7169717659657329,0.0,0.9927374746232797,0.0,0.0,0.12030089974141141
1788446861130733344,0,0.8655044762062821,0.716727585814435,0.0,0.9927374746232797,0.0,0.0,0.12030089974141141
1788446861150715884,0,0.8645276104895273,0.7164873022404626,0.0,0.9927374746232797,0.0,0.0,0.12030089974141141
1788446861170725481,0,0.8635608212381041,0.7162494972550594,0.0,0.9927374746232797,0.0,0.0,0.12030089974141141
1788446861197958361,0,0.862599364163396,0.7160130038463044,0.0,0.9927374746232797,0.0,0.0,0.12030089974141141
1788446861210724586,0,0.8616076677540898,0.7157690721869349,0.0,0.9927374746232797,0.0,0.0,0.12030089974141141
1788446861230728575,0,0.8606157840281699,0.7155250944525247,0.0,0.9927374746232797,0.0,0.0,0.12030089974141141
1788446861250711417,0,0.8596312649771707,0.7152829283172275,0.0,0.9927374746232797,0.0,0.0,0.12030089974141141
1788446861270728485,0,0.858652180654406,0.7150420990643775,0.0,0.9927374746232797,0.0,0.0,0.12030089974141141
1788446861297950080,0,0.8576765563588393,0.7148021208881362,0.0,0.9927374746232797,0.0,0.0,0.12030089974141141
1788446861310728804,0,0.8566917604501051,0.714559886653608,0.0,0.9927374746232797,0.0,0.0,0.12030089974141141
1788446861330741986,0,0.8557111191361995,0.7143186743415809,0.0,0.9927374746232797,0.0,0.0,0.12030089974141141
1788446861350722594,0,0.8547278088035664,0.7140768055604026,0.0,0.9927374746232797,0.0,0.0,0.12030089974141141
1788446861370744573,0,0.8537398312200762,0.7138337887969513,0.0,0.9927374746232797,0.0,0.0,0.12030089974141141
1788446861398040427,0,0.8527528739924318,0.7135910230144727,0.0,0.9927374746232797,0.0,0.0,0.12030089974141141
1788446861410726550,0,0.8517776162324842,0.713351134996451,0.0,0.9927374746232797,0.0,0.0,0.12030089974141141
1788446861430732880,0,0.8508023333632754,0.7131112408022047,0.0,0.9927374746232797,0.0,0.0,0.12030089974141141
1788446861450722495,0,0.8498257419916798,0.7128710247106017,0.0,0.9927374746232797,0.0,0.0,0.12030089974141141
1788446861470751992,0,0.848841466262249,0.7126289184266816,0.0,0.9927374746232797,0.0,0.0,0.12030089974141141
1788446861497955868,0,0.8478621251227882,0.7123880259238238,0.0,0.9927374746232797,0.0,0.0,0.12030089974141141
1788446861510766658,0,0.8468776025518944,0.7121458590837285,0.0,0.9927374746232797,0.0,0.0,0.12030089974141141
1788446861530716576,0,0.8458952836832441,0.7119042342968321,0.0,0.9927374746232797,0.0,0.0,0.12030089974141141
1788446861550726944,0,0.8454042112140486,0.7117834432945347,0.0,0.9927374746232797,0.0,0.0,0.12030089974141141
1788446861570733000,0,0.8444210364676563,0.7115416078238677,0.0,0.9927374746232797,0.0,0.0,0.12030089974141141
1788446861598473102,0,0.8429419882457448,0.7111778003479354,0.0,0.9927374746232797,0.0,0.0,0.12030089974141141
1788446861610737124,0,0.8424500237827812,0.7110567898583059,0.0,0.9927374746232797,0.0,0.0,0.12030089974141141
1788446861630821092,0,0.8414664697597193,0.7108148610954217,0.0,0.9927374746232797,0.0,0.0,0.12030089974141141
1788446861650729353,0,0.8404704822164145,0.7105698740092526,0.0,0.9927374746232797,0.0,0.0,0.12030089974141141
1788446861670737746,0,0.8394881724195122,0.7103282512136826,0.0,0.9927374746232797,0.0,0.0,0.12030089974141141
1788446861698070012,0,0.8379988845071158,0.7099619249183156,0.0,0.9927374746232797,0.0,0.0,0.12030089974141141
1788446861710896957,0,0.8375087777972322,0.7098413713877283,0.0,0.9927374746232797,0.0,0.0,0.12030089974141141
1788446861730757653,0,0.8365284250533261,0.7096002300564317,0.0,0.9927374746232797,0.0,0.0,0.12030089974141141
1788446861750735658,0,0.8355400992226107,0.7093571275121369,0.0,0.9927374746232797,0.0,0.0,0.12030089974141141
1788446861770732725,0,0.8345625632207604,0.7091166788670012,0.0,0.9927374746232797,0.0,0.0,0.12030089974141141
1788446861798368235,0,0.8330732176641203,0.708750338353837,0.0,0.9927374746232797,0.0,0.0,0.12030089974141141
1788446861810737100,0,0.8325831492932243,0.7086297942536457,0.0,0.9927374746232797,0.0,0.0,0.12030089974141141
1788446861830727808,0,0.8316026087550578,0.7083886067298348,0.0,0.9927374746232797,0.0,0.0,0.12030089974141141
1788446861850723934,0,0.8306202712402981,0.7081469772365121,0.0,0.9927374746232797,0.0,0.0,0.12030089974141141
1788446861870740356,0,0.8296334071528386,0.7079042343640942,0.0,0.9927374746232797,0.0,0.0,0.12030089974141141
1788446861898016953,0,0.82815210110678,0.7075398716023522,0.0,0.9927374746232797,0.0,0.0,0.12030089974141141
1788446861910737571,0,0.8276564425994642,0.7074179524736859,0.0,0.9927374746232797,0.0,0.0,0.12030089974141141
1788446861930814067,0,0.8266711679907361,0.7071756004913833,0.0,0.9927374746232797,0.0,0.0,0.12030089974141141
1788446861950726577,0,0.8256774885654011,0.7069311811423308,0.0,0.9927374746232797,0.0,0.0,0.12030089974141141
1788446861970739836,0,0.8246934566034501,0.7066891348188841,0.0,0.9927374746232797,0.0,0.0,0.12030089974141141
1788446861997919556,0,0.8232105115553755,0.7063243688656059,0.0,0.9927374746232797,0.0,0.0,0.12030089974141141
1788446862010731483,0,0.822720028223189,0.7062037227356667,0.0,0.9927374746232797,0.0,0.0,0.12030089974141141
1788446862030763284,0,0.8217154002912747,0.7059566104199962,0.0,0.9927374746232797,0.0,0.0,0.12030089974141141
1788446862050713688,0,0.8207350483548403,0.705715469287224,0.0,0.9927374746232797,0.0,0.0,0.12030089974141141
1788446862070725588,0,0.8197565885846777,0.7054747934986234,0.0,0.9927374746232797,0.0,0.0,0.12030089974141141
1788446862098424346,0,0.8182875434753143,0.7051134464890303,0.0,0.9927374746232797,0.0,0.0,0.12030089974141141
1788446862110780750,0,0.8177969905082048,0.7049927832307129,0.0,0.9927374746232797,0.0,0.0,0.12030089974141141
1788446862130803225,0,0.8168158465882985,0.704751447370588,0.0,0.9927374746232797,0.0,0.0,0.12030089974141141
1788446862150731653,0,0.815832382942039,0.7045095408378566,0.0,0.9927374746232797,0.0,0.0,0.12030089974141141
1788446862170736953,0,0.8148270835249001,0.7042622631904992,0.0,0.9927374746232797,0.0,0.0,0.12030089974141141
1788446862198098533,0,0.8133490838591881,0.7038987135918612,0.0,0.9927374746232797,0.0,0.0,0.12030089974141141
1788446862210751550,0,0.8128574096539791,0.7037777745381628,0.0,0.9927374746232797,0.0,0.0,0.12030089974141141
1788446862230726173,0,0.8118747013185302,0.7035360538725441,0.0,0.9927374746232797,0.0,0.0,0.12030089974141141
1788446862250723858,0,0.8108918661411946,0.7032943019670872,0.0,0.9927374746232797,0.0,0.0,0.12030089974141141
1788446862270739717,0,0.809909300280165,0.7030526162664166,0.0,0.9927374746232797,0.0,0.0,0.12030089974141141
1788446862298190671,0,0.8089107012616235,0.7028069868251166,0.0,0.9927374746232797,0.0,0.0,0.12030089974141141
1788446862310736243,0,0.8079259405682746,0.7025647611724306,0.0,0.9927374746232797,0.0,0.0,0.12030089974141141
1788446862330725848,0,0.8069449119347653,0.7023234535099088,0.0,0.9927374746232797,0.0,0.0,0.12030089974141141
1788446862350725169,0,0.8059659092078818,0.702082644207788,0.0,0.9927374746232797,0.0,0.0,0.12030089974141141
1788446862370735690,0,0.8049785840116508,0.7018397878341798,0.0,0.9927374746232797,0.0,0.0,0.12030089974141141
1788446862397893365,0,0.8040018513497482,0.7015995369491017,0.0,0.9927374746232797,0.0,0.0,0.12030089974141141
1788446862410733378,0,0.8030196024826513,0.7013579291406874,0.0,0.9927374746232797,0.0,0.0,0.12030089974141141
1788446862430742459,0,0.8020372565434392,0.7011162974550442,0.0,0.9927374746232797,0.0,0.0,0.12030089974141141
1788446862450738834,0,0.8010523268766113,0.7008740303197335,0.0,0.9927374746232797,0.0,0.0,0.12030089974141141
1788446862470741118,0,0.8000638437629147,0.7006308892090128,0.0,0.9927374746232797,0.0,0.0,0.12030089974141141
1788446862497941322,0,0.7990756134148126,0.7003878102720476,0.0,0.9927374746232797,0.0,0.0,0.12030089974141141
1788446862510726940,0,0.7980808379556932,0.7001431213271301,0.0,0.9927374746232797,0.0,0.0,0.12030089974141141
1788446862530769912,0,0.797096218742455,0.699900930555108,0.0,0.9927374746232797,0.0,0.0,0.12030089974141141
1788446862550720804,0,0.7961133044846839,0.6996591591978862,0.0,0.9927374746232797,0.0,0.0,0.12030089974141141
1788446862570726174,0,0.7956205905286272,0.6995379643925493,0.0,0.9927374746232797,0.0,0.0,0.12030089974141141
1788446862597966457,0,0.7941388486000605,0.6991734944554091,0.0,0.9927374746232797,0.0,0.0,0.12030089974141141
1788446862610790747,0,0.7936451569310041,0.699052059077687,0.0,0.9927374746232797,0.0,0.0,0.12030089974141141
1788446862630769732,0,0.7926623980783246,0.6988103258260138,0.0,0.9927374746232797,0.0,0.0,0.12030089974141141
1788446862650724524,0,0.7916747162996676,0.6985673816619167,0.0,0.9927374746232797,0.0,0.0,0.12030089974141141
1788446862670761553,0,0.7906990366997046,0.6983273897232563,0.0,0.9927374746232797,0.0,0.0,0.12030089974141141
1788446862698495994,0,0.7892312915363585,0.6979663623867983,0.0,0.9927374746232797,0.0,0.0,0.12030089974141141
1788446862710755578,0,0.7887401588560766,0.6978455564941207,0.0,0.9927374746232797,0.0,0.0,0.12030089974141141
1788446862730732632,0,0.7877574879183733,0.6976038449473154,0.0,0.9927374746232797,0.0,0.0,0.12030089974141141
1788446862750720052,0,0.7867736851571787,0.6973618550013062,0.0,0.9927374746232797,0.0,0.0,0.12030089974141141
1788446862770741485,0,0.785775833463687,0.6971164093825726,0.0,0.9927374746232797,0.0,0.0,0.12030089974141141
1788446862798160745,0,0.7842794054244321,0.6967483269226431,0.0,0.9927374746232797,0.0,0.0,0.12030089974141141
1788446862810762529,0,0.7837867646494578,0.6966271500778117,0.0,0.9927374746232797,0.0,0.0,0.12030089974141141
1788446862831059178,0,0.7827950195708498,0.6963832065278507,0.0,0.9927374746232797,0.0,0.0,0.12030089974141141
1788446862850729038,0,0.7818105273955149,0.6961410470439393,0.0,0.9927374746232797,0.0,0.0,0.12030089974141141
1788446862870728925,0,0.7808194369781473,0.6958972646851411,0.0,0.9927374746232797,0.0,0.0,0.12030089974141141
1788446862898032197,0,0.7793270355183495,0.6955301728611779,0.0,0.9927374746232797,0.0,0.0,0.12030089974141141
1788446862910725318,0,0.7788356259141165,0.6954092988924307,0.0,0.9927374746232797,0.0,0.0,0.12030089974141141
1788446862930754517,0,0.7778528701030688,0.6951675665490508,0.0,0.9927374746232797,0.0,0.0,0.12030089974141141
1788446862950726601,0,0.7768707303779804,0.6949259857069264,0.0,0.9927374746232797,0.0,0.0,0.12030089974141141
1788446862970729761,0,0.7758931483967267,0.6946855259113309,0.0,0.9927374746232797,0.0,0.0,0.12030089974141141
1788446862998626764,0,0.774424497633826,0.6943242759404636,0.0,0.9927374746232797,0.0,0.0,0.12030089974141141
1788446863010758874,0,0.7739233671211453,0.6942010108404959,0.0,0.9927374746232797,0.0,0.0,0.12030089974141141
1788446863030746467,0,0.7729412774570661,0.693959442271916,0.0,0.9927374746232797,0.0,0.0,0.12030089974141141
1788446863050711921,0,0.7719565058625422,0.6937172138973757,0.0,0.9927374746232797,0.0,0.0,0.12030089974141141
1788446863070729124,0,0.7709691831307575,0.6934743578886454,0.0,0.9927374746232797,0.0,0.0,0.12030089974141141
1788446863098930916,0,0.7694880944791511,0.6931100482783781,0.0,0.9927374746232797,0.0,0.0,0.12030089974141141
1788446863110794196,0,0.7689955060340864,0.6929888843053463,0.0,0.9927374746232797,0.0,0.0,0.12030089974141141
1788446863130845966,0,0.7680098212835607,0.6927464314388061,0.0,0.9927374746232797,0.0,0.0,0.12030089974141141
1788446863150734518,0,0.7670230187709848,0.6925037035914522,0.0,0.9927374746232797,0.0,0.0,0.12030089974141141
1788446863170787724,0,0.7660399862747718,0.6922619030305496,0.0,0.9927374746232797,0.0,0.0,0.12030089974141141
1788446863198457757,0,0.7645494050422749,0.6918952586118988,0.0,0.9927374746232797,0.0,0.0,0.12030089974141141
1788446863210746940,0,0.7640599905897129,0.6917748753187735,0.0,0.9927374746232797,0.0,0.0,0.12030089974141141
1788446863230746844,0,0.7630755018009441,0.6915327165475794,0.0,0.9927374746232797,0.0,0.0,0.12030089974141141
1788446863250716629,0,0.7620929982456681,0.6912910460526968,0.0,0.9927374746232797,0.0,0.0,0.12030089974141141
1788446863270730841,0,0.7611169465050432,0.6910509624975424,0.0,0.9927374746232797,0.0,0.0,0.12030089974141141
1788446863298045472,0,0.7596508162624012,0.6906903323502128,0.0,0.9927374746232797,0.0,0.0,0.12030089974141141
1788446863310735704,0,0.7591607354323726,0.6905697851853982,0.0,0.9927374746232797,0.0,0.0,0.12030089974141141
1788446863330739373,0,0.7581763990685424,0.6903276639869896,0.0,0.9927374746232797,0.0,0.0,0.12030089974141141
1788446863350929361,0,0.7571842894717837,0.6900836307341376,0.0,0.9927374746232797,0.0,0.0,0.12030089974141141
1788446863370741162,0,0.7561974895822526,0.6898409034919492,0.0,0.9927374746232797,0.0,0.0,0.12030089974141141
1788446863398653832,0,0.7552021968345082,0.6895960872263688,0.0,0.9927374746232797,0.0,0.0,0.12030089974141141
1788446863410752174,0,0.7542095458393804,0.6893519209253272,0.0,0.9927374746232797,0.0,0.0,0.12030089974141141
1788446863430727852,0,0.7532239661756757,0.6891094939877128,0.0,0.9927374746232797,0.0,0.0,0.12030089974141141
1788446863450918234,0,0.7522371478785649,0.6888667623384466,0.0,0.9927374746232797,0.0,0.0,0.12030089974141141
1788446863470800241,0,0.751253307017026,0.6886247630207416,0.0,0.9927374746232797,0.0,0.0,0.12030089974141141
1788446863498116280,0,0.7502692150642737,0.6883827019411147,0.0,0.9927374746232797,0.0,0.0,0.12030089974141141
1788446863510737416,0,0.7492879450487747,0.6881413350647569,0.0,0.9927374746232797,0.0,0.0,0.12030089974141141
1788446863530736765,0,0.7483063168435078,0.6878998800830417,0.0,0.9927374746232797,0.0,0.0,0.12030089974141141
1788446863550721835,0,0.7473275604756254,0.6876591314190649,0.0,0.9927374746232797,0.0,0.0,0.12030089974141141
1788446863570757274,0,0.7463530380082898,0.6874194241050932,0.0,0.9927374746232797,0.0,0.0,0.12030089974141141
1788446863597959049,0,0.745377122960596,0.6871793742523825,0.0,0.9927374746232797,0.0,0.0,0.12030089974141141
1788446863610738869,0,0.744399849212106,0.6869389902740471,0.0,0.9927374746232797,0.0,0.0,0.12030089974141141
1788446863630744283,0,0.7434209159175166,0.6866981980904425,0.0,0.9927374746232797,0.0,0.0,0.12030089974141141
1788446863650725846,0,0.7424371690555001,0.6864562218941803,0.0,0.9927374746232797,0.0,0.0,0.12030089974141141
1788446863670740799,0,0.7414495043817584,0.6862132820179151,0.0,0.9927374746232797,0.0,0.0,0.12030089974141141
1788446863698037654,0,0.7404625613306998,0.6859705196421012,0.0,0.9927374746232797,0.0,0.0,0.12030089974141141
1788446863710719998,0,0.7394772613400853,0.6857281614165132,0.0,0.9927374746232797,0.0,0.0,0.12030089974141141
1788446863730750624,0,0.7389842370900634,0.6856068902467727,0.0,0.9927374746232797,0.0,0.0,0.12030089974141141
1788446863750712650,0,0.737999122635379,0.6853645776582081,0.0,0.9927374746232797,0.0,0.0,0.12030089974141141
1788446863770727040,0,0.7370166117163415,0.6851229054718415,0.0,0.9927374746232797,0.0,0.0,0.12030089974141141
1788446863798051508,0,0.7355459004008287,0.6847611486585103,0.0,0.9927374746232797,0.0,0.0,0.12030089974141141
1788446863810773061,0,0.7350532909717274,0.6846399795640832,0.0,0.9927374746232797,0.0,0.0,0.12030089974141141
1788446863830729442,0,0.734070906234968,0.6843983384953172,0.0,0.9927374746232797,0.0,0.0,0.12030089974141141
1788446863850727374,0,0.7330888480220465,0.6841567777429142,0.0,0.9927374746232797,0.0,0.0,0.12030089974141141
1788446863870739713,0,0.7321128026499976,0.6839166959133025,0.0,0.9927374746232797,0.0,0.0,0.12030089974141141
1788446863898065685,0,0.7306508176038964,0.6835570855357683,0.0,0.9927374746232797,0.0,0.0,0.12030089974141141
1788446863910719461,0,0.730161046035777,0.6834366144014552,0.0,0.9927374746232797,0.0,0.0,0.12030089974141141
1788446863930722353,0,0.7291811907691946,0.6831955953568398,0.0,0.9927374746232797,0.0,0.0,0.12030089974141141
1788446863950712356,0,0.728198098033938,0.682953779978691,0.0,0.9927374746232797,0.0,0.0,0.12030089974141141
1788446863970745623,0,0.7272097744593371,0.6827106781104342,0.0,0.9927374746232797,0.0,0.0,0.12030089974141141
1788446863997992882,0,0.7257241399770532,0.6823452507064225,0.0,0.9927374746232797,0.0,0.0,0.12030089974141141
1788446864010773734,0,0.7252316666718382,0.6822241151350492,0.0,0.9927374746232797,0.0,0.0,0.12030089974141141
1788446864030750267,0,0.7242478799090012,0.6819821292845193,0.0,0.9927374746232797,0.0,0.0,0.12030089974141141
1788446864050732580,0,0.7232638743414489,0.6817400896137438,0.0,0.9927374746232797,0.0,0.0,0.12030089974141141
1788446864070723223,0,0.7222807390898103,0.6814982639378573,0.0,0.9927374746232797,0.0,0.0,0.12030089974141141
1788446864097935365,0,0.7208068334348878,0.6811357214800537,0.0,0.9927374746232797,0.0,0.0,0.12030089974141141
1788446864110733340,0,0.7203161784179727,0.6810150330002198,0.0,0.9927374746232797,0.0,0.0,0.12030089974141141
1788446864130758155,0,0.7193345137853963,0.6807735688184058,0.0,0.9927374746232797,0.0,0.0,0.12030089974141141
1788446864150726216,0,0.7183555764942238,0.6805327754922372,0.0,0.9927374746232797,0.0,0.0,0.12030089974141141
1788446864170725192,0,0.717380012222118,0.6802928119212459,0.0,0.9927374746232797,0.0,0.0,0.12030089974141141
1788446864198080651,0,0.7159142711085318,0.6799322775691017,0.0,0.9927374746232797,0.0,0.0,0.12030089974141141
1788446864210724152,0,0.7154240579043684,0.6798116978436856,0.0,0.9927374746232797,0.0,0.0,0.12030089974141141
1788446864230760794,0,0.7144357244723442,0.6795685934702396,0.0,0.9927374746232797,0.0,0.0,0.12030089974141141
1788446864250727347,0,0.7134521127836684,0.6793266505633112,0.0,0.9927374746232797,0.0,0.0,0.12030089974141141
1788446864270748155,0,0.7124651458656122,0.6790838823972437,0.0,0.9927374746232797,0.0,0.0,0.12030089974141141
1788446864298051353,0,0.7109861621128754,0.6787200909396657,0.0,0.9927374746232797,0.0,0.0,0.12030089974141141
1788446864310759976,0,0.7104822607966567,0.6785961443760458,0.0,0.9927374746232797,0.0,0.0,0.12030089974141141
1788446864330718912,0,0.70949713403278,0.6783538289202563,0.0,0.9927374746232797,0.0,0.0,0.12030089974141141
1788446864350721164,0,0.708512630129644,0.6781116665917624,0.0,0.9927374746232797,0.0,0.0,0.12030089974141141
1788446864370865247,0,0.7075282856689636,0.6778695434017387,0.0,0.9927374746232797,0.0,0.0,0.12030089974141141
1788446864398059052,0,0.7060537224428798,0.6775068391183782,0.0,0.9927374746232797,0.0,0.0,0.12030089974141141
1788446864410792542,0,0.7055640352697821,0.6773863887829518,0.0,0.9927374746232797,0.0,0.0,0.12030089974141141
1788446864430742088,0,0.7045846928136157,0.6771454959562185,0.0,0.9927374746232797,0.0,0.0,0.12030089974141141
1788446864450818107,0,0.7036072408777789,0.6769050681881426,0.0,0.9927374746232797,0.0,0.0,0.12030089974141141
1788446864470755066,0,0.702631931696821,0.676665167521891,0.0,0.9927374746232797,0.0,0.0,0.12030089974141141
1788446864498279655,0,0.7011538610317343,0.6763016005380508,0.0,0.9927374746232797,0.0,0.0,0.12030089974141141
1788446864510732518,0,0.70066320688814,0.6761809123130049,0.0,0.9927374746232797,0.0,0.0,0.12030089974141141
1788446864530751065,0,0.6996766345580749,0.6759382410445577,0.0,0.9927374746232797,0.0,0.0,0.12030089974141141
1788446864550725496,0,0.6986927242661966,0.6756962246088325,0.0,0.9927374746232797,0.0,0.0,0.12030089974141141
1788446864570725111,0,0.6977032270581082,0.6754528339766789,0.0,0.9927374746232797,0.0,0.0,0.12030089974141141
1788446864598126037,0,0.6962178024232368,0.6750874580280153,0.0,0.9927374746232797,0.0,0.0,0.12030089974141141
1788446864610767131,0,0.6957252259990468,0.6749662969716764,0.0,0.9927374746232797,0.0,0.0,0.12030089974141141
1788446864630780116,0,0.694729558745147,0.6747213885872712,0.0,0.9927374746232797,0.0,0.0,0.12030089974141141
1788446864650732404,0,0.6937346204505332,0.6744766595489123,0.0,0.9927374746232797,0.0,0.0,0.12030089974141141
1788446864670750532,0,0.6927494911534142,0.6742343433094942,0.0,0.9927374746232797,0.0,0.0,0.12030089974141141
1788446864698296623,0,0.6917276161028615,0.6739829885684167,0.0,0.9927374746232797,0.0,0.0,0.12030089974141141
1788446864710769958,0,0.6907427135881619,0.6737407281115879,0.0,0.9927374746232797,0.0,0.0,0.12030089974141141
1788446864730724148,0,0.6897625952691974,0.6734996444427427,0.0,0.9927374746232797,0.0,0.0,0.12030089974141141
1788446864750724354,0,0.6887789974128207,0.6732577048583012,0.0,0.9927374746232797,0.0,0.0,0.12030089974141141
1788446864770725263,0,0.6878048143726734,0.6730180810346362,0.0,0.9927374746232797,0.0,0.0,0.12030089974141141
1788446864798039217,0,0.6868301933920608,0.6727783494889472,0.0,0.9927374746232797,0.0,0.0,0.12030089974141141
1788446864810745913,0,0.6858512388514845,0.6725375519996256,0.0,0.9927374746232797,0.0,0.0,0.12030089974141141
1788446864830725360,0,0.6848737783820125,0.672297122013141,0.0,0.9927374746232797,0.0,0.0,0.12030089974141141
1788446864850724142,0,0.6838894737658231,0.6720550085436365,0.0,0.9927374746232797,0.0,0.0,0.12030089974141141
1788446864870713798,0,0.6829008249207132,0.6718118265062123,0.0,0.9927374746232797,0.0,0.0,0.12030089974141141
1788446864898078065,0,0.6819119298784261,0.6715685839106521,0.0,0.9927374746232797,0.0,0.0,0.12030089974141141
1788446864910746732,0,0.680900431326668,0.6713197815189703,0.0,0.9927374746232797,0.0,0.0,0.12030089974141141
1788446864930775401,0,0.6804073305431505,0.6711984915239761,0.0,0.9927374746232797,0.0,0.0,0.12030089974141141
1788446864950723280,0,0.6794190585506994,0.6709554022630705,0.0,0.9927374746232797,0.0,0.0,0.12030089974141141
1788446864970760915,0,0.6784236430247867,0.6707105559594305,0.0,0.9927374746232797,0.0,0.0,0.12030089974141141
1788446864998068019,0,0.6769422733646301,0.6703461775906271,0.0,0.9927374746232797,0.0,0.0,0.12030089974141141
1788446865010725111,0,0.6764513321464262,0.6702254187526545,0.0,0.9927374746232797,0.0,0.0,0.12030089974141141
1788446865030748112,0,0.6754696356293669,0.669983946808059,0.0,0.9927374746232797,0.0,0.0,0.12030089974141141
1788446865050725502,0,0.6744900204688494,0.6697429868233236,0.0,0.9927374746232797,0.0,0.0,0.12030089974141141
1788446865070737823,0,0.6735142984024807,0.669502984439026,0.0,0.9927374746232797,0.0,0.0,0.12030089974141141
1788446865098057178,0,0.6720488633794274,0.6691425253772234,0.0,0.9927374746232797,0.0,0.0,0.12030089974141141
1788446865110829315,0,0.6715600414226083,0.669022287862546,0.0,0.9927374746232797,0.0,0.0,0.12030089974141141
1788446865130725696,0,0.670582540164439,0.6687818479227343,0.0,0.9927374746232797,0.0,0.0,0.12030089974141141
1788446865150722900,0,0.669602150546774,0.6685406974813821,0.0,0.9927374746232797,0.0,0.0,0.12030089974141141
1788446865170863272,0,0.6686166731866409,0.6682982956274959,0.0,0.9927374746232797,0.0,0.0,0.12030089974141141
1788446865198075839,0,0.6671387870087404,0.667934773944106,0.0,0.9927374746232797,0.0,0.0,0.12030089974141141
1788446865210770489,0,0.6666461612537359,0.6678136008339317,0.0,0.9927374746232797,0.0,0.0,0.12030089974141141
1788446865230898971,0,0.665660779207888,0.6675712225051652,0.0,0.9927374746232797,0.0,0.0,0.12030089974141141
1788446865250736246,0,0.664655901578226,0.6673240487703497,0.0,0.9927374746232797,0.0,0.0,0.12030089974141141
1788446865270761139,0,0.66366929389248,0.6670813688856988,0.0,0.9927374746232797,0.0,0.0,0.12030089974141141
1788446865297997135,0,0.6621824049591285,0.6667156328382218,0.0,0.9927374746232797,0.0,0.0,0.12030089974141141
1788446865310770757,0,0.6616923993563356,0.6665951042172755,0.0,0.9927374746232797,0.0,0.0,0.12030089974141141
1788446865330758363,0,0.6607134935949446,0.6663543188858747,0.0,0.9927374746232797,0.0,0.0,0.12030089974141141
1788446865350730388,0,0.6597364800439065,0.6661139989095826,0.0,0.9927374746232797,0.0,0.0,0.12030089974141141
1788446865370738797,0,0.6587622431826763,0.6658743618473235,0.0,0.9927374746232797,0.0,0.0,0.12030089974141141
1788446865397994099,0,0.6572968687174561,0.6655139176812942,0.0,0.9927374746232797,0.0,0.0,0.12030089974141141
1788446865410731441,0,0.6568054186985592,0.6653930337315535,0.0,0.9927374746232797,0.0,0.0,0.12030089974141141
1788446865430717941,0,0.6558221723447137,0.6651511806473114,0.0,0.9927374746232797,0.0,0.0,0.12030089974141141
1788446865450714647,0,0.654837598947792,0.664909001185092,0.0,0.9927374746232797,0.0,0.0,0.12030089974141141
1788446865470731258,0,0.6538512674759906,0.6646663893222592,0.0,0.9927374746232797,0.0,0.0,0.12030089974141141
1788446865497917387,0,0.6523723615811956,0.6643026170156765,0.0,0.9927374746232797,0.0,0.0,0.12030089974141141
1788446865510744451,0,0.6518798486179112,0.6641814716894539,0.0,0.9927374746232797,0.0,0.0,0.12030089974141141
1788446865530721046,0,0.6508952422029307,0.6639392842259031,0.0,0.9927374746232797,0.0,0.0,0.12030089974141141
1788446865550724248,0,0.6499102447482217,0.6636970004964969,0.0,0.9927374746232797,0.0,0.0,0.12030089974141141
1788446865570745859,0,0.6489249739592117,0.6634546494537458,0.0,0.9927374746232797,0.0,0.0,0.12030089974141141
1788446865598458485,0,0.6474496035843298,0.6630917466327293,0.0,0.9927374746232797,0.0,0.0,0.12030089974141141
1788446865610767670,0,0.646957231469004,0.6629706358711988,0.0,0.9927374746232797,0.0,0.0,0.12030089974141141
1788446865630724136,0,0.6459779294516659,0.6627297529913676,0.0,0.9927374746232797,0.0,0.0,0.12030089974141141
1788446865650723271,0,0.6450010000506613,0.6624894537532947,0.0,0.9927374746232797,0.0,0.0,0.12030089974141141
1788446865670759697,0,0.6440260761252024,0.6622496478498657,0.0,0.9927374746232797,0.0,0.0,0.12030089974141141
1788446865697975845,0,0.642556707976055,0.6618882213794001,0.0,0.9927374746232797,0.0,0.0,0.12030089974141141
1788446865710783521,0,0.6420670073562812,0.6617677676167524,0.0,0.9927374746232797,0.0,0.0,0.12030089974141141
1788446865730732576,0,0.6410877364586899,0.6615268921522273,0.0,0.9927374746232797,0.0,0.0,0.12030089974141141
1788446865750725030,0,0.6400996827560752,0.6612838564246605,0.0,0.9927374746232797,0.0,0.0,0.12030089974141141
1788446865770776155,0,0.6391124359582453,0.6610410192545931,0.0,0.9927374746232797,0.0,0.0,0.12030089974141141
1788446865798004942,0,0.637634242424693,0.6606774219694709,0.0,0.9927374746232797,0.0,0.0,0.12030089974141141
1788446865811139105,0,0.6371408794897334,0.6605560675322202,0.0,0.9927374746232797,0.0,0.0,0.12030089974141141
1788446865830774767,0,0.6361582568420845,0.6603143679435695,0.0,0.9927374746232797,0.0,0.0,0.12030089974141141
1788446865850725917,0,0.6351750314266487,0.6600725200496401,0.0,0.9927374746232797,0.0,0.0,0.12030089974141141
1788446865870753607,0,0.6341904461757765,0.6598303376314787,0.0,0.9927374746232797,0.0,0.0,0.12030089974141141
1788446865898119040,0,0.6327169501040633,0.6594678957607637,0.0,0.9927374746232797,0.0,0.0,0.12030089974141141
1788446865910809552,0,0.6322279609682886,0.6593476170447261,0.0,0.9927374746232797,0.0,0.0,0.12030089974141141
1788446865930744567,0,0.6312507045744612,0.6591072371759529,0.0,0.9927374746232797,0.0,0.0,0.12030089974141141
1788446865950727559,0,0.6302757910178857,0.6588674336639642,0.0,0.9927374746232797,0.0,0.0,0.12030089974141141
1788446865970752899,0,0.6293030589889097,0.6586281668307551,0.0,0.9927374746232797,0.0,0.0,0.12030089974141141
1788446865998108850,0,0.6283294814694583,0.6583886920288327,0.0,0.9927374746232797,0.0,0.0,0.12030089974141141
1788446866010760624,0,0.6273500661060085,0.658147781348593,0.0,0.9927374746232797,0.0,0.0,0.12030089974141141
1788446866030737834,0,0.6263713527562944,0.6579070433454552,0.0,0.9927374746232797,0.0,0.0,0.12030089974141141
1788446866050735529,0,0.6253918079719368,0.6576661007911008,0.0,0.9927374746232797,0.0,0.0,0.12030089974141141
1788446866070741990,0,0.6244075094765181,0.6574239889073386,0.0,0.9927374746232797,0.0,0.0,0.12030089974141141
1788446866097927835,0,0.6234255442235028,0.6571824509406515,0.0,0.9927374746232797,0.0,0.0,0.12030089974141141
1788446866110767027,0,0.6224319624320135,0.656938055606991,0.0,0.9927374746232797,0.0,0.0,0.12030089974141141
1788446866130748138,0,0.6214472060046555,0.6566958310838568,0.0,0.9927374746232797,0.0,0.0,0.12030089974141141
1788446866150791763,0,0.6204628622192044,0.656453708059922,0.0,0.9927374746232797,0.0,0.0,0.12030089974141141
1788446866170766773,0,0.6194805202026946,0.6562120774191936,0.0,0.9927374746232797,0.0,0.0,0.12030089974141141
1788446866198076479,0,0.6184983924541235,0.6559704994828172,0.0,0.9927374746232797,0.0,0.0,0.12030089974141141
1788446866210732290,0,0.6175204108175912,0.6557299413823956,0.0,0.9927374746232797,0.0,0.0,0.12030089974141141
1788446866230747892,0,0.6165230515757832,0.6554846168939952,0.0,0.9927374746232797,0.0,0.0,0.12030089974141141
1788446866250739956,0,0.6160341460923021,0.6553643588339267,0.0,0.9927374746232797,0.0,0.0,0.12030089974141141
1788446866270778761,0,0.6150411077727095,0.6551200970993448,0.0,0.9927374746232797,0.0,0.0,0.12030089974141141
1788446866298081142,0,0.6135767420110737,0.6547599010082753,0.0,0.9927374746232797,0.0,0.0,0.12030089974141141
1788446866310780001,0,0.6130872773925359,0.6546395054553713,0.0,0.9927374746232797,0.0,0.0,0.12030089974141141
1788446866330800748,0,0.6121051139812828,0.6543979188269177,0.0,0.9927374746232797,0.0,0.0,0.12030089974141141
1788446866350754772,0,0.6111216578120202,0.6541560142136507,0.0,0.9927374746232797,0.0,0.0,0.12030089974141141
1788446866370755151,0,0.6101351235937171,0.653913352400084,0.0,0.9927374746232797,0.0,0.0,0.12030089974141141
1788446866398803299,0,0.6086486574533911,0.6535477203087436,0.0,0.9927374746232797,0.0,0.0,0.12030089974141141
1788446866410854700,0,0.6081572168971673,0.6534268386865748,0.0,0.9927374746232797,0.0,0.0,0.12030089974141141
1788446866430785549,0,0.6071654407320928,0.6531828874901499,0.0,0.9927374746232797,0.0,0.0,0.12030089974141141
1788446866450722773,0,0.6061840851565784,0.6529414994883046,0.0,0.9927374746232797,0.0,0.0,0.12030089974141141
1788446866470765352,0,0.6052039102199025,0.6527004018929718,0.0,0.9927374746232797,0.0,0.0,0.12030089974141141
1788446866498099621,0,0.6037301452212661,0.6523378939528465,0.0,0.9927374746232797,0.0,0.0,0.12030089974141141
1788446866510769500,0,0.6032384366194616,0.6522169464384812,0.0,0.9927374746232797,0.0,0.0,0.12030089974141141
1788446866530896104,0,0.6022580647179524,0.6519758004747824,0.0,0.9927374746232797,0.0,0.0,0.12030089974141141
1788446866550721993,0,0.6012815311106313,0.6517355986315236,0.0,0.9927374746232797,0.0,0.0,0.12030089974141141
1788446866570773814,0,0.600306473927576,0.6514957598707573,0.0,0.9927374746232797,0.0,0.0,0.12030089974141141
1788446866598067663,0,0.5988401611042258,0.6511350849723413,0.0,0.9927374746232797,0.0,0.0,0.12030089974141141
1788446866610746694,0,0.5983527365267501,0.6510151911767154,0.0,0.9927374746232797,0.0,0.0,0.12030089974141141
1788446866630768509,0,0.5973778232464177,0.6507753878122841,0.0,0.9927374746232797,0.0,0.0,0.12030089974141141
1788446866650729365,0,0.5963997451221682,0.6505348059783883,0.0,0.9927374746232797,0.0,0.0,0.12030089974141141
1788446866670741599,0,0.5954139388260737,0.6502923232147927,0.0,0.9927374746232797,0.0,0.0,0.12030089974141141
1788446866698112242,0,0.5939370793757643,0.6499290541997952,0.0,0.9927374746232797,0.0,0.0,0.12030089974141141
1788446866710734431,0,0.5934460326591062,0.6498082695319493,0.0,0.9927374746232797,0.0,0.0,0.12030089974141141
1788446866730755202,0,0.5924587664191824,0.6495654278209279,0.0,0.9927374746232797,0.0,0.0,0.12030089974141141
1788446866750737490,0,0.591477709594125,0.6493241134637951,0.0,0.9927374746232797,0.0,0.0,0.12030089974141141
1788446866770752458,0,0.5904948686908652,0.6490823602700185,0.0,0.9927374746232797,0.0,0.0,0.12030089974141141
1788446866797879888,0,0.5890167297977293,0.6487187765863702,0.0,0.9927374746232797,0.0,0.0,0.12030089974141141
1788446866810777754,0,0.5885262786412717,0.6485981382909083,0.0,0.9927374746232797,0.0,0.0,0.12030089974141141
1788446866830757954,0,0.5875454937283751,0.6483568905773517,0.0,0.9927374746232797,0.0,0.0,0.12030089974141141
1788446866850727411,0,0.586568413967908,0.6481165542750834,0.0,0.9927374746232797,0.0,0.0,0.12030089974141141
1788446866870776973,0,0.5855843544240451,0.6478745011672022,0.0,0.9927374746232797,0.0,0.0,0.12030089974141141
1788446866898468098,0,0.5841220720667888,0.6475148176588402,0.0,0.9927374746232797,0.0,0.0,0.12030089974141141
1788446866910736256,0,0.5836183733416633,0.6473909208452655,0.0,0.9927374746232797,0.0,0.0,0.12030089974141141
1788446866930733680,0,0.5826402128760366,0.647150318757528,0.0,0.9927374746232797,0.0,0.0,0.12030089974141141
1788446866950732317,0,0.5816589716560443,0.6469089588841733,0.0,0.9927374746232797,0.0,0.0,0.12030089974141141
1788446866970772013,0,0.5806741874574168,0.6466667275300274,0.0,0.9927374746232797,0.0,0.0,0.12030089974141141
1788446866998166074,0,0.5791889132036551,0.6463013885711203,0.0,0.9927374746232797,0.0,0.0,0.12030089974141141
1788446867010790417,0,0.578697943712225,0.6461806227786656,0.0,0.9927374746232797,0.0,0.0,0.12030089974141141
1788446867030749220,0,0.5777153193665856,0.6459389226122443,0.0,0.9927374746232797,0.0,0.0,0.12030089974141141
1788446867050724058,0,0.5767338550232058,0.6456975078563637,0.0,0.9927374746232797,0.0,0.0,0.12030089974141141
1788446867070751113,0,0.575752012751045,0.6454560002197659,0.0,0.9927374746232797,0.0,0.0,0.12030089974141141
1788446867098137636,0,0.5742798073287629,0.6450938759749849,0.0,0.9927374746232797,0.0,0.0,0.12030089974141141
1788446867110725481,0,0.5737901061064486,0.6449734221838158,0.0,0.9927374746232797,0.0,0.0,0.12030089974141141
1788446867130770689,0,0.5727857449215752,0.6447263753991471,0.0,0.9927374746232797,0.0,0.0,0.12030089974141141
1788446867150719790,0,0.5718100966861098,0.6444863912944421,0.0,0.9927374746232797,0.0,0.0,0.12030089974141141
1788446867170727300,0,0.5708378681259889,0.6442472483807121,0.0,0.9927374746232797,0.0,0.0,0.12030089974141141
1788446867198088254,0,0.569865645993979,0.6440081070481302,0.0,0.9927374746232797,0.0,0.0,0.12030089974141141
1788446867210771985,0,0.5688900717731965,0.6437681411889821,0.0,0.9927374746232797,0.0,0.0,0.12030089974141141
1788446867230726037,0,0.5679125541144315,0.6435276972946878,0.0,0.9927374746232797,0.0,0.0,0.12030089974141141
1788446867250720598,0,0.5669322042199598,0.6432865567040534,0.0,0.9927374746232797,0.0,0.0,0.12030089974141141
1788446867270796743,0,0.5659463942820641,0.6430440730446692,0.0,0.9927374746232797,0.0,0.0,0.12030089974141141
1788446867298064995,0,0.5649616960297879,0.6428018628310951,0.0,0.9927374746232797,0.0,0.0,0.12030089974141141
1788446867310768328,0,0.5639800646448787,0.6425604071472443,0.0,0.9927374746232797,0.0,0.0,0.12030089974141141
1788446867330736303,0,0.5629984055557882,0.6423189446488884,0.0,0.9927374746232797,0.0,0.0,0.12030089974141141
1788446867350718270,0,0.562016455501582,0.6420774105407308,0.0,0.9927374746232797,0.0,0.0,0.12030089974141141
1788446867370750797,0,0.561033950386914,0.6418357398621333,0.0,0.9927374746232797,0.0,0.0,0.12030089974141141
1788446867398181032,0,0.5600525059023141,0.6415943300709189,0.0,0.9927374746232797,0.0,0.0,0.12030089974141141
1788446867410732439,0,0.5590733585525509,0.6413534852352971,0.0,0.9927374746232797,0.0,0.0,0.12030089974141141
1788446867430743060,0,0.5580914048893383,0.6411119501194007,0.0,0.9927374746232797,0.0,0.0,0.12030089974141141
1788446867450714093,0,0.5571161130553877,0.6408720536010382,0.0,0.9927374746232797,0.0,0.0,0.12030089974141141
1788446867470708643,0,0.5566303474148488,0.6407525678212679,0.0,0.9927374746232797,0.0,0.0,0.12030089974141141
1788446867498647039,0,0.5551731720338138,0.6403941403777955,0.0,0.9927374746232797,0.0,0.0,0.12030089974141141
1788446867510749375,0,0.5546829484800673,0.6402735581465892,0.0,0.9927374746232797,0.0,0.0,0.12030089974141141
1788446867530783110,0,0.5537086352387217,0.6400339024555528,0.0,0.9927374746232797,0.0,0.0,0.12030089974141141
1788446867550724495,0,0.552733970182517,0.6397941602272207,0.0,0.9927374746232797,0.0,0.0,0.12030089974141141
1788446867570735853,0,0.55173261558474,0.6395478529849459,0.0,0.9927374746232797,0.0,0.0,0.12030089974141141
1788446867598049055,0,0.550233667557396,0.6391791506733493,0.0,0.9927374746232797,0.0,0.0,0.12030089974141141
1788446867610725671,0,0.5497408914483695,0.6390579405398534,0.0,0.9927374746232797,0.0,0.0,0.12030089974141141
1788446867630761507,0,0.5487528016275502,0.6388148960884412,0.0,0.9927374746232797,0.0,0.0,0.12030089974141141
1788446867650714859,0,0.5477639827976307,0.6385716723197109,0.0,0.9927374746232797,0.0,0.0,0.12030089974141141
1788446867670733086,0,0.5467809595434616,0.638329874112199,0.0,0.9927374746232797,0.0,0.0,0.12030089974141141
1788446867698058172,0,0.5453120792142085,0.6379685676739671,0.0,0.9927374746232797,0.0,0.0,0.12030089974141141
1788446867710778463,0,0.5448190857270794,0.6378473040710998,0.0,0.9927374746232797,0.0,0.0,0.12030089974141141
1788446867730727747,0,0.543842655098427,0.6376071274783625,0.0,0.9927374746232797,0.0,0.0,0.12030089974141141
1788446867750712607,0,0.5428683074863364,0.6373674632140243,0.0,0.9927374746232797,0.0,0.0,0.12030089974141141
1788446867770749119,0,0.5418956883511689,0.6371282239912833,0.0,0.9927374746232797,0.0,0.0,0.12030089974141141
1788446867798063730,0,0.5404356501409382,0.6367690922866638,0.0,0.9927374746232797,0.0,0.0,0.12030089974141141
1788446867810757943,0,0.5399482673238243,0.6366492086835887,0.0,0.9927374746232797,0.0,0.0,0.12030089974141141
1788446867830745696,0,0.5389735545448047,0.6364094544784565,0.0,0.9927374746232797,0.0,0.0,0.12030089974141141
1788446867850727449,0,0.5379901932472295,0.6361675730812864,0.0,0.9927374746232797,0.0,0.0,0.12030089974141141
1788446867870784250,0,0.5370063426471031,0.635925571448296,0.0,0.9927374746232797,0.0,0.0,0.12030089974141141
1788446867898527868,0,0.5354990581610192,0.6355548186643598,0.0,0.9927374746232797,0.0,0.0,0.12030089974141141
1788446867910732950,0,0.5350060634620587,0.6354335547634135,0.0,0.9927374746232797,0.0,0.0,0.12030089974141141
1788446867930754731,0,0.534004796598746,0.6351872691015399,0.0,0.9927374746232797,0.0,0.0,0.12030089974141141
1788446867950726242,0,0.5330225152253909,0.6349456533774537,0.0,0.9927374746232797,0.0,0.0,0.12030089974141141
1788446867970730866,0,0.5320423955975231,0.6347045693866522,0.0,0.9927374746232797,0.0,0.0,0.12030089974141141
1788446867998008116,0,0.5305730489099073,0.6343431482363667,0.0,0.9927374746232797,0.0,0.0,0.12030089974141141
1788446868010726269,0,0.5300838353265829,0.6342228143917332,0.0,0.9927374746232797,0.0,0.0,0.12030089974141141
1788446868030745031,0,0.5291058652245036,0.6339822591284878,0.0,0.9927374746232797,0.0,0.0,0.12030089974141141
1788446868050734146,0,0.5281300352305774,0.6337422302763044,0.0,0.9927374746232797,0.0,0.0,0.12030089974141141
1788446868070728601,0,0.5271565186448596,0.6335027704624989,0.0,0.9927374746232797,0.0,0.0,0.12030089974141141
1788446868098489796,0,0.5256925159271023,0.6331426637501738,0.0,0.9927374746232797,0.0,0.0,0.12030089974141141
1788446868110734558,0,0.5252055009357564,0.6330228706624283,0.0,0.9927374746232797,0.0,0.0,0.12030089974141141
1788446868130719118,0,0.524228816630408,0.632782631592237,0.0,0.9927374746232797,0.0,0.0,0.12030089974141141
1788446868150722268,0,0.5232400929156164,0.6325394310986695,0.0,0.9927374746232797,0.0,0.0,0.12030089974141141
1788446868170752311,0,0.5222466587223209,0.6322950719084636,0.0,0.9927374746232797,0.0,0.0,0.12030089974141141
1788446868198035914,0,0.5207687158801647,0.6319315361265638,0.0,0.9927374746232797,0.0,0.0,0.12030089974141141
1788446868210729241,0,0.5202744720029082,0.6318099649199113,0.0,0.9927374746232797,0.0,0.0,0.12030089974141141
1788446868230728519,0,0.519277661485763,0.6315647753223262,0.0,0.9927374746232797,0.0,0.0,0.12030089974141141
1788446868250729525,0,0.5182946000986289,0.6313229676949853,0.0,0.9927374746232797,0.0,0.0,0.12030089974141141
1788446868270751619,0,0.5173136432138649,0.6310816777607172,0.0,0.9927374746232797,0.0,0.0,0.12030089974141141
1788446868298365494,0,0.5163053919698414,0.6308336741224587,0.0,0.9927374746232797,0.0,0.0,0.12030089974141141
1788446868310735886,0,0.5153179817604607,0.630590796837822,0.0,0.9927374746232797,0.0,0.0,0.12030089974141141
1788446868330749463,0,0.5143323127042383,0.630348347831673,0.0,0.9927374746232797,0.0,0.0,0.12030089974141141
1788446868350723589,0,0.5133560156207836,0.6301082040875883,0.0,0.9927374746232797,0.0,0.0,0.12030089974141141
1788446868370760424,0,0.5123848544674137,0.6298693236490084,0.0,0.9927374746232797,0.0,0.0,0.12030089974141141
1788446868398096965,0,0.5114079038653225,0.6296290191563002,0.0,0.9927374746232797,0.0,0.0,0.12030089974141141
1788446868410728361,0,0.510436846083008,0.6293901641443171,0.0,0.9927374746232797,0.0,0.0,0.12030089974141141
1788446868430739562,0,0.509461473599928,0.6291502478279278,0.0,0.9927374746232797,0.0,0.0,0.12030089974141141
1788446868450724390,0,0.5084840101751353,0.6289098171941448,0.0,0.9927374746232797,0.0,0.0,0.12030089974141141
1788446868470734341,0,0.5079912347917668,0.6287886072391421,0.0,0.9927374746232797,0.0,0.0,0.12030089974141141
1788446868498118368,0,0.5065138974098973,0.6284252205854577,0.0,0.9927374746232797,0.0,0.0,0.12030089974141141
1788446868510742441,0,0.5060217278019171,0.6283041595953812,0.0,0.9927374746232797,0.0,0.0,0.12030089974141141
1788446868530734601,0,0.5050172935360704,0.6280570947528584,0.0,0.9927374746232797,0.0,0.0,0.12030089974141141
1788446868550725935,0,0.5040332867311982,0.6278150545372331,0.0,0.9927374746232797,0.0,0.0,0.12030089974141141
1788446868570755466,0,0.5030527114702835,0.6275738583926398,0.0,0.9927374746232797,0.0,0.0,0.12030089974141141
1788446868598020456,0,0.5015796391458035,0.6272115207123681,0.0,0.9927374746232797,0.0,0.0,0.12030089974141141
1788446868610738875,0,0.5010894193710841,0.6270909393707657,0.0,0.9927374746232797,0.0,0.0,0.12030089974141141
1788446868630705075,0,0.5001102176771455,0.6268500811678871,0.0,0.9927374746232797,0.0,0.0,0.12030089974141141
1788446868650723756,0,0.4991349175567961,0.6266101826508516,0.0,0.9927374746232797,0.0,0.0,0.12030089974141141
1788446868670742108,0,0.4981635577190803,0.6263712533410792,0.0,0.9927374746232797,0.0,0.0,0.12030089974141141
1788446868698107855,0,0.49670522323810345,0.6260125409078203,0.0,0.9927374746232797,0.0,0.0,0.12030089974141141
1788446868710713087,0,0.49621850007890367,0.6258928196428859,0.0,0.9927374746232797,0.0,0.0,0.12030089974141141
1788446868730747618,0,0.49524500915442426,0.625653366141079,0.0,0.9927374746232797,0.0,0.0,0.12030089974141141
1788446868750726381,0,0.4942662007025399,0.6254126046655397,0.0,0.9927374746232797,0.0,0.0,0.12030089974141141
1788446868770756956,0,0.49327496852488567,0.6251687872759017,0.0,0.9927374746232797,0.0,0.0,0.12030089974141141
1788446868798172568,0,0.49178887646278086,0.6248032472390165,0.0,0.9927374746232797,0.0,0.0,0.12030089974141141
1788446868810717251,0,0.49129709825026685,0.6246822826022289,0.0,0.9927374746232797,0.0,0.0,0.12030089974141141
1788446868830772960,0,0.4903085182149646,0.6244391176513165,0.0,0.9927374746232797,0.0,0.0,0.12030089974141141
1788446868850742064,0,0.4893228522602415,0.6241966694484409,0.0,0.9927374746232797,0.0,0.0,0.12030089974141141
1788446868870736982,0,0.48834291655185064,0.6239556306970574,0.0,0.9927374746232797,0.0,0.0,0.12030089974141141
1788446868898126222,0,0.48687455245789074,0.6235944512393095,0.0,0.9927374746232797,0.0,0.0,0.12030089974141141
1788446868910784248,0,0.4863859446347589,0.6234742663959616,0.0,0.9927374746232797,0.0,0.0,0.12030089974141141
1788446868930736072,0,0.4854089842332649,0.6232339594928548,0.0,0.9927374746232797,0.0,0.0,0.12030089974141141
1788446868950721328,0,0.48443480316276033,0.6229943361934592,0.0,0.9927374746232797,0.0,0.0,0.12030089974141141
1788446868970754163,0,0.48346323130753593,0.6227553546537283,0.0,0.9927374746232797,0.0,0.0,0.12030089974141141
1788446868998046305,0,0.4820059417020515,0.6223968991931208,0.0,0.9927374746232797,0.0,0.0,0.12030089974141141
1788446869010767755,0,0.4815109509964327,0.6222751443666671,0.0,0.9927374746232797,0.0,0.0,0.12030089974141141
1788446869030722986,0,0.480538083820289,0.622035844370022,0.0,0.9927374746232797,0.0,0.0,0.12030089974141141
1788446869050725625,0,0.47956003842438427,0.6217952706661312,0.0,0.9927374746232797,0.0,0.0,0.12030089974141141
1788446869070727043,0,0.4785772198809996,0.6215535228922295,0.0,0.9927374746232797,0.0,0.0,0.12030089974141141
1788446869097941424,0,0.47710309323719774,0.6211909261168769,0.0,0.9927374746232797,0.0,0.0,0.12030089974141141
1788446869110758546,0,0.476612749858476,0.6210703144118462,0.0,0.9927374746232797,0.0,0.0,0.12030089974141141
1788446869130758720,0,0.4756306472278232,0.6208287427338378,0.0,0.9927374746232797,0.0,0.0,0.12030089974141141
1788446869150715492,0,0.47464700294965173,0.6205867918907442,0.0,0.9927374746232797,0.0,0.0,0.12030089974141141
1788446869170715074,0,0.47366109544566576,0.6203442843932779,0.0,0.9927374746232797,0.0,0.0,0.12030089974141141
1788446869197922175,0,0.47218777018472946,0.6199818847774885,0.0,0.9927374746232797,0.0,0.0,0.12030089974141141
1788446869210733525,0,0.47169804250349257,0.6198614244781112,0.0,0.9927374746232797,0.0,0.0,0.12030089974141141
1788446869230755134,0,0.47071849828115747,0.6196204820221369,0.0,0.9927374746232797,0.0,0.0,0.12030089974141141
1788446869250744148,0,0.4697416192539593,0.6193801951349949,0.0,0.9927374746232797,0.0,0.0,0.12030089974141141
1788446869270735554,0,0.46876725939049824,0.6191405278967507,0.0,0.9927374746232797,0.0,0.0,0.12030089974141141
1788446869298092076,0,0.46730658735454156,0.6187812404064061,0.0,0.9927374746232797,0.0,0.0,0.12030089974141141
1788446869310748569,0,0.46681386764940735,0.6186600440665201,0.0,0.9927374746232797,0.0,0.0,0.12030089974141141
1788446869330765867,0,0.46583881009434697,0.618420205055374,0.0,0.9927374746232797,0.0,0.0,0.12030089974141141
1788446869350713012,0,0.46485946556081165,0.618179311598133,0.0,0.9927374746232797,0.0,0.0,0.12030089974141141
1788446869370735760,0,0.46387398222125065,0.6179369081931753,0.0,0.9927374746232797,0.0,0.0,0.12030089974141141
1788446869398960246,0,0.4623972671431297,0.6175736745699287,0.0,0.9927374746232797,0.0,0.0,0.12030089974141141
1788446869411091484,0,0.4619050228829083,0.6174525952975388,0.0,0.9927374746232797,0.0,0.0,0.12030089974141141
1788446869430754289,0,0.46091752700934974,0.6172096970221891,0.0,0.9927374746232797,0.0,0.0,0.12030089974141141
1788446869450717998,0,0.45991005381348865,0.6169618848056564,0.0,0.9927374746232797,0.0,0.0,0.12030089974141141
1788446869470720845,0,0.45892450140217944,0.6167194644911287,0.0,0.9927374746232797,0.0,0.0,0.12030089974141141
1788446869497964237,0,0.4579389834843201,0.6164770526610944,0.0,0.9927374746232797,0.0,0.0,0.12030089974141141
1788446869510725954,0,0.45696078490979797,0.6162364411995578,0.0,0.9927374746232797,0.0,0.0,0.12030089974141141
1788446869530755674,0,0.45598292473817403,0.6159959129763513,0.0,0.9927374746232797,0.0,0.0,0.12030089974141141
1788446869550728428,0,0.4550079169526693,0.6157560863264846,0.0,0.9927374746232797,0.0,0.0,0.12030089974141141
1788446869570722807,0,0.45403483292629077,0.6155167328317729,0.0,0.9927374746232797,0.0,0.0,0.12030089974141141
1788446869598009128,0,0.45306211957158515,0.6152774705127027,0.0,0.9927374746232797,0.0,0.0,0.12030089974141141
1788446869610724000,0,0.4520896668348602,0.6150382722989128,0.0,0.9927374746232797,0.0,0.0,0.12030089974141141
1788446869630762647,0,0.4511160281637831,0.6147987823759552,0.0,0.9927374746232797,0.0,0.0,0.12030089974141141
1788446869650733216,0,0.45013354535508965,0.6145571171041648,0.0,0.9927374746232797,0.0,0.0,0.12030089974141141
1788446869670731949,0,0.44914265234821144,0.6143133832224632,0.0,0.9927374746232797,0.0,0.0,0.12030089974141141
1788446869698368133,0,0.44815796075814995,0.614071174727844,0.0,0.9927374746232797,0.0,0.0,0.12030089974141141
1788446869711036736,0,0.44717354212604,0.6138290333737745,0.0,0.9927374746232797,0.0,0.0,0.12030089974141141
1788446869730725443,0,0.4466809310200781,0.6137078638668833,0.0,0.9927374746232797,0.0,0.0,0.12030089974141141
1788446869750734857,0,0.44569263468002074,0.6134647686976151,0.0,0.9927374746232797,0.0,0.0,0.12030089974141141
1788446869770729649,0,0.44470617797757334,0.6132221259509371,0.0,0.9927374746232797,0.0,0.0,0.12030089974141141
1788446869798155379,0,0.4432263014325202,0.61285811472901,0.0,0.9927374746232797,0.0,0.0,0.12030089974141141
1788446869810789586,0,0.4427385200301214,0.6127381331637138,0.0,0.9927374746232797,0.0,0.0,0.12030089974141141
1788446869830722031,0,0.4417628881189563,0.6124981530347487,0.0,0.9927374746232797,0.0,0.0,0.12030089974141141
1788446869850730166,0,0.4407869903058876,0.6122581075008166,0.0,0.9927374746232797,0.0,0.0,0.12030089974141141
1788446869870715862,0,0.4398139558881233,0.6120187662878137,0.0,0.9927374746232797,0.0,0.0,0.12030089974141141
1788446869898108250,0,0.43835132664163845,0.6116589974537046,0.0,0.9927374746232797,0.0,0.0,0.12030089974141141
1788446869910768437,0,0.43786527670625225,0.6115394417843557,0.0,0.9927374746232797,0.0,0.0,0.12030089974141141
1788446869930765157,0,0.4368929428168717,0.611300272883154,0.0,0.9927374746232797,0.0,0.0,0.12030089974141141
1788446869950785021,0,0.43591591687248354,0.6110599498581962,0.0,0.9927374746232797,0.0,0.0,0.12030089974141141
1788446869970741666,0,0.43491851630817396,0.6108146151242746,0.0,0.9927374746232797,0.0,0.0,0.12030089974141141
1788446869998154235,0,0.4334399680248129,0.6104509305400104,0.0,0.9927374746232797,0.0,0.0,0.12030089974141141
1788446870010763091,0,0.43294607457994416,0.6103294455708963,0.0,0.9927374746232797,0.0,0.0,0.12030089974141141
1788446870030766716,0,0.4319595788822265,0.6100867932323939,0.0,0.9927374746232797,0.0,0.0,0.12030089974141141
1788446870050777740,0,0.43097397482553024,0.6098443602144414,0.0,0.9927374746232797,0.0,0.0,0.12030089974141141
1788446870070743428,0,0.4299893105984852,0.6096021584504119,0.0,0.9927374746232797,0.0,0.0,0.12030089974141141
1788446870098153002,0,0.42851566161130145,0.6092396791661514,0.0,0.9927374746232797,0.0,0.0,0.12030089974141141
1788446870110729730,0,0.42802430598516805,0.6091188184345806,0.0,0.9927374746232797,0.0,0.0,0.12030089974141141
1788446870130714502,0,0.42704330578127037,0.6088775178449299,0.0,0.9927374746232797,0.0,0.0,0.12030089974141141
1788446870150787081,0,0.426063292865332,0.6086364600626323,0.0,0.9927374746232797,0.0,0.0,0.12030089974141141
1788446870170743992,0,0.4250896736606109,0.6083969749278945,0.0,0.9927374746232797,0.0,0.0,0.12030089974141141
1788446870198783003,0,0.4236189820048426,0.6080352228305329,0.0,0.9927374746232797,0.0,0.0,0.12030089974141141
1788446870210863970,0,0.4231320418057534,0.6079154481397476,0.0,0.9927374746232797,0.0,0.0,0.12030089974141141
1788446870230747176,0,0.422158507394294,0.6076759838619584,0.0,0.9927374746232797,0.0,0.0,0.12030089974141141
1788446870250730926,0,0.42117915857981497,0.6074350894716954,0.0,0.9927374746232797,0.0,0.0,0.12030089974141141
1788446870270768739,0,0.42019457603024657,0.6071929077981987,0.0,0.9927374746232797,0.0,0.0,0.12030089974141141
1788446870298928090,0,0.41871563205753953,0.6068291260853548,0.0,0.9927374746232797,0.0,0.0,0.12030089974141141
1788446870310753037,0,0.4182228394103688,0.6067079119240526,0.0,0.9927374746232797,0.0,0.0,0.12030089974141141
1788446870331267973,0,0.41723730386881525,0.6064654958393387,0.0,0.9927374746232797,0.0,0.0,0.12030089974141141
1788446870350765561,0,0.41625239387207796,0.6062232336223635,0.0,0.9927374746232797,0.0,0.0,0.12030089974141141
1788446870370754117,0,0.41526105544863373,0.6059793901797831,0.0,0.9927374746232797,0.0,0.0,0.12030089974141141
1788446870398834944,0,0.4137867048929006,0.6056167383279247,0.0,0.9927374746232797,0.0,0.0,0.12030089974141141
1788446870410734691,0,0.4132975011633165,0.6054964069469111,0.0,0.9927374746232797,0.0,0.0,0.12030089974141141
1788446870430726355,0,0.41231894914174905,0.6052557086262973,0.0,0.9927374746232797,0.0,0.0,0.12030089974141141
1788446870450722395,0,0.41134256809448433,0.6050155442691658,0.0,0.9927374746232797,0.0,0.0,0.12030089974141141
1788446870470739618,0,0.41036327316297927,0.6047746631322658,0.0,0.9927374746232797,0.0,0.0,0.12030089974141141
1788446870499056968,0,0.4089038351382213,0.6044156792558777,0.0,0.9927374746232797,0.0,0.0,0.12030089974141141
1788446870510740149,0,0.40841850673019564,0.6042963010635333,0.0,0.9927374746232797,0.0,0.0,0.12030089974141141
1788446870530734034,0,0.40743593003032663,0.6040546126967894,0.0,0.9927374746232797,0.0,0.0,0.12030089974141141
1788446870550739488,0,0.4064588165071731,0.6038142681297284,0.0,0.9927374746232797,0.0,0.0,0.12030089974141141
1788446870570736812,0,0.4054635822901206,0.6035694663422658,0.0,0.9927374746232797,0.0,0.0,0.12030089974141141
1788446870598137768,0,0.40446624054818936,0.6033241461583809,0.0,0.9927374746232797,0.0,0.0,0.12030089974141141
1788446870610759423,0,0.4034703178948041,0.603079175033448,0.0,0.9927374746232797,0.0,0.0,0.12030089974141141
1788446870630766388,0,0.4024866076062403,0.602837207833306,0.0,0.9927374746232797,0.0,0.0,0.12030089974141141
1788446870650740919,0,0.40149589140129976,0.6025935174398052,0.0,0.9927374746232797,0.0,0.0,0.12030089974141141
1788446870670761740,0,0.4005107902624659,0.602351208287107,0.0,0.9927374746232797,0.0,0.0,0.12030089974141141
1788446870698230119,0,0.39952637430181115,0.6021090676703463,0.0,0.9927374746232797,0.0,0.0,0.12030089974141141
1788446870710796909,0,0.3985415021272978,0.6018668146764159,0.0,0.9927374746232797,0.0,0.0,0.12030089974141141
1788446870730729046,0,0.3975628648022486,0.6016260952936366,0.0,0.9927374746232797,0.0,0.0,0.12030089974141141
1788446870750724205,0,0.3965859575146999,0.6013858014551818,0.0,0.9927374746232797,0.0,0.0,0.12030089974141141
1788446870770758985,0,0.39559367865818873,0.6011417266097101,0.0,0.9927374746232797,0.0,0.0,0.12030089974141141
1788446870798227341,0,0.3946162364983285,0.6009013012065485,0.0,0.9927374746232797,0.0,0.0,0.12030089974141141
1788446870810799474,0,0.39363009268847887,0.6006587354233288,0.0,0.9927374746232797,0.0,0.0,0.12030089974141141
1788446870830715779,0,0.393129152605865,0.6005355171642152,0.0,0.9927374746232797,0.0,0.0,0.12030089974141141
1788446870850728953,0,0.3921546990133452,0.6002958268710551,0.0,0.9927374746232797,0.0,0.0,0.12030089974141141
1788446870870730721,0,0.39115156034895454,0.6000490807946963,0.0,0.9927374746232797,0.0,0.0,0.12030089974141141
1788446870898170523,0,0.38967719658250866,0.59968642557323,0.0,0.9927374746232797,0.0,0.0,0.12030089974141141
1788446870910734504,0,0.38918430505309526,0.5995651871296265,0.0,0.9927374746232797,0.0,0.0,0.12030089974141141
1788446870930752491,0,0.3881882810781012,0.5993201912444999,0.0,0.9927374746232797,0.0,0.0,0.12030089974141141
1788446870950729588,0,0.3872023261711042,0.599077672087131,0.0,0.9927374746232797,0.0,0.0,0.12030089974141141
1788446870970763781,0,0.3862171435580536,0.5988353428136404,0.0,0.9927374746232797,0.0,0.0,0.12030089974141141
1788446870998172818,0,0.384740876525606,0.598472219558406,0.0,0.9927374746232797,0.0,0.0,0.12030089974141141
1788446871010804886,0,0.3842498878402492,0.5983514491247437,0.0,0.9927374746232797,0.0,0.0,0.12030089974141141
1788446871030730250,0,0.3832563518655336,0.5981070651417639,0.0,0.9927374746232797,0.0,0.0,0.12030089974141141
1788446871050728014,0,0.38227325842070214,0.5978652497091607,0.0,0.9927374746232797,0.0,0.0,0.12030089974141141
1788446871070739255,0,0.38129747215485593,0.5976252315334526,0.0,0.9927374746232797,0.0,0.0,0.12030089974141141
1788446871098158858,0,0.3798370717442772,0.5972660108954828,0.0,0.9927374746232797,0.0,0.0,0.12030089974141141
1788446871110783206,0,0.3793504235474047,0.5971463081089826,0.0,0.9927374746232797,0.0,0.0,0.12030089974141141
1788446871130727396,0,0.378377451486567,0.5969069823134334,0.0,0.9927374746232797,0.0,0.0,0.12030089974141141
1788446871150735149,0,0.3773987245458676,0.5966662409672672,0.0,0.9927374746232797,0.0,0.0,0.12030089974141141
1788446871170750801,0,0.3764150506962356,0.5964242828102967,0.0,0.9927374746232797,0.0,0.0,0.12030089974141141
1788446871198354443,0,0.37493736648181025,0.5960608109651923,0.0,0.9927374746232797,0.0,0.0,0.12030089974141141
1788446871210776714,0,0.3744437960416472,0.5959394054870638,0.0,0.9927374746232797,0.0,0.0,0.12030089974141141
1788446871230754923,0,0.3734564282181084,0.5956965387086852,0.0,0.9927374746232797,0.0,0.0,0.12030089974141141
1788446871250726353,0,0.37247016355477824,0.595453943278997,0.0,0.9927374746232797,0.0,0.0,0.12030089974141141
1788446871270745100,0,0.37148578565732504,0.5952118119445925,0.0,0.9927374746232797,0.0,0.0,0.12030089974141141
1788446871297938512,0,0.3699898299870906,0.5948438457553555,0.0,0.9927374746232797,0.0,0.0,0.12030089974141141
1788446871310738307,0,0.3695006492663653,0.5947235199940685,0.0,0.9927374746232797,0.0,0.0,0.12030089974141141
1788446871330767346,0,0.368521443906988,0.5944826608895871,0.0,0.9927374746232797,0.0,0.0,0.12030089974141141
1788446871350716365,0,0.3675346710104795,0.5942399403673764,0.0,0.9927374746232797,0.0,0.0,0.12030089974141141
1788446871370723967,0,0.36655757308818776,0.5939995996377224,0.0,0.9927374746232797,0.0,0.0,0.12030089974141141
1788446871398089427,0,0.36508928889488856,0.5936384397937481,0.0,0.9927374746232797,0.0,0.0,0.12030089974141141
1788446871410925477,0,0.36460166519275355,0.5935184969788971,0.0,0.9927374746232797,0.0,0.0,0.12030089974141141
1788446871430733798,0,0.3636264392525345,0.5932786166287966,0.0,0.9927374746232797,0.0,0.0,0.12030089974141141
1788446871450785821,0,0.36264663600344227,0.5930376104593656,0.0,0.9927374746232797,0.0,0.0,0.12030089974141141
1788446871470753845,0,0.36166183966159526,0.5927953761985345,0.0,0.9927374746232797,0.0,0.0,0.12030089974141141
1788446871498684830,0,0.3601705009521246,0.5924285457433661,0.0,0.9927374746232797,0.0,0.0,0.12030089974141141
1788446871510779059,0,0.3596741656343141,0.5923064602177568,0.0,0.9927374746232797,0.0,0.0,0.12030089974141141
1788446871530730973,0,0.35868714913308924,0.592063679935933,0.0,0.9927374746232797,0.0,0.0,0.12030089974141141
1788446871550723590,0,0.3576843309857801,0.5918170128618572,0.0,0.9927374746232797,0.0,0.0,0.12030089974141141
1788446871570758880,0,0.3566968217400774,0.5915741113777607,0.0,0.9927374746232797,0.0,0.0,0.12030089974141141
1788446871598102113,0,0.3557121692143534,0.5913319125721713,0.0,0.9927374746232797,0.0,0.0,0.12030089974141141
1788446871610997132,0,0.35473267664321617,0.5910909828210512,0.0,0.9927374746232797,0.0,0.0,0.12030089974141141
1788446871630755680,0,0.35375156972468313,0.5908496559823698,0.0,0.9927374746232797,0.0,0.0,0.12030089974141141
1788446871650723662,0,0.35276969374710127,0.5906081399353966,0.0,0.9927374746232797,0.0,0.0,0.12030089974141141
1788446871670740758,0,0.3517951428519623,0.5903684256289209,0.0,0.9927374746232797,0.0,0.0,0.12030089974141141
1788446871698040775,0,0.35081772656280497,0.5901280065096506,0.0,0.9927374746232797,0.0,0.0,0.12030089974141141
1788446871710725351,0,0.3498394425160414,0.5898873740241608,0.0,0.9927374746232797,0.0,0.0,0.12030089974141141
1788446871730744702,0,0.348862069352796,0.5896469655923757,0.0,0.9927374746232797,0.0,0.0,0.12030089974141141
1788446871750734429,0,0.34787693544624215,0.5894046482191562,0.0,0.9927374746232797,0.0,0.0,0.12030089974141141
1788446871770736977,0,0.3468938828653093,0.5891628427980214,0.0,0.9927374746232797,0.0,0.0,0.12030089974141141
1788446871798121939,0,0.34590745330179085,0.5889202067268156,0.0,0.9927374746232797,0.0,0.0,0.12030089974141141
1788446871810776936,0,0.34490680681292124,0.5886740737424769,0.0,0.9927374746232797,0.0,0.0,0.12030089974141141
1788446871830749239,0,0.34392071083305625,0.5884315198045296,0.0,0.9927374746232797,0.0,0.0,0.12030089974141141
1788446871850724012,0,0.3434229007221068,0.5883090714777679,0.0,0.9927374746232797,0.0,0.0,0.12030089974141141
1788446871871055958,0,0.3424283172083188,0.5880644298274491,0.0,0.9927374746232797,0.0,0.0,0.12030089974141141
1788446871898035243,0,0.3409409889131461,0.5876985857895652,0.0,0.9927374746232797,0.0,0.0,0.12030089974141141
1788446871910804416,0,0.34044573720586024,0.5875767667634966,0.0,0.9927374746232797,0.0,0.0,0.12030089974141141
1788446871930721112,0,0.33945382131128965,0.5873327812780536,0.0,0.9927374746232797,0.0,0.0,0.12030089974141141
1788446871950720682,0,0.3384756172625609,0.5870921685496985,0.0,0.9927374746232797,0.0,0.0,0.12030089974141141
1788446871970750304,0,0.3374999984331092,0.5868521916384953,0.0,0.9927374746232797,0.0,0.0,0.12030089974141141
1788446871997971244,0,0.33603767410603125,0.5864924978066466,0.0,0.9927374746232797,0.0,0.0,0.12030089974141141
1788446872010837530,0,0.3355508295453508,0.5863727466800988,0.0,0.9927374746232797,0.0,0.0,0.12030089974141141
1788446872030751232,0,0.3345772747354008,0.5861332774641242,0.0,0.9927374746232797,0.0,0.0,0.12030089974141141
1788446872050726004,0,0.3335976678353828,0.5858923195910667,0.0,0.9927374746232797,0.0,0.0,0.12030089974141141
1788446872070740599,0,0.33260127793559235,0.5856472335356446,0.0,0.9927374746232797,0.0,0.0,0.12030089974141141
1788446872098067617,0,0.3311217704190666,0.5852833130449618,0.0,0.9927374746232797,0.0,0.0,0.12030089974141141
1788446872110720564,0,0.33062825743460617,0.5851619216190272,0.0,0.9927374746232797,0.0,0.0,0.12030089974141141
1788446872130753538,0,0.3296371506232867,0.5849181349855083,0.0,0.9927374746232797,0.0,0.0,0.12030089974141141
1788446872150725748,0,0.32864690265259927,0.5846745596446494,0.0,0.9927374746232797,0.0,0.0,0.12030089974141141
1788446872170730538,0,0.3276623870140777,0.5844323943493195,0.0,0.9927374746232797,0.0,0.0,0.12030089974141141
1788446872198068463,0,0.3261888996273588,0.5840699546945208,0.0,0.9927374746232797,0.0,0.0,0.12030089974141141
1788446872210732633,0,0.32569848660414646,0.5839493258188047,0.0,0.9927374746232797,0.0,0.0,0.12030089974141141
1788446872230756415,0,0.32471782828031776,0.583708109322778,0.0,0.9927374746232797,0.0,0.0,0.12030089974141141
1788446872250747359,0,0.32373959741552966,0.5834674898789136,0.0,0.9927374746232797,0.0,0.0,0.12030089974141141
1788446872270737596,0,0.3227591929347297,0.5832263357418102,0.0,0.9927374746232797,0.0,0.0,0.12030089974141141
1788446872298120011,0,0.32129595641755015,0.5828664173760081,0.0,0.9927374746232797,0.0,0.0,0.12030089974141141
1788446872310802685,0,0.32080894674649063,0.5827466255572387,0.0,0.9927374746232797,0.0,0.0,0.12030089974141141
1788446872330792125,0,0.3198345173391687,0.5825069410542358,0.0,0.9927374746232797,0.0,0.0,0.12030089974141141
1788446872350720161,0,0.3188572811615255,0.5822665662381786,0.0,0.9927374746232797,0.0,0.0,0.12030089974141141
1788446872370739657,0,0.3178744794845803,0.582024822532913,0.0,0.9927374746232797,0.0,0.0,0.12030089974141141
1788446872399144320,0,0.31639440384448886,0.5816607623387737,0.0,0.9927374746232797,0.0,0.0,0.12030089974141141
1788446872410774167,0,0.3158983371270427,0.5815387428010099,0.0,0.9927374746232797,0.0,0.0,0.12030089974141141
1788446872430752614,0,0.3149124956116241,0.5812962513743747,0.0,0.9927374746232797,0.0,0.0,0.12030089974141141
1788446872450725132,0,0.31392728491444677,0.5810539150725591,0.0,0.9927374746232797,0.0,0.0,0.12030089974141141
1788446872470736727,0,0.3129431239428467,0.5808118369359072,0.0,0.9927374746232797,0.0,0.0,0.12030089974141141
1788446872498131310,0,0.31146628067300547,0.5804485717406478,0.0,0.9927374746232797,0.0,0.0,0.12030089974141141
1788446872510736202,0,0.31097520684559954,0.5803277803242503,0.0,0.9927374746232797,0.0,0.0,0.12030089974141141
1788446872530741803,0,0.3099925483310426,0.5800860718332166,0.0,0.9927374746232797,0.0,0.0,0.12030089974141141
1788446872550715466,0,0.30901335651154643,0.5798452160591946,0.0,0.9927374746232797,0.0,0.0,0.12030089974141141
1788446872570730587,0,0.3080337177615528,0.5796042503518697,0.0,0.9927374746232797,0.0,0.0,0.12030089974141141
1788446872597998930,0,0.3065687102955975,0.5792438965374943,0.0,0.9927374746232797,0.0,0.0,0.12030089974141141
1788446872610737879,0,0.3060806720272798,0.5791238517898487,0.0,0.9927374746232797,0.0,0.0,0.12030089974141141
1788446872630749751,0,0.30507806668314097,0.5788772368964303,0.0,0.9927374746232797,0.0,0.0,0.12030089974141141
1788446872650759903,0,0.3040843574624702,0.5786328102184986,0.0,0.9927374746232797,0.0,0.0,0.12030089974141141
1788446872670744252,0,0.30309470884073025,0.5783893823425165,0.0,0.9927374746232797,0.0,0.0,0.12030089974141141
1788446872698161241,0,0.3021123084916349,0.578147737353486,0.0,0.9927374746232797,0.0,0.0,0.12030089974141141
1788446872710732030,0,0.30112763666661524,0.5779055336403311,0.0,0.9927374746232797,0.0,0.0,0.12030089974141141
1788446872730821703,0,0.30014292916300017,0.5776633211511679,0.0,0.9927374746232797,0.0,0.0,0.12030089974141141
1788446872750724583,0,0.2991589787359807,0.5774212948831983,0.0,0.9927374746232797,0.0,0.0,0.12030089974141141
1788446872770738423,0,0.2981755172217299,0.5771793888750806,0.0,0.9927374746232797,0.0,0.0,0.12030089974141141
1788446872798026660,0,0.29719247989639985,0.5769375872064283,0.0,0.9927374746232797,0.0,0.0,0.12030089974141141
1788446872810750247,0,0.2962053469362359,0.5766947780374815,0.0,0.9927374746232797,0.0,0.0,0.12030089974141141
1788446872830821871,0,0.29522480438973314,0.5764535899397871,0.0,0.9927374746232797,0.0,0.0,0.12030089974141141
1788446872850729778,0,0.2942460538065319,0.5762128425789157,0.0,0.9927374746232797,0.0,0.0,0.12030089974141141
1788446872870732544,0,0.2932682740627015,0.5759723339795392,0.0,0.9927374746232797,0.0,0.0,0.12030089974141141
1788446872898095960,0,0.29229107998332465,0.5757319694385136,0.0,0.9927374746232797,0.0,0.0,0.12030089974141141
1788446872910732505,0,0.2913131786480119,0.5754914310901079,0.0,0.9927374746232797,0.0,0.0,0.12030089974141141
1788446872930758838,0,0.2903354410282443,0.5752509330114773,0.0,0.9927374746232797,0.0,0.0,0.12030089974141141
1788446872950722773,0,0.28935760710896036,0.5750104111657232,0.0,0.9927374746232797,0.0,0.0,0.12030089974141141
1788446872970727492,0,0.28837294209335945,0.574768208967067,0.0,0.9927374746232797,0.0,0.0,0.12030089974141141
1788446872998104413,0,0.2873881784248637,0.5745259825023431,0.0,0.9927374746232797,0.0,0.0,0.12030089974141141
1788446873010750088,0,0.28689452397896137,0.5744045563207718,0.0,0.9927374746232797,0.0,0.0,0.12030089974141141
1788446873030780345,0,0.2858986282631901,0.5741595918217927,0.0,0.9927374746232797,0.0,0.0,0.12030089974141141
1788446873050729618,0,0.2849070445373145,0.5739156879604161,0.0,0.9927374746232797,0.0,0.0,0.12030089974141141
1788446873070728042,0,0.283916565564019,0.5736720557588075,0.0,0.9927374746232797,0.0,0.0,0.12030089974141141
1788446873098031389,0,0.28243464951729375,0.5733075427516695,0.0,0.9927374746232797,0.0,0.0,0.12030089974141141
1788446873110757006,0,0.28194331710088366,0.5731866876890593,0.0,0.9927374746232797,0.0,0.0,0.12030089974141141
1788446873130724566,0,0.28096044809265663,0.5729449273419714,0.0,0.9927374746232797,0.0,0.0,0.12030089974141141
1788446873150722919,0,0.27996940726675035,0.5727011569391569,0.0,0.9927374746232797,0.0,0.0,0.12030089974141141
1788446873170765059,0,0.2789910360097524,0.5724605028427967,0.0,0.9927374746232797,0.0,0.0,0.12030089974141141
1788446873198107676,0,0.27752526803587213,0.5720999617243769,0.0,0.9927374746232797,0.0,0.0,0.12030089974141141
1788446873210736709,0,0.27702695910342007,0.5719773905381234,0.0,0.9927374746232797,0.0,0.0,0.12030089974141141
1788446873230728255,0,0.27605260323642306,0.5717377240447629,0.0,0.9927374746232797,0.0,0.0,0.12030089974141141
1788446873250774128,0,0.27505062774039746,0.571491263872827,0.0,0.9927374746232797,0.0,0.0,0.12030089974141141
1788446873270770569,0,0.27406571508511174,0.5712490009216771,0.0,0.9927374746232797,0.0,0.0,0.12030089974141141
1788446873298019665,0,0.27258819183614974,0.570885568589726,0.0,0.9927374746232797,0.0,0.0,0.12030089974141141
1788446873310713600,0,0.2720944856467504,0.5707641296805973,0.0,0.9927374746232797,0.0,0.0,0.12030089974141141
1788446873330748037,0,0.2711073267023944,0.5705213142006355,0.0,0.9927374746232797,0.0,0.0,0.12030089974141141
1788446873351074257,0,0.27012114927787617,0.5702787401490798,0.0,0.9927374746232797,0.0,0.0,0.12030089974141141
1788446873370734615,0,0.26912942664250733,0.5700348021195731,0.0,0.9927374746232797,0.0,0.0,0.12030089974141141
1788446873398134136,0,0.2676527862562992,0.5696715868687128,0.0,0.9927374746232797,0.0,0.0,0.12030089974141141
1788446873410724807,0,0.2671617566650738,0.5695508062932633,0.0,0.9927374746232797,0.0,0.0,0.12030089974141141
1788446873430751290,0,0.26617891195289417,0.5693090519223744,0.0,0.9927374746232797,0.0,0.0,0.12030089974141141
1788446873450721810,0,0.26519922037421984,0.5690680731407495,0.0,0.9927374746232797,0.0,0.0,0.12030089974141141
1788446873470732704,0,0.26419762438767047,0.5688217064415015,0.0,0.9927374746232797,0.0,0.0,0.12030089974141141
1788446873498055211,0,0.26273263105809375,0.5684613559452247,0.0,0.9927374746232797,0.0,0.0,0.12030089974141141
1788446873510754091,0,0.2622451303477753,0.5683414433434619,0.0,0.9927374746232797,0.0,0.0,0.12030089974141141
1788446873530720619,0,0.2612689305848791,0.5681013233786465,0.0,0.9927374746232797,0.0,0.0,0.12030089974141141
1788446873550713461,0,0.26028674695364745,0.5678597314964199,0.0,0.9927374746232797,0.0,0.0,0.12030089974141141
1788446873570753653,0,0.25928961984389287,0.5676144638627718,0.0,0.9927374746232797,0.0,0.0,0.12030089974141141
1788446873598088101,0,0.2578096288485037,0.5672504242480509,0.0,0.9927374746232797,0.0,0.0,0.12030089974141141
1788446873610719861,0,0.25731565880182405,0.5671289204368795,0.0,0.9927374746232797,0.0,0.0,0.12030089974141141
1788446873630764618,0,0.2563277967948252,0.5668859320217546,0.0,0.9927374746232797,0.0,0.0,0.12030089974141141
1788446873650726786,0,0.2553416454615487,0.5666433643478608,0.0,0.9927374746232797,0.0,0.0,0.12030089974141141
1788446873670762872,0,0.25435727196770325,0.566401233936235,0.0,0.9927374746232797,0.0,0.0,0.12030089974141141
1788446873698180014,0,0.25286905807938687,0.5660351719044879,0.0,0.9927374746232797,0.0,0.0,0.12030089974141141
1788446873710952325,0,0.25237493053675963,0.5659136293936575,0.0,0.9927374746232797,0.0,0.0,0.12030089974141141
1788446873731035690,0,0.2513910114777215,0.5656716109215573,0.0,0.9927374746232797,0.0,0.0,0.12030089974141141
1788446873751057793,0,0.25040952617060586,0.5654301910890669,0.0,0.9927374746232797,0.0,0.0,0.12030089974141141
1788446873770728186,0,0.24943067476735445,0.5651894191283532,0.0,0.9927374746232797,0.0,0.0,0.12030089974141141
1788446873798278732,0,0.24795988530439156,0.5648276431330034,0.0,0.9927374746232797,0.0,0.0,0.12030089974141141
1788446873810723701,0,0.2474738542427145,0.5647080920665001,0.0,0.9927374746232797,0.0,0.0,0.12030089974141141
1788446873830750879,0,0.24650155247806116,0.5644689309879339,0.0,0.9927374746232797,0.0,0.0,0.12030089974141141
1788446873850728384,0,0.24552320723147655,0.5642282834092642,0.0,0.9927374746232797,0.0,0.0,0.12030089974141141
1788446873870726623,0,0.24453894730453615,0.5639861810123467,0.0,0.9927374746232797,0.0,0.0,0.12030089974141141
1788446873898076595,0,0.24355249878824567,0.5637435402792508,0.0,0.9927374746232797,0.0,0.0,0.12030089974141141
1788446873910747948,0,0.24256467896771514,0.5635005621604243,0.0,0.9927374746232797,0.0,0.0,0.12030089974141141
1788446873930737117,0,0.2415769289828241,0.5632576012193584,0.0,0.9927374746232797,0.0,0.0,0.12030089974141141
1788446873950729123,0,0.24058771344005012,0.5630142797889705,0.0,0.9927374746232797,0.0,0.0,0.12030089974141141
1788446873970739948,0,0.23958394823023887,0.5627673795169225,0.0,0.9927374746232797,0.0,0.0,0.12030089974141141
1788446873998112582,0,0.23859598283919575,0.5625243655915162,0.0,0.9927374746232797,0.0,0.0,0.12030089974141141
1788446874010742795,0,0.23759940119557152,0.5622792323720875,0.0,0.9927374746232797,0.0,0.0,0.12030089974141141
1788446874030756365,0,0.23660437868618917,0.5620344826592172,0.0,0.9927374746232797,0.0,0.0,0.12030089974141141
1788446874050716340,0,0.23611062323447315,0.5619130316328372,0.0,0.9927374746232797,0.0,0.0,0.12030089974141141
1788446874070730531,0,0.23512755925461537,0.5616712233277725,0.0,0.9927374746232797,0.0,0.0,0.12030089974141141
1788446874098005987,0,0.23365084292204605,0.5613079893157892,0.0,0.9927374746232797,0.0,0.0,0.12030089974141141
1788446874110876296,0,0.23316280801806794,0.5611879453559235,0.0,0.9927374746232797,0.0,0.0,0.12030089974141141
1788446874130740860,0,0.23218664426741062,0.5609478343287183,0.0,0.9927374746232797,0.0,0.0,0.12030089974141141
1788446874150788879,0,0.23121053001135822,0.5607077354759054,0.0,0.9927374746232797,0.0,0.0,0.12030089974141141
1788446874170743098,0,0.2302263960865291,0.5604656641524145,0.0,0.9927374746232797,0.0,0.0,0.12030089974141141
1788446874198183145,0,0.22874922636430486,0.5601023188589968,0.0,0.9927374746232797,0.0,0.0,0.12030089974141141
1788446874211336635,0,0.2282540288687459,0.5599805131676016,0.0,0.9927374746232797,0.0,0.0,0.12030089974141141
1788446874230747973,0,0.22725379844694243,0.5597344825249289,0.0,0.9927374746232797,0.0,0.0,0.12030089974141141
1788446874250722860,0,0.22626348646499755,0.5594908915602338,0.0,0.9927374746232797,0.0,0.0,0.12030089974141141
1788446874270719370,0,0.22527832716688187,0.559248567861088,0.0,0.9927374746232797,0.0,0.0,0.12030089974141141
1788446874297864601,0,0.22380142057027314,0.5588852870490736,0.0,0.9927374746232797,0.0,0.0,0.12030089974141141
1788446874310724447,0,0.22330986875425374,0.5587643780198359,0.0,0.9927374746232797,0.0,0.0,0.12030089974141141
1788446874330765994,0,0.2223266088807202,0.558522521529995,0.0,0.9927374746232797,0.0,0.0,0.12030089974141141
1788446874350728681,0,0.22133861623606269,0.5582795008607775,0.0,0.9927374746232797,0.0,0.0,0.12030089974141141
1788446874370735348,0,0.22035685311223727,0.5580380124526564,0.0,0.9927374746232797,0.0,0.0,0.12030089974141141
1788446874398457774,0,0.21887538522071856,0.5576736096394371,0.0,0.9927374746232797,0.0,0.0,0.12030089974141141
1788446874411037133,0,0.2183756212858314,0.557550680682139,0.0,0.9927374746232797,0.0,0.0,0.12030089974141141
1788446874430733380,0,0.2173968422527291,0.5573099264428566,0.0,0.9927374746232797,0.0,0.0,0.12030089974141141
1788446874450724360,0,0.21641750175865263,0.5570690340586729,0.0,0.9927374746232797,0.0,0.0,0.12030089974141141
1788446874470729494,0,0.21543350561414307,0.5568269964652209,0.0,0.9927374746232797,0.0,0.0,0.12030089974141141
1788446874498109784,0,0.21395040356575665,0.5564621918133197,0.0,0.9927374746232797,0.0,0.0,0.12030089974141141
1788446874510754194,0,0.21345552198039272,0.5563404638276077,0.0,0.9927374746232797,0.0,0.0,0.12030089974141141
1788446874530721865,0,0.21246601998692094,0.556097072098989,0.0,0.9927374746232797,0.0,0.0,0.12030089974141141
1788446874550730274,0,0.21147773485533244,0.5558539796867122,0.0,0.9927374746232797,0.0,0.0,0.12030089974141141
1788446874570725613,0,0.21048694590251418,0.5556102713996003,0.0,0.9927374746232797,0.0,0.0,0.12030089974141141
1788446874598842802,0,0.20900295102070374,0.5552452471746545,0.0,0.9927374746232797,0.0,0.0,0.12030089974141141
1788446874610862048,0,0.20849870742471546,0.5551212162548274,0.0,0.9927374746232797,0.0,0.0,0.12030089974141141
1788446874630768853,0,0.2075058511160096,0.5548769992093264,0.0,0.9927374746232797,0.0,0.0,0.12030089974141141
1788446874650723719,0,0.2065249853500372,0.5546357315680126,0.0,0.9927374746232797,0.0,0.0,0.12030089974141141
1788446874670731175,0,0.20554314981662858,0.5543942254289919,0.0,0.9927374746232797,0.0,0.0,0.12030089974141141
1788446874698414638,0,0.20407430056584686,0.5540329265554086,0.0,0.9927374746232797,0.0,0.0,0.12030089974141141
1788446874710724082,0,0.2035875832585358,0.553913206729887,0.0,0.9927374746232797,0.0,0.0,0.12030089974141141
1788446874730722149,0,0.20259936840634302,0.553670131524002,0.0,0.9927374746232797,0.0,0.0,0.12030089974141141
1788446874750981936,0,0.201620080921921,0.5534292522188912,0.0,0.9927374746232797,0.0,0.0,0.12030089974141141
1788446874770714923,0,0.20063530848744374,0.553187023758421,0.0,0.9927374746232797,0.0,0.0,0.12030089974141141
1788446874798172070,0,0.1991578845273089,0.5528236158893134,0.0,0.9927374746232797,0.0,0.0,0.12030089974141141
1788446874810799622,0,0.19866303585969247,0.5527018960408256,0.0,0.9927374746232797,0.0,0.0,0.12030089974141141
1788446874830766828,0,0.19767347755896358,0.5524584905427069,0.0,0.9927374746232797,0.0,0.0,0.12030089974141141
1788446874850740793,0,0.19668185581384506,0.552214577410264,0.0,0.9927374746232797,0.0,0.0,0.12030089974141141
1788446874871310782,0,0.19569592567033495,0.5519720641834185,0.0,0.9927374746232797,0.0,0.0,0.12030089974141141
1788446874897942318,0,0.1946931729446006,0.5517254130379527,0.0,0.9927374746232797,0.0,0.0,0.12030089974141141
1788446874910758181,0,0.1937049394161693,0.5514823332381977,0.0,0.9927374746232797,0.0,0.0,0.12030089974141141
1788446874930751372,0,0.19271443564834667,0.5512386950184734,0.0,0.9927374746232797,0.0,0.0,0.12030089974141141
1788446874950730452,0,0.19172037290555877,0.5509941813434196,0.0,0.9927374746232797,0.0,0.0,0.12030089974141141
1788446874970697119,0,0.1907415556700682,0.5507534176275968,0.0,0.9927374746232797,0.0,0.0,0.12030089974141141
1788446874998127269,0,0.18975337493339053,0.5505103507327358,0.0,0.9927374746232797,0.0,0.0,0.12030089974141141
1788446875010793592,0,0.18896636694951385,0.5503167672585273,0.0,0.9927374746232797,0.0,0.0,0.12030089974141141
1788446875030755388,0,0.1881808541057661,0.5501235515498644,0.0,0.9927374746232797,0.0,0.0,0.12030089974141141
1788446875050724493,0,0.1874967035265962,0.5499552682955859,0.0,0.9927374746232797,0.0,0.0,0.12030089974141141
1788446875070745298,0,0.1869137171918303,0.5498118687878403,0.0,0.9927374746232797,0.0,0.0,0.12030089974141141
1788446875098565650,0,0.18633136805763345,0.549668626014897,0.0,0.9927374746232797,0.0,0.0,0.12030089974141141
1788446875110728135,0,0.18594609750809005,0.5495738594588754,0.0,0.9927374746232797,0.0,0.0,0.12030089974141141
1788446875130758788,0,0.18575331474698142,0.5495264399030535,0.0,0.9927374746232797,0.0,0.0,0.12030089974141141
1788446875150729242,0,0.18536639318126547,0.5494312672399033,0.0,0.9927374746232797,0.0,0.0,0.12030089974141141
1788446875170752273,0,0.18517574840553191,0.5493843735885271,0.0,0.9927374746232797,0.0,0.0,0.12030089974141141
1788446875198038015,0,0.18489550644471844,0.5493154413622922,0.0,0.9927374746232797,0.0,0.0,0.12030089974141141
1788446875210743487,0,0.1848942623396245,0.5493151353447281,0.0,0.9927374746232797,0.0,0.0,0.12030089974141141
1788446875230743855,0,0.18489175738282992,0.5493145191903693,0.0,0.9927374746232797,0.0,0.0,0.12030089974141141
1788446875250714193,0,0.1849294762745978,0.5493237970556281,0.0,0.9927374746232797,0.0,0.0,0.12030089974141141
1788446875270739464,0,0.18510342858296674,0.5493665848087944,0.0,0.9927374746232797,0.0,0.0,0.12030089974141141
1788446875298015801,0,0.18538032563453674,0.5494346942969994,0.0,0.9927374746232797,0.0,0.0,0.12030089974141141
1788446875310812495,0,0.1854800029792731,0.5494592123368165,0.0,0.9927374746232797,0.0,0.0,0.12030089974141141
1788446875330761440,0,0.1856814061723039,0.5495087522951597,0.0,0.9927374746232797,0.0,0.0,0.12030089974141141
1788446875350813230,0,0.1858819788652969,0.5495580879720482,0.0,0.9927374746232797,0.0,0.0,0.12030089974141141
1788446875370750155,0,0.1860798157559473,0.5496067507125644,0.0,0.9927374746232797,0.0,0.0,0.12030089974141141
1788446875398074068,0,0.18637476546017204,0.5496793006847907,0.0,0.9927374746232797,0.0,0.0,0.12030089974141141
1788446875410776737,0,0.18647135534704784,0.5497030592901048,0.0,0.9927374746232797,0.0,0.0,0.12030089974141141
1788446875430728278,0,0.18666508079621366,0.5497507107227225,0.0,0.9927374746232797,0.0,0.0,0.12030089974141141
1788446875450713724,0,0.18686169085143567,0.5497990716935641,0.0,0.9927374746232797,0.0,0.0,0.12030089974141141
1788446875470741552,0,0.1870617865015154,0.5498482900302769,0.0,0.9927374746232797,0.0,0.0,0.12030089974141141
1788446875498066624,0,0.1873635058744427,0.5499225051653066,0.0,0.9927374746232797,0.0,0.0,0.12030089974141141
1788446875510733765,0,0.18746295672847257,0.5499469674942881,0.0,0.9927374746232797,0.0,0.0,0.12030089974141141
1788446875530766349,0,0.18766333515356426,0.5499962553863148,0.0,0.9927374746232797,0.0,0.0,0.12030089974141141
1788446875550715200,0,0.18785901262484395,0.5500443869735617,0.0,0.9927374746232797,0.0,0.0,0.12030089974141141
1788446875570730734,0,0.18805238803182173,0.5500919523206403,0.0,0.9927374746232797,0.0,0.0,0.12030089974141141
1788446875598017606,0,0.18834134828024546,0.5501630290735291,0.0,0.9927374746232797,0.0,0.0,0.12030089974141141
1788446875610725143,0,0.18843706576962568,0.5501865731072973,0.0,0.9927374746232797,0.0,0.0,0.12030089974141141
1788446875630747212,0,0.1886285755070467,0.5502336795635363,0.0,0.9927374746232797,0.0,0.0,0.12030089974141141
1788446875650721100,0,0.1888218171007625,0.5502812120038165,0.0,0.9927374746232797,0.0,0.0,0.12030089974141141
1788446875670726582,0,0.18901896444914335,0.5503297051508922,0.0,0.9927374746232797,0.0,0.0,0.12030089974141141
1788446875697957816,0,0.18931420681623218,0.5504023271265187,0.0,0.9927374746232797,0.0,0.0,0.12030089974141141
1788446875710744519,0,0.18941710386315022,0.5504276371295095,0.0,0.9927374746232797,0.0,0.0,0.12030089974141141
1788446875730748832,0,0.1896223715330985,0.5504781276488774,0.0,0.9927374746232797,0.0,0.0,0.12030089974141141
1788446875750721077,0,0.18982593880627624,0.5505281999147711,0.0,0.9927374746232797,0.0,0.0,0.12030089974141141
1788446875770768180,0,0.19002486834010804,0.5505771314171518,0.0,0.9927374746232797,0.0,0.0,0.12030089974141141
1788446875798101466,0,0.19022352265683673,0.550625995223268,0.0,0.9927374746232797,0.0,0.0,0.12030089974141141
1788446875810864855,0,0.19042614391836954,0.5506758348113572,0.0,0.9927374746232797,0.0,0.0,0.12030089974141141
1788446875830724954,0,0.1906234062909113,0.5507243562514004,0.0,0.9927374746232797,0.0,0.0,0.12030089974141141
1788446875850720274,0,0.19082131164915184,0.5507730358492902,0.0,0.9927374746232797,0.0,0.0,0.12030089974141141
1788446875870878601,0,0.19101715136172295,0.550821207351788,0.0,0.9927374746232797,0.0,0.0,0.12030089974141141
1788446875897888060,0,0.19121317543368968,0.5508694242019273,0.0,0.9927374746232797,0.0,0.0,0.12030089974141141
1788446875910748761,0,0.1914081201239916,0.5509173755521031,0.0,0.9927374746232797,0.0,0.0,0.12030089974141141
1788446875930752450,0,0.19160331801953914,0.5509653891842182,0.0,0.9927374746232797,0.0,0.0,0.12030089974141141
1788446875950721049,0,0.1917987946995634,0.5510134713821165,0.0,0.9927374746232797,0.0,0.0,0.12030089974141141
1788446875970722316,0,0.1919949487742872,0.55106172019359,0.0,0.9927374746232797,0.0,0.0,0.12030089974141141
1788446875997977602,0,0.1921909069033282,0.5511099208075109,0.0,0.9927374746232797,0.0,0.0,0.12030089974141141
1788446876010721267,0,0.19229374052066536,0.5511352152168488,0.0,0.9927374746232797,0.0,0.0,0.12030089974141141
1788446876030754646,0,0.19249402259060952,0.551184479424327,0.0,0.9927374746232797,0.0,0.0,0.12030089974141141
1788446876050713452,0,0.19269481508133735,0.5512338691821123,0.0,0.9927374746232797,0.0,0.0,0.12030089974141141
1788446876070732774,0,0.19289113689243761,0.5512821592363865,0.0,0.9927374746232797,0.0,0.0,0.12030089974141141
1788446876098339485,0,0.1931873108759288,0.5513550103254085,0.0,0.9927374746232797,0.0,0.0,0.12030089974141141
1788446876110826455,0,0.19328530342002426,0.5513791139479945,0.0,0.9927374746232797,0.0,0.0,0.12030089974141141
1788446876130728319,0,0.19348108069321296,0.5514272700760697,0.0,0.9927374746232797,0.0,0.0,0.12030089974141141
1788446876150749609,0,0.19367872787645501,0.551475886153487,0.0,0.9927374746232797,0.0,0.0,0.12030089974141141
1788446876170730955,0,0.1938761038687052,0.5515244355088784,0.0,0.9927374746232797,0.0,0.0,0.12030089974141141
1788446876198096793,0,0.19417161092812893,0.5515971225599362,0.0,0.9927374746232797,0.0,0.0,0.12030089974141141
1788446876210990187,0,0.19426973376075532,0.5516212582301194,0.0,0.9927374746232797,0.0,0.0,0.12030089974141141
1788446876230730929,0,0.19446604892862768,0.5516695466663264,0.0,0.9927374746232797,0.0,0.0,0.12030089974141141
1788446876250727385,0,0.1946620759930283,0.5517177642365567,0.0,0.9927374746232797,0.0,0.0,0.12030089974141141
1788446876270743514,0,0.1948578087766185,0.5517659094213453,0.0,0.9927374746232797,0.0,0.0,0.12030089974141141
1788446876298068322,0,0.19515524060734482,0.5518390699241913,0.0,0.9927374746232797,0.0,0.0,0.12030089974141141
1788446876310861352,0,0.19525442960758516,0.5518634678358557,0.0,0.9927374746232797,0.0,0.0,0.12030089974141141
1788446876330767993,0,0.19545355475075854,0.551912447436835,0.0,0.9927374746232797,0.0,0.0,0.12030089974141141
1788446876350776546,0,0.19565183063455324,0.5519612181262054,0.0,0.9927374746232797,0.0,0.0,0.12030089974141141
1788446876370735860,0,0.19585055110907165,0.5520100981730413,0.0,0.9927374746232797,0.0,0.0,0.12030089974141141
1788446876398167651,0,0.19614432605097007,0.5520823591443783,0.0,0.9927374746232797,0.0,0.0,0.12030089974141141
1788446876410739887,0,0.19624279946755144,0.5521065810410929,0.0,0.9927374746232797,0.0,0.0,0.12030089974141141
1788446876430751090,0,0.19644272080767772,0.5521557564857935,0.0,0.9927374746232797,0.0,0.0,0.12030089974141141
1788446876450727082,0,0.1966406008202611,0.5522044298251494,0.0,0.9927374746232797,0.0,0.0,0.12030089974141141
1788446876470786750,0,0.19683914282257542,0.5522532660048347,0.0,0.9927374746232797,0.0,0.0,0.12030089974141141
1788446876498048815,0,0.19713564675213185,0.5523261982841349,0.0,0.9927374746232797,0.0,0.0,0.12030089974141141
1788446876510738273,0,0.19723315559355453,0.5523501829363613,0.0,0.9927374746232797,0.0,0.0,0.12030089974141141
1788446876530730300,0,0.1974305689077252,0.55239874150414,0.0,0.9927374746232797,0.0,0.0,0.12030089974141141
1788446876550725691,0,0.19762482731106285,0.5524465240454783,0.0,0.9927374746232797,0.0,0.0,0.12030089974141141
1788446876570986634,0,0.19781924744108983,0.5524943463673979,0.0,0.9927374746232797,0.0,0.0,0.12030089974141141
1788446876598060330,0,0.19811139090379012,0.5525662060928057,0.0,0.9927374746232797,0.0,0.0,0.12030089974141141
1788446876610737179,0,0.19821198707864238,0.5525909501409842,0.0,0.9927374746232797,0.0,0.0,0.12030089974141141
1788446876630731323,0,0.19841051814474922,0.5526397836306463,0.0,0.9927374746232797,0.0,0.0,0.12030089974141141
1788446876650731027,0,0.19860806457030603,0.5526883749081791,0.0,0.9927374746232797,0.0,0.0,0.12030089974141141
1788446876670753732,0,0.1988069889391677,0.5527373051076985,0.0,0.9927374746232797,0.0,0.0,0.12030089974141141
1788446876697974211,0,0.1991039044620141,0.5528103385961548,0.0,0.9927374746232797,0.0,0.0,0.12030089974141141
1788446876710727379,0,0.19920316065240112,0.5528347530510188,0.0,0.9927374746232797,0.0,0.0,0.12030089974141141
1788446876730770554,0,0.19940184170681274,0.5528836234500978,0.0,0.9927374746232797,0.0,0.0,0.12030089974141141
1788446876750726536,0,0.19960044288126555,0.5529324742007735,0.0,0.9927374746232797,0.0,0.0,0.12030089974141141
1788446876770726814,0,0.1998008935135443,0.5529817798702249,0.0,0.9927374746232797,0.0,0.0,0.12030089974141141
1788446876798015319,0,0.2000032102330172,0.5530315445488464,0.0,0.9927374746232797,0.0,0.0,0.12030089974141141
1788446876810722942,0,0.20019540331435182,0.5530788190587482,0.0,0.9927374746232797,0.0,0.0,0.12030089974141141
1788446876830761617,0,0.20038843835019293,0.5531263006676069,0.0,0.9927374746232797,0.0,0.0,0.12030089974141141
1788446876850727271,0,0.20058112290707808,0.5531736960677386,0.0,0.9927374746232797,0.0,0.0,0.12030089974141141
1788446876870736575,0,0.20077436043715852,0.5532212274849246,0.0,0.9927374746232797,0.0,0.0,0.12030089974141141
1788446876897924372,0,0.20096835730311963,0.5532689456790298,0.0,0.9927374746232797,0.0,0.0,0.12030089974141141
1788446876910716777,0,0.2011673120753853,0.5533178833894103,0.0,0.9927374746232797,0.0,0.0,0.12030089974141141
1788446876930746110,0,0.2013662736081116,0.5533668227626887,0.0,0.9927374746232797,0.0,0.0,0.12030089974141141
1788446876950731569,0,0.20156436190811736,0.5534155473433813,0.0,0.9927374746232797,0.0,0.0,0.12030089974141141
1788446876970735660,0,0.2017623129209275,0.5534642381549869,0.0,0.9927374746232797,0.0,0.0,0.12030089974141141
1788446876998054195,0,0.2019611169056099,0.5535131387755353,0.0,0.9927374746232797,0.0,0.0,0.12030089974141141
1788446877010780119,0,0.20215755274797495,0.5535614568945356,0.0,0.9927374746232797,0.0,0.0,0.12030089974141141
1788446877030731318,0,0.2023540941056536,0.5536098009675645,0.0,0.9927374746232797,0.0,0.0,0.12030089974141141
1788446877050721228,0,0.20245239487803052,0.5536339804063082,0.0,0.9927374746232797,0.0,0.0,0.12030089974141141
1788446877070764744,0,0.20264870600084736,0.5536822678475365,0.0,0.9927374746232797,0.0,0.0,0.12030089974141141
1788446877098263472,0,0.20294403499501132,0.5537549111152438,0.0,0.9927374746232797,0.0,0.0,0.12030089974141141
1788446877110766039,0,0.20304055899910786,0.5537786535308317,0.0,0.9927374746232797,0.0,0.0,0.12030089974141141
1788446877130728235,0,0.20323421002187456,0.5538262866880405,0.0,0.9927374746232797,0.0,0.0,0.12030089974141141
1788446877150726370,0,0.20342768881626297,0.5538738774815101,0.0,0.9927374746232797,0.0,0.0,0.12030089974141141
1788446877170746783,0,0.20362490186210006,0.5539223867723931,0.0,0.9927374746232797,0.0,0.0,0.12030089974141141
1788446877197999788,0,0.2039244683637054,0.5539960723569524,0.0,0.9927374746232797,0.0,0.0,0.12030089974141141
1788446877210718773,0,0.20402499918725064,0.5540208003385958,0.0,0.9927374746232797,0.0,0.0,0.12030089974141141
1788446877230879694,0,0.20422694855770376,0.5540704746588625,0.0,0.9927374746232797,0.0,0.0,0.12030089974141141
1788446877250722157,0,0.20442621599799654,0.5541194892936971,0.0,0.9927374746232797,0.0,0.0,0.12030089974141141
1788446877270737170,0,0.20462363549942558,0.5541680493994652,0.0,0.9927374746232797,0.0,0.0,0.12030089974141141
1788446877297943322,0,0.20502639773416764,0.5542671185051536,0.0,0.9927374746232797,0.0,0.0,0.12030089974141141
1788446877310713163,0,0.20522947724113091,0.554317070776673,0.0,0.9927374746232797,0.0,0.0,0.12030089974141141
1788446877330773525,0,0.20563568002021304,0.5544169860848005,0.0,0.9927374746232797,0.0,0.0,0.12030089974141141
1788446877350729903,0,0.20603756545268487,0.5545158394218763,0.0,0.9927374746232797,0.0,0.0,0.12030089974141141
1788446877370724827,0,0.20643572428702697,0.5546137761290226,0.0,0.9927374746232797,0.0,0.0,0.12030089974141141
1788446877398240013,0,0.20702453985845998,0.5547586094453131,0.0,0.9927374746232797,0.0,0.0,0.12030089974141141
1788446877410758497,0,0.20721412539663533,0.5548052425672729,0.0,0.9927374746232797,0.0,0.0,0.12030089974141141
1788446877430734289,0,0.20759541052005884,0.5548990288119053,0.0,0.9927374746232797,0.0,0.0,0.12030089974141141
1788446877450724475,0,0.2079899476446164,0.554996074688246,0.0,0.9927374746232797,0.0,0.0,0.12030089974141141
1788446877470738052,0,0.20839821381240947,0.5550964975362759,0.0,0.9927374746232797,0.0,0.0,0.12030089974141141
1788446877497928463,0,0.2089972769655624,0.5552438515063592,0.0,0.9927374746232797,0.0,0.0,0.12030089974141141
1788446877510748545,0,0.20918811539876644,0.5552907928235266,0.0,0.9927374746232797,0.0,0.0,0.12030089974141141
1788446877530731880,0,0.20956969063982347,0.5553846504606541,0.0,0.9927374746232797,0.0,0.0,0.12030089974141141
1788446877550795332,0,0.20996428717307275,0.5554817109987722,0.0,0.9927374746232797,0.0,0.0,0.12030089974141141
1788446877570770336,0,0.2103612614853959,0.5555793564090241,0.0,0.9927374746232797,0.0,0.0,0.12030089974141141
1788446877599437778,0,0.21095432064430802,0.5557252336024211,0.0,0.9927374746232797,0.0,0.0,0.12030089974141141
1788446877610737180,0,0.2111505803814747,0.5557735084041131,0.0,0.9927374746232797,0.0,0.0,0.12030089974141141
1788446877630756010,0,0.21154302604654132,0.5558700398523332,0.0,0.9927374746232797,0.0,0.0,0.12030089974141141
1788446877650726493,0,0.2119330167729318,0.5559659674651409,0.0,0.9927374746232797,0.0,0.0,0.12030089974141141
1788446877670720840,0,0.2123207246731781,0.556061333577764,0.0,0.9927374746232797,0.0,0.0,0.12030089974141141
1788446877698014804,0,0.21290787049670923,0.556205756259627,0.0,0.9927374746232797,0.0,0.0,0.12030089974141141
1788446877710744068,0,0.2131069837446208,0.5562547329671251,0.0,0.9927374746232797,0.0,0.0,0.12030089974141141
1788446877730741503,0,0.2135053015121105,0.55635270883259,0.0,0.9927374746232797,0.0,0.0,0.12030089974141141
1788446877750878459,0,0.21390800574441712,0.5564517636549126,0.0,0.9927374746232797,0.0,0.0,0.12030089974141141
1788446877770714330,0,0.21430497113077976,0.5565494068696091,0.0,0.9927374746232797,0.0,0.0,0.12030089974141141
1788446877798016082,0,0.21489599250255925,0.5566947828360724,0.0,0.9927374746232797,0.0,0.0,0.12030089974141141
1788446877810762784,0,0.2150906840967364,0.5567426719311496,0.0,0.9927374746232797,0.0,0.0,0.12030089974141141
1788446877830820748,0,0.21548321224497155,0.5568392237000677,0.0,0.9927374746232797,0.0,0.0,0.12030089974141141
1788446877850732795,0,0.2158789360589731,0.5569365615040085,0.0,0.9927374746232797,0.0,0.0,0.12030089974141141
1788446877870781211,0,0.21627384555962603,0.5570336989918373,0.0,0.9927374746232797,0.0,0.0,0.12030089974141141
1788446877898078022,0,0.21667323009954811,0.5571319372231829,0.0,0.9927374746232797,0.0,0.0,0.12030089974141141
1788446877910756028,0,0.21727659395609147,0.5572803492198837,0.0,0.9927374746232797,0.0,0.0,0.12030089974141141
1788446877930748220,0,0.21788071944108348,0.557428948557602,0.0,0.9927374746232797,0.0,0.0,0.12030089974141141
1788446877950727459,0,0.21848709455180917,0.557578101196557,0.0,0.9927374746232797,0.0,0.0,0.12030089974141141
1788446877970727615,0,0.21908653212672693,0.557725547331247,0.0,0.9927374746232797,0.0,0.0,0.12030089974141141
1788446877998179552,0,0.21968621664101426,0.5578730542066331,0.0,0.9927374746232797,0.0,0.0,0.12030089974141141
1788446878010787265,0,0.22026946996376262,0.5580165193864931,0.0,0.9927374746232797,0.0,0.0,0.12030089974141141
1788446878030769989,0,0.22085218748138083,0.5581598527721972,0.0,0.9927374746232797,0.0,0.0,0.12030089974141141
1788446878050728982,0,0.2214439210183496,0.5583054038646632,0.0,0.9927374746232797,0.0,0.0,0.12030089974141141
1788446878070723449,0,0.22204224415117532,0.5584525758266861,0.0,0.9927374746232797,0.0,0.0,0.12030089974141141
1788446878098008012,0,0.22264062394772416,0.5585997617265143,0.0,0.9927374746232797,0.0,0.0,0.12030089974141141
1788446878110729915,0,0.22293990510058934,0.5586733771226893,0.0,0.9927374746232797,0.0,0.0,0.12030089974141141
1788446878130744614,0,0.22352109223494968,0.5588163340738309,0.0,0.9927374746232797,0.0,0.0,0.12030089974141141
1788446878150727535,0,0.22410120201211914,0.5589590260230649,0.0,0.9927374746232797,0.0,0.0,0.12030089974141141
1788446878170726035,0,0.22469013371261487,0.5591038879364764,0.0,0.9927374746232797,0.0,0.0,0.12030089974141141
1788446878198025073,0,0.22557924366899304,0.559322585910122,0.0,0.9927374746232797,0.0,0.0,0.12030089974141141
1788446878210816228,0,0.22587285659517198,0.5593948070935638,0.0,0.9927374746232797,0.0,0.0,0.12030089974141141
1788446878230735476,0,0.2264616644877865,0.55953963860142,0.0,0.9927374746232797,0.0,0.0,0.12030089974141141
1788446878250723943,0,0.22705019574124788,0.5596844020632017,0.0,0.9927374746232797,0.0,0.0,0.12030089974141141
1788446878270714712,0,0.22763965629087224,0.5598293940597732,0.0,0.9927374746232797,0.0,0.0,0.12030089974141141
1788446878298278284,0,0.22853439267502748,0.5600494759886256,0.0,0.9927374746232797,0.0,0.0,0.12030089974141141
1788446878310794407,0,0.228830888267074,0.5601224062091347,0.0,0.9927374746232797,0.0,0.0,0.12030089974141141
1788446878330734280,0,0.22943063312442846,0.5602699278784927,0.0,0.9927374746232797,0.0,0.0,0.12030089974141141
1788446878350724963,0,0.23002658206350127,0.5604165158265159,0.0,0.9927374746232797,0.0,0.0,0.12030089974141141
1788446878370762066,0,0.2306154360092716,0.5605613586142828,0.0,0.9927374746232797,0.0,0.0,0.12030089974141141
1788446878398014827,0,0.23150184020553577,0.5607793910411646,0.0,0.9927374746232797,0.0,0.0,0.12030089974141141
1788446878410767545,0,0.23179809262569953,0.5608522614477016,0.0,0.9927374746232797,0.0,0.0,0.12030089974141141
1788446878431439077,0,0.2323887961403367,0.5609975591814068,0.0,0.9927374746232797,0.0,0.0,0.12030089974141141
1788446878450724611,0,0.23297551535305405,0.5611418768565095,0.0,0.9927374746232797,0.0,0.0,0.12030089974141141
1788446878470731060,0,0.23356454018614012,0.5612867616301331,0.0,0.9927374746232797,0.0,0.0,0.12030089974141141
1788446878498016117,0,0.2344423255226738,0.5615026739216409,0.0,0.9927374746232797,0.0,0.0,0.12030089974141141
1788446878510725628,0,0.23473789266876097,0.5615753756963008,0.0,0.9927374746232797,0.0,0.0,0.12030089974141141
1788446878530733627,0,0.23532754930605365,0.5617204157812313,0.0,0.9927374746232797,0.0,0.0,0.12030089974141141
1788446878550722432,0,0.23591605176789815,0.5618651720170837,0.0,0.9927374746232797,0.0,0.0,0.12030089974141141
1788446878570728809,0,0.23650989255342858,0.5620112413896249,0.0,0.9927374746232797,0.0,0.0,0.12030089974141141
1788446878598143596,0,0.23740373736814074,0.5622311039427123,0.0,0.9927374746232797,0.0,0.0,0.12030089974141141
1788446878610764325,0,0.23769981124920142,0.5623039304091425,0.0,0.9927374746232797,0.0,0.0,0.12030089974141141
1788446878630736745,0,0.23829140977149357,0.5624494482433046,0.0,0.9927374746232797,0.0,0.0,0.12030089974141141
1788446878650731298,0,0.23889183697735514,0.5625971376789503,0.0,0.9927374746232797,0.0,0.0,0.12030089974141141
1788446878670723106,0,0.23948344492194293,0.5627426577825534,0.0,0.9927374746232797,0.0,0.0,0.12030089974141141
1788446878697962470,0,0.2403694216586896,0.5629605849690681,0.0,0.9927374746232797,0.0,0.0,0.12030089974141141
1788446878710806974,0,0.24066372571751118,0.563032976129282,0.0,0.9927374746232797,0.0,0.0,0.12030089974141141
1788446878730723580,0,0.24125225028758862,0.5631777378991771,0.0,0.9927374746232797,0.0,0.0,0.12030089974141141
1788446878750721293,0,0.24194693208835308,0.5633486116252936,0.0,0.9927374746232797,0.0,0.0,0.12030089974141141
1788446878770762901,0,0.24274469142644728,0.5635448397827143,0.0,0.9927374746232797,0.0,0.0,0.12030089974141141
1788446878798122143,0,0.24394527678747152,0.5638401526552463,0.0,0.9927374746232797,0.0,0.0,0.12030089974141141
1788446878810769417,0,0.24434214425297301,0.5639377717192788,0.0,0.9927374746232797,0.0,0.0,0.12030089974141141
1788446878830733135,0,0.2451349920611133,0.564132791638216,0.0,0.9927374746232797,0.0,0.0,0.12030089974141141
1788446878850723136,0,0.24592302680997172,0.5643266277016368,0.0,0.9927374746232797,0.0,0.0,0.12030089974141141
1788446878870726460,0,0.2467120690882571,0.5645207116235903,0.0,0.9927374746232797,0.0,0.0,0.12030089974141141
1788446878898066832,0,0.2474952273722208,0.5647133482356516,0.0,0.9927374746232797,0.0,0.0,0.12030089974141141
1788446878910719722,0,0.24830111080734485,0.5649115745794429,0.0,0.9927374746232797,0.0,0.0,0.12030089974141141
1788446878930733535,0,0.249098807352991,0.5651077871615691,0.0,0.9927374746232797,0.0,0.0,0.12030089974141141
1788446878950718802,0,0.2498876694870739,0.565301826676667,0.0,0.9927374746232797,0.0,0.0,0.12030089974141141
1788446878970727331,0,0.2506725778149758,0.5654948936262238,0.0,0.9927374746232797,0.0,0.0,0.12030089974141141
1788446878998371204,0,0.2514538109257016,0.5656870565683395,0.0,0.9927374746232797,0.0,0.0,0.12030089974141141
1788446879010730858,0,0.25223863952552816,0.5658801040347523,0.0,0.9927374746232797,0.0,0.0,0.12030089974141141
1788446879030730293,0,0.25302360184274797,0.5660731843921735,0.0,0.9927374746232797,0.0,0.0,0.12030089974141141
1788446879050723078,0,0.253812944829299,0.5662673422805559,0.0,0.9927374746232797,0.0,0.0,0.12030089974141141
1788446879070745392,0,0.2546031735743122,0.5664617180425312,0.0,0.9927374746232797,0.0,0.0,0.12030089974141141
1788446879097991629,0,0.2553881000553454,0.5666547895851805,0.0,0.9927374746232797,0.0,0.0,0.12030089974141141
1788446879110822044,0,0.25617296525251965,0.5668478459257048,0.0,0.9927374746232797,0.0,0.0,0.12030089974141141
1788446879130755415,0,0.2569579513007351,0.567040931992429,0.0,0.9927374746232797,0.0,0.0,0.12030089974141141
1788446879150713944,0,0.25735031975201045,0.5671374443841277,0.0,0.9927374746232797,0.0,0.0,0.12030089974141141
1788446879170748451,0,0.25834609033818945,0.5673823781856002,0.0,0.9927374746232797,0.0,0.0,0.12030089974141141
1788446879197985314,0,0.259841945519886,0.5677503198593057,0.0,0.9927374746232797,0.0,0.0,0.12030089974141141
1788446879210772934,0,0.26033677465964683,0.5678720349044509,0.0,0.9927374746232797,0.0,0.0,0.12030089974141141
1788446879230721446,0,0.26132684409973933,0.5681155661295039,0.0,0.9927374746232797,0.0,0.0,0.12030089974141141
1788446879250723503,0,0.2623196868321484,0.5683597795120378,0.0,0.9927374746232797,0.0,0.0,0.12030089974141141
1788446879270743985,0,0.2632952690667729,0.5685997475013439,0.0,0.9927374746232797,0.0,0.0,0.12030089974141141
1788446879298139789,0,0.2647628685208766,0.5689607389568629,0.0,0.9927374746232797,0.0,0.0,0.12030089974141141
1788446879310739427,0,0.2652605334764965,0.5690831516197374,0.0,0.9927374746232797,0.0,0.0,0.12030089974141141
1788446879330748919,0,0.2662553066888658,0.5693278400120126,0.0,0.9927374746232797,0.0,0.0,0.12030089974141141
1788446879350759552,0,0.26723964405442213,0.5695699614568199,0.0,0.9927374746232797,0.0,0.0,0.12030089974141141
1788446879370729007,0,0.2682138960498587,0.5698096020035848,0.0,0.9927374746232797,0.0,0.0,0.12030089974141141
1788446879397984721,0,0.2696765875285101,0.5701693859068604,0.0,0.9927374746232797,0.0,0.0,0.12030089974141141
1788446879410739879,0,0.2701652194534741,0.5702895766786334,0.0,0.9927374746232797,0.0,0.0,0.12030089974141141
1788446879430744498,0,0.2711424236626794,0.5705299435521096,0.0,0.9927374746232797,0.0,0.0,0.12030089974141141
1788446879450725118,0,0.27211817009981765,0.5707699518514917,0.0,0.9927374746232797,0.0,0.0,0.12030089974141141
1788446879470724308,0,0.27309073828750163,0.5710091784632305,0.0,0.9927374746232797,0.0,0.0,0.12030089974141141
1788446879498014672,0,0.27455641246914547,0.5713696963917703,0.0,0.9927374746232797,0.0,0.0,0.12030089974141141
1788446879510771092,0,0.27505551966065156,0.5714924638072415,0.0,0.9927374746232797,0.0,0.0,0.12030089974141141
1788446879530714168,0,0.27603858390044095,0.5717342720961524,0.0,0.9927374746232797,0.0,0.0,0.12030089974141141
1788446879550724157,0,0.27702902718575045,0.5719778953980735,0.0,0.9927374746232797,0.0,0.0,0.12030089974141141
1788446879570744242,0,0.2780174559234199,0.5722210231337074,0.0,0.9927374746232797,0.0,0.0,0.12030089974141141
1788446879598088267,0,0.27949919304061216,0.5725854918873748,0.0,0.9927374746232797,0.0,0.0,0.12030089974141141
1788446879610830009,0,0.27999073288132076,0.5727063978909043,0.0,0.9927374746232797,0.0,0.0,0.12030089974141141
1788446879630727781,0,0.2809727282078655,0.5729479431748957,0.0,0.9927374746232797,0.0,0.0,0.12030089974141141
1788446879650725576,0,0.2819563219436976,0.5731898816259572,0.0,0.9927374746232797,0.0,0.0,0.12030089974141141
1788446879670747325,0,0.2829392990531028,0.5734316684029716,0.0,0.9927374746232797,0.0,0.0,0.12030089974141141
1788446879698211474,0,0.2844120858055644,0.5737939356398407,0.0,0.9927374746232797,0.0,0.0,0.12030089974141141
1788446879710738312,0,0.2849018508687862,0.5739144051342161,0.0,0.9927374746232797,0.0,0.0,0.12030089974141141
1788446879730785693,0,0.2858820051314885,0.574155497644288,0.0,0.9927374746232797,0.0,0.0,0.12030089974141141
1788446879750764498,0,0.28685812401009975,0.5743955975546063,0.0,0.9927374746232797,0.0,0.0,0.12030089974141141
1788446879770773094,0,0.28783061822500766,0.5746348058917268,0.0,0.9927374746232797,0.0,0.0,0.12030089974141141
1788446879798121465,0,0.28929355546279617,0.574994650523796,0.0,0.9927374746232797,0.0,0.0,0.12030089974141141
1788446879810734327,0,0.28978577593458876,0.5751157240250543,0.0,0.9927374746232797,0.0,0.0,0.12030089974141141
1788446879830760381,0,0.2907699791456026,0.5753578125515091,0.0,0.9927374746232797,0.0,0.0,0.12030089974141141
1788446879850730728,0,0.2917576636161156,0.5756007573373464,0.0,0.9927374746232797,0.0,0.0,0.12030089974141141
1788446879870800934,0,0.2927438970809494,0.5758433451733652,0.0,0.9927374746232797,0.0,0.0,0.12030089974141141
1788446879898100223,0,0.2942323059179733,0.5762094551577358,0.0,0.9927374746232797,0.0,0.0,0.12030089974141141
1788446879910796861,0,0.2947393138455977,0.5763341659905454,0.0,0.9927374746232797,0.0,0.0,0.12030089974141141
1788446879930733684,0,0.2957266816121971,0.5765770329158004,0.0,0.9927374746232797,0.0,0.0,0.12030089974141141
1788446879950733206,0,0.2967123255018979,0.5768194757718529,0.0,0.9927374746232797,0.0,0.0,0.12030089974141141
1788446879970756507,0,0.29769622878646435,0.5770614904440027,0.0,0.9927374746232797,0.0,0.0,0.12030089974141141
1788446879998124350,0,0.2991690165611098,0.5774237580123888,0.0,0.9927374746232797,0.0,0.0,0.12030089974141141
1788446880010876971,0,0.299660137236293,0.5775445609521236,0.0,0.9927374746232797,0.0,0.0,0.12030089974141141
1788446880030745178,0,0.30063868026691065,0.5777852571409199,0.0,0.9927374746232797,0.0,0.0,0.12030089974141141
1788446880050720221,0,0.3016147952497526,0.57802535609298,0.0,0.9927374746232797,0.0,0.0,0.12030089974141141
1788446880070736765,0,0.30258894574438744,0.5782649718319267,0.0,0.9927374746232797,0.0,0.0,0.12030089974141141
1788446880097929177,0,0.3040555248092882,0.5786257121787365,0.0,0.9927374746232797,0.0,0.0,0.12030089974141141
1788446880110737125,0,0.3045481908023231,0.5787468951864188,0.0,0.9927374746232797,0.0,0.0,0.12030089974141141
1788446880130759669,0,0.3055481889756858,0.5789928687020217,0.0,0.9927374746232797,0.0,0.0,0.12030089974141141
1788446880150994795,0,0.30653408407080845,0.5792353732677393,0.0,0.9927374746232797,0.0,0.0,0.12030089974141141
1788446880170755677,0,0.3075211504104893,0.5794781659693544,0.0,0.9927374746232797,0.0,0.0,0.12030089974141141
1788446880198060132,0,0.308512056429938,0.5797219031325388,0.0,0.9927374746232797,0.0,0.0,0.12030089974141141
1788446880210742552,0,0.30949559514967884,0.5799638280510742,0.0,0.9927374746232797,0.0,0.0,0.12030089974141141
1788446880230758903,0,0.31048299833689813,0.5802067035279975,0.0,0.9927374746232797,0.0,0.0,0.12030089974141141
1788446880250712582,0,0.31146755134611953,0.5804488780156521,0.0,0.9927374746232797,0.0,0.0,0.12030089974141141
1788446880270726197,0,0.3124544868317196,0.5806916386109653,0.0,0.9927374746232797,0.0,0.0,0.12030089974141141
1788446880298002343,0,0.3134412611456849,0.5809343595622262,0.0,0.9927374746232797,0.0,0.0,0.12030089974141141
1788446880310856541,0,0.31442058759303104,0.5811752484512053,0.0,0.9927374746232797,0.0,0.0,0.12030089974141141
1788446880330747324,0,0.3153996209726696,0.5814160652531345,0.0,0.9927374746232797,0.0,0.0,0.12030089974141141
1788446880350723834,0,0.31638969210642987,0.5816595970561078,0.0,0.9927374746232797,0.0,0.0,0.12030089974141141
1788446880370759918,0,0.317363839288375,0.581899211980219,0.0,0.9927374746232797,0.0,0.0,0.12030089974141141
1788446880398315738,0,0.3183395925585528,0.5821392219603515,0.0,0.9927374746232797,0.0,0.0,0.12030089974141141
1788446880410742515,0,0.3188319472513083,0.5822603283962697,0.0,0.9927374746232797,0.0,0.0,0.12030089974141141
1788446880430726370,0,0.31982910456828934,0.5825056031351648,0.0,0.9927374746232797,0.0,0.0,0.12030089974141141
1788446880450720359,0,0.3208154826160062,0.5827482264544601,0.0,0.9927374746232797,0.0,0.0,0.12030089974141141
1788446880470745587,0,0.3218042865746693,0.5829914464846895,0.0,0.9927374746232797,0.0,0.0,0.12030089974141141
1788446880498122282,0,0.3233014806302752,0.5833597172427839,0.0,0.9927374746232797,0.0,0.0,0.12030089974141141
1788446880510723710,0,0.32379387806327514,0.5834808341515738,0.0,0.9927374746232797,0.0,0.0,0.12030089974141141
1788446880530749140,0,0.3247857348409847,0.5837248050150013,0.0,0.9927374746232797,0.0,0.0,0.12030089974141141
1788446880550958556,0,0.32577164034767847,0.5839673119809939,0.0,0.9927374746232797,0.0,0.0,0.12030089974141141
1788446880570734910,0,0.3267582585697828,0.5842099942965556,0.0,0.9927374746232797,0.0,0.0,0.12030089974141141
1788446880598065417,0,0.32823798242107405,0.5845739677186736,0.0,0.9927374746232797,0.0,0.0,0.12030089974141141
1788446880610739154,0,0.3287287779857361,0.5846946907296433,0.0,0.9927374746232797,0.0,0.0,0.12030089974141141
1788446880630748060,0,0.3297116375753907,0.5849364487600061,0.0,0.9927374746232797,0.0,0.0,0.12030089974141141
1788446880650721860,0,0.3306888840370751,0.5851768261061119,0.0,0.9927374746232797,0.0,0.0,0.12030089974141141
1788446880670734656,0,0.33166248541950116,0.5854163069363456,0.0,0.9927374746232797,0.0,0.0,0.12030089974141141
1788446880698048045,0,0.3331347497231803,0.5857784459443206,0.0,0.9927374746232797,0.0,0.0,0.12030089974141141
1788446880710767347,0,0.3336261446364239,0.5858993163395009,0.0,0.9927374746232797,0.0,0.0,0.12030089974141141
1788446880730720847,0,0.33460880953550665,0.5861410264009622,0.0,0.9927374746232797,0.0,0.0,0.12030089974141141
1788446880750922340,0,0.3356087761836309,0.5863869922436448,0.0,0.9927374746232797,0.0,0.0,0.12030089974141141
1788446880770734596,0,0.3365956310023433,0.5866297329165915,0.0,0.9927374746232797,0.0,0.0,0.12030089974141141
1788446880798025175,0,0.3380758219614221,0.5869938213958578,0.0,0.9927374746232797,0.0,0.0,0.12030089974141141
1788446880811081547,0,0.338579113827379,0.58711761805063,0.0,0.9927374746232797,0.0,0.0,0.12030089974141141
1788446880830735856,0,0.3395636278007023,0.5873597827759474,0.0,0.9927374746232797,0.0,0.0,0.12030089974141141
1788446880850778441,0,0.34054822410917046,0.587601967793686,0.0,0.9927374746232797,0.0,0.0,0.12030089974141141
1788446880870795419,0,0.3415327363369579,0.5878441321698554,0.0,0.9927374746232797,0.0,0.0,0.12030089974141141
1788446880898292116,0,0.34302459305168853,0.5882110901223694,0.0,0.9927374746232797,0.0,0.0,0.12030089974141141
1788446880910765672,0,0.3435150304686167,0.5883317249983065,0.0,0.9927374746232797,0.0,0.0,0.12030089974141141
1788446880930773647,0,0.3444975033741345,0.5885733878343339,0.0,0.9927374746232797,0.0,0.0,0.12030089974141141
1788446880950926249,0,0.3454744761569952,0.5888136978622501,0.0,0.9927374746232797,0.0,0.0,0.12030089974141141
1788446880970730121,0,0.3464483862989982,0.5890532546393766,0.0,0.9927374746232797,0.0,0.0,0.12030089974141141
1788446880998080679,0,0.3479214691375737,0.5894155949851705,0.0,0.9927374746232797,0.0,0.0,0.12030089974141141
1788446881010728288,0,0.34841447531395187,0.589536861749429,0.0,0.9927374746232797,0.0,0.0,0.12030089974141141
1788446881030750759,0,0.34939711089067926,0.5897785646784074,0.0,0.9927374746232797,0.0,0.0,0.12030089974141141
1788446881050727580,0,0.3503819824731138,0.5900208175264767,0.0,0.9927374746232797,0.0,0.0,0.12030089974141141
1788446881070739543,0,0.35136990114655475,0.5902638197995899,0.0,0.9927374746232797,0.0,0.0,0.12030089974141141
1788446881098886127,0,0.35284796508760363,0.5906273850475575,0.0,0.9927374746232797,0.0,0.0,0.12030089974141141
1788446881110785079,0,0.35334046135775726,0.5907485263078297,0.0,0.9927374746232797,0.0,0.0,0.12030089974141141
1788446881130769220,0,0.354322241254681,0.5909900186017433,0.0,0.9927374746232797,0.0,0.0,0.12030089974141141
1788446881150741894,0,0.3553311453032159,0.5912381827307733,0.0,0.9927374746232797,0.0,0.0,0.12030089974141141
1788446881170749258,0,0.35631695969605615,0.5914806674056438,0.0,0.9927374746232797,0.0,0.0,0.12030089974141141
1788446881198145217,0,0.3577980548788444,0.5918449783002083,0.0,0.9927374746232797,0.0,0.0,0.12030089974141141
1788446881210761079,0,0.3582893887507807,0.5919658336808112,0.0,0.9927374746232797,0.0,0.0,0.12030089974141141
1788446881230728471,0,0.3592719881256798,0.5922075276250239,0.0,0.9927374746232797,0.0,0.0,0.12030089974141141
1788446881250723308,0,0.36024996530888354,0.5924480846697078,0.0,0.9927374746232797,0.0,0.0,0.12030089974141141
1788446881270756004,0,0.36122373209868464,0.5926876061065569,0.0,0.9927374746232797,0.0,0.0,0.12030089974141141
1788446881297996428,0,0.36219783977933595,0.5929272113937356,0.0,0.9927374746232797,0.0,0.0,0.12030089974141141
1788446881310770270,0,0.3631823846467115,0.5931693839588159,0.0,0.9927374746232797,0.0,0.0,0.12030089974141141
1788446881330768442,0,0.3641687624835214,0.5934120073869543,0.0,0.9927374746232797,0.0,0.0,0.12030089974141141
1788446881350812372,0,0.36515630203974403,0.5936549165276801,0.0,0.9927374746232797,0.0,0.0,0.12030089974141141
1788446881370819757,0,0.36614676788183925,0.5938985454186598,0.0,0.9927374746232797,0.0,0.0,0.12030089974141141
1788446881398120601,0,0.36714192095674886,0.5941433272472612,0.0,0.9927374746232797,0.0,0.0,0.12030089974141141
1788446881410736807,0,0.3681240482732365,0.5943849049973423,0.0,0.9927374746232797,0.0,0.0,0.12030089974141141
1788446881430765311,0,0.3691064182748596,0.5946265424416484,0.0,0.9927374746232797,0.0,0.0,0.12030089974141141
1788446881450727473,0,0.3700894880304192,0.5948683520472857,0.0,0.9927374746232797,0.0,0.0,0.12030089974141141
1788446881470726458,0,0.37107392440665043,0.5951104978461493,0.0,0.9927374746232797,0.0,0.0,0.12030089974141141
1788446881498703489,0,0.3720583127887894,0.5953526318397119,0.0,0.9927374746232797,0.0,0.0,0.12030089974141141
1788446881510728742,0,0.3730395321647396,0.5955939863399992,0.0,0.9927374746232797,0.0,0.0,0.12030089974141141
1788446881530727405,0,0.374019538285142,0.59583504241091,0.0,0.9927374746232797,0.0,0.0,0.12030089974141141
1788446881550727502,0,0.3750060544637438,0.5960776997871784,0.0,0.9927374746232797,0.0,0.0,0.12030089974141141
1788446881570740131,0,0.3759796264648272,0.5963171732317255,0.0,0.9927374746232797,0.0,0.0,0.12030089974141141
1788446881598070949,0,0.3769538042526916,0.5965567956840984,0.0,0.9927374746232797,0.0,0.0,0.12030089974141141
1788446881610714526,0,0.37744618546977615,0.5966779086443109,0.0,0.9927374746232797,0.0,0.0,0.12030089974141141
1788446881630760310,0,0.3784311631933111,0.596920187520315,0.0,0.9927374746232797,0.0,0.0,0.12030089974141141
1788446881650714177,0,0.37942083534086485,0.597163621102408,0.0,0.9927374746232797,0.0,0.0,0.12030089974141141
1788446881670727758,0,0.3804141635239623,0.5974079541359126,0.0,0.9927374746232797,0.0,0.0,0.12030089974141141
1788446881697964547,0,0.38189370261149347,0.5977718824725858,0.0,0.9927374746232797,0.0,0.0,0.12030089974141141
1788446881710771694,0,0.38238481792449297,0.5978926841333739,0.0,0.9927374746232797,0.0,0.0,0.12030089974141141
1788446881730753952,0,0.383367440805444,0.5981343839395198,0.0,0.9927374746232797,0.0,0.0,0.12030089974141141
1788446881750984258,0,0.3843514192416025,0.5983764171771756,0.0,0.9927374746232797,0.0,0.0,0.12030089974141141
1788446881770829461,0,0.38534174162003426,0.5986200108604991,0.0,0.9927374746232797,0.0,0.0,0.12030089974141141
1788446881798134284,0,0.3868240634251286,0.598984623673698,0.0,0.9927374746232797,0.0,0.0,0.12030089974141141
1788446881810722749,0,0.3873142231256691,0.5991051902785449,0.0,0.9927374746232797,0.0,0.0,0.12030089974141141
1788446881830755057,0,0.3883008477156428,0.5993478744015776,0.0,0.9927374746232797,0.0,0.0,0.12030089974141141
1788446881850730539,0,0.38927762129938176,0.5995881354319432,0.0,0.9927374746232797,0.0,0.0,0.12030089974141141
1788446881870725895,0,0.3902507675303617,0.5998275041480952,0.0,0.9927374746232797,0.0,0.0,0.12030089974141141
1788446881898080329,0,0.3917144479580499,0.6001875315454984,0.0,0.9927374746232797,0.0,0.0,0.12030089974141141
1788446881910730630,0,0.39220534156695547,0.6003082787128086,0.0,0.9927374746232797,0.0,0.0,0.12030089974141141
1788446881930728419,0,0.393184311731594,0.6005490801250021,0.0,0.9927374746232797,0.0,0.0,0.12030089974141141
1788446881950720676,0,0.39416851909476497,0.6007911697529636,0.0,0.9927374746232797,0.0,0.0,0.12030089974141141
1788446881970731556,0,0.3951555303879519,0.60103394891457,0.0,0.9927374746232797,0.0,0.0,0.12030089974141141
1788446881998037631,0,0.3966429003597624,0.6013998032048936,0.0,0.9927374746232797,0.0,0.0,0.12030089974141141
1788446882010768785,0,0.3971342005571157,0.6015206502223704,0.0,0.9927374746232797,0.0,0.0,0.12030089974141141
1788446882030726044,0,0.3981171370222808,0.60176242692188,0.0,0.9927374746232797,0.0,0.0,0.12030089974141141
1788446882050722591,0,0.3991004785083973,0.6020043032860695,0.0,0.9927374746232797,0.0,0.0,0.12030089974141141
1788446882070746119,0,0.4001055662676318,0.602251528707289,0.0,0.9927374746232797,0.0,0.0,0.12030089974141141
1788446882098525430,0,0.4015893833574541,0.6026165091207332,0.0,0.9927374746232797,0.0,0.0,0.12030089974141141
1788446882110797585,0,0.40207971388811203,0.6027371177054219,0.0,0.9927374746232797,0.0,0.0,0.12030089974141141
1788446882130822180,0,0.40307439146943486,0.6029817825749417,0.0,0.9927374746232797,0.0,0.0,0.12030089974141141
1788446882150736737,0,0.40405046512217674,0.6032218714004397,0.0,0.9927374746232797,0.0,0.0,0.12030089974141141
1788446882170728718,0,0.4050219942993901,0.6034608424424841,0.0,0.9927374746232797,0.0,0.0,0.12030089974141141
1788446882198169596,0,0.40648471281916765,0.6038206333146819,0.0,0.9927374746232797,0.0,0.0,0.12030089974141141
1788446882210722731,0,0.4069755421806309,0.6039413645988023,0.0,0.9927374746232797,0.0,0.0,0.12030089974141141
1788446882230758596,0,0.40796843244462494,0.6041855898346467,0.0,0.9927374746232797,0.0,0.0,0.12030089974141141
1788446882250728971,0,0.4089563910640327,0.6044286020139167,0.0,0.9927374746232797,0.0,0.0,0.12030089974141141
1788446882270720351,0,0.4099463660556764,0.6046721101684246,0.0,0.9927374746232797,0.0,0.0,0.12030089974141141
1788446882298034701,0,0.41142648400393006,0.605036180729274,0.0,0.9927374746232797,0.0,0.0,0.12030089974141141
1788446882310752282,0,0.4119187158984641,0.6051572569600269,0.0,0.9927374746232797,0.0,0.0,0.12030089974141141
1788446882330743833,0,0.41290044026699646,0.6053987355954018,0.0,0.9927374746232797,0.0,0.0,0.12030089974141141
1788446882350734441,0,0.4138872693497877,0.6056414698979883,0.0,0.9927374746232797,0.0,0.0,0.12030089974141141
1788446882371167085,0,0.41487248850094577,0.605883808239168,0.0,0.9927374746232797,0.0,0.0,0.12030089974141141
1788446882398126486,0,0.4163493862668842,0.606247086758743,0.0,0.9927374746232797,0.0,0.0,0.12030089974141141
1788446882410959658,0,0.416841326029303,0.6063680911726795,0.0,0.9927374746232797,0.0,0.0,0.12030089974141141
1788446882430728004,0,0.4178255683314498,0.6066101892343554,0.0,0.9927374746232797,0.0,0.0,0.12030089974141141
1788446882450723249,0,0.41880419453337164,0.6068509058811339,0.0,0.9927374746232797,0.0,0.0,0.12030089974141141
1788446882470727967,0,0.4197791904337906,0.6070907295679622,0.0,0.9927374746232797,0.0,0.0,0.12030089974141141
1788446882498143191,0,0.42075791640904486,0.607331470756391,0.0,0.9927374746232797,0.0,0.0,0.12030089974141141
1788446882510787060,0,0.4217530335729542,0.6075762437518184,0.0,0.9927374746232797,0.0,0.0,0.12030089974141141
1788446882530739815,0,0.4227355249308183,0.607817911126644,0.0,0.9927374746232797,0.0,0.0,0.12030089974141141
1788446882550725927,0,0.42372140144581627,0.6080604111622674,0.0,0.9927374746232797,0.0,0.0,0.12030089974141141
1788446882570728295,0,0.42472366195377054,0.6083069412349341,0.0,0.9927374746232797,0.0,0.0,0.12030089974141141
1788446882598502392,0,0.425715070929168,0.6085508021122283,0.0,0.9927374746232797,0.0,0.0,0.12030089974141141
1788446882610689700,0,0.42670008650943486,0.608793090300003,0.0,0.9927374746232797,0.0,0.0,0.12030089974141141
1788446882630749226,0,0.42768227794370145,0.6090346838213884,0.0,0.9927374746232797,0.0,0.0,0.12030089974141141
1788446882650908674,0,0.42866549791986175,0.6092765303373014,0.0,0.9927374746232797,0.0,0.0,0.12030089974141141
1788446882670732127,0,0.42965754404095857,0.6095205478550794,0.0,0.9927374746232797,0.0,0.0,0.12030089974141141
1788446882698410463,0,0.4306462057176528,0.6097637328876486,0.0,0.9927374746232797,0.0,0.0,0.12030089974141141
1788446882710762396,0,0.4316281494723999,0.6100052657263179,0.0,0.9927374746232797,0.0,0.0,0.12030089974141141
1788446882730754253,0,0.4326101006438223,0.6102468003892979,0.0,0.9927374746232797,0.0,0.0,0.12030089974141141
1788446882750719815,0,0.43310078778429634,0.6103674967706988,0.0,0.9927374746232797,0.0,0.0,0.12030089974141141
1788446882770715926,0,0.43407333461649406,0.610606718050307,0.0,0.9927374746232797,0.0,0.0,0.12030089974141141
1788446882798135135,0,0.4355327393170496,0.6109656937298061,0.0,0.9927374746232797,0.0,0.0,0.12030089974141141
1788446882810773944,0,0.43602302951530236,0.61108629239377,0.0,0.9927374746232797,0.0,0.0,0.12030089974141141
1788446882830724692,0,0.4370035342316087,0.6113274711063329,0.0,0.9927374746232797,0.0,0.0,0.12030089974141141
1788446882850722347,0,0.437985501091311,0.6115690094682232,0.0,0.9927374746232797,0.0,0.0,0.12030089974141141
1788446882870745183,0,0.4389756259743988,0.6118125544921361,0.0,0.9927374746232797,0.0,0.0,0.12030089974141141
1788446882898031757,0,0.440458658436625,0.6121773419877803,0.0,0.9927374746232797,0.0,0.0,0.12030089974141141
1788446882910793751,0,0.4409497409332936,0.6122981354965829,0.0,0.9927374746232797,0.0,0.0,0.12030089974141141
1788446882930720092,0,0.44193213925330804,0.6125397799064759,0.0,0.9927374746232797,0.0,0.0,0.12030089974141141
1788446882950724776,0,0.44291388631897033,0.6127812641247539,0.0,0.9927374746232797,0.0,0.0,0.12030089974141141
1788446882970740743,0,0.4438992481500153,0.6130236375614828,0.0,0.9927374746232797,0.0,0.0,0.12030089974141141
1788446882997930704,0,0.4453761442916151,0.6133869156815127,0.0,0.9927374746232797,0.0,0.0,0.12030089974141141
1788446883010802877,0,0.44586790166793633,0.6135078751931393,0.0,0.9927374746232797,0.0,0.0,0.12030089974141141
1788446883030779139,0,0.4468496010842647,0.6137493476909217,0.0,0.9927374746232797,0.0,0.0,0.12030089974141141
1788446883050733621,0,0.4478284259367326,0.613990113120834,0.0,0.9927374746232797,0.0,0.0,0.12030089974141141
1788446883070764162,0,0.4488012184207757,0.6142293948244205,0.0,0.9927374746232797,0.0,0.0,0.12030089974141141
1788446883098228946,0,0.4502598210651011,0.6145881732189034,0.0,0.9927374746232797,0.0,0.0,0.12030089974141141
1788446883110734620,0,0.4507502988060109,0.6147088180134934,0.0,0.9927374746232797,0.0,0.0,0.12030089974141141
1788446883130766540,0,0.4517399474151742,0.614952245886382,0.0,0.9927374746232797,0.0,0.0,0.12030089974141141
1788446883150718696,0,0.45272249329848685,0.6151939265925628,0.0,0.9927374746232797,0.0,0.0,0.12030089974141141
1788446883170726271,0,0.4537095392156243,0.6154367141099327,0.0,0.9927374746232797,0.0,0.0,0.12030089974141141
1788446883198020635,0,0.45520105014209306,0.6158035869267674,0.0,0.9927374746232797,0.0,0.0,0.12030089974141141
1788446883210775010,0,0.45569239401787887,0.6159244447680576,0.0,0.9927374746232797,0.0,0.0,0.12030089974141141
1788446883230735423,0,0.4566747988422958,0.6161660908579011,0.0,0.9927374746232797,0.0,0.0,0.12030089974141141
1788446883250726559,0,0.45767306616985776,0.6164116387934669,0.0,0.9927374746232797,0.0,0.0,0.12030089974141141
1788446883270742913,0,0.4586570023885758,0.6166536617268861,0.0,0.9927374746232797,0.0,0.0,0.12030089974141141
1788446883298446383,0,0.46013243619217997,0.6170165803500846,0.0,0.9927374746232797,0.0,0.0,0.12030089974141141
1788446883310749803,0,0.46062395853045485,0.6171374821285598,0.0,0.9927374746232797,0.0,0.0,0.12030089974141141
1788446883330742173,0,0.46160734940476805,0.6173793708412031,0.0,0.9927374746232797,0.0,0.0,0.12030089974141141
1788446883350724240,0,0.46258514787432053,0.6176198838877774,0.0,0.9927374746232797,0.0,0.0,0.12030089974141141
1788446883370734019,0,0.4635571736282372,0.6178589769164612,0.0,0.9927374746232797,0.0,0.0,0.12030089974141141
1788446883398048691,0,0.46502010186462683,0.6182188192550121,0.0,0.9927374746232797,0.0,0.0,0.12030089974141141
1788446883410740399,0,0.46551033767003197,0.6183394045796867,0.0,0.9927374746232797,0.0,0.0,0.12030089974141141
1788446883430749072,0,0.4664976930369218,0.618582268454934,0.0,0.9927374746232797,0.0,0.0,0.12030089974141141
1788446883450722243,0,0.4674827939114145,0.6188245777027198,0.0,0.9927374746232797,0.0,0.0,0.12030089974141141
1788446883470742948,0,0.46847289773811807,0.6190681174666448,0.0,0.9927374746232797,0.0,0.0,0.12030089974141141
1788446883498053281,0,0.46995893091365837,0.6194336429792167,0.0,0.9927374746232797,0.0,0.0,0.12030089974141141
1788446883510722101,0,0.47045079102195125,0.6195546278003056,0.0,0.9927374746232797,0.0,0.0,0.12030089974141141
1788446883530715685,0,0.47143436087275464,0.6197965604564034,0.0,0.9927374746232797,0.0,0.0,0.12030089974141141
1788446883550722238,0,0.47241942155926425,0.6200388598193924,0.0,0.9927374746232797,0.0,0.0,0.12030089974141141
1788446883570723445,0,0.4734065611834805,0.6202816705471013,0.0,0.9927374746232797,0.0,0.0,0.12030089974141141
1788446883597767751,0,0.47488555980492103,0.6206454657825158,0.0,0.9927374746232797,0.0,0.0,0.12030089974141141
1788446883610812384,0,0.4753777909626033,0.6207665418320222,0.0,0.9927374746232797,0.0,0.0,0.12030089974141141
1788446883630713945,0,0.47637293666868846,0.6210113217670093,0.0,0.9927374746232797,0.0,0.0,0.12030089974141141
1788446883650746864,0,0.47735749446800857,0.6212534974727438,0.0,0.9927374746232797,0.0,0.0,0.12030089974141141
1788446883670752249,0,0.47832746540735555,0.6214920853076118,0.0,0.9927374746232797,0.0,0.0,0.12030089974141141
1788446883697791670,0,0.4797912950231126,0.6218521495201831,0.0,0.9927374746232797,0.0,0.0,0.12030089974141141
1788446883710749744,0,0.4802813457156808,0.6219726892320401,0.0,0.9927374746232797,0.0,0.0,0.12030089974141141
1788446883730737726,0,0.4812612879309705,0.6222137295041158,0.0,0.9927374746232797,0.0,0.0,0.12030089974141141
1788446883750723512,0,0.48224530535360083,0.6224557721308476,0.0,0.9927374746232797,0.0,0.0,0.12030089974141141
1788446883770749272,0,0.48323178226758495,0.6226984196883022,0.0,0.9927374746232797,0.0,0.0,0.12030089974141141
1788446883797940906,0,0.48421966305146,0.6229414125610858,0.0,0.9927374746232797,0.0,0.0,0.12030089974141141
1788446883810759173,0,0.4852026145579597,0.6231831929603708,0.0,0.9927374746232797,0.0,0.0,0.12030089974141141
1788446883830702227,0,0.48618473422558084,0.6234247687490165,0.0,0.9927374746232797,0.0,0.0,0.12030089974141141
1788446883850723099,0,0.48716902859268596,0.6236668794971042,0.0,0.9927374746232797,0.0,0.0,0.12030089974141141
1788446883870728802,0,0.4881556567296474,0.6239095643318426,0.0,0.9927374746232797,0.0,0.0,0.12030089974141141
1788446883898046404,0,0.48914178882351905,0.6241521271528955,0.0,0.9927374746232797,0.0,0.0,0.12030089974141141
1788446883910749176,0,0.4901316241743012,0.6243956010400177,0.0,0.9927374746232797,0.0,0.0,0.12030089974141141
1788446883930749224,0,0.49111580185018067,0.6246376832854901,0.0,0.9927374746232797,0.0,0.0,0.12030089974141141
1788446883950725528,0,0.4920919880428826,0.6248777998328577,0.0,0.9927374746232797,0.0,0.0,0.12030089974141141
1788446883970722995,0,0.49306330078528887,0.6251167176375392,0.0,0.9927374746232797,0.0,0.0,0.12030089974141141
1788446883998372951,0,0.49403419422501926,0.6253555323046106,0.0,0.9927374746232797,0.0,0.0,0.12030089974141141
1788446884010720155,0,0.4950128594992288,0.625596258482426,0.0,0.9927374746232797,0.0,0.0,0.12030089974141141
1788446884030743279,0,0.4959918210090359,0.6258370575264857,0.0,0.9927374746232797,0.0,0.0,0.12030089974141141
1788446884050719915,0,0.49697536346108157,0.6260789834033244,0.0,0.9927374746232797,0.0,0.0,0.12030089974141141
1788446884070739825,0,0.49796973987694315,0.626323574193957,0.0,0.9927374746232797,0.0,0.0,0.12030089974141141
1788446884098360407,0,0.49895993375335873,0.626567136188438,0.0,0.9927374746232797,0.0,0.0,0.12030089974141141
1788446884110761861,0,0.4999520045472889,0.6268111598559147,0.0,0.9927374746232797,0.0,0.0,0.12030089974141141
1788446884130722194,0,0.5004440986577028,0.6269322022354522,0.0,0.9927374746232797,0.0,0.0,0.12030089974141141
1788446884150722249,0,0.5014368067725047,0.6271763826673227,0.0,0.9927374746232797,0.0,0.0,0.12030089974141141
1788446884170742238,0,0.5024377821285839,0.6274225965444329,0.0,0.9927374746232797,0.0,0.0,0.12030089974141141
1788446884198360043,0,0.5039157291886364,0.6277861330427184,0.0,0.9927374746232797,0.0,0.0,0.12030089974141141
1788446884210750966,0,0.5044087353749647,0.6279073998094243,0.0,0.9927374746232797,0.0,0.0,0.12030089974141141
1788446884230727117,0,0.5053987399980272,0.6281509153331482,0.0,0.9927374746232797,0.0,0.0,0.12030089974141141
1788446884250720326,0,0.5063849956457623,0.6283935087059355,0.0,0.9927374746232797,0.0,0.0,0.12030089974141141
1788446884270756295,0,0.50736199285535,0.6286338246628781,0.0,0.9927374746232797,0.0,0.0,0.12030089974141141
1788446884298463841,0,0.5088398521457703,0.6289973396925206,0.0,0.9927374746232797,0.0,0.0,0.12030089974141141
1788446884310719529,0,0.5093298004529728,0.6291178542601594,0.0,0.9927374746232797,0.0,0.0,0.12030089974141141
1788446884330719201,0,0.510309949733754,0.629358945544808,0.0,0.9927374746232797,0.0,0.0,0.12030089974141141
1788446884350729799,0,0.5112943972207629,0.6296010940766346,0.0,0.9927374746232797,0.0,0.0,0.12030089974141141
1788446884370727717,0,0.5122818340565172,0.629843977910668,0.0,0.9927374746232797,0.0,0.0,0.12030089974141141
1788446884397900144,0,0.5137617664202646,0.6302080028625452,0.0,0.9927374746232797,0.0,0.0,0.12030089974141141
1788446884410740217,0,0.5142531845990717,0.6303288789804502,0.0,0.9927374746232797,0.0,0.0,0.12030089974141141
1788446884430718979,0,0.515237172795914,0.630570914538816,0.0,0.9927374746232797,0.0,0.0,0.12030089974141141
1788446884450715634,0,0.5162410867685017,0.6308178513208691,0.0,0.9927374746232797,0.0,0.0,0.12030089974141141
1788446884470730209,0,0.5172309212470872,0.6310613249128116,0.0,0.9927374746232797,0.0,0.0,0.12030089974141141
1788446884497954626,0,0.5187088125769668,0.6314248478233296,0.0,0.9927374746232797,0.0,0.0,0.12030089974141141
1788446884510753307,0,0.5192003160831201,0.6315457449295473,0.0,0.9927374746232797,0.0,0.0,0.12030089974141141
1788446884530721152,0,0.5201832664926547,0.6317875252191697,0.0,0.9927374746232797,0.0,0.0,0.12030089974141141
1788446884550723220,0,0.5211992135379283,0.6320374218248018,0.0,0.9927374746232797,0.0,0.0,0.12030089974141141
1788446884570748495,0,0.522169972451981,0.6322762033229492,0.0,0.9927374746232797,0.0,0.0,0.12030089974141141
1788446884598455614,0,0.5236330892048372,0.6326360921109021,0.0,0.9927374746232797,0.0,0.0,0.12030089974141141
1788446884610750214,0,0.5241298745754305,0.6327582884591617,0.0,0.9927374746232797,0.0,0.0,0.12030089974141141
1788446884630733956,0,0.5251143680564936,0.6330004483845387,0.0,0.9927374746232797,0.0,0.0,0.12030089974141141
1788446884650721630,0,0.5260970612570386,0.6332421654874854,0.0,0.9927374746232797,0.0,0.0,0.12030089974141141
1788446884670738920,0,0.527083061251841,0.6334846959762654,0.0,0.9927374746232797,0.0,0.0,0.12030089974141141
1788446884698384103,0,0.5285611993917751,0.6338482797160753,0.0,0.9927374746232797,0.0,0.0,0.12030089974141141
1788446884710726002,0,0.5290533695298392,0.6339693408365387,0.0,0.9927374746232797,0.0,0.0,0.12030089974141141
1788446884730767633,0,0.5300369297538818,0.634211271204834,0.0,0.9927374746232797,0.0,0.0,0.12030089974141141
1788446884750713724,0,0.5310217681490611,0.6344535159300335,0.0,0.9927374746232797,0.0,0.0,0.12030089974141141
1788446884770725700,0,0.5320074088597158,0.6346959579639084,0.0,0.9927374746232797,0.0,0.0,0.12030089974141141
1788446884798558513,0,0.5334846628273253,0.6350593241399622,0.0,0.9927374746232797,0.0,0.0,0.12030089974141141
1788446884810721469,0,0.5339770199525329,0.6351804312544251,0.0,0.9927374746232797,0.0,0.0,0.12030089974141141
1788446884830765137,0,0.5349743753346442,0.6354257548746949,0.0,0.9927374746232797,0.0,0.0,0.12030089974141141
1788446884850714730,0,0.5359536851957623,0.6356666397240182,0.0,0.9927374746232797,0.0,0.0,0.12030089974141141
1788446884870721356,0,0.5369270646315288,0.6359060658024952,0.0,0.9927374746232797,0.0,0.0,0.12030089974141141
1788446884897954697,0,0.5379194559104726,0.6361501683009675,0.0,0.9927374746232797,0.0,0.0,0.12030089974141141
1788446884910769537,0,0.5388975606601595,0.6363907566840299,0.0,0.9927374746232797,0.0,0.0,0.12030089974141141
1788446884930726934,0,0.5398756389644319,0.6366313385622067,0.0,0.9927374746232797,0.0,0.0,0.12030089974141141
1788446884950719833,0,0.5408570389044839,0.6368727374363378,0.0,0.9927374746232797,0.0,0.0,0.12030089974141141
1788446884970743656,0,0.5418449025665729,0.6371157261780905,0.0,0.9927374746232797,0.0,0.0,0.12030089974141141
1788446884997943935,0,0.5428321376116299,0.6373585602964195,0.0,0.9927374746232797,0.0,0.0,0.12030089974141141
1788446885010737702,0,0.5438141780913834,0.6376001166869248,0.0,0.9927374746232797,0.0,0.0,0.12030089974141141
1788446885030728143,0,0.5447978986818058,0.6378420863409129,0.0,0.9927374746232797,0.0,0.0,0.12030089974141141
1788446885050711714,0,0.5457819837306485,0.6380841456822878,0.0,0.9927374746232797,0.0,0.0,0.12030089974141141
1788446885070735059,0,0.5467663150365192,0.6383262656365697,0.0,0.9927374746232797,0.0,0.0,0.12030089974141141
1788446885098024820,0,0.5477506219272099,0.638568379585351,0.0,0.9927374746232797,0.0,0.0,0.12030089974141141
1788446885110800627,0,0.5487393452233157,0.6388115798552426,0.0,0.9927374746232797,0.0,0.0,0.12030089974141141
1788446885130781263,0,0.5497294076528486,0.639055109517202,0.0,0.9927374746232797,0.0,0.0,0.12030089974141141
1788446885150721842,0,0.5507088258452278,0.6392960210127584,0.0,0.9927374746232797,0.0,0.0,0.12030089974141141
1788446885170714797,0,0.5516822263587342,0.6395354523551153,0.0,0.9927374746232797,0.0,0.0,0.12030089974141141
1788446885197844094,0,0.5526551414462993,0.6397747642952497,0.0,0.9927374746232797,0.0,0.0,0.12030089974141141
1788446885210726360,0,0.553634154643026,0.640015576292227,0.0,0.9927374746232797,0.0,0.0,0.12030089974141141
1788446885230764760,0,0.5541234487048959,0.6401359300122198,0.0,0.9927374746232797,0.0,0.0,0.12030089974141141
1788446885250721224,0,0.5551018032645699,0.6403765800014688,0.0,0.9927374746232797,0.0,0.0,0.12030089974141141
1788446885270731508,0,0.5558993265928245,0.6405727500416006,0.0,0.9927374746232797,0.0,0.0,0.12030089974141141
1788446885298379592,0,0.5570893935117008,0.6408654756170976,0.0,0.9927374746232797,0.0,0.0,0.12030089974141141
1788446885310773844,0,0.5573774807792657,0.6409363376080106,0.0,0.9927374746232797,0.0,0.0,0.12030089974141141
1788446885330723007,0,0.5579534708120153,0.6410780162070395,0.0,0.9927374746232797,0.0,0.0,0.12030089974141141
1788446885350724161,0,0.5585317349425385,0.6412202541750998,0.0,0.9927374746232797,0.0,0.0,0.12030089974141141
1788446885370758206,0,0.5589157570309713,0.6413147136108039,0.0,0.9927374746232797,0.0,0.0,0.12030089974141141
1788446885398399858,0,0.5594209815570397,0.6414389856906498,0.0,0.9927374746232797,0.0,0.0,0.12030089974141141
1788446885410744752,0,0.5595168304385348,0.641462562027872,0.0,0.9927374746232797,0.0,0.0,0.12030089974141141
1788446885430723015,0,0.5597087543863156,0.6415097703379046,0.0,0.9927374746232797,0.0,0.0,0.12030089974141141
1788446885450721430,0,0.559828773101286,0.641539291826867,0.0,0.9927374746232797,0.0,0.0,0.12030089974141141
1788446885470749156,0,0.5598307995140612,0.641539790271982,0.0,0.9927374746232797,0.0,0.0,0.12030089974141141
1788446885497951342,0,0.5598338398764128,0.6415405381224598,0.0,0.9927374746232797,0.0,0.0,0.12030089974141141
1788446885510736104,0,0.5598338398764128,0.6415405381224598,0.0,0.9927374746232797,0.0,0.0,0.12030089974141141
1788446885530736422,0,0.5598338398764128,0.6415405381224598,0.0,0.9927374746232797,0.0,0.0,0.12030089974141141
1788446885550726753,0,0.5598338398764128,0.6415405381224598,0.0,0.9927374746232797,0.0,0.0,0.12030089974141141
1788446885570727799,0,0.5598338398764128,0.6415405381224598,0.0,0.9927374746232797,0.0,0.0,0.12030089974141141
1788446885598466154,0,0.5598338398764128,0.6415405381224598,0.0,0.9927374746232797,0.0,0.0,0.12030089974141141
1788446885610743956,0,0.5598338398764128,0.6415405381224598,0.0,0.9927374746232797,0.0,0.0,0.12030089974141141
1788446885630740401,0,0.5598338398764128,0.6415405381224598,0.0,0.9927374746232797,0.0,0.0,0.12030089974141141
1788446885650717863,0,0.5598338398764128,0.6415405381224598,0.0,0.9927374746232797,0.0,0.0,0.12030089974141141
1788446885670739750,0,0.5598338398764128,0.6415405381224598,0.0,0.9927374746232797,0.0,0.0,0.12030089974141141
1788446885698016448,0,0.5598338398764128,0.6415405381224598,0.0,0.9927374746232797,0.0,0.0,0.12030089974141141
1788446885710729127,0,0.5598338398764128,0.6415405381224598,0.0,0.9927374746232797,0.0,0.0,0.12030089974141141
1788446885730723078,0,0.5598338398764128,0.6415405381224598,0.0,0.9927374746232797,0.0,0.0,0.12030089974141141
1788446885751014658,0,0.5598338398764128,0.6415405381224598,0.0,0.9927374746232797,0.0,0.0,0.12030089974141141
1788446885770948276,0,0.5598338398764128,0.6415405381224598,0.0,0.9927374746232797,0.0,0.0,0.12030089974141141
1788446885798024002,0,0.5598338398764128,0.6415405381224598,0.0,0.9927374746232797,0.0,0.0,0.12030089974141141
1788446885810984607,0,0.5598338398764128,0.6415405381224598,0.0,0.9927374746232797,0.0,0.0,0.12030089974141141
1788446885830724257,0,0.5598338398764128,0.6415405381224598,0.0,0.9927374746232797,0.0,0.0,0.12030089974141141
1788446885850729056,0,0.5598338398764128,0.6415405381224598,0.0,0.9927374746232797,0.0,0.0,0.12030089974141141
1788446885870744747,0,0.5598338398764128,0.6415405381224598,0.0,0.9927374746232797,0.0,0.0,0.12030089974141141
1788446885898682529,0,0.5598338398764128,0.6415405381224598,0.0,0.9927374746232797,0.0,0.0,0.12030089974141141
1788446885910810032,0,0.5598338398764128,0.6415405381224598,0.0,0.9927374746232797,0.0,0.0,0.12030089974141141
1788446885930734602,0,0.5598338398764128,0.6415405381224598,0.0,0.9927374746232797,0.0,0.0,0.12030089974141141
1788446885950732261,0,0.5598338398764128,0.6415405381224598,0.0,0.9927374746232797,0.0,0.0,0.12030089974141141
1788446885970746404,0,0.5598338398764128,0.6415405381224598,0.0,0.9927374746232797,0.0,0.0,0.12030089974141141
1788446885998549089,0,0.5598338398764128,0.6415405381224598,0.0,0.9927374746232797,0.0,0.0,0.12030089974141141
1788446886010733370,0,0.5598338398764128,0.6415405381224598,0.0,0.9927374746232797,0.0,0.0,0.12030089974141141
1788446886030745632,0,0.5598338398764128,0.6415405381224598,0.0,0.9927374746232797,0.0,0.0,0.12030089974141141
1788446886050735495,0,0.5598338398764128,0.6415405381224598,0.0,0.9927374746232797,0.0,0.0,0.12030089974141141
1788446886070727000,0,0.5598338398764128,0.6415405381224598,0.0,0.9927374746232797,0.0,0.0,0.12030089974141141
1788446886098738010,0,0.5598338398764128,0.6415405381224598,0.0,0.9927374746232797,0.0,0.0,0.12030089974141141
1788446886110724318,0,0.5598338398764128,0.6415405381224598,0.0,0.9927374746232797,0.0,0.0,0.12030089974141141
1788446886130731285,0,0.5598338398764128,0.6415405381224598,0.0,0.9927374746232797,0.0,0.0,0.12030089974141141
1788446886150762170,0,0.5598338398764128,0.6415405381224598,0.0,0.9927374746232797,0.0,0.0,0.12030089974141141
1788446886170737034,0,0.5598338398764128,0.6415405381224598,0.0,0.9927374746232797,0.0,0.0,0.12030089974141141
1788446886198706590,0,0.5598338398764128,0.6415405381224598,0.0,0.9927374746232797,0.0,0.0,0.12030089974141141
1788446886210786537,0,0.5598338398764128,0.6415405381224598,0.0,0.9927374746232797,0.0,0.0,0.12030089974141141
1788446886230727836,0,0.5598338398764128,0.6415405381224598,0.0,0.9927374746232797,0.0,0.0,0.12030089974141141
1788446886250737002,0,0.5598338398764128,0.6415405381224598,0.0,0.9927374746232797,0.0,0.0,0.12030089974141141
1788446886270822556,0,0.5598338398764128,0.6415405381224598,0.0,0.9927374746232797,0.0,0.0,0.12030089974141141
1788446886298592011,0,0.5598338398764128,0.6415405381224598,0.0,0.9927374746232797,0.0,0.0,0.12030089974141141
1788446886310770590,0,0.5598338398764128,0.6415405381224598,0.0,0.9927374746232797,0.0,0.0,0.12030089974141141
1788446886330725278,0,0.5598338398764128,0.6415405381224598,0.0,0.9927374746232797,0.0,0.0,0.12030089974141141
1788446886350738136,0,0.5598338398764128,0.6415405381224598,0.0,0.9927374746232797,0.0,0.0,0.12030089974141141
1788446886370731395,0,0.5598338398764128,0.6415405381224598,0.0,0.9927374746232797,0.0,0.0,0.12030089974141141
1788446886397999847,0,0.5598338398764128,0.6415405381224598,0.0,0.9927374746232797,0.0,0.0,0.12030089974141141
1788446886410812785,0,0.5598338398764128,0.6415405381224598,0.0,0.9927374746232797,0.0,0.0,0.12030089974141141
1788446886430772556,0,0.5598338398764128,0.6415405381224598,0.0,0.9927374746232797,0.0,0.0,0.12030089974141141
1788446886450724043,0,0.5598338398764128,0.6415405381224598,0.0,0.9927374746232797,0.0,0.0,0.12030089974141141
1788446886470755469,0,0.5598338398764128,0.6415405381224598,0.0,0.9927374746232797,0.0,0.0,0.12030089974141141
1788446886498119917,0,0.5598338398764128,0.6415405381224598,0.0,0.9927374746232797,0.0,0.0,0.12030089974141141
1788446886510732058,0,0.5598338398764128,0.6415405381224598,0.0,0.9927374746232797,0.0,0.0,0.12030089974141141
1788446886530751708,0,0.5598338398764128,0.6415405381224598,0.0,0.9927374746232797,0.0,0.0,0.12030089974141141
1788446886550729001,0,0.5598338398764128,0.6415405381224598,0.0,0.9927374746232797,0.0,0.0,0.12030089974141141
1788446886570734598,0,0.5598338398764128,0.6415405381224598,0.0,0.9927374746232797,0.0,0.0,0.12030089974141141
1788446886598386490,0,0.5598338398764128,0.6415405381224598,0.0,0.9927374746232797,0.0,0.0,0.12030089974141141
1788446886610786891,0,0.5598338398764128,0.6415405381224598,0.0,0.9927374746232797,0.0,0.0,0.12030089974141141
1788446886630721122,0,0.5598338398764128,0.6415405381224598,0.0,0.9927374746232797,0.0,0.0,0.12030089974141141
1788446886650723243,0,0.5598338398764128,0.6415405381224598,0.0,0.9927374746232797,0.0,0.0,0.12030089974141141
1788446886670749077,0,0.5598338398764128,0.6415405381224598,0.0,0.9927374746232797,0.0,0.0,0.12030089974141141
1788446886697920856,0,0.5598338398764128,0.6415405381224598,0.0,0.9927374746232797,0.0,0.0,0.12030089974141141
1788446886710786051,0,0.5598338398764128,0.6415405381224598,0.0,0.9927374746232797,0.0,0.0,0.12030089974141141
1788446886730734639,0,0.5598338398764128,0.6415405381224598,0.0,0.9927374746232797,0.0,0.0,0.12030089974141141
1788446886750724915,0,0.5598338398764128,0.6415405381224598,0.0,0.9927374746232797,0.0,0.0,0.12030089974141141
1788446886770737680,0,0.5598338398764128,0.6415405381224598,0.0,0.9927374746232797,0.0,0.0,0.12030089974141141
1788446886798662354,0,0.5598338398764128,0.6415405381224598,0.0,0.9927374746232797,0.0,0.0,0.12030089974141141
1788446886810749500,0,0.5598338398764128,0.6415405381224598,0.0,0.9927374746232797,0.0,0.0,0.12030089974141141
1788446886830771872,0,0.5598338398764128,0.6415405381224598,0.0,0.9927374746232797,0.0,0.0,0.12030089974141141
1788446886850725991,0,0.5598338398764128,0.6415405381224598,0.0,0.9927374746232797,0.0,0.0,0.12030089974141141
1788446886870735241,0,0.5598338398764128,0.6415405381224598,0.0,0.9927374746232797,0.0,0.0,0.12030089974141141
1788446886898691739,0,0.5598338398764128,0.6415405381224598,0.0,0.9927374746232797,0.0,0.0,0.12030089974141141
1788446886910724632,0,0.5598338398764128,0.6415405381224598,0.0,0.9927374746232797,0.0,0.0,0.12030089974141141
1788446886930951043,0,0.5598338398764128,0.6415405381224598,0.0,0.9927374746232797,0.0,0.0,0.12030089974141141
1788446886950738058,0,0.5598338398764128,0.6415405381224598,0.0,0.9927374746232797,0.0,0.0,0.12030089974141141
1788446886970733173,0,0.5598338398764128,0.6415405381224598,0.0,0.9927374746232797,0.0,0.0,0.12030089974141141
1788446886998139052,0,0.5598338398764128,0.6415405381224598,0.0,0.9927374746232797,0.0,0.0,0.12030089974141141
1788446887010789637,0,0.5598338398764128,0.6415405381224598,0.0,0.9927374746232797,0.0,0.0,0.12030089974141141
1788446887030723402,0,0.5598338398764128,0.6415405381224598,0.0,0.9927374746232797,0.0,0.0,0.12030089974141141
1788446887050728554,0,0.5598338398764128,0.6415405381224598,0.0,0.9927374746232797,0.0,0.0,0.12030089974141141
1788446887071129027,0,0.5598338398764128,0.6415405381224598,0.0,0.9927374746232797,0.0,0.0,0.12030089974141141
1788446887098131372,0,0.5598338398764128,0.6415405381224598,0.0,0.9927374746232797,0.0,0.0,0.12030089974141141
1788446887110784986,0,0.5598338398764128,0.6415405381224598,0.0,0.9927374746232797,0.0,0.0,0.12030089974141141
1788446887130724511,0,0.5598338398764128,0.6415405381224598,0.0,0.9927374746232797,0.0,0.0,0.12030089974141141
1788446887150712215,0,0.5598338398764128,0.6415405381224598,0.0,0.9927374746232797,0.0,0.0,0.12030089974141141
1788446887170753899,0,0.5598338398764128,0.6415405381224598,0.0,0.9927374746232797,0.0,0.0,0.12030089974141141
1788446887198407546,0,0.5598338398764128,0.6415405381224598,0.0,0.9927374746232797,0.0,0.0,0.12030089974141141
1788446887210736967,0,0.5598338398764128,0.6415405381224598,0.0,0.9927374746232797,0.0,0.0,0.12030089974141141
1788446887230737890,0,0.5598338398764128,0.6415405381224598,0.0,0.9927374746232797,0.0,0.0,0.12030089974141141
1788446887250721618,0,0.5598338398764128,0.6415405381224598,0.0,0.9927374746232797,0.0,0.0,0.12030089974141141
1788446887270729551,0,0.5598338398764128,0.6415405381224598,0.0,0.9927374746232797,0.0,0.0,0.12030089974141141
1788446887297937068,0,0.5598338398764128,0.6415405381224598,0.0,0.9927374746232797,0.0,0.0,0.12030089974141141
1788446887310722104,0,0.5598338398764128,0.6415405381224598,0.0,0.9927374746232797,0.0,0.0,0.12030089974141141
1788446887330756169,0,0.5598338398764128,0.6415405381224598,0.0,0.9927374746232797,0.0,0.0,0.12030089974141141
1788446887350718699,0,0.5598338398764128,0.6415405381224598,0.0,0.9927374746232797,0.0,0.0,0.12030089974141141
1788446887370733197,0,0.5598338398764128,0.6415405381224598,0.0,0.9927374746232797,0.0,0.0,0.12030089974141141
1788446887398197338,0,0.5598338398764128,0.6415405381224598,0.0,0.9927374746232797,0.0,0.0,0.12030089974141141
1788446887410724694,0,0.5598338398764128,0.6415405381224598,0.0,0.9927374746232797,0.0,0.0,0.12030089974141141
1788446887430738396,0,0.5598338398764128,0.6415405381224598,0.0,0.9927374746232797,0.0,0.0,0.12030089974141141
1788446887450732484,0,0.5598338398764128,0.6415405381224598,0.0,0.9927374746232797,0.0,0.0,0.12030089974141141
1788446887470740374,0,0.5598338398764128,0.6415405381224598,0.0,0.9927374746232797,0.0,0.0,0.12030089974141141
1788446887498328178,0,0.5598338398764128,0.6415405381224598,0.0,0.9927374746232797,0.0,0.0,0.12030089974141141
1788446887510762493,0,0.5598338398764128,0.6415405381224598,0.0,0.9927374746232797,0.0,0.0,0.12030089974141141
1788446887530725148,0,0.5598338398764128,0.6415405381224598,0.0,0.9927374746232797,0.0,0.0,0.12030089974141141
1788446887550731890,0,0.5598338398764128,0.6415405381224598,0.0,0.9927374746232797,0.0,0.0,0.12030089974141141
1788446887570765114,0,0.5598338398764128,0.6415405381224598,0.0,0.9927374746232797,0.0,0.0,0.12030089974141141
1788446887598096864,0,0.5598338398764128,0.6415405381224598,0.0,0.9927374746232797,0.0,0.0,0.12030089974141141
1788446887610790114,0,0.5598338398764128,0.6415405381224598,0.0,0.9927374746232797,0.0,0.0,0.12030089974141141
1788446887630727368,0,0.5598338398764128,0.6415405381224598,0.0,0.9927374746232797,0.0,0.0,0.12030089974141141
1788446887650722425,0,0.5598338398764128,0.6415405381224598,0.0,0.9927374746232797,0.0,0.0,0.12030089974141141
1788446887670744165,0,0.5598338398764128,0.6415405381224598,0.0,0.9927374746232797,0.0,0.0,0.12030089974141141
1788446887698061184,0,0.5598338398764128,0.6415405381224598,0.0,0.9927374746232797,0.0,0.0,0.12030089974141141
1788446887710738460,0,0.5598338398764128,0.6415405381224598,0.0,0.9927374746232797,0.0,0.0,0.12030089974141141
1788446887730750165,0,0.5598338398764128,0.6415405381224598,0.0,0.9927374746232797,0.0,0.0,0.12030089974141141
1788446887750720621,0,0.5598338398764128,0.6415405381224598,0.0,0.9927374746232797,0.0,0.0,0.12030089974141141
1788446887770728553,0,0.5598338398764128,0.6415405381224598,0.0,0.9927374746232797,0.0,0.0,0.12030089974141141
1788446887798051834,0,0.5598338398764128,0.6415405381224598,0.0,0.9927374746232797,0.0,0.0,0.12030089974141141
1788446887810745675,0,0.5598338398764128,0.6415405381224598,0.0,0.9927374746232797,0.0,0.0,0.12030089974141141
1788446887830738073,0,0.5598338398764128,0.6415405381224598,0.0,0.9927374746232797,0.0,0.0,0.12030089974141141
1788446887850713297,0,0.5598338398764128,0.6415405381224598,0.0,0.9927374746232797,0.0,0.0,0.12030089974141141
1788446887870983251,0,0.5598338398764128,0.6415405381224598,0.0,0.9927374746232797,0.0,0.0,0.12030089974141141
1788446887898260815,0,0.5598338398764128,0.6415405381224598,0.0,0.9927374746232797,0.0,0.0,0.12030089974141141
1788446887910772937,0,0.5598338398764128,0.6415405381224598,0.0,0.9927374746232797,0.0,0.0,0.12030089974141141
1788446887930748560,0,0.5598338398764128,0.6415405381224598,0.0,0.9927374746232797,0.0,0.0,0.12030089974141141
1788446887950727595,0,0.5598338398764128,0.6415405381224598,0.0,0.9927374746232797,0.0,0.0,0.12030089974141141
1788446887970750648,0,0.5598338398764128,0.6415405381224598,0.0,0.9927374746232797,0.0,0.0,0.12030089974141141
1788446887998089678,0,0.5598338398764128,0.6415405381224598,0.0,0.9927374746232797,0.0,0.0,0.12030089974141141
1788446888010760984,0,0.5598338398764128,0.6415405381224598,0.0,0.9927374746232797,0.0,0.0,0.12030089974141141
1788446888030726212,0,0.5598338398764128,0.6415405381224598,0.0,0.9927374746232797,0.0,0.0,0.12030089974141141
1788446888050879804,0,0.5598338398764128,0.6415405381224598,0.0,0.9927374746232797,0.0,0.0,0.12030089974141141
1788446888070740632,0,0.5598338398764128,0.6415405381224598,0.0,0.9927374746232797,0.0,0.0,0.12030089974141141
1788446888098510054,0,0.5598338398764128,0.6415405381224598,0.0,0.9927374746232797,0.0,0.0,0.12030089974141141
1788446888110711018,0,0.5598338398764128,0.6415405381224598,0.0,0.9927374746232797,0.0,0.0,0.12030089974141141
1788446888130748132,0,0.5598338398764128,0.6415405381224598,0.0,0.9927374746232797,0.0,0.0,0.12030089974141141
1788446888150740961,0,0.5598338398764128,0.6415405381224598,0.0,0.9927374746232797,0.0,0.0,0.12030089974141141
1788446888170739180,0,0.5598338398764128,0.6415405381224598,0.0,0.9927374746232797,0.0,0.0,0.12030089974141141
1788446888198264959,0,0.5598338398764128,0.6415405381224598,0.0,0.9927374746232797,0.0,0.0,0.12030089974141141
1788446888210724340,0,0.5598338398764128,0.6415405381224598,0.0,0.9927374746232797,0.0,0.0,0.12030089974141141
1788446888230750250,0,0.5598338398764128,0.6415405381224598,0.0,0.9927374746232797,0.0,0.0,0.12030089974141141
1788446888250718029,0,0.5598338398764128,0.6415405381224598,0.0,0.9927374746232797,0.0,0.0,0.12030089974141141
1788446888270732459,0,0.5598338398764128,0.6415405381224598,0.0,0.9927374746232797,0.0,0.0,0.12030089974141141
1788446888298384353,0,0.5598338398764128,0.6415405381224598,0.0,0.9927374746232797,0.0,0.0,0.12030089974141141
1788446888310779601,0,0.5598338398764128,0.6415405381224598,0.0,0.9927374746232797,0.0,0.0,0.12030089974141141
1788446888330750460,0,0.5598338398764128,0.6415405381224598,0.0,0.9927374746232797,0.0,0.0,0.12030089974141141
1788446888350719776,0,0.5598338398764128,0.6415405381224598,0.0,0.9927374746232797,0.0,0.0,0.12030089974141141
1788446888370754655,0,0.5598338398764128,0.6415405381224598,0.0,0.9927374746232797,0.0,0.0,0.12030089974141141
1788446888398373883,0,0.5598338398764128,0.6415405381224598,0.0,0.9927374746232797,0.0,0.0,0.12030089974141141
1788446888410745676,0,0.5598338398764128,0.6415405381224598,0.0,0.9927374746232797,0.0,0.0,0.12030089974141141
1788446888430723947,0,0.5598338398764128,0.6415405381224598,0.0,0.9927374746232797,0.0,0.0,0.12030089974141141
1788446888450720672,0,0.5598338398764128,0.6415405381224598,0.0,0.9927374746232797,0.0,0.0,0.12030089974141141
1788446888470754208,0,0.5598338398764128,0.6415405381224598,0.0,0.9927374746232797,0.0,0.0,0.12030089974141141
1788446888497947746,0,0.5598338398764128,0.6415405381224598,0.0,0.9927374746232797,0.0,0.0,0.12030089974141141
1788446888510724851,0,0.5598338398764128,0.6415405381224598,0.0,0.9927374746232797,0.0,0.0,0.12030089974141141
1788446888530733833,0,0.5598338398764128,0.6415405381224598,0.0,0.9927374746232797,0.0,0.0,0.12030089974141141
1788446888550720619,0,0.5598338398764128,0.6415405381224598,0.0,0.9927374746232797,0.0,0.0,0.12030089974141141
1788446888570725058,0,0.5598338398764128,0.6415405381224598,0.0,0.9927374746232797,0.0,0.0,0.12030089974141141
1788446888597942030,0,0.5598338398764128,0.6415405381224598,0.0,0.9927374746232797,0.0,0.0,0.12030089974141141
1788446888610720092,0,0.5598338398764128,0.6415405381224598,0.0,0.9927374746232797,0.0,0.0,0.12030089974141141
1788446888630748455,0,0.5598338398764128,0.6415405381224598,0.0,0.9927374746232797,0.0,0.0,0.12030089974141141
1788446888650713820,0,0.5598112943958007,0.6416321954816466,0.0,0.9927374746232797,0.0,0.0,0.12030089974141141
1788446888670722285,0,0.5597660855643803,0.641815989394547,0.0,0.9927374746232797,0.0,0.0,0.12030089974141141
1788446888698057422,0,0.5597209984865982,0.6419992883250095,0.0,0.9927374746232797,0.0,0.0,0.12030089974141141
1788446888710744236,0,0.559694699503895,0.6421062058126323,0.0,0.9927374746232797,0.0,0.0,0.12030089974141141
1788446888730723040,0,0.5596420806743252,0.6423201256103205,0.0,0.9927374746232797,0.0,0.0,0.12030089974141141
1788446888750719525,0,0.5595893345341394,0.6425345629843484,0.0,0.9927374746232797,0.0,0.0,0.12030089974141141
1788446888770746448,0,0.559542631684356,0.6427244318655003,0.0,0.9927374746232797,0.0,0.0,0.12030089974141141
1788446888798341140,0,0.5594725875921245,0.6430091937908433,0.0,0.9927374746232797,0.0,0.0,0.12030089974141141
1788446888810718343,0,0.5594486128419089,0.6431066623773456,0.0,0.9927374746232797,0.0,0.0,0.12030089974141141
1788446888830724063,0,0.5594006681903944,0.6433015798372337,0.0,0.9927374746232797,0.0,0.0,0.12030089974141141
1788446888850721832,0,0.5593527156552186,0.6434965293478966,0.0,0.9927374746232797,0.0,0.0,0.12030089974141141
1788446888870743005,0,0.5593041072026692,0.643694145215917,0.0,0.9927374746232797,0.0,0.0,0.12030089974141141
1788446888898170631,0,0.5592307133352289,0.6439925252724895,0.0,0.9927374746232797,0.0,0.0,0.12030089974141141
1788446888910727618,0,0.5592062978683722,0.6440917855147464,0.0,0.9927374746232797,0.0,0.0,0.12030089974141141
1788446888930748974,0,0.559157470543349,0.6442902913282536,0.0,0.9927374746232797,0.0,0.0,0.12030089974141141
1788446888950724691,0,0.5591089549152513,0.6444875299108432,0.0,0.9927374746232797,0.0,0.0,0.12030089974141141
1788446888970731638,0,0.5590613175648059,0.6446811976498293,0.0,0.9927374746232797,0.0,0.0,0.12030089974141141
1788446888998143956,0,0.558989149309284,0.6449745948002344,0.0,0.9927374746232797,0.0,0.0,0.12030089974141141
1788446889010757270,0,0.5589645988943507,0.645074403528194,0.0,0.9927374746232797,0.0,0.0,0.12030089974141141
1788446889030733341,0,0.5589152017049227,0.6452752258220318,0.0,0.9927374746232797,0.0,0.0,0.12030089974141141
1788446889050726728,0,0.5588664877356225,0.6454732705370878,0.0,0.9927374746232797,0.0,0.0,0.12030089974141141
1788446889070729117,0,0.558818136545114,0.6456698403642411,0.0,0.9927374746232797,0.0,0.0,0.12030089974141141
1788446889098684551,0,0.5587455635002659,0.645964883144123,0.0,0.9927374746232797,0.0,0.0,0.12030089974141141
1788446889110779846,0,0.5587213446360054,0.6460633439408077,0.0,0.9927374746232797,0.0,0.0,0.12030089974141141
1788446889130760074,0,0.5586728501729844,0.646260496185954,0.0,0.9927374746232797,0.0,0.0,0.12030089974141141
1788446889150744480,0,0.5586241544155659,0.6464584667851951,0.0,0.9927374746232797,0.0,0.0,0.12030089974141141
1788446889170805296,0,0.5585752679477665,0.6466572127096473,0.0,0.9927374746232797,0.0,0.0,0.12030089974141141
1788446889198116963,0,0.5585022236739869,0.6469541711377079,0.0,0.9927374746232797,0.0,0.0,0.12030089974141141
1788446889210785697,0,0.5584780457580487,0.6470524653975226,0.0,0.9927374746232797,0.0,0.0,0.12030089974141141
1788446889230720962,0,0.5584296862554204,0.6472490688404333,0.0,0.9927374746232797,0.0,0.0,0.12030089974141141
1788446889250723194,0,0.5583816421672884,0.6474443900044361,0.0,0.9927374746232797,0.0,0.0,0.12030089974141141
1788446889270810842,0,0.5583332609137841,0.647641081925128,0.0,0.9927374746232797,0.0,0.0,0.12030089974141141
1788446889298277355,0,0.5582613597359829,0.6479333930687269,0.0,0.9927374746232797,0.0,0.0,0.12030089974141141
1788446889310795409,0,0.5582376090517494,0.6480299504367316,0.0,0.9927374746232797,0.0,0.0,0.12030089974141141
1788446889330750614,0,0.5581900951863431,0.6482231159785005,0.0,0.9927374746232797,0.0,0.0,0.12030089974141141
1788446889350743818,0,0.5581417749132175,0.6484195599484154,0.0,0.9927374746232797,0.0,0.0,0.12030089974141141
1788446889370796370,0,0.5580932729763585,0.648616742476798,0.0,0.9927374746232797,0.0,0.0,0.12030089974141141
1788446889398087002,0,0.5580203562864742,0.6489131821539756,0.0,0.9927374746232797,0.0,0.0,0.12030089974141141
1788446889410766322,0,0.5579960632980151,0.6490119442741612,0.0,0.9927374746232797,0.0,0.0,0.12030089974141141
1788446889430764648,0,0.5579468950065226,0.6492118358898794,0.0,0.9927374746232797,0.0,0.0,0.12030089974141141
1788446889450740321,0,0.5578982683868863,0.6494095253361137,0.0,0.9927374746232797,0.0,0.0,0.12030089974141141
1788446889470733785,0,0.5578496625613103,0.6496071302195859,0.0,0.9927374746232797,0.0,0.0,0.12030089974141141
1788446889498202375,0,0.5577767465817804,0.6499035670339594,0.0,0.9927374746232797,0.0,0.0,0.12030089974141141
1788446889510724389,0,0.5577526178655756,0.6500016613374306,0.0,0.9927374746232797,0.0,0.0,0.12030089974141141
1788446889530738046,0,0.557704373849688,0.6501977954000554,0.0,0.9927374746232797,0.0,0.0,0.12030089974141141
1788446889550729226,0,0.5576563027227754,0.6503932265646831,0.0,0.9927374746232797,0.0,0.0,0.12030089974141141
1788446889570724521,0,0.5576087815178642,0.6505864220193602,0.0,0.9927374746232797,0.0,0.0,0.12030089974141141
1788446889598351313,0,0.5575371937124945,0.6508774591981968,0.0,0.9927374746232797,0.0,0.0,0.12030089974141141
1788446889610857202,0,0.5575129720852924,0.6509759311768963,0.0,0.9927374746232797,0.0,0.0,0.12030089974141141
1788446889630727119,0,0.5574648517706388,0.6511715622366936,0.0,0.9927374746232797,0.0,0.0,0.12030089974141141
1788446889650721360,0,0.5574165318052141,0.6513680049552776,0.0,0.9927374746232797,0.0,0.0,0.12030089974141141
1788446889670719967,0,0.5573675508716267,0.6515671347985741,0.0,0.9927374746232797,0.0,0.0,0.12030089974141141
1788446889698120472,0,0.557318553679347,0.6517663307408731,0.0,0.9927374746232797,0.0,0.0,0.12030089974141141
1788446889710774806,0,0.5572695605657122,0.6519655101272122,0.0,0.9927374746232797,0.0,0.0,0.12030089974141141
1788446889730723421,0,0.5572205714870985,0.6521646731093474,0.0,0.9927374746232797,0.0,0.0,0.12030089974141141
1788446889750713299,0,0.5571714572968129,0.6523643447402058,0.0,0.9927374746232797,0.0,0.0,0.12030089974141141
1788446889770714496,0,0.5571232198873928,0.6525604518689148,0.0,0.9927374746232797,0.0,0.0,0.12030089974141141
1788446889797950539,0,0.5570749098425388,0.652756854293879,0.0,0.9927374746232797,0.0,0.0,0.12030089974141141
1788446889810761372,0,0.5570267874530245,0.6529524938894844,0.0,0.9927374746232797,0.0,0.0,0.12030089974141141
1788446889830752045,0,0.5569786874033255,0.6531480426634891,0.0,0.9927374746232797,0.0,0.0,0.12030089974141141
1788446889851107238,0,0.556929869994202,0.6533465078974211,0.0,0.9927374746232797,0.0,0.0,0.12030089974141141
1788446889870724711,0,0.5568816733203971,0.6535424496186387,0.0,0.9927374746232797,0.0,0.0,0.12030089974141141
1788446889898087034,0,0.5568337260075618,0.6537373775724378,0.0,0.9927374746232797,0.0,0.0,0.12030089974141141
1788446889910746550,0,0.556785754537327,0.6539324036119187,0.0,0.9927374746232797,0.0,0.0,0.12030089974141141
1788446889930744501,0,0.5567377927538741,0.6541273902701858,0.0,0.9927374746232797,0.0,0.0,0.12030089974141141
1788446889950733694,0,0.5567138090704958,0.6542248949486655,0.0,0.9927374746232797,0.0,0.0,0.12030089974141141
1788446889970714329,0,0.5566650820296486,0.654422992856668,0.0,0.9927374746232797,0.0,0.0,0.12030089974141141
1788446889998118143,0,0.556592111630075,0.6547196512059196,0.0,0.9927374746232797,0.0,0.0,0.12030089974141141
1788446890010738625,0,0.5565679437926963,0.6548179046180381,0.0,0.9927374746232797,0.0,0.0,0.12030089974141141
1788446890030761853,0,0.5565195263678784,0.6550147437939975,0.0,0.9927374746232797,0.0,0.0,0.12030089974141141
1788446890050737150,0,0.5564707926056565,0.6552128690531612,0.0,0.9927374746232797,0.0,0.0,0.12030089974141141
1788446890070737414,0,0.5564224697246505,0.6554093239153799,0.0,0.9927374746232797,0.0,0.0,0.12030089974141141
1788446890097714467,0,0.556349455483938,0.6557061605753752,0.0,0.9927374746232797,0.0,0.0,0.12030089974141141
1788446890110774582,0,0.5563252940810206,0.6558043877905749,0.0,0.9927374746232797,0.0,0.0,0.12030089974141141
1788446890130723190,0,0.5562769291229689,0.6560010135891231,0.0,0.9927374746232797,0.0,0.0,0.12030089974141141
1788446890150713530,0,0.5562285671140962,0.656197627435786,0.0,0.9927374746232797,0.0,0.0,0.12030089974141141
1788446890170750638,0,0.5561804346926235,0.656393307966765,0.0,0.9927374746232797,0.0,0.0,0.12030089974141141
1788446890198531258,0,0.5561083667289143,0.6566862974981135,0.0,0.9927374746232797,0.0,0.0,0.12030089974141141
1788446890210741301,0,0.5560845582324988,0.656783089998511,0.0,0.9927374746232797,0.0,0.0,0.12030089974141141
1788446890230722763,0,0.5560369422924956,0.6569766707190763,0.0,0.9927374746232797,0.0,0.0,0.12030089974141141
1788446890250726674,0,0.5559885510296634,0.6571734034710878,0.0,0.9927374746232797,0.0,0.0,0.12030089974141141
1788446890270752617,0,0.55593970598244,0.6573719810529216,0.0,0.9927374746232797,0.0,0.0,0.12030089974141141
1788446890298454291,0,0.5558668729822721,0.6576680807463983,0.0,0.9927374746232797,0.0,0.0,0.12030089974141141
1788446890310741900,0,0.5558427687768159,0.6577660754779775,0.0,0.9927374746232797,0.0,0.0,0.12030089974141141
1788446890330745204,0,0.5557945242332032,0.657962211837257,0.0,0.9927374746232797,0.0,0.0,0.12030089974141141
1788446890350733301,0,0.5557463863823584,0.6581579144536917,0.0,0.9927374746232797,0.0,0.0,0.12030089974141141
1788446890370739209,0,0.5556983292897025,0.6583532887633312,0.0,0.9927374746232797,0.0,0.0,0.12030089974141141
1788446890397896523,0,0.5556259285749194,0.6586476311693689,0.0,0.9927374746232797,0.0,0.0,0.12030089974141141
1788446890410723956,0,0.555601572395566,0.6587466503167015,0.0,0.9927374746232797,0.0,0.0,0.12030089974141141
1788446890430739117,0,0.5555522738199664,0.6589470718544858,0.0,0.9927374746232797,0.0,0.0,0.12030089974141141
1788446890450737008,0,0.5555035056555577,0.6591453369871845,0.0,0.9927374746232797,0.0,0.0,0.12030089974141141
1788446890470742778,0,0.5554550060858932,0.6593425101198545,0.0,0.9927374746232797,0.0,0.0,0.12030089974141141
1788446890498061332,0,0.5553813025259391,0.6596421491043973,0.0,0.9927374746232797,0.0,0.0,0.12030089974141141
1788446890510792209,0,0.5553569458635566,0.6597411701772969,0.0,0.9927374746232797,0.0,0.0,0.12030089974141141
1788446890530728348,0,0.5553088546739322,0.6599366830566404,0.0,0.9927374746232797,0.0,0.0,0.12030089974141141
1788446890550731815,0,0.5552602218158528,0.6601343981072715,0.0,0.9927374746232797,0.0,0.0,0.12030089974141141
1788446890570722472,0,0.5552115737436657,0.6603321750474651,0.0,0.9927374746232797,0.0,0.0,0.12030089974141141
1788446890597889565,0,0.5551629443839334,0.6605298759128654,0.0,0.9927374746232797,0.0,0.0,0.12030089974141141
1788446890610876821,0,0.5551138794436942,0.6607293476403544,0.0,0.9927374746232797,0.0,0.0,0.12030089974141141
1788446890630780466,0,0.5550651527958084,0.6609274440526022,0.0,0.9927374746232797,0.0,0.0,0.12030089974141141
1788446890650727790,0,0.5550163857687453,0.66112570465038,0.0,0.9927374746232797,0.0,0.0,0.12030089974141141
1788446890670741948,0,0.5549676728076138,0.6613237454705193,0.0,0.9927374746232797,0.0,0.0,0.12030089974141141
1788446890697934282,0,0.5549189458762618,0.6615218430860961,0.0,0.9927374746232797,0.0,0.0,0.12030089974141141
1788446890711007150,0,0.5548699578709811,0.6617210021396733,0.0,0.9927374746232797,0.0,0.0,0.12030089974141141
1788446890730788508,0,0.5548215104900217,0.6619179633036338,0.0,0.9927374746232797,0.0,0.0,0.12030089974141141
1788446890750951528,0,0.55477270254549,0.6621163903012601,0.0,0.9927374746232797,0.0,0.0,0.12030089974141141
1788446890770754668,0,0.5547244041469289,0.6623127457319355,0.0,0.9927374746232797,0.0,0.0,0.12030089974141141
1788446890798238713,0,0.5546766075158289,0.662507061244749,0.0,0.9927374746232797,0.0,0.0,0.12030089974141141
1788446890810720260,0,0.5546288847116193,0.6627010765421639,0.0,0.9927374746232797,0.0,0.0,0.12030089974141141
1788446890830728088,0,0.5545811264993267,0.6628952357898322,0.0,0.9927374746232797,0.0,0.0,0.12030089974141141
1788446890850723669,0,0.5545572672562802,0.6629922346609677,0.0,0.9927374746232797,0.0,0.0,0.12030089974141141
1788446890870732510,0,0.5545085882196916,0.6631901374857916,0.0,0.9927374746232797,0.0,0.0,0.12030089974141141
1788446890898085228,0,0.5544349702562489,0.6634894285963827,0.0,0.9927374746232797,0.0,0.0,0.12030089974141141
1788446890910773330,0,0.5544107179058642,0.6635880255928724,0.0,0.9927374746232797,0.0,0.0,0.12030089974141141
1788446890930713354,0,0.554362182212104,0.6637853455866621,0.0,0.9927374746232797,0.0,0.0,0.12030089974141141
1788446890950726095,0,0.5543130843695324,0.6639849509747947,0.0,0.9927374746232797,0.0,0.0,0.12030089974141141
1788446890970766469,0,0.5542644080170825,0.6641828428873521,0.0,0.9927374746232797,0.0,0.0,0.12030089974141141
1788446890998201256,0,0.5541910586222109,0.6644810420796542,0.0,0.9927374746232797,0.0,0.0,0.12030089974141141
1788446891010726872,0,0.5541669887395447,0.664578897235514,0.0,0.9927374746232797,0.0,0.0,0.12030089974141141
1788446891030671466,0,0.5541187550809572,0.664774989266549,0.0,0.9927374746232797,0.0,0.0,0.12030089974141141
1788446891050725888,0,0.5540708712593139,0.6649696590493257,0.0,0.9927374746232797,0.0,0.0,0.12030089974141141
1788446891070749340,0,0.5540231090967024,0.6651638342321208,0.0,0.9927374746232797,0.0,0.0,0.12030089974141141
1788446891098075822,0,0.5539516687902537,0.6654542719969267,0.0,0.9927374746232797,0.0,0.0,0.12030089974141141
1788446891110753802,0,0.5539271390704856,0.6655539965895211,0.0,0.9927374746232797,0.0,0.0,0.12030089974141141
1788446891130805034,0,0.5538794784072933,0.6657477591055458,0.0,0.9927374746232797,0.0,0.0,0.12030089974141141
1788446891150752531,0,0.553830090130489,0.6659485452055255,0.0,0.9927374746232797,0.0,0.0,0.12030089974141141
1788446891170733181,0,0.5537803378338905,0.6661508112513006,0.0,0.9927374746232797,0.0,0.0,0.12030089974141141
1788446891198128008,0,0.5537057606042046,0.6664540021064915,0.0,0.9927374746232797,0.0,0.0,0.12030089974141141
1788446891210729304,0,0.5536814471244698,0.6665528476220001,0.0,0.9927374746232797,0.0,0.0,0.12030089974141141
1788446891230767231,0,0.5536328265611571,0.6667505126496868,0.0,0.9927374746232797,0.0,0.0,0.12030089974141141
1788446891250713737,0,0.5535842941368052,0.6669478193771259,0.0,0.9927374746232797,0.0,0.0,0.12030089974141141
1788446891270729830,0,0.5535358380456993,0.6671448158000148,0.0,0.9927374746232797,0.0,0.0,0.12030089974141141
1788446891298027319,0,0.5534634435432906,0.6674391329497392,0.0,0.9927374746232797,0.0,0.0,0.12030089974141141
1788446891310740535,0,0.5534393607628965,0.6675370406037033,0.0,0.9927374746232797,0.0,0.0,0.12030089974141141
1788446891330725840,0,0.5533911307485284,0.6677331179452788,0.0,0.9927374746232797,0.0,0.0,0.12030089974141141
1788446891350721614,0,0.5533432151064173,0.6679279171807112,0.0,0.9927374746232797,0.0,0.0,0.12030089974141141
1788446891370750944,0,0.5532955529241661,0.6681216859471008,0.0,0.9927374746232797,0.0,0.0,0.12030089974141141
1788446891398326222,0,0.5532239393021277,0.668412828407039,0.0,0.9927374746232797,0.0,0.0,0.12030089974141141
1788446891410970034,0,0.5532000125324495,0.6685101018052009,0.0,0.9927374746232797,0.0,0.0,0.12030089974141141
1788446891431087073,0,0.5531521738902001,0.6687045880378872,0.0,0.9927374746232797,0.0,0.0,0.12030089974141141
1788446891450728626,0,0.5531038562185665,0.6689010218105487,0.0,0.9927374746232797,0.0,0.0,0.12030089974141141
1788446891470753385,0,0.553054825348405,0.6691003551298275,0.0,0.9927374746232797,0.0,0.0,0.12030089974141141
1788446891498133882,0,0.5529814947594328,0.6693984780583093,0.0,0.9927374746232797,0.0,0.0,0.12030089974141141
1788446891511010188,0,0.5529566114079956,0.6694996404042725,0.0,0.9927374746232797,0.0,0.0,0.12030089974141141
1788446891530730429,0,0.5529080924064389,0.6696968926125868,0.0,0.9927374746232797,0.0,0.0,0.12030089974141141
1788446891550727872,0,0.5528596915072853,0.6698936646799449,0.0,0.9927374746232797,0.0,0.0,0.12030089974141141
1788446891570737374,0,0.5528114395972391,0.6700898310375909,0.0,0.9927374746232797,0.0,0.0,0.12030089974141141
1788446891598468161,0,0.5527390032643649,0.6703843182348682,0.0,0.9927374746232797,0.0,0.0,0.12030089974141141
1788446891610723876,0,0.5527147734759632,0.6704828235064847,0.0,0.9927374746232797,0.0,0.0,0.12030089974141141
1788446891630746941,0,0.5526664094751499,0.6706794454892111,0.0,0.9927374746232797,0.0,0.0,0.12030089974141141
1788446891650727875,0,0.5526174846909359,0.6708783473152562,0.0,0.9927374746232797,0.0,0.0,0.12030089974141141
1788446891670733427,0,0.5525691340491987,0.6710749149871726,0.0,0.9927374746232797,0.0,0.0,0.12030089974141141
1788446891698160632,0,0.552521115784156,0.6712701313944387,0.0,0.9927374746232797,0.0,0.0,0.12030089974141141
1788446891710980493,0,0.5524728903008364,0.6714661903655879,0.0,0.9927374746232797,0.0,0.0,0.12030089974141141
1788446891730773856,0,0.552424988441528,0.6716609336549373,0.0,0.9927374746232797,0.0,0.0,0.12030089974141141
1788446891750753264,0,0.552376681505193,0.6718573237831741,0.0,0.9927374746232797,0.0,0.0,0.12030089974141141
1788446891770745754,0,0.5523277314889392,0.6720563283425267,0.0,0.9927374746232797,0.0,0.0,0.12030089974141141
1788446891798485900,0,0.5522788051328861,0.6722552367121705,0.0,0.9927374746232797,0.0,0.0,0.12030089974141141
1788446891810810088,0,0.5522305432317314,0.6724514438143534,0.0,0.9927374746232797,0.0,0.0,0.12030089974141141
1788446891830766389,0,0.5522064084440563,0.6725495629650335,0.0,0.9927374746232797,0.0,0.0,0.12030089974141141
1788446891850790079,0,0.5521581494542994,0.6727457582310284,0.0,0.9927374746232797,0.0,0.0,0.12030089974141141
1788446891870738121,0,0.5521101462999378,0.6729409132816289,0.0,0.9927374746232797,0.0,0.0,0.12030089974141141
1788446891898081415,0,0.5520379301390678,0.67323450541565,0.0,0.9927374746232797,0.0,0.0,0.12030089974141141
1788446891910780945,0,0.5520134339252926,0.6733340938933432,0.0,0.9927374746232797,0.0,0.0,0.12030089974141141
1788446891930759931,0,0.5519644327398239,0.6735333064537317,0.0,0.9927374746232797,0.0,0.0,0.12030089974141141
1788446891950917031,0,0.551915413945997,0.6737325906002684,0.0,0.9927374746232797,0.0,0.0,0.12030089974141141
1788446891970748175,0,0.5518670702176216,0.6739291302419391,0.0,0.9927374746232797,0.0,0.0,0.12030089974141141
1788446891997971759,0,0.5517944806067753,0.6742242406230421,0.0,0.9927374746232797,0.0,0.0,0.12030089974141141
1788446892010727614,0,0.5517705695614588,0.6743214500943928,0.0,0.9927374746232797,0.0,0.0,0.12030089974141141
1788446892030739294,0,0.5517229141139653,0.6745151915555668,0.0,0.9927374746232797,0.0,0.0,0.12030089974141141
1788446892050741005,0,0.5516752512629521,0.6747089631154768,0.0,0.9927374746232797,0.0,0.0,0.12030089974141141
1788446892070757994,0,0.5516268621384361,0.6749056873134803,0.0,0.9927374746232797,0.0,0.0,0.12030089974141141
1788446892098797599,0,0.5515541608891381,0.6752012515565838,0.0,0.9927374746232797,0.0,0.0,0.12030089974141141
1788446892110740343,0,0.5515298344310953,0.6753001499111487,0.0,0.9927374746232797,0.0,0.0,0.12030089974141141
1788446892130740039,0,0.5514810391235311,0.6754985255077968,0.0,0.9927374746232797,0.0,0.0,0.12030089974141141
1788446892150744096,0,0.551431643340673,0.6756993423155091,0.0,0.9927374746232797,0.0,0.0,0.12030089974141141
1788446892170755219,0,0.5513831271248179,0.6758965832746876,0.0,0.9927374746232797,0.0,0.0,0.12030089974141141
1788446892198048122,0,0.5513103140497688,0.6761926022807261,0.0,0.9927374746232797,0.0,0.0,0.12030089974141141
1788446892210772465,0,0.5512853057071322,0.6762942728391111,0.0,0.9927374746232797,0.0,0.0,0.12030089974141141
1788446892230727229,0,0.5512365975938296,0.6764922940014615,0.0,0.9927374746232797,0.0,0.0,0.12030089974141141
1788446892250724829,0,0.5511883274310987,0.676688534628641,0.0,0.9927374746232797,0.0,0.0,0.12030089974141141
1788446892270742782,0,0.551140730536212,0.6768820380463554,0.0,0.9927374746232797,0.0,0.0,0.12030089974141141
1788446892298058809,0,0.5510684950653743,0.6771757086457352,0.0,0.9927374746232797,0.0,0.0,0.12030089974141141
1788446892310759587,0,0.5510444853438848,0.6772733192437951,0.0,0.9927374746232797,0.0,0.0,0.12030089974141141
1788446892330736997,0,0.5509964631902581,0.6774685514599498,0.0,0.9927374746232797,0.0,0.0,0.12030089974141141
1788446892350770314,0,0.5509481253375265,0.677665067176951,0.0,0.9927374746232797,0.0,0.0,0.12030089974141141
1788446892370744586,0,0.5508987540927807,0.6778657841484645,0.0,0.9927374746232797,0.0,0.0,0.12030089974141141
1788446892398478879,0,0.5508255689221139,0.678163315756015,0.0,0.9927374746232797,0.0,0.0,0.12030089974141141
1788446892410735294,0,0.5508012796749556,0.6782620627929807,0.0,0.9927374746232797,0.0,0.0,0.12030089974141141
1788446892430744521,0,0.5507524069881446,0.6784607528956295,0.0,0.9927374746232797,0.0,0.0,0.12030089974141141
1788446892450725431,0,0.5507040247145331,0.6786574493044639,0.0,0.9927374746232797,0.0,0.0,0.12030089974141141
1788446892470723175,0,0.5506558516111348,0.6788532954024165,0.0,0.9927374746232797,0.0,0.0,0.12030089974141141
1788446892497990484,0,0.5505834145616277,0.6791477857148812,0.0,0.9927374746232797,0.0,0.0,0.12030089974141141
1788446892510790820,0,0.5505591628505644,0.6792463801882452,0.0,0.9927374746232797,0.0,0.0,0.12030089974141141
1788446892530746277,0,0.5505105955198397,0.6794438289531174,0.0,0.9927374746232797,0.0,0.0,0.12030089974141141
1788446892550736810,0,0.5504624134212818,0.6796397114952653,0.0,0.9927374746232797,0.0,0.0,0.12030089974141141
1788446892570726462,0,0.5504145631241463,0.6798342450354726,0.0,0.9927374746232797,0.0,0.0,0.12030089974141141
1788446892598039608,0,0.550342730185781,0.6801262791551019,0.0,0.9927374746232797,0.0,0.0,0.12030089974141141
1788446892610764061,0,0.5503186469625287,0.6802241886472303,0.0,0.9927374746232797,0.0,0.0,0.12030089974141141
1788446892630727770,0,0.550270725704543,0.6804190108262389,0.0,0.9927374746232797,0.0,0.0,0.12030089974141141
1788446892650719459,0,0.5502212842549827,0.6806200132515136,0.0,0.9927374746232797,0.0,0.0,0.12030089974141141
1788446892670755951,0,0.550171768849533,0.6808213163030434,0.0,0.9927374746232797,0.0,0.0,0.12030089974141141
1788446892698464931,0,0.5501222539115281,0.6810226174541932,0.0,0.9927374746232797,0.0,0.0,0.12030089974141141
1788446892711065503,0,0.5500734265485921,0.6812211232687969,0.0,0.9927374746232797,0.0,0.0,0.12030089974141141
1788446892731079068,0,0.550024623019065,0.6814195321895701,0.0,0.9927374746232797,0.0,0.0,0.12030089974141141
1788446892750721998,0,0.5499760684537325,0.6816169290062011,0.0,0.9927374746232797,0.0,0.0,0.12030089974141141
1788446892770950260,0,0.5499277523846848,0.6818133562756145,0.0,0.9927374746232797,0.0,0.0,0.12030089974141141
1788446892798074346,0,0.5498794333183871,0.6820097957302418,0.0,0.9927374746232797,0.0,0.0,0.12030089974141141
1788446892810727694,0,0.5498313445729179,0.6822052988236889,0.0,0.9927374746232797,0.0,0.0,0.12030089974141141
1788446892830740804,0,0.5497832532031239,0.6824008125862359,0.0,0.9927374746232797,0.0,0.0,0.12030089974141141
1788446892850721058,0,0.5497354641015574,0.6825950974135645,0.0,0.9927374746232797,0.0,0.0,0.12030089974141141
1788446892870737525,0,0.5496879353669544,0.6827883236536801,0.0,0.9927374746232797,0.0,0.0,0.12030089974141141
1788446892898447649,0,0.549640421119173,0.6829814909981805,0.0,0.9927374746232797,0.0,0.0,0.12030089974141141
1788446892910719824,0,0.5495925230284066,0.6831762189916787,0.0,0.9927374746232797,0.0,0.0,0.12030089974141141
1788446892930762583,0,0.5495446212593473,0.6833709619391461,0.0,0.9927374746232797,0.0,0.0,0.12030089974141141
1788446892951157088,0,0.5494964525232208,0.683566790193821,0.0,0.9927374746232797,0.0,0.0,0.12030089974141141
1788446892970765361,0,0.5494478155863725,0.6837645218637064,0.0,0.9927374746232797,0.0,0.0,0.12030089974141141
1788446892998090312,0,0.5493993215203794,0.6839616726974082,0.0,0.9927374746232797,0.0,0.0,0.12030089974141141
1788446893010786315,0,0.5493508780850335,0.6841586177700012,0.0,0.9927374746232797,0.0,0.0,0.12030089974141141
1788446893030786607,0,0.5493024586891849,0.6843554651108683,0.0,0.9927374746232797,0.0,0.0,0.12030089974141141
1788446893050706772,0,0.5492774413820031,0.6844571720881673,0.0,0.9927374746232797,0.0,0.0,0.12030089974141141
1788446893071319820,0,0.5492293336753327,0.6846527522677072,0.0,0.9927374746232797,0.0,0.0,0.12030089974141141
1788446893098144540,0,0.5491564894889458,0.6849488977304204,0.0,0.9927374746232797,0.0,0.0,0.12030089974141141
1788446893110784738,0,0.5491324388991509,0.6850466745775097,0.0,0.9927374746232797,0.0,0.0,0.12030089974141141
1788446893130730674,0,0.5490843175449316,0.6852423102909513,0.0,0.9927374746232797,0.0,0.0,0.12030089974141141
1788446893150731752,0,0.5490363457904255,0.6854373378118956,0.0,0.9927374746232797,0.0,0.0,0.12030089974141141
1788446893170772299,0,0.5489881755099353,0.6856331724334122,0.0,0.9927374746232797,0.0,0.0,0.12030089974141141
1788446893198323972,0,0.5489159304449266,0.685926882239562,0.0,0.9927374746232797,0.0,0.0,0.12030089974141141
1788446893210750363,0,0.5488919889100579,0.6860242157025803,0.0,0.9927374746232797,0.0,0.0,0.12030089974141141
1788446893230761657,0,0.5488441062211024,0.686218881080561,0.0,0.9927374746232797,0.0,0.0,0.12030089974141141
1788446893250723995,0,0.548795736924582,0.6864155247060935,0.0,0.9927374746232797,0.0,0.0,0.12030089974141141
1788446893270727881,0,0.5487468564478487,0.6866142463251802,0.0,0.9927374746232797,0.0,0.0,0.12030089974141141
1788446893298485964,0,0.5486737236023828,0.6869115650533669,0.0,0.9927374746232797,0.0,0.0,0.12030089974141141
1788446893310728623,0,0.5486494790543617,0.6870101304056359,0.0,0.9927374746232797,0.0,0.0,0.12030089974141141
1788446893330740942,0,0.5486010339923233,0.6872070820914893,0.0,0.9927374746232797,0.0,0.0,0.12030089974141141
1788446893350727009,0,0.5485527403375741,0.6874034182363655,0.0,0.9927374746232797,0.0,0.0,0.12030089974141141
1788446893370730244,0,0.5485044893303934,0.6875995809990604,0.0,0.9927374746232797,0.0,0.0,0.12030089974141141
1788446893398057483,0,0.5484318036767896,0.6878950818754278,0.0,0.9927374746232797,0.0,0.0,0.12030089974141141
1788446893410730679,0,0.5484072617546749,0.6879948561146336,0.0,0.9927374746232797,0.0,0.0,0.12030089974141141
1788446893430738636,0,0.5483581586654541,0.6881944828328167,0.0,0.9927374746232797,0.0,0.0,0.12030089974141141
1788446893450721371,0,0.5483094036921812,0.688392694400182,0.0,0.9927374746232797,0.0,0.0,0.12030089974141141
1788446893470755442,0,0.5482610615862303,0.6885892274964518,0.0,0.9927374746232797,0.0,0.0,0.12030089974141141
1788446893498080316,0,0.5481888315461135,0.6888828761439962,0.0,0.9927374746232797,0.0,0.0,0.12030089974141141
1788446893510736081,0,0.5481648986760017,0.6889801743807517,0.0,0.9927374746232797,0.0,0.0,0.12030089974141141
1788446893530728832,0,0.5481170400208505,0.6891747420501514,0.0,0.9927374746232797,0.0,0.0,0.12030089974141141
1788446893550726339,0,0.5480683046761644,0.689372873792132,0.0,0.9927374746232797,0.0,0.0,0.12030089974141141
1788446893570792468,0,0.548018188718869,0.689576618286465,0.0,0.9927374746232797,0.0,0.0,0.12030089974141141
1788446893598374264,0,0.5479450910640137,0.689873794062892,0.0,0.9927374746232797,0.0,0.0,0.12030089974141141
1788446893610718727,0,0.5479209311215079,0.689972015454432,0.0,0.9927374746232797,0.0,0.0,0.12030089974141141
1788446893630755933,0,0.5478726039817003,0.6901684877316282,0.0,0.9927374746232797,0.0,0.0,0.12030089974141141
1788446893650723089,0,0.5478242169816502,0.6903652033685229,0.0,0.9927374746232797,0.0,0.0,0.12030089974141141
1788446893670726206,0,0.5477757521462848,0.6905622354421377,0.0,0.9927374746232797,0.0,0.0,0.12030089974141141
1788446893698040052,0,0.5477025523577705,0.6908598265927198,0.0,0.9927374746232797,0.0,0.0,0.12030089974141141
1788446893710722927,0,0.5476782908379592,0.690958460943202,0.0,0.9927374746232797,0.0,0.0,0.12030089974141141
1788446893730737346,0,0.5476297824503648,0.6911556700768635,0.0,0.9927374746232797,0.0,0.0,0.12030089974141141
1788446893750725445,0,0.5475817357505227,0.6913510021980324,0.0,0.9927374746232797,0.0,0.0,0.12030089974141141
1788446893770783966,0,0.5475341512122697,0.691544455380309,0.0,0.9927374746232797,0.0,0.0,0.12030089974141141
1788446893798140567,0,0.5474621982726745,0.6918369774359406,0.0,0.9927374746232797,0.0,0.0,0.12030089974141141
1788446893810914929,0,0.5474384277366495,0.691933615709209,0.0,0.9927374746232797,0.0,0.0,0.12030089974141141
1788446893830754886,0,0.5473908825010702,0.6921269091824268,0.0,0.9927374746232797,0.0,0.0,0.12030089974141141
1788446893850933536,0,0.5473427598947568,0.6923225498595861,0.0,0.9927374746232797,0.0,0.0,0.12030089974141141
1788446893870739220,0,0.5472939664548666,0.692520917710341,0.0,0.9927374746232797,0.0,0.0,0.12030089974141141
1788446893898034460,0,0.5472209042479642,0.6928179493748248,0.0,0.9927374746232797,0.0,0.0,0.12030089974141141
1788446893910722705,0,0.5471966166031751,0.6929166899354796,0.0,0.9927374746232797,0.0,0.0,0.12030089974141141
1788446893930722863,0,0.547148050458343,0.6931141338791477,0.0,0.9927374746232797,0.0,0.0,0.12030089974141141
1788446893950721441,0,0.5470994727203291,0.6933116249163901,0.0,0.9927374746232797,0.0,0.0,0.12030089974141141
1788446893970745303,0,0.5470509670285064,0.6935088230144727,0.0,0.9927374746232797,0.0,0.0,0.12030089974141141
1788446893998025071,0,0.5470023826506416,0.6937063410077523,0.0,0.9927374746232797,0.0,0.0,0.12030089974141141
1788446894010751515,0,0.5469537587162875,0.6939040197402778,0.0,0.9927374746232797,0.0,0.0,0.12030089974141141
1788446894030760584,0,0.5469051412143984,0.6941016723218651,0.0,0.9927374746232797,0.0,0.0,0.12030089974141141
1788446894050726504,0,0.5468570867601552,0.6942970359293446,0.0,0.9927374746232797,0.0,0.0,0.12030089974141141
1788446894070730335,0,0.5468088023461106,0.694493334506463,0.0,0.9927374746232797,0.0,0.0,0.12030089974141141
1788446894098079074,0,0.5467613008395532,0.6946864502008896,0.0,0.9927374746232797,0.0,0.0,0.12030089974141141
1788446894110725511,0,0.5467133619740926,0.694881343962464,0.0,0.9927374746232797,0.0,0.0,0.12030089974141141
1788446894130751620,0,0.5466654154652956,0.6950762687977524,0.0,0.9927374746232797,0.0,0.0,0.12030089974141141
1788446894150772116,0,0.5466164228648823,0.6952754464814985,0.0,0.9927374746232797,0.0,0.0,0.12030089974141141
1788446894170764674,0,0.5465672839664331,0.6954752189347345,0.0,0.9927374746232797,0.0,0.0,0.12030089974141141
1788446894198330376,0,0.546518128651264,0.6956750581295639,0.0,0.9927374746232797,0.0,0.0,0.12030089974141141
1788446894210776946,0,0.5464693903432144,0.6958732019967023,0.0,0.9927374746232797,0.0,0.0,0.12030089974141141
1788446894230753742,0,0.5464206592647892,0.696071316472058,0.0,0.9927374746232797,0.0,0.0,0.12030089974141141
1788446894250765378,0,0.546372145495274,0.6962685475109592,0.0,0.9927374746232797,0.0,0.0,0.12030089974141141
1788446894270771056,0,0.5463478863781493,0.6963671721187482,0.0,0.9927374746232797,0.0,0.0,0.12030089974141141
1788446894298568654,0,0.5462754340328576,0.6966617246410461,0.0,0.9927374746232797,0.0,0.0,0.12030089974141141
1788446894310784445,0,0.5462506065782872,0.6967626598052085,0.0,0.9927374746232797,0.0,0.0,0.12030089974141141
1788446894330753197,0,0.546201036896154,0.6969641836460595,0.0,0.9927374746232797,0.0,0.0,0.12030089974141141
1788446894350725736,0,0.5461527703682444,0.6971604095581551,0.0,0.9927374746232797,0.0,0.0,0.12030089974141141
1788446894370745362,0,0.5461051049024636,0.6973541917483063,0.0,0.9927374746232797,0.0,0.0,0.12030089974141141
1788446894397928474,0,0.5460332809195567,0.6976461894973064,0.0,0.9927374746232797,0.0,0.0,0.12030089974141141
1788446894410766431,0,0.5460092251367555,0.6977439874563846,0.0,0.9927374746232797,0.0,0.0,0.12030089974141141
1788446894430749324,0,0.5459604253055523,0.697942381494711,0.0,0.9927374746232797,0.0,0.0,0.12030089974141141
1788446894450722337,0,0.5459118411788126,0.6981398985939465,0.0,0.9927374746232797,0.0,0.0,0.12030089974141141
1788446894470729247,0,0.5458631902571371,0.6983376872457004,0.0,0.9927374746232797,0.0,0.0,0.12030089974141141
1788446894497901740,0,0.545790362501123,0.6986337659874021,0.0,0.9927374746232797,0.0,0.0,0.12030089974141141
1788446894510727738,0,0.5457661826694735,0.6987320682628141,0.0,0.9927374746232797,0.0,0.0,0.12030089974141141
1788446894530738827,0,0.5457178205368733,0.6989286828524971,0.0,0.9927374746232797,0.0,0.0,0.12030089974141141
1788446894550819443,0,0.5456695479279484,0.6991249335119234,0.0,0.9927374746232797,0.0,0.0,0.12030089974141141
1788446894570729432,0,0.5456213867519202,0.6993207311698793,0.0,0.9927374746232797,0.0,0.0,0.12030089974141141
1788446894598127832,0,0.5455486022393167,0.6996166341323689,0.0,0.9927374746232797,0.0,0.0,0.12030089974141141
1788446894610726033,0,0.5455243807544836,0.6997151057220632,0.0,0.9927374746232797,0.0,0.0,0.12030089974141141
1788446894630746813,0,0.5454758889949075,0.6999122472551047,0.0,0.9927374746232797,0.0,0.0,0.12030089974141141
1788446894650747591,0,0.5454276691882906,0.7001082831980756,0.0,0.9927374746232797,0.0,0.0,0.12030089974141141
1788446894670741641,0,0.54537967465449,0.7003034033274592,0.0,0.9927374746232797,0.0,0.0,0.12030089974141141
1788446894698017291,0,0.545307446834865,0.7005970429850982,0.0,0.9927374746232797,0.0,0.0,0.12030089974141141
1788446894710903582,0,0.5452835910106012,0.7006940279572992,0.0,0.9927374746232797,0.0,0.0,0.12030089974141141
1788446894731069157,0,0.5452358940392871,0.7008879382320318,0.0,0.9927374746232797,0.0,0.0,0.12030089974141141
1788446894750737063,0,0.5451871906041414,0.7010859402742469,0.0,0.9927374746232797,0.0,0.0,0.12030089974141141
1788446894770751290,0,0.5451378456362382,0.7012865504697812,0.0,0.9927374746232797,0.0,0.0,0.12030089974141141
1788446894798077516,0,0.5450650718867509,0.7015824095977321,0.0,0.9927374746232797,0.0,0.0,0.12030089974141141
1788446894810782313,0,0.5450404735866853,0.7016824131678219,0.0,0.9927374746232797,0.0,0.0,0.12030089974141141
1788446894830730401,0,0.5449925390942331,0.7018772892512449,0.0,0.9927374746232797,0.0,0.0,0.12030089974141141
1788446894850726265,0,0.5449438248619901,0.7020753353156377,0.0,0.9927374746232797,0.0,0.0,0.12030089974141141
1788446894870725107,0,0.5448954612123278,0.7022719560728844,0.0,0.9927374746232797,0.0,0.0,0.12030089974141141
1788446894898115472,0,0.544823029314486,0.7025664254410774,0.0,0.9927374746232797,0.0,0.0,0.12030089974141141
1788446894910732174,0,0.5447984446169268,0.7026663736592602,0.0,0.9927374746232797,0.0,0.0,0.12030089974141141
1788446894930774790,0,0.5447492399428089,0.7028664135211504,0.0,0.9927374746232797,0.0,0.0,0.12030089974141141
1788446894950727206,0,0.5447002345541989,0.703065643156593,0.0,0.9927374746232797,0.0,0.0,0.12030089974141141
1788446894970689138,0,0.5446521902629229,0.7032609654477994,0.0,0.9927374746232797,0.0,0.0,0.12030089974141141
1788446894998106191,0,0.5446041986665966,0.7034560735096346,0.0,0.9927374746232797,0.0,0.0,0.12030089974141141
1788446895010726089,0,0.5445563254088518,0.703650700545362,0.0,0.9927374746232797,0.0,0.0,0.12030089974141141
1788446895030748640,0,0.5445084347049114,0.7038453985079804,0.0,0.9927374746232797,0.0,0.0,0.12030089974141141
1788446895050724296,0,0.5444601039975833,0.7040418853142869,0.0,0.9927374746232797,0.0,0.0,0.12030089974141141
1788446895070731221,0,0.5444112912293366,0.7042403319477194,0.0,0.9927374746232797,0.0,0.0,0.12030089974141141
1788446895098060921,0,0.5443621996072312,0.7044399122519408,0.0,0.9927374746232797,0.0,0.0,0.12030089974141141
1788446895110843029,0,0.5443135618601571,0.7046376473936192,0.0,0.9927374746232797,0.0,0.0,0.12030089974141141
1788446895130725063,0,0.5442648423598075,0.7048357149005177,0.0,0.9927374746232797,0.0,0.0,0.12030089974141141
1788446895150723405,0,0.5442162405393951,0.7050333039581828,0.0,0.9927374746232797,0.0,0.0,0.12030089974141141
1788446895170959905,0,0.5441676759345908,0.7052307416916597,0.0,0.9927374746232797,0.0,0.0,0.12030089974141141
1788446895198226862,0,0.5441189786106779,0.7054287189901162,0.0,0.9927374746232797,0.0,0.0,0.12030089974141141
1788446895210740299,0,0.5440701179306539,0.7056273602030458,0.0,0.9927374746232797,0.0,0.0,0.12030089974141141
1788446895230736571,0,0.5440212534009128,0.7058260170668514,0.0,0.9927374746232797,0.0,0.0,0.12030089974141141
1788446895250727944,0,0.5439731325914107,0.7060216504638094,0.0,0.9927374746232797,0.0,0.0,0.12030089974141141
1788446895270757876,0,0.5439256972443061,0.7062144972388787,0.0,0.9927374746232797,0.0,0.0,0.12030089974141141
1788446895298362052,0,0.5438782723746951,0.7064073014180579,0.0,0.9927374746232797,0.0,0.0,0.12030089974141141
1788446895310729524,0,0.5438544793760527,0.7065040309750161,0.0,0.9927374746232797,0.0,0.0,0.12030089974141141
1788446895330794295,0,0.5438065621634043,0.7066988366327567,0.0,0.9927374746232797,0.0,0.0,0.12030089974141141
1788446895350728850,0,0.5437579134512875,0.7068966161745609,0.0,0.9927374746232797,0.0,0.0,0.12030089974141141
1788446895370736600,0,0.5437090791087779,0.7070951503898694,0.0,0.9927374746232797,0.0,0.0,0.12030089974141141
1788446895398546636,0,0.5436360798479187,0.7073919261879649,0.0,0.9927374746232797,0.0,0.0,0.12030089974141141
1788446895410719455,0,0.5436117427499252,0.707490867798873,0.0,0.9927374746232797,0.0,0.0,0.12030089974141141
1788446895430750386,0,0.5435630827496157,0.7076886933086636,0.0,0.9927374746232797,0.0,0.0,0.12030089974141141
1788446895450737347,0,0.5435142996165634,0.7078870194102644,0.0,0.9927374746232797,0.0,0.0,0.12030089974141141
1788446895470736093,0,0.543465957464066,0.7080835527210199,0.0,0.9927374746232797,0.0,0.0,0.12030089974141141
1788446895498090856,0,0.5433934866117445,0.7083781804072987,0.0,0.9927374746232797,0.0,0.0,0.12030089974141141
1788446895511006946,0,0.5433694691262776,0.7084758226447867,0.0,0.9927374746232797,0.0,0.0,0.12030089974141141
1788446895530751780,0,0.5433214351147622,0.7086711032192814,0.0,0.9927374746232797,0.0,0.0,0.12030089974141141
1788446895550733912,0,0.5432732729116421,0.7088669049522097,0.0,0.9927374746232797,0.0,0.0,0.12030089974141141
1788446895570753990,0,0.5432258753523218,0.7090595980528207,0.0,0.9927374746232797,0.0,0.0,0.12030089974141141
1788446895598035300,0,0.5431545013882387,0.7093497663787709,0.0,0.9927374746232797,0.0,0.0,0.12030089974141141
1788446895610787040,0,0.5431305085461863,0.7094473084293291,0.0,0.9927374746232797,0.0,0.0,0.12030089974141141
1788446895630727339,0,0.5430819406352321,0.7096447595531038,0.0,0.9927374746232797,0.0,0.0,0.12030089974141141
1788446895650726366,0,0.5430319289725186,0.7098480801196849,0.0,0.9927374746232797,0.0,0.0,0.12030089974141141
1788446895670775725,0,0.5429826854774081,0.7100482776526055,0.0,0.9927374746232797,0.0,0.0,0.12030089974141141
1788446895698056018,0,0.5429090108379686,0.7103477990999689,0.0,0.9927374746232797,0.0,0.0,0.12030089974141141
1788446895710788393,0,0.5428840910784573,0.7104491094616121,0.0,0.9927374746232797,0.0,0.0,0.12030089974141141
1788446895730736665,0,0.5428355172477783,0.7106465845756974,0.0,0.9927374746232797,0.0,0.0,0.12030089974141141
1788446895750733881,0,0.5427867991858703,0.7108446460947948,0.0,0.9927374746232797,0.0,0.0,0.12030089974141141
1788446895770763746,0,0.5427386781398521,0.7110402805049812,0.0,0.9927374746232797,0.0,0.0,0.12030089974141141
1788446895798058351,0,0.5426662838447827,0.7113345969504598,0.0,0.9927374746232797,0.0,0.0,0.12030089974141141
1788446895810727885,0,0.5426420796463834,0.7114329982627687,0.0,0.9927374746232797,0.0,0.0,0.12030089974141141
1788446895830735871,0,0.5425934930052602,0.7116305255333836,0.0,0.9927374746232797,0.0,0.0,0.12030089974141141
1788446895850733175,0,0.5425453304509538,0.7118263286940472,0.0,0.9927374746232797,0.0,0.0,0.12030089974141141
1788446895870743476,0,0.5424975559852079,0.712020554094398,0.0,0.9927374746232797,0.0,0.0,0.12030089974141141
1788446895898082726,0,0.5424258106039064,0.7123122323663248,0.0,0.9927374746232797,0.0,0.0,0.12030089974141141
1788446895910761386,0,0.5424018261387249,0.7124097403234242,0.0,0.9927374746232797,0.0,0.0,0.12030089974141141
1788446895930732955,0,0.5423538646354492,0.7126047260430738,0.0,0.9927374746232797,0.0,0.0,0.12030089974141141
1788446895950724203,0,0.5423053147302356,0.7128021038890636,0.0,0.9927374746232797,0.0,0.0,0.12030089974141141
1788446895970791833,0,0.5422560342711483,0.713002451774837,0.0,0.9927374746232797,0.0,0.0,0.12030089974141141
1788446895998039643,0,0.5421821085841878,0.7133029939887355,0.0,0.9927374746232797,0.0,0.0,0.12030089974141141
1788446896010744723,0,0.542157959420685,0.71340117158385,0.0,0.9927374746232797,0.0,0.0,0.12030089974141141
1788446896030716541,0,0.5421096540748032,0.7135975553090789,0.0,0.9927374746232797,0.0,0.0,0.12030089974141141
1788446896050725485,0,0.5420612548445061,0.7137943206801813,0.0,0.9927374746232797,0.0,0.0,0.12030089974141141
1788446896070749206,0,0.542012775840602,0.7139914103301651,0.0,0.9927374746232797,0.0,0.0,0.12030089974141141
1788446896098041070,0,0.5419643101090208,0.714188446021997,0.0,0.9927374746232797,0.0,0.0,0.12030089974141141
1788446896110775490,0,0.5419157570923383,0.7143858366443627,0.0,0.9927374746232797,0.0,0.0,0.12030089974141141
1788446896130737392,0,0.5418673553960407,0.7145826120788995,0.0,0.9927374746232797,0.0,0.0,0.12030089974141141
1788446896150865494,0,0.541819110775116,0.7147787489037943,0.0,0.9927374746232797,0.0,0.0,0.12030089974141141
1788446896170737735,0,0.541771228112905,0.7149734141730465,0.0,0.9927374746232797,0.0,0.0,0.12030089974141141
1788446896198079866,0,0.5417233483826498,0.7151680675225356,0.0,0.9927374746232797,0.0,0.0,0.12030089974141141
1788446896210724432,0,0.5416753660786752,0.7153631377314638,0.0,0.9927374746232797,0.0,0.0,0.12030089974141141
1788446896230739954,0,0.5416272463955025,0.7155587664502309,0.0,0.9927374746232797,0.0,0.0,0.12030089974141141
1788446896250727222,0,0.5415788814955275,0.7157553921266466,0.0,0.9927374746232797,0.0,0.0,0.12030089974141141
1788446896270728374,0,0.5415301397911579,0.7159535497250189,0.0,0.9927374746232797,0.0,0.0,0.12030089974141141
1788446896297983263,0,0.541481236539504,0.716152364087908,0.0,0.9927374746232797,0.0,0.0,0.12030089974141141
1788446896310781168,0,0.5414332996045954,0.7163472500008918,0.0,0.9927374746232797,0.0,0.0,0.12030089974141141
1788446896330731035,0,0.5413853585394304,0.7165421527052869,0.0,0.9927374746232797,0.0,0.0,0.12030089974141141
1788446896350820421,0,0.5413374743305811,0.7167368242623415,0.0,0.9927374746232797,0.0,0.0,0.12030089974141141
1788446896370750190,0,0.5412894994242521,0.7169318645467917,0.0,0.9927374746232797,0.0,0.0,0.12030089974141141
1788446896398233789,0,0.5412416312311992,0.7171264709921934,0.0,0.9927374746232797,0.0,0.0,0.12030089974141141
1788446896410742490,0,0.5411928844100875,0.7173246495198121,0.0,0.9927374746232797,0.0,0.0,0.12030089974141141
1788446896430730235,0,0.5411441371141635,0.7175228299777646,0.0,0.9927374746232797,0.0,0.0,0.12030089974141141
1788446896450713824,0,0.5410956604512541,0.7177199101613037,0.0,0.9927374746232797,0.0,0.0,0.12030089974141141
1788446896470745048,0,0.5410474327591884,0.7179159781372235,0.0,0.9927374746232797,0.0,0.0,0.12030089974141141
1788446896497836747,0,0.540999196422469,0.7181120812576777,0.0,0.9927374746232797,0.0,0.0,0.12030089974141141
1788446896510736471,0,0.5409753070476715,0.7182092026283339,0.0,0.9927374746232797,0.0,0.0,0.12030089974141141
1788446896530719017,0,0.5409265377352871,0.7184074724660704,0.0,0.9927374746232797,0.0,0.0,0.12030089974141141
1788446896550733467,0,0.5408770111968014,0.7186088207785464,0.0,0.9927374746232797,0.0,0.0,0.12030089974141141
1788446896570765897,0,0.5408284520207177,0.7188062363149158,0.0,0.9927374746232797,0.0,0.0,0.12030089974141141
1788446896597945695,0,0.5407557007276949,0.7191020040089335,0.0,0.9927374746232797,0.0,0.0,0.12030089974141141
1788446896610722736,0,0.5407314912756083,0.7192004267305084,0.0,0.9927374746232797,0.0,0.0,0.12030089974141141
1788446896630741399,0,0.5406830727588025,0.7193972705988291,0.0,0.9927374746232797,0.0,0.0,0.12030089974141141
1788446896650722003,0,0.5406345585387278,0.7195945034821123,0.0,0.9927374746232797,0.0,0.0,0.12030089974141141
1788446896670729203,0,0.5405859257492149,0.7197922182911587,0.0,0.9927374746232797,0.0,0.0,0.12030089974141141
1788446896697965572,0,0.5405122787907529,0.7200916272799296,0.0,0.9927374746232797,0.0,0.0,0.12030089974141141
1788446896710736208,0,0.540487827704376,0.72019103226826,0.0,0.9927374746232797,0.0,0.0,0.12030089974141141
1788446896730727214,0,0.5404391824050493,0.720388797935492,0.0,0.9927374746232797,0.0,0.0,0.12030089974141141
1788446896750727264,0,0.5403911451377151,0.7205840916959181,0.0,0.9927374746232797,0.0,0.0,0.12030089974141141
1788446896770751726,0,0.5403437655585328,0.7207767116741648,0.0,0.9927374746232797,0.0,0.0,0.12030089974141141
1788446896798456505,0,0.5402726056623355,0.7210660096899101,0.0,0.9927374746232797,0.0,0.0,0.12030089974141141
1788446896810761442,0,0.5402483401707027,0.7211646601876919,0.0,0.9927374746232797,0.0,0.0,0.12030089974141141
1788446896830744321,0,0.5402008862878602,0.72135758226959,0.0,0.9927374746232797,0.0,0.0,0.12030089974141141
1788446896850723138,0,0.5401527554350823,0.7215532565488113,0.0,0.9927374746232797,0.0,0.0,0.12030089974141141
1788446896870768149,0,0.5401039097430181,0.7217518369818615,0.0,0.9927374746232797,0.0,0.0,0.12030089974141141
1788446896898038861,0,0.540030800739169,0.7220490590125636,0.0,0.9927374746232797,0.0,0.0,0.12030089974141141
1788446896910775791,0,0.5400065314618618,0.7221477248628372,0.0,0.9927374746232797,0.0,0.0,0.12030089974141141
1788446896930740777,0,0.5399578200837449,0.7223457591709498,0.0,0.9927374746232797,0.0,0.0,0.12030089974141141
1788446896950725381,0,0.5399092320929411,0.722543291890404,0.0,0.9927374746232797,0.0,0.0,0.12030089974141141
1788446896970729801,0,0.5398607736081397,0.7227402981460261,0.0,0.9927374746232797,0.0,0.0,0.12030089974141141
1788446896998383320,0,0.5397629647147257,0.7231379365869584,0.0,0.9927374746232797,0.0,0.0,0.12030089974141141
1788446897010720074,0,0.5397139302815733,0.7233372841865395,0.0,0.9927374746232797,0.0,0.0,0.12030089974141141
1788446897030724299,0,0.5396140012466127,0.7237435418297338,0.0,0.9927374746232797,0.0,0.0,0.12030089974141141
1788446897050717056,0,0.5395134519036667,0.7241523214726909,0.0,0.9927374746232797,0.0,0.0,0.12030089974141141
1788446897070730144,0,0.5394103214729474,0.7245715945902875,0.0,0.9927374746232797,0.0,0.0,0.12030089974141141
1788446897098576704,0,0.5392590580817088,0.725186550480599,0.0,0.9927374746232797,0.0,0.0,0.12030089974141141
1788446897110717156,0,0.539211547691943,0.7253797022149401,0.0,0.9927374746232797,0.0,0.0,0.12030089974141141
1788446897130737281,0,0.5391158231771659,0.725768866693264,0.0,0.9927374746232797,0.0,0.0,0.12030089974141141
1788446897150740831,0,0.5390206151963036,0.7261559312220403,0.0,0.9927374746232797,0.0,0.0,0.12030089974141141
1788446897170738517,0,0.5389249062327571,0.7265450324774102,0.0,0.9927374746232797,0.0,0.0,0.12030089974141141
1788446897198431950,0,0.5387801548837365,0.7271335136622724,0.0,0.9927374746232797,0.0,0.0,0.12030089974141141
1788446897210765469,0,0.5387304382506162,0.7273356347195508,0.0,0.9927374746232797,0.0,0.0,0.12030089974141141
1788446897230722458,0,0.5386321114263091,0.7277353786370374,0.0,0.9927374746232797,0.0,0.0,0.12030089974141141
1788446897250714567,0,0.538509348979765,0.7282344649439206,0.0,0.9927374746232797,0.0,0.0,0.12030089974141141
1788446897270749032,0,0.5383615064994708,0.7288355134717237,0.0,0.9927374746232797,0.0,0.0,0.12030089974141141
1788446897297959952,0,0.5382140090240968,0.7294351593938688,0.0,0.9927374746232797,0.0,0.0,0.12030089974141141
1788446897310764618,0,0.5380639131511221,0.7300453688554364,0.0,0.9927374746232797,0.0,0.0,0.12030089974141141
1788446897330729653,0,0.5379138130944197,0.7306555953258012,0.0,0.9927374746232797,0.0,0.0,0.12030089974141141
1788446897350725386,0,0.5377670893644585,0.7312520954592452,0.0,0.9927374746232797,0.0,0.0,0.12030089974141141
1788446897370767594,0,0.5376237802306677,0.7318347136727584,0.0,0.9927374746232797,0.0,0.0,0.12030089974141141
1788446897398105067,0,0.5374803018233224,0.7324180200619189,0.0,0.9927374746232797,0.0,0.0,0.12030089974141141
1788446897410725346,0,0.5373360685050486,0.7330043955147525,0.0,0.9927374746232797,0.0,0.0,0.12030089974141141
1788446897430745811,0,0.5371917751379062,0.7335910150941367,0.0,0.9927374746232797,0.0,0.0,0.12030089974141141
1788446897450721623,0,0.5370466292993313,0.7341811002515546,0.0,0.9927374746232797,0.0,0.0,0.12030089974141141
1788446897470728088,0,0.5369003238896586,0.7347758994893866,0.0,0.9927374746232797,0.0,0.0,0.12030089974141141
1788446897498056544,0,0.5367537406674332,0.7353718281638875,0.0,0.9927374746232797,0.0,0.0,0.12030089974141141
1788446897510720173,0,0.5366083181799355,0.7359630381421312,0.0,0.9927374746232797,0.0,0.0,0.12030089974141141
1788446897530736618,0,0.5364620506549851,0.7365576835902434,0.0,0.9927374746232797,0.0,0.0,0.12030089974141141
1788446897550727816,0,0.5363172036074376,0.7371465541377266,0.0,0.9927374746232797,0.0,0.0,0.12030089974141141
1788446897570725564,0,0.5362432030254141,0.7374474008859908,0.0,0.9927374746232797,0.0,0.0,0.12030089974141141
1788446897598021621,0,0.5360244589108938,0.7383366973449619,0.0,0.9927374746232797,0.0,0.0,0.12030089974141141
1788446897610930592,0,0.5359513877180582,0.7386337657707032,0.0,0.9927374746232797,0.0,0.0,0.12030089974141141
1788446897630728666,0,0.5358051288827891,0.7392283760440271,0.0,0.9927374746232797,0.0,0.0,0.12030089974141141
1788446897650725753,0,0.5356571455730995,0.739829997032601,0.0,0.9927374746232797,0.0,0.0,0.12030089974141141
1788446897670762862,0,0.5355118786823961,0.7404205739822793,0.0,0.9927374746232797,0.0,0.0,0.12030089974141141
1788446897698749367,0,0.5352942910522847,0.7413051682265813,0.0,0.9927374746232797,0.0,0.0,0.12030089974141141
1788446897711084134,0,0.5352220098168101,0.7415990249190026,0.0,0.9927374746232797,0.0,0.0,0.12030089974141141
1788446897730803831,0,0.5350774123730647,0.7421868804844569,0.0,0.9927374746232797,0.0,0.0,0.12030089974141141
1788446897750779752,0,0.5349303074446756,0.7427849302504874,0.0,0.9927374746232797,0.0,0.0,0.12030089974141141
1788446897770748590,0,0.5347843246480347,0.7433784179169571,0.0,0.9927374746232797,0.0,0.0,0.12030089974141141
1788446897798541949,0,0.5345659865082427,0.7442660635578696,0.0,0.9927374746232797,0.0,0.0,0.12030089974141141
1788446897810787382,0,0.5344935136044152,0.744560699357325,0.0,0.9927374746232797,0.0,0.0,0.12030089974141141
1788446897830788149,0,0.534346151178258,0.7451597956256879,0.0,0.9927374746232797,0.0,0.0,0.12030089974141141
1788446897850724189,0,0.534198019745071,0.7457620184959203,0.0,0.9927374746232797,0.0,0.0,0.12030089974141141
1788446897870748036,0,0.5340538068885459,0.7463483107622385,0.0,0.9927374746232797,0.0,0.0,0.12030089974141141
1788446897898062115,0,0.5338371208955658,0.7472292398869564,0.0,0.9927374746232797,0.0,0.0,0.12030089974141141
1788446897910741865,0,0.5337644318716434,0.7475247544282473,0.0,0.9927374746232797,0.0,0.0,0.12030089974141141
1788446897930747607,0,0.5336190107921255,0.7481159584545057,0.0,0.9927374746232797,0.0,0.0,0.12030089974141141
1788446897950731112,0,0.5334739056898353,0.7487058777735696,0.0,0.9927374746232797,0.0,0.0,0.12030089974141141
1788446897970725287,0,0.5333290936978831,0.7492946053498944,0.0,0.9927374746232797,0.0,0.0,0.12030089974141141
1788446897998086374,0,0.5331109214905333,0.7501815761716669,0.0,0.9927374746232797,0.0,0.0,0.12030089974141141
1788446898010730143,0,0.5330385493496832,0.7504758024365344,0.0,0.9927374746232797,0.0,0.0,0.12030089974141141
1788446898030737171,0,0.532893881936008,0.7510639424621537,0.0,0.9927374746232797,0.0,0.0,0.12030089974141141
1788446898050727598,0,0.5327467705221791,0.7516620185972834,0.0,0.9927374746232797,0.0,0.0,0.12030089974141141
1788446898070750574,0,0.5326004932302143,0.7522567037528474,0.0,0.9927374746232797,0.0,0.0,0.12030089974141141
1788446898098006643,0,0.5323816958666339,0.7531462165805175,0.0,0.9927374746232797,0.0,0.0,0.12030089974141141
1788446898110781658,0,0.532308563160893,0.7534435348938492,0.0,0.9927374746232797,0.0,0.0,0.12030089974141141
1788446898130762105,0,0.5321637620123613,0.7540322186135868,0.0,0.9927374746232797,0.0,0.0,0.12030089974141141
1788446898150720548,0,0.5320169675685053,0.7546290061949765,0.0,0.9927374746232797,0.0,0.0,0.12030089974141141
1788446898170754237,0,0.5318706915750187,0.7552236862244449,0.0,0.9927374746232797,0.0,0.0,0.12030089974141141
1788446898198093570,0,0.5316512665814057,0.7561157509266997,0.0,0.9927374746232797,0.0,0.0,0.12030089974141141
1788446898210771082,0,0.5315782075622558,0.756412769784411,0.0,0.9927374746232797,0.0,0.0,0.12030089974141141
1788446898230738069,0,0.5314328206552814,0.7570038351112958,0.0,0.9927374746232797,0.0,0.0,0.12030089974141141
1788446898250726527,0,0.5312863248242005,0.7575994088056026,0.0,0.9927374746232797,0.0,0.0,0.12030089974141141
1788446898270732075,0,0.5311413209819437,0.7581889169479228,0.0,0.9927374746232797,0.0,0.0,0.12030089974141141
1788446898298001032,0,0.5309948336611013,0.7587844561215004,0.0,0.9927374746232797,0.0,0.0,0.12030089974141141
1788446898310730034,0,0.5308483529337263,0.7593799686425988,0.0,0.9927374746232797,0.0,0.0,0.12030089974141141
1788446898330731599,0,0.5307032766094862,0.7599697716095024,0.0,0.9927374746232797,0.0,0.0,0.12030089974141141
1788446898350727576,0,0.5305576929070891,0.7605616372290608,0.0,0.9927374746232797,0.0,0.0,0.12030089974141141
1788446898370727579,0,0.5304119028835533,0.7611543415643791,0.0,0.9927374746232797,0.0,0.0,0.12030089974141141
1788446898398157323,0,0.530263836435481,0.7617563006254945,0.0,0.9927374746232797,0.0,0.0,0.12030089974141141
1788446898410734988,0,0.5301186444314878,0.7623465737328935,0.0,0.9927374746232797,0.0,0.0,0.12030089974141141
1788446898430748291,0,0.5299732992747292,0.7629374694776027,0.0,0.9927374746232797,0.0,0.0,0.12030089974141141
1788446898450727767,0,0.5298283469313235,0.763526768177519,0.0,0.9927374746232797,0.0,0.0,0.12030089974141141
1788446898470732546,0,0.5296838308059089,0.7641142933727789,0.0,0.9927374746232797,0.0,0.0,0.12030089974141141
1788446898497959377,0,0.5295389775397632,0.7647031892017537,0.0,0.9927374746232797,0.0,0.0,0.12030089974141141
1788446898510766225,0,0.5293934651494887,0.7652947646765554,0.0,0.9927374746232797,0.0,0.0,0.12030089974141141
1788446898530738656,0,0.5292485219144059,0.7658840262710614,0.0,0.9927374746232797,0.0,0.0,0.12030089974141141
1788446898550719896,0,0.5291035058310769,0.7664735840275347,0.0,0.9927374746232797,0.0,0.0,0.12030089974141141
1788446898570753769,0,0.5290306884680854,0.7667696204406832,0.0,0.9927374746232797,0.0,0.0,0.12030089974141141
1788446898598089913,0,0.5288107257234959,0.7676638711970886,0.0,0.9927374746232797,0.0,0.0,0.12030089974141141
1788446898610752424,0,0.5287382199886174,0.7679586407729185,0.0,0.9927374746232797,0.0,0.0,0.12030089974141141
1788446898630730796,0,0.5285931760016063,0.7685483121223587,0.0,0.9927374746232797,0.0,0.0,0.12030089974141141
1788446898650719308,0,0.5284481331391112,0.7691379789001178,0.0,0.9927374746232797,0.0,0.0,0.12030089974141141
1788446898670750191,0,0.5283025953624694,0.7697296575822983,0.0,0.9927374746232797,0.0,0.0,0.12030089974141141
1788446898698312769,0,0.5280842092557495,0.7706174985732223,0.0,0.9927374746232797,0.0,0.0,0.12030089974141141
1788446898710729025,0,0.52801169605551,0.770912298423463,0.0,0.9927374746232797,0.0,0.0,0.12030089974141141
1788446898730751471,0,0.5278650804037116,0.77150835916896,0.0,0.9927374746232797,0.0,0.0,0.12030089974141141
1788446898750730075,0,0.5277190852329258,0.7721018973708517,0.0,0.9927374746232797,0.0,0.0,0.12030089974141141
1788446898770730418,0,0.5275739836295943,0.7726918028058695,0.0,0.9927374746232797,0.0,0.0,0.12030089974141141
1788446898798187932,0,0.5273561856261926,0.7735772528835589,0.0,0.9927374746232797,0.0,0.0,0.12030089974141141
1788446898810730214,0,0.5272834974744445,0.7738727639929686,0.0,0.9927374746232797,0.0,0.0,0.12030089974141141
1788446898830771723,0,0.5271381029788933,0.7744638601709438,0.0,0.9927374746232797,0.0,0.0,0.12030089974141141
1788446898850730512,0,0.5269915665857888,0.7750595986930245,0.0,0.9927374746232797,0.0,0.0,0.12030089974141141
1788446898870769307,0,0.5268465774130631,0.7756490468181761,0.0,0.9927374746232797,0.0,0.0,0.12030089974141141
1788446898898441969,0,0.5266289694487094,0.776533724071602,0.0,0.9927374746232797,0.0,0.0,0.12030089974141141
1788446898910824912,0,0.5265559727370849,0.7768304896202733,0.0,0.9927374746232797,0.0,0.0,0.12030089974141141
1788446898930766101,0,0.5264107668899343,0.7774208188548503,0.0,0.9927374746232797,0.0,0.0,0.12030089974141141
1788446898950717178,0,0.526265450272197,0.7780115984233282,0.0,0.9927374746232797,0.0,0.0,0.12030089974141141
1788446898970756126,0,0.5261202024514132,0.7786020983002259,0.0,0.9927374746232797,0.0,0.0,0.12030089974141141
1788446898999472013,0,0.5259022132284662,0.7794883256602786,0.0,0.9927374746232797,0.0,0.0,0.12030089974141141
1788446899010903275,0,0.5258298606777465,0.7797824722821944,0.0,0.9927374746232797,0.0,0.0,0.12030089974141141
1788446899030737164,0,0.5256828124227555,0.7803802915302236,0.0,0.9927374746232797,0.0,0.0,0.12030089974141141
1788446899050732505,0,0.5255374470100622,0.7809712693590297,0.0,0.9927374746232797,0.0,0.0,0.12030089974141141
1788446899070809435,0,0.5253920183649667,0.7815625043707691,0.0,0.9927374746232797,0.0,0.0,0.12030089974141141
1788446899098495607,0,0.525172788368874,0.7824537760502016,0.0,0.9927374746232797,0.0,0.0,0.12030089974141141
1788446899110743638,0,0.5251000995429058,0.7827492897867168,0.0,0.9927374746232797,0.0,0.0,0.12030089974141141
1788446899130779567,0,0.524953761869229,0.7833442201926653,0.0,0.9927374746232797,0.0,0.0,0.12030089974141141
1788446899150712746,0,0.5248084422054184,0.7839350119171126,0.0,0.9927374746232797,0.0,0.0,0.12030089974141141
1788446899170732649,0,0.5246624835966812,0.7845284012485534,0.0,0.9927374746232797,0.0,0.0,0.12030089974141141
1788446899198081719,0,0.5244426492019337,0.7854221298587085,0.0,0.9927374746232797,0.0,0.0,0.12030089974141141
1788446899210748717,0,0.5243699904087447,0.7857175214980698,0.0,0.9927374746232797,0.0,0.0,0.12030089974141141
1788446899230742191,0,0.5242236788176045,0.7863123458664288,0.0,0.9927374746232797,0.0,0.0,0.12030089974141141
1788446899250695434,0,0.5240784353377836,0.7869028279815262,0.0,0.9927374746232797,0.0,0.0,0.12030089974141141
1788446899270725176,0,0.5239328352354404,0.7874947600466408,0.0,0.9927374746232797,0.0,0.0,0.12030089974141141
1788446899298056803,0,0.5237147277424363,0.7883814683433594,0.0,0.9927374746232797,0.0,0.0,0.12030089974141141
1788446899310753651,0,0.5236420306730456,0.7886770157071298,0.0,0.9927374746232797,0.0,0.0,0.12030089974141141
1788446899330745671,0,0.5234964091631209,0.7892690348040097,0.0,0.9927374746232797,0.0,0.0,0.12030089974141141
1788446899350729303,0,0.5233505781538735,0.789861905612974,0.0,0.9927374746232797,0.0,0.0,0.12030089974141141
1788446899370734692,0,0.5232056544731506,0.790451087709921,0.0,0.9927374746232797,0.0,0.0,0.12030089974141141
1788446899397834918,0,0.5229877440019884,0.7913369950213118,0.0,0.9927374746232797,0.0,0.0,0.12030089974141141
1788446899410737661,0,0.5229151604852171,0.7916320807409248,0.0,0.9927374746232797,0.0,0.0,0.12030089974141141
1788446899430742576,0,0.5227699946640424,0.7922222472513123,0.0,0.9927374746232797,0.0,0.0,0.12030089974141141
1788446899450726537,0,0.5226251654356494,0.7928110452424102,0.0,0.9927374746232797,0.0,0.0,0.12030089974141141
1788446899470757164,0,0.522480269907784,0.7934001126578419,0.0,0.9927374746232797,0.0,0.0,0.12030089974141141
1788446899497909835,0,0.5223351668678605,0.7939900237058789,0.0,0.9927374746232797,0.0,0.0,0.12030089974141141
1788446899510805520,0,0.5221900226622355,0.7945801024906537,0.0,0.9927374746232797,0.0,0.0,0.12030089974141141
1788446899530744603,0,0.5220448881756482,0.7951701417630137,0.0,0.9927374746232797,0.0,0.0,0.12030089974141141
1788446899550787010,0,0.52189951519764,0.7957611506140578,0.0,0.9927374746232797,0.0,0.0,0.12030089974141141
1788446899570748270,0,0.5217539165880021,0.7963530767627459,0.0,0.9927374746232797,0.0,0.0,0.12030089974141141
1788446899597998033,0,0.5216082503596319,0.7969452778130686,0.0,0.9927374746232797,0.0,0.0,0.12030089974141141
1788446899610727701,0,0.5214632646737718,0.7975347119897069,0.0,0.9927374746232797,0.0,0.0,0.12030089974141141
1788446899630830011,0,0.5213180943146734,0.798124896948863,0.0,0.9927374746232797,0.0,0.0,0.12030089974141141
1788446899650722729,0,0.5211725899606574,0.7987164396382238,0.0,0.9927374746232797,0.0,0.0,0.12030089974141141
1788446899670730925,0,0.5210256554190252,0.7993137965887932,0.0,0.9927374746232797,0.0,0.0,0.12030089974141141
1788446899698179503,0,0.520879898936313,0.7999063641843468,0.0,0.9927374746232797,0.0,0.0,0.12030089974141141
1788446899710731829,0,0.5207332252163878,0.8005026610037591,0.0,0.9927374746232797,0.0,0.0,0.12030089974141141
1788446899730749992,0,0.520586800795563,0.801097944306498,0.0,0.9927374746232797,0.0,0.0,0.12030089974141141
1788446899750744219,0,0.520438643600659,0.8017002722180608,0.0,0.9927374746232797,0.0,0.0,0.12030089974141141
1788446899770733390,0,0.5203661015746253,0.8019951893343367,0.0,0.9927374746232797,0.0,0.0,0.12030089974141141
1788446899798085018,0,0.5201475644331558,0.8028836445800084,0.0,0.9927374746232797,0.0,0.0,0.12030089974141141
1788446899810725832,0,0.520074912436783,0.8031790087010188,0.0,0.9927374746232797,0.0,0.0,0.12030089974141141
1788446899830751080,0,0.5199280999661358,0.8037758696065833,0.0,0.9927374746232797,0.0,0.0,0.12030089974141141
1788446899850736521,0,0.5197828257481654,0.8043664768003091,0.0,0.9927374746232797,0.0,0.0,0.12030089974141141
1788446899870749391,0,0.5196378133178473,0.8049560197055954,0.0,0.9927374746232797,0.0,0.0,0.12030089974141141
1788446899898053190,0,0.5194202696154332,0.8058404359316167,0.0,0.9927374746232797,0.0,0.0,0.12030089974141141
1788446899910774288,0,0.5193476348282349,0.8061357299375667,0.0,0.9927374746232797,0.0,0.0,0.12030089974141141
1788446899930732592,0,0.5192020855823177,0.8067274549435552,0.0,0.9927374746232797,0.0,0.0,0.12030089974141141
1788446899950724834,0,0.5190556805361368,0.8073226591734517,0.0,0.9927374746232797,0.0,0.0,0.12030089974141141
1788446899970763514,0,0.5189106056182741,0.8079124561196405,0.0,0.9927374746232797,0.0,0.0,0.12030089974141141
1788446899998463995,0,0.5186928738767664,0.8087976368119435,0.0,0.9927374746232797,0.0,0.0,0.12030089974141141
1788446900010733945,0,0.5186200671685895,0.8090936299083202,0.0,0.9927374746232797,0.0,0.0,0.12030089974141141
1788446900030747762,0,0.5184737007373295,0.8096886774565355,0.0,0.9927374746232797,0.0,0.0,0.12030089974141141
1788446900050721427,0,0.5183276828548133,0.8102823079921629,0.0,0.9927374746232797,0.0,0.0,0.12030089974141141
1788446900070726033,0,0.5181807974260302,0.8108794655064473,0.0,0.9927374746232797,0.0,0.0,0.12030089974141141
1788446900098114920,0,0.5179624796025076,0.811767028894448,0.0,0.9927374746232797,0.0,0.0,0.12030089974141141
1788446900110725282,0,0.5178899255280801,0.8120619948035528,0.0,0.9927374746232797,0.0,0.0,0.12030089974141141
1788446900130744817,0,0.5177439205481059,0.812655572655544,0.0,0.9927374746232797,0.0,0.0,0.12030089974141141
1788446900150772792,0,0.5175984085732276,0.8132471463278784,0.0,0.9927374746232797,0.0,0.0,0.12030089974141141
1788446900170728470,0,0.5174526725677491,0.8138396309023813,0.0,0.9927374746232797,0.0,0.0,0.12030089974141141
1788446900197964816,0,0.5172316065446327,0.8147383669986065,0.0,0.9927374746232797,0.0,0.0,0.12030089974141141
1788446900210781042,0,0.5171586365047252,0.815035024114356,0.0,0.9927374746232797,0.0,0.0,0.12030089974141141
1788446900230745758,0,0.5170133058785104,0.8156258606338037,0.0,0.9927374746232797,0.0,0.0,0.12030089974141141
1788446900250731941,0,0.516866083264977,0.8162243888439067,0.0,0.9927374746232797,0.0,0.0,0.12030089974141141
1788446900270960776,0,0.516721094061282,0.8168138370949627,0.0,0.9927374746232797,0.0,0.0,0.12030089974141141
1788446900298140393,0,0.5165013050926838,0.8177073810267862,0.0,0.9927374746232797,0.0,0.0,0.12030089974141141
1788446900310748211,0,0.5164279193964747,0.8180057278635201,0.0,0.9927374746232797,0.0,0.0,0.12030089974141141
1788446900330734518,0,0.5162822294656048,0.8185980248950178,0.0,0.9927374746232797,0.0,0.0,0.12030089974141141
1788446900350726299,0,0.5161355121011576,0.8191944990343326,0.0,0.9927374746232797,0.0,0.0,0.12030089974141141
1788446900370749923,0,0.5159902445553021,0.8197850791028114,0.0,0.9927374746232797,0.0,0.0,0.12030089974141141
1788446900398052997,0,0.5157721092181012,0.8206719004850542,0.0,0.9927374746232797,0.0,0.0,0.12030089974141141
1788446900410813167,0,0.5156993134523814,0.8209678489811788,0.0,0.9927374746232797,0.0,0.0,0.12030089974141141
1788446900430796971,0,0.5155521066801726,0.8215663126751002,0.0,0.9927374746232797,0.0,0.0,0.12030089974141141
1788446900450727396,0,0.5154067830240975,0.8221571208194404,0.0,0.9927374746232797,0.0,0.0,0.12030089974141141
1788446900470748669,0,0.5152616635388563,0.8227470991043431,0.0,0.9927374746232797,0.0,0.0,0.12030089974141141
1788446900498326014,0,0.515043497109796,0.8236340471554378,0.0,0.9927374746232797,0.0,0.0,0.12030089974141141
1788446900510832791,0,0.5149703823923869,0.8239312924524514,0.0,0.9927374746232797,0.0,0.0,0.12030089974141141
1788446900530742710,0,0.5148241960625374,0.8245256078047533,0.0,0.9927374746232797,0.0,0.0,0.12030089974141141
1788446900550723502,0,0.5146786131457283,0.8251174700026866,0.0,0.9927374746232797,0.0,0.0,0.12030089974141141
1788446900570724746,0,0.5145328780137658,0.825709951025941,0.0,0.9927374746232797,0.0,0.0,0.12030089974141141
1788446900597999227,0,0.5143864242194639,0.8263053537455118,0.0,0.9927374746232797,0.0,0.0,0.12030089974141141
1788446900610716406,0,0.5142415846362252,0.8268941939471123,0.0,0.9927374746232797,0.0,0.0,0.12030089974141141
1788446900630741209,0,0.5140968503594991,0.8274826060288111,0.0,0.9927374746232797,0.0,0.0,0.12030089974141141
1788446900650723172,0,0.5139518382074361,0.8280721476890541,0.0,0.9927374746232797,0.0,0.0,0.12030089974141141
1788446900670721283,0,0.5138064721674119,0.8286631279542839,0.0,0.9927374746232797,0.0,0.0,0.12030089974141141
1788446900697907572,0,0.5136595942734797,0.8292602546057221,0.0,0.9927374746232797,0.0,0.0,0.12030089974141141
1788446900710751015,0,0.513514076101014,0.829851853359773,0.0,0.9927374746232797,0.0,0.0,0.12030089974141141
1788446900730720321,0,0.5133681784443366,0.8304449948928665,0.0,0.9927374746232797,0.0,0.0,0.12030089974141141
1788446900750715427,0,0.513222861382277,0.8310357761537581,0.0,0.9927374746232797,0.0,0.0,0.12030089974141141
1788446900770730380,0,0.5130776293804241,0.831626211719352,0.0,0.9927374746232797,0.0,0.0,0.12030089974141141
1788446900798368667,0,0.5129321850316688,0.832217510573765,0.0,0.9927374746232797,0.0,0.0,0.12030089974141141
1788446900810729597,0,0.5127863642670165,0.8328103397336907,0.0,0.9927374746232797,0.0,0.0,0.12030089974141141
1788446900830747465,0,0.5126412196172596,0.8334004201724282,0.0,0.9927374746232797,0.0,0.0,0.12030089974141141
1788446900850721431,0,0.5124961520534681,0.8339901871072632,0.0,0.9927374746232797,0.0,0.0,0.12030089974141141
1788446900870713947,0,0.5123511184621109,0.83457981581472,0.0,0.9927374746232797,0.0,0.0,0.12030089974141141
1788446900898084043,0,0.5122060210835626,0.8351697038466458,0.0,0.9927374746232797,0.0,0.0,0.12030089974141141
1788446900910749206,0,0.5121333014110176,0.8354653429887794,0.0,0.9927374746232797,0.0,0.0,0.12030089974141141
1788446900930762178,0,0.5119853831443699,0.8360666992370566,0.0,0.9927374746232797,0.0,0.0,0.12030089974141141
1788446900950736661,0,0.5118398996018739,0.8366581572042449,0.0,0.9927374746232797,0.0,0.0,0.12030089974141141
1788446900970921841,0,0.5116947380641655,0.837248306300352,0.0,0.9927374746232797,0.0,0.0,0.12030089974141141
1788446900998158413,0,0.5114769947260224,0.8381335341383666,0.0,0.9927374746232797,0.0,0.0,0.12030089974141141
1788446901010729627,0,0.5114041629247188,0.8384296293260532,0.0,0.9927374746232797,0.0,0.0,0.12030089974141141
1788446901030761833,0,0.511258529581401,0.8390216966833246,0.0,0.9927374746232797,0.0,0.0,0.12030089974141141
1788446901050730751,0,0.5111131504542139,0.8396127305336439,0.0,0.9927374746232797,0.0,0.0,0.12030089974141141
1788446901070723558,0,0.5109665834089716,0.8402085936709068,0.0,0.9927374746232797,0.0,0.0,0.12030089974141141
1788446901098114630,0,0.5107480826459972,0.8410969007927769,0.0,0.9927374746232797,0.0,0.0,0.12030089974141141
1788446901110779645,0,0.5106756452451393,0.8413913924833134,0.0,0.9927374746232797,0.0,0.0,0.12030089974141141
1788446901130752973,0,0.5105307617890579,0.8419804110484039,0.0,0.9927374746232797,0.0,0.0,0.12030089974141141
1788446901150729763,0,0.5103837718013908,0.8425779935263433,0.0,0.9927374746232797,0.0,0.0,0.12030089974141141
1788446901170767146,0,0.5102379339006214,0.8431708921240002,0.0,0.9927374746232797,0.0,0.0,0.12030089974141141
1788446901198182398,0,0.5100181648120945,0.8440643554236376,0.0,0.9927374746232797,0.0,0.0,0.12030089974141141
1788446901210765506,0,0.5099456053181214,0.8443593435552212,0.0,0.9927374746232797,0.0,0.0,0.12030089974141141
1788446901230734016,0,0.5098004640821497,0.8449494102669725,0.0,0.9927374746232797,0.0,0.0,0.12030089974141141
1788446901250732011,0,0.5096550925976063,0.8455404128569877,0.0,0.9927374746232797,0.0,0.0,0.12030089974141141
1788446901270749320,0,0.5095079279484801,0.8461387053010734,0.0,0.9927374746232797,0.0,0.0,0.12030089974141141
1788446901298279983,0,0.5092901264417939,0.8470241693559363,0.0,0.9927374746232797,0.0,0.0,0.12030089974141141
1788446901310774632,0,0.5092158373025559,0.8473261891845405,0.0,0.9927374746232797,0.0,0.0,0.12030089974141141
1788446901330738759,0,0.5090687764501176,0.8479240598006683,0.0,0.9927374746232797,0.0,0.0,0.12030089974141141
1788446901350725622,0,0.5089232287274081,0.8485157789562261,0.0,0.9927374746232797,0.0,0.0,0.12030089974141141
1788446901370738375,0,0.5087776996413477,0.849107422459197,0.0,0.9927374746232797,0.0,0.0,0.12030089974141141
1788446901398604814,0,0.5085585277190392,0.8499984584615549,0.0,0.9927374746232797,0.0,0.0,0.12030089974141141
1788446901410735041,0,0.5084855952666932,0.8502949629187949,0.0,0.9927374746232797,0.0,0.0,0.12030089974141141
1788446901430727115,0,0.5083380293468522,0.8508948872537404,0.0,0.9927374746232797,0.0,0.0,0.12030089974141141
1788446901450734396,0,0.5081928674479013,0.8514850379708038,0.0,0.9927374746232797,0.0,0.0,0.12030089974141141
1788446901470738630,0,0.508046488021189,0.8520801383515703,0.0,0.9927374746232797,0.0,0.0,0.12030089974141141
1788446901498780176,0,0.5078289455391496,0.8529645497684036,0.0,0.9927374746232797,0.0,0.0,0.12030089974141141
1788446901510769370,0,0.5077561251773466,0.8532605985252727,0.0,0.9927374746232797,0.0,0.0,0.12030089974141141
1788446901530735866,0,0.5076108439225265,0.8538512346306272,0.0,0.9927374746232797,0.0,0.0,0.12030089974141141
1788446901550743751,0,0.5074650883292783,0.8544437990671636,0.0,0.9927374746232797,0.0,0.0,0.12030089974141141
1788446901570730509,0,0.5073175564329434,0.8550435849265432,0.0,0.9927374746232797,0.0,0.0,0.12030089974141141
1788446901598699063,0,0.5070994431814716,0.8559303166728046,0.0,0.9927374746232797,0.0,0.0,0.12030089974141141
1788446901610758794,0,0.507026758824946,0.856225812238966,0.0,0.9927374746232797,0.0,0.0,0.12030089974141141
1788446901630724070,0,0.5068818211379051,0.8568150510509678,0.0,0.9927374746232797,0.0,0.0,0.12030089974141141
1788446901650729869,0,0.506735558766648,0.8574096752037702,0.0,0.9927374746232797,0.0,0.0,0.12030089974141141
1788446901670751405,0,0.506590169509418,0.8580007496298497,0.0,0.9927374746232797,0.0,0.0,0.12030089974141141
1788446901698059089,0,0.506444607214078,0.8585925275357019,0.0,0.9927374746232797,0.0,0.0,0.12030089974141141
1788446901710756338,0,0.5062978145775137,0.8591893078065034,0.0,0.9927374746232797,0.0,0.0,0.12030089974141141
1788446901730724540,0,0.5061522956166056,0.8597809099939838,0.0,0.9927374746232797,0.0,0.0,0.12030089974141141
1788446901750727492,0,0.5060069934872936,0.860371630660281,0.0,0.9927374746232797,0.0,0.0,0.12030089974141141
1788446901770761571,0,0.5058609926867879,0.8609651917495995,0.0,0.9927374746232797,0.0,0.0,0.12030089974141141
1788446901798446220,0,0.5057158764980578,0.8615551564810392,0.0,0.9927374746232797,0.0,0.0,0.12030089974141141
1788446901810779171,0,0.505570125467766,0.8621477022906626,0.0,0.9927374746232797,0.0,0.0,0.12030089974141141
1788446901830721920,0,0.5054243156725767,0.8627404870069594,0.0,0.9927374746232797,0.0,0.0,0.12030089974141141
1788446901850728529,0,0.5052768891094558,0.8633398445599256,0.0,0.9927374746232797,0.0,0.0,0.12030089974141141
1788446901870740215,0,0.5051317131568146,0.8639300522594321,0.0,0.9927374746232797,0.0,0.0,0.12030089974141141
1788446901897996512,0,0.5049866068133999,0.8645199769650908,0.0,0.9927374746232797,0.0,0.0,0.12030089974141141
1788446901910719525,0,0.5048413257055345,0.8651106117140935,0.0,0.9927374746232797,0.0,0.0,0.12030089974141141
1788446901930735869,0,0.50469596032419,0.8657015890736808,0.0,0.9927374746232797,0.0,0.0,0.12030089974141141
1788446901950729074,0,0.5046228309580763,0.8659988936952792,0.0,0.9927374746232797,0.0,0.0,0.12030089974141141
1788446901970724236,0,0.5044777074575225,0.8665888883042969,0.0,0.9927374746232797,0.0,0.0,0.12030089974141141
1788446901998729850,0,0.504260138755779,0.8674734063915117,0.0,0.9927374746232797,0.0,0.0,0.12030089974141141
1788446902010718459,0,0.5041852616483746,0.8677778166227026,0.0,0.9927374746232797,0.0,0.0,0.12030089974141141
1788446902030712999,0,0.5040394239037378,0.8683707148141546,0.0,0.9927374746232797,0.0,0.0,0.12030089974141141
1788446902050710402,0,0.5038936888532631,0.8689631955061233,0.0,0.9927374746232797,0.0,0.0,0.12030089974141141
1788446902070736687,0,0.5037481351371224,0.8695549391418405,0.0,0.9927374746232797,0.0,0.0,0.12030089974141141
1788446902098135960,0,0.5035298067343473,0.8704425457675166,0.0,0.9927374746232797,0.0,0.0,0.12030089974141141
1788446902110722674,0,0.5034571450053494,0.8707379495320835,0.0,0.9927374746232797,0.0,0.0,0.12030089974141141
1788446902130714281,0,0.5033119680099102,0.871328161622722,0.0,0.9927374746232797,0.0,0.0,0.12030089974141141
1788446902150724596,0,0.5031665660748631,0.8719192881976132,0.0,0.9927374746232797,0.0,0.0,0.12030089974141141
1788446902170770014,0,0.5030210229779271,0.872510988053093,0.0,0.9927374746232797,0.0,0.0,0.12030089974141141
1788446902198065731,0,0.5028031430361014,0.8733967705656563,0.0,0.9927374746232797,0.0,0.0,0.12030089974141141
1788446902210717897,0,0.5027305559529821,0.8736918708599667,0.0,0.9927374746232797,0.0,0.0,0.12030089974141141
1788446902230714447,0,0.5025853872139947,0.8742820493842834,0.0,0.9927374746232797,0.0,0.0,0.12030089974141141
1788446902250724977,0,0.5024403208991105,0.8748718115069255,0.0,0.9927374746232797,0.0,0.0,0.12030089974141141
1788446902270727663,0,0.5022952796016119,0.8754614717707132,0.0,0.9927374746232797,0.0,0.0,0.12030089974141141
1788446902298029926,0,0.5020776712981504,0.8763461506300068,0.0,0.9927374746232797,0.0,0.0,0.12030089974141141
1788446902310741952,0,0.5020051829893354,0.8766408492850418,0.0,0.9927374746232797,0.0,0.0,0.12030089974141141
1788446902330751505,0,0.501859874386628,0.8772315962686992,0.0,0.9927374746232797,0.0,0.0,0.12030089974141141
1788446902350729458,0,0.5017145590433875,0.8778223704280886,0.0,0.9927374746232797,0.0,0.0,0.12030089974141141
1788446902370728416,0,0.5015692756678811,0.8784130143960989,0.0,0.9927374746232797,0.0,0.0,0.12030089974141141
1788446902398093087,0,0.5013515819420258,0.8792980399682669,0.0,0.9927374746232797,0.0,0.0,0.12030089974141141
1788446902410836498,0,0.5012791720151353,0.8795924199643611,0.0,0.9927374746232797,0.0,0.0,0.12030089974141141
1788446902430724185,0,0.5011343080834755,0.880181359153606,0.0,0.9927374746232797,0.0,0.0,0.12030089974141141
1788446902450727593,0,0.500988760799584,0.8807730764871735,0.0,0.9927374746232797,0.0,0.0,0.12030089974141141
1788446902470760915,0,0.5008430430045157,0.8813654870278981,0.0,0.9927374746232797,0.0,0.0,0.12030089974141141
1788446902497975293,0,0.5006250959510139,0.8822515429496139,0.0,0.9927374746232797,0.0,0.0,0.12030089974141141
1788446902510770363,0,0.5005521843389195,0.8825479624148947,0.0,0.9927374746232797,0.0,0.0,0.12030089974141141
1788446902530729301,0,0.5004067561734848,0.8831391952486858,0.0,0.9927374746232797,0.0,0.0,0.12030089974141141
1788446902550783349,0,0.5002614961175161,0.8837297448292236,0.0,0.9927374746232797,0.0,0.0,0.12030089974141141
1788446902570744715,0,0.5001163458709325,0.8843198481733084,0.0,0.9927374746232797,0.0,0.0,0.12030089974141141
1788446902598026982,0,0.49989838099362555,0.8852059768986749,0.0,0.9927374746232797,0.0,0.0,0.12030089974141141
1788446902610771357,0,0.4998244547437829,0.8855065215293216,0.0,0.9927374746232797,0.0,0.0,0.12030089974141141
1788446902630768275,0,0.49967792472669603,0.8861022342830158,0.0,0.9927374746232797,0.0,0.0,0.12030089974141141
1788446902650723031,0,0.49953157915906016,0.8866971969712214,0.0,0.9927374746232797,0.0,0.0,0.12030089974141141
1788446902670741734,0,0.4993861511889334,0.8872884290109956,0.0,0.9927374746232797,0.0,0.0,0.12030089974141141
1788446902698049362,0,0.4991682023555008,0.8881744920549254,0.0,0.9927374746232797,0.0,0.0,0.12030089974141141
1788446902710736921,0,0.4990953759200584,0.888470565351802,0.0,0.9927374746232797,0.0,0.0,0.12030089974141141
1788446902730743461,0,0.4989497181271774,0.8890627319557569,0.0,0.9927374746232797,0.0,0.0,0.12030089974141141
1788446902750724556,0,0.4988046480451165,0.8896525092421644,0.0,0.9927374746232797,0.0,0.0,0.12030089974141141
1788446902770735862,0,0.49866022786876985,0.8902396443598825,0.0,0.9927374746232797,0.0,0.0,0.12030089974141141
1788446902798041525,0,0.4984431189102029,0.8911222931501728,0.0,0.9927374746232797,0.0,0.0,0.12030089974141141
1788446902810747870,0,0.49837038432883163,0.8914179930175729,0.0,0.9927374746232797,0.0,0.0,0.12030089974141141
1788446902830738846,0,0.4982245041438349,0.8920110637488066,0.0,0.9927374746232797,0.0,0.0,0.12030089974141141
1788446902850893725,0,0.4980792056468791,0.8926017696099844,0.0,0.9927374746232797,0.0,0.0,0.12030089974141141
1788446902870763244,0,0.497934365116305,0.8931906135872819,0.0,0.9927374746232797,0.0,0.0,0.12030089974141141
1788446902897889642,0,0.4977133957811264,0.8940889566025707,0.0,0.9927374746232797,0.0,0.0,0.12030089974141141
1788446902910877291,0,0.4976406297808302,0.894384784278521,0.0,0.9927374746232797,0.0,0.0,0.12030089974141141
1788446902930729176,0,0.4974952394103005,0.894975863838264,0.0,0.9927374746232797,0.0,0.0,0.12030089974141141
1788446902950721215,0,0.4973497697289908,0.8955672657574063,0.0,0.9927374746232797,0.0,0.0,0.12030089974141141
1788446902970827937,0,0.4972046619856057,0.896157196154595,0.0,0.9927374746232797,0.0,0.0,0.12030089974141141
1788446902998053432,0,0.49705918504867225,0.8967486274950934,0.0,0.9927374746232797,0.0,0.0,0.12030089974141141
1788446903010789587,0,0.4969134633632787,0.8973410538517977,0.0,0.9927374746232797,0.0,0.0,0.12030089974141141
1788446903030747453,0,0.4967659683706867,0.8979406895261823,0.0,0.9927374746232797,0.0,0.0,0.12030089974141141
1788446903050724856,0,0.49662071450714107,0.8985312138562579,0.0,0.9927374746232797,0.0,0.0,0.12030089974141141
1788446903070731617,0,0.4964746930930014,0.8991248585207421,0.0,0.9927374746232797,0.0,0.0,0.12030089974141141
1788446903098016416,0,0.4963299501182761,0.8997133057370187,0.0,0.9927374746232797,0.0,0.0,0.12030089974141141
1788446903110719444,0,0.49618407903998457,0.9003063395976635,0.0,0.9927374746232797,0.0,0.0,0.12030089974141141
1788446903130747862,0,0.49603852162628376,0.9008980982656837,0.0,0.9927374746232797,0.0,0.0,0.12030089974141141
1788446903150760764,0,0.4958931095578703,0.9014892658098687,0.0,0.9927374746232797,0.0,0.0,0.12030089974141141
1788446903170739932,0,0.49574783163338426,0.9020798877687445,0.0,0.9927374746232797,0.0,0.0,0.12030089974141141
1788446903198326011,0,0.49560179624848233,0.9026735891545613,0.0,0.9927374746232797,0.0,0.0,0.12030089974141141
1788446903210743106,0,0.4954557971165608,0.903267143231511,0.0,0.9927374746232797,0.0,0.0,0.12030089974141141
1788446903230772611,0,0.4953102190434278,0.9038589855095116,0.0,0.9927374746232797,0.0,0.0,0.12030089974141141
1788446903250734190,0,0.49516474170154645,0.9044504183823041,0.0,0.9927374746232797,0.0,0.0,0.12030089974141141
1788446903270745497,0,0.4950897208776698,0.9047554128877284,0.0,0.9927374746232797,0.0,0.0,0.12030089974141141
1788446903298296548,0,0.4948705608937395,0.9056464000490732,0.0,0.9927374746232797,0.0,0.0,0.12030089974141141
1788446903310776174,0,0.4947975566147197,0.9059431961339084,0.0,0.9927374746232797,0.0,0.0,0.12030089974141141
1788446903330722664,0,0.4946521718684426,0.9065342522208827,0.0,0.9927374746232797,0.0,0.0,0.12030089974141141
1788446903350720182,0,0.4945052186256905,0.9071316848534429,0.0,0.9927374746232797,0.0,0.0,0.12030089974141141
1788446903371302109,0,0.4943599716212459,0.9077221811080488,0.0,0.9927374746232797,0.0,0.0,0.12030089974141141
1788446903398496951,0,0.49414185937102706,0.9086089082893103,0.0,0.9927374746232797,0.0,0.0,0.12030089974141141
1788446903410766967,0,0.49406931393003634,0.9089038392131845,0.0,0.9927374746232797,0.0,0.0,0.12030089974141141
1788446903430747127,0,0.4939241867094274,0.9094938487943377,0.0,0.9927374746232797,0.0,0.0,0.12030089974141141
1788446903450727624,0,0.4937790871508136,0.9100837459166282,0.0,0.9927374746232797,0.0,0.0,0.12030089974141141
1788446903470741175,0,0.4936338895572463,0.9106740415965539,0.0,0.9927374746232797,0.0,0.0,0.12030089974141141
1788446903498009657,0,0.49341105971313637,0.9115799486014979,0.0,0.9927374746232797,0.0,0.0,0.12030089974141141
1788446903510739187,0,0.4933383287938952,0.911875633732609,0.0,0.9927374746232797,0.0,0.0,0.12030089974141141
1788446903530744811,0,0.4931928618536611,0.912467024735833,0.0,0.9927374746232797,0.0,0.0,0.12030089974141141
1788446903550732625,0,0.49304786844523824,0.9130564904602083,0.0,0.9927374746232797,0.0,0.0,0.12030089974141141
1788446903570742645,0,0.49290215798719195,0.9136488711725295,0.0,0.9927374746232797,0.0,0.0,0.12030089974141141
1788446903598040774,0,0.4926838429580068,0.9145364231618672,0.0,0.9927374746232797,0.0,0.0,0.12030089974141141
1788446903610754384,0,0.4926110025864202,0.9148325530775953,0.0,0.9927374746232797,0.0,0.0,0.12030089974141141
1788446903630769165,0,0.49246529795487554,0.9154249100263678,0.0,0.9927374746232797,0.0,0.0,0.12030089974141141
1788446903650728234,0,0.4923196319837076,0.9160171097267128,0.0,0.9927374746232797,0.0,0.0,0.12030089974141141
1788446903670736947,0,0.4921717045837079,0.9166185031062951,0.0,0.9927374746232797,0.0,0.0,0.12030089974141141
1788446903698168801,0,0.49195316791408744,0.9175069559391552,0.0,0.9927374746232797,0.0,0.0,0.12030089974141141
1788446903710840854,0,0.4918801527513793,0.9178037964619127,0.0,0.9927374746232797,0.0,0.0,0.12030089974141141
1788446903730735215,0,0.4917340966258419,0.918397582396894,0.0,0.9927374746232797,0.0,0.0,0.12030089974141141
1788446903750728309,0,0.49158524722119096,0.9190027242304611,0.0,0.9927374746232797,0.0,0.0,0.12030089974141141
1788446903770751446,0,0.49144012975428786,0.9195926939308511,0.0,0.9927374746232797,0.0,0.0,0.12030089974141141
1788446903798041507,0,0.4912219839019928,0.9204795579101354,0.0,0.9927374746232797,0.0,0.0,0.12030089974141141
1788446903810780258,0,0.4911473219085588,0.9207830935640879,0.0,0.9927374746232797,0.0,0.0,0.12030089974141141
1788446903830730689,0,0.49100199644002146,0.9213739090392661,0.0,0.9927374746232797,0.0,0.0,0.12030089974141141
1788446903850721732,0,0.4908562454087683,0.9219664547381914,0.0,0.9927374746232797,0.0,0.0,0.12030089974141141
1788446903870734608,0,0.49071098535003826,0.9225570045197871,0.0,0.9927374746232797,0.0,0.0,0.12030089974141141
1788446903898067925,0,0.49049317645537777,0.9234424991030596,0.0,0.9927374746232797,0.0,0.0,0.12030089974141141
1788446903910755398,0,0.4904205523134223,0.923737750058796,0.0,0.9927374746232797,0.0,0.0,0.12030089974141141
1788446903930758816,0,0.4902752967079454,0.9243282817358437,0.0,0.9927374746232797,0.0,0.0,0.12030089974141141
1788446903950723923,0,0.49013013366467645,0.9249184370286153,0.0,0.9927374746232797,0.0,0.0,0.12030089974141141
1788446903970764832,0,0.48998495901974964,0.9255086394116547,0.0,0.9927374746232797,0.0,0.0,0.12030089974141141
1788446903997958755,0,0.489839428495273,0.9261002886104139,0.0,0.9927374746232797,0.0,0.0,0.12030089974141141
1788446904010733416,0,0.48969411044435524,0.9266910740054366,0.0,0.9927374746232797,0.0,0.0,0.12030089974141141
1788446904030747420,0,0.4895487007501546,0.9272822319729835,0.0,0.9927374746232797,0.0,0.0,0.12030089974141141
1788446904050723068,0,0.489401310419418,0.9278814422263695,0.0,0.9927374746232797,0.0,0.0,0.12030089974141141
1788446904070725361,0,0.4892562681815753,0.9284711064646256,0.0,0.9927374746232797,0.0,0.0,0.12030089974141141
1788446904098040991,0,0.48911118622542454,0.9290609321762997,0.0,0.9927374746232797,0.0,0.0,0.12030089974141141
1788446904111171326,0,0.48896442456434464,0.9296575866706945,0.0,0.9927374746232797,0.0,0.0,0.12030089974141141
1788446904130726841,0,0.4888187047920375,0.9302500054020544,0.0,0.9927374746232797,0.0,0.0,0.12030089974141141
1788446904150727431,0,0.48867310060533947,0.930841954224089,0.0,0.9927374746232797,0.0,0.0,0.12030089974141141
1788446904170742139,0,0.48852716703024296,0.9314352421633487,0.0,0.9927374746232797,0.0,0.0,0.12030089974141141
1788446904198074633,0,0.48838162014645053,0.932026958022388,0.0,0.9927374746232797,0.0,0.0,0.12030089974141141
1788446904210731602,0,0.4882357863024237,0.9326198401275081,0.0,0.9927374746232797,0.0,0.0,0.12030089974141141
1788446904230916846,0,0.4880899994096637,0.9332125313539876,0.0,0.9927374746232797,0.0,0.0,0.12030089974141141
1788446904250724864,0,0.4879443468043262,0.9338046768299796,0.0,0.9927374746232797,0.0,0.0,0.12030089974141141
1788446904270798954,0,0.4877990007465154,0.9343955762378853,0.0,0.9927374746232797,0.0,0.0,0.12030089974141141
1788446904298046912,0,0.4876536722137429,0.9349864043983495,0.0,0.9927374746232797,0.0,0.0,0.12030089974141141
1788446904310751196,0,0.48758102117125784,0.935281764641363,0.0,0.9927374746232797,0.0,0.0,0.12030089974141141
1788446904330737919,0,0.48743568788518943,0.9358726119743518,0.0,0.9927374746232797,0.0,0.0,0.12030089974141141
1788446904350731043,0,0.4872904017185575,0.9364632677449384,0.0,0.9927374746232797,0.0,0.0,0.12030089974141141
1788446904370732709,0,0.48714493239052814,0.9370546680757166,0.0,0.9927374746232797,0.0,0.0,0.12030089974141141
1788446904398083630,0,0.48692565020771444,0.9379461519177514,0.0,0.9927374746232797,0.0,0.0,0.12030089974141141
1788446904410904078,0,0.48685295644837856,0.9382416859005577,0.0,0.9927374746232797,0.0,0.0,0.12030089974141141
1788446904430759821,0,0.48670764058626975,0.9388324625488738,0.0,0.9927374746232797,0.0,0.0,0.12030089974141141
1788446904450720642,0,0.4865625802664175,0.939422200298919,0.0,0.9927374746232797,0.0,0.0,0.12030089974141141
1788446904470733609,0,0.48641735254300456,0.9400126184706664,0.0,0.9927374746232797,0.0,0.0,0.12030089974141141
1788446904498027791,0,0.48619721308621205,0.9409075876442814,0.0,0.9927374746232797,0.0,0.0,0.12030089974141141
1788446904510714215,0,0.4861245648464051,0.941202936531056,0.0,0.9927374746232797,0.0,0.0,0.12030089974141141
1788446904530831291,0,0.4859791737850555,0.9417940188233549,0.0,0.9927374746232797,0.0,0.0,0.12030089974141141
1788446904550729193,0,0.4858328084552854,0.9423890619699591,0.0,0.9927374746232797,0.0,0.0,0.12030089974141141
1788446904570760055,0,0.48568529546135747,0.9429887709822523,0.0,0.9927374746232797,0.0,0.0,0.12030089974141141
1788446904598452198,0,0.48546337887314006,0.9438909652526525,0.0,0.9927374746232797,0.0,0.0,0.12030089974141141
1788446904610736349,0,0.4853885789998828,0.9441950615692976,0.0,0.9927374746232797,0.0,0.0,0.12030089974141141
1788446904630733655,0,0.4852412728078181,0.9447939298357158,0.0,0.9927374746232797,0.0,0.0,0.12030089974141141
1788446904650736077,0,0.48509566693121114,0.9453858853381671,0.0,0.9927374746232797,0.0,0.0,0.12030089974141141
1788446904670762573,0,0.4849503161074719,0.9459768037421531,0.0,0.9927374746232797,0.0,0.0,0.12030089974141141
1788446904698591550,0,0.484730378880208,0.9468709505309545,0.0,0.9927374746232797,0.0,0.0,0.12030089974141141
1788446904710726846,0,0.48465585132994043,0.9471739396499717,0.0,0.9927374746232797,0.0,0.0,0.12030089974141141
1788446904730726637,0,0.4845099876217637,0.9477669433952766,0.0,0.9927374746232797,0.0,0.0,0.12030089974141141
1788446904750861958,0,0.4843646494379836,0.9483578105262586,0.0,0.9927374746232797,0.0,0.0,0.12030089974141141
1788446904770760216,0,0.4842197751569597,0.948946791563441,0.0,0.9927374746232797,0.0,0.0,0.12030089974141141
1788446904798345863,0,0.48400002366961853,0.949840183233717,0.0,0.9927374746232797,0.0,0.0,0.12030089974141141
1788446904810712065,0,0.48392730771945713,0.9501358073565924,0.0,0.9927374746232797,0.0,0.0,0.12030089974141141
1788446904830756731,0,0.4837817565337271,0.9507275405529464,0.0,0.9927374746232797,0.0,0.0,0.12030089974141141
1788446904850727908,0,0.48363630163821303,0.9513188824364531,0.0,0.9927374746232797,0.0,0.0,0.12030089974141141
1788446904870752288,0,0.4834911276644046,0.951909082394426,0.0,0.9927374746232797,0.0,0.0,0.12030089974141141
1788446904898480312,0,0.48327127226723127,0.9528028971148996,0.0,0.9927374746232797,0.0,0.0,0.12030089974141141
1788446904911039269,0,0.4831987667912284,0.9530976656382798,0.0,0.9927374746232797,0.0,0.0,0.12030089974141141
1788446904930734073,0,0.48305373861855283,0.9536872726950822,0.0,0.9927374746232797,0.0,0.0,0.12030089974141141
1788446904950736316,0,0.48290862282806724,0.954277235883273,0.0,0.9927374746232797,0.0,0.0,0.12030089974141141
1788446904970737395,0,0.48276347549786164,0.95486732721928,0.0,0.9927374746232797,0.0,0.0,0.12030089974141141
1788446904998804106,0,0.4825455734321597,0.9557532003585694,0.0,0.9927374746232797,0.0,0.0,0.12030089974141141
1788446905010901746,0,0.4824725524182658,0.956050064707257,0.0,0.9927374746232797,0.0,0.0,0.12030089974141141
1788446905030763917,0,0.4823266185601208,0.9566433536447759,0.0,0.9927374746232797,0.0,0.0,0.12030089974141141
1788446905050720719,0,0.48217864249948933,0.9572449449667055,0.0,0.9927374746232797,0.0,0.0,0.12030089974141141
1788446905070738308,0,0.4820334232889435,0.957835328302116,0.0,0.9927374746232797,0.0,0.0,0.12030089974141141
1788446905098048200,0,0.48188815976283117,0.958425891800825,0.0,0.9927374746232797,0.0,0.0,0.12030089974141141
1788446905110753773,0,0.48174236347313754,0.9590186212301911,0.0,0.9927374746232797,0.0,0.0,0.12030089974141141
1788446905130790447,0,0.48159645968143433,0.9596117877050053,0.0,0.9927374746232797,0.0,0.0,0.12030089974141141
1788446905150748804,0,0.48145078117373885,0.9602040384859203,0.0,0.9927374746232797,0.0,0.0,0.12030089974141141
1788446905170732766,0,0.48130527408503637,0.9607955925593875,0.0,0.9927374746232797,0.0,0.0,0.12030089974141141
1788446905198648217,0,0.48115982785491346,0.961386899214389,0.0,0.9927374746232797,0.0,0.0,0.12030089974141141
1788446905210779024,0,0.4810142643831805,0.9619786823590533,0.0,0.9927374746232797,0.0,0.0,0.12030089974141141
1788446905230741809,0,0.480868645985453,0.9625706888034055,0.0,0.9927374746232797,0.0,0.0,0.12030089974141141
1788446905250721201,0,0.4807226429424397,0.9631642588948418,0.0,0.9927374746232797,0.0,0.0,0.12030089974141141
1788446905270671951,0,0.48057750446567055,0.963754314010066,0.0,0.9927374746232797,0.0,0.0,0.12030089974141141
1788446905298057197,0,0.4804323579432457,0.9643444018346061,0.0,0.9927374746232797,0.0,0.0,0.12030089974141141
1788446905310756987,0,0.4802871989341373,0.964934540802434,0.0,0.9927374746232797,0.0,0.0,0.12030089974141141
1788446905330758087,0,0.48014188464781077,0.9655253110444612,0.0,0.9927374746232797,0.0,0.0,0.12030089974141141
1788446905350849125,0,0.4799969865701714,0.9661143891287343,0.0,0.9927374746232797,0.0,0.0,0.12030089974141141
1788446905370878481,0,0.4798521272750516,0.9667033094682899,0.0,0.9927374746232797,0.0,0.0,0.12030089974141141
1788446905398143710,0,0.4797073186202342,0.9672920239314877,0.0,0.9927374746232797,0.0,0.0,0.12030089974141141
1788446905410765148,0,0.4796349575866523,0.9675862050401665,0.0,0.9927374746232797,0.0,0.0,0.12030089974141141
1788446905430727904,0,0.47949035558994313,0.968174079115527,0.0,0.9927374746232797,0.0,0.0,0.12030089974141141
1788446905450724710,0,0.4793456489417022,0.9687623786478233,0.0,0.9927374746232797,0.0,0.0,0.12030089974141141
1788446905470722752,0,0.47920062951093434,0.9693519497859273,0.0,0.9927374746232797,0.0,0.0,0.12030089974141141
1788446905498001346,0,0.47898307879808877,0.9702363941716801,0.0,0.9927374746232797,0.0,0.0,0.12030089974141141
1788446905510801378,0,0.4789103704675462,0.9705319872792837,0.0,0.9927374746232797,0.0,0.0,0.12030089974141141
1788446905530737349,0,0.47876491219747075,0.9711233426543474,0.0,0.9927374746232797,0.0,0.0,0.12030089974141141
1788446905550724897,0,0.4786195862701554,0.9717141599946711,0.0,0.9927374746232797,0.0,0.0,0.12030089974141141
1788446905570732178,0,0.478473979890802,0.9723061171223819,0.0,0.9927374746232797,0.0,0.0,0.12030089974141141
1788446905598170413,0,0.47825702606024695,0.9731881345652406,0.0,0.9927374746232797,0.0,0.0,0.12030089974141141
1788446905610869191,0,0.4781843187344857,0.9734837236259224,0.0,0.9927374746232797,0.0,0.0,0.12030089974141141
1788446905630743504,0,0.4780388926437185,0.9740749482531305,0.0,0.9927374746232797,0.0,0.0,0.12030089974141141
1788446905650733945,0,0.4778935545956497,0.9746658149458631,0.0,0.9927374746232797,0.0,0.0,0.12030089974141141
1788446905670801521,0,0.47774829127126117,0.9752563777762352,0.0,0.9927374746232797,0.0,0.0,0.12030089974141141
1788446905698119910,0,0.47752979151610947,0.9761446806866991,0.0,0.9927374746232797,0.0,0.0,0.12030089974141141
1788446905710746082,0,0.47745700808479985,0.9764405791517955,0.0,0.9927374746232797,0.0,0.0,0.12030089974141141
1788446905730759713,0,0.47731070514660845,0.9770353685711861,0.0,0.9927374746232797,0.0,0.0,0.12030089974141141
1788446905750728756,0,0.4771651531480191,0.9776271049582274,0.0,0.9927374746232797,0.0,0.0,0.12030089974141141
1788446905770688591,0,0.47701977615852653,0.9782181298899995,0.0,0.9927374746232797,0.0,0.0,0.12030089974141141
1788446905798139855,0,0.47680175475207615,0.9791044880151123,0.0,0.9927374746232797,0.0,0.0,0.12030089974141141
1788446905810732508,0,0.4767291314153925,0.9793997356211703,0.0,0.9927374746232797,0.0,0.0,0.12030089974141141
1788446905830749679,0,0.4765838843377467,0.9799902324768669,0.0,0.9927374746232797,0.0,0.0,0.12030089974141141
1788446905850715523,0,0.4764386590599278,0.9805806405923548,0.0,0.9927374746232797,0.0,0.0,0.12030089974141141
1788446905870743556,0,0.47629355053509664,0.9811705740906839,0.0,0.9927374746232797,0.0,0.0,0.12030089974141141
1788446905898520433,0,0.4760759753959582,0.9820551181215438,0.0,0.9927374746232797,0.0,0.0,0.12030089974141141
1788446905910773548,0,0.4760019148363956,0.9823562087837459,0.0,0.9927374746232797,0.0,0.0,0.12030089974141141
1788446905930726933,0,0.47585689896312083,0.9829457658377566,0.0,0.9927374746232797,0.0,0.0,0.12030089974141141
1788446905950722492,0,0.47571180042400546,0.983535658966904,0.0,0.9927374746232797,0.0,0.0,0.12030089974141141
1788446905970736368,0,0.4755665339439561,0.9841262348541526,0.0,0.9927374746232797,0.0,0.0,0.12030089974141141
1788446905999001360,0,0.47534748544812355,0.98501676891636,0.0,0.9927374746232797,0.0,0.0,0.12030089974141141
1788446906010747440,0,0.4752750826720489,0.9853111198410653,0.0,0.9927374746232797,0.0,0.0,0.12030089974141141
1788446906030746906,0,0.4751300326908724,0.9859008154080385,0.0,0.9927374746232797,0.0,0.0,0.12030089974141141
1788446906050730581,0,0.47498458601916455,0.9864921234785823,0.0,0.9927374746232797,0.0,0.0,0.12030089974141141
1788446906070727434,0,0.47483925017798734,0.9870829807437564,0.0,0.9927374746232797,0.0,0.0,0.12030089974141141
1788446906098084529,0,0.47462094556101503,0.9879704900620901,0.0,0.9927374746232797,0.0,0.0,0.12030089974141141
1788446906110725631,0,0.4745478716248488,0.9882675696407477,0.0,0.9927374746232797,0.0,0.0,0.12030089974141141
1788446906130735049,0,0.4743989809687989,0.9888728794910989,0.0,0.9927374746232797,0.0,0.0,0.12030089974141141
1788446906150728384,0,0.47425309652607633,0.9894659676083583,0.0,0.9927374746232797,0.0,0.0,0.12030089974141141
1788446906170725068,0,0.47410753516720006,0.9900577421632784,0.0,0.9927374746232797,0.0,0.0,0.12030089974141141
1788446906198230253,0,0.4738889524004513,0.9909463827448406,0.0,0.9927374746232797,0.0,0.0,0.12030089974141141
1788446906210767431,0,0.47381591496191017,0.9912433139436564,0.0,0.9927374746232797,0.0,0.0,0.12030089974141141
1788446906230728093,0,0.47366951567469334,0.9918384952195521,0.0,0.9927374746232797,0.0,0.0,0.12030089974141141
1788446906250749386,0,0.47352392736907956,0.9924303794017343,0.0,0.9927374746232797,0.0,0.0,0.12030089974141141
1788446906270987886,0,0.4733787999158497,0.9930203899285995,0.0,0.9927374746232797,0.0,0.0,0.12030089974141141
1788446906298176524,0,0.47315901000459815,0.9939139380371839,0.0,0.9927374746232797,0.0,0.0,0.12030089974141141
1788446906310761102,0,0.47308613968005947,0.9942101897636287,0.0,0.9927374746232797,0.0,0.0,0.12030089974141141
1788446906330733633,0,0.4729404604141544,0.9948024436654033,0.0,0.9927374746232797,0.0,0.0,0.12030089974141141
1788446906350734578,0,0.4727941611626698,0.9953972180966179,0.0,0.9927374746232797,0.0,0.0,0.12030089974141141
1788446906370755672,0,0.4726487850518524,0.9959882395321082,0.0,0.9927374746232797,0.0,0.0,0.12030089974141141
1788446906398095586,0,0.47250358754282246,0.9965785348683505,0.0,0.9927374746232797,0.0,0.0,0.12030089974141141
1788446906411003850,0,0.47235842696066843,0.997168680079685,0.0,0.9927374746232797,0.0,0.0,0.12030089974141141
1788446906430734205,0,0.4722116609709397,0.9977653520187191,0.0,0.9927374746232797,0.0,0.0,0.12030089974141141
1788446906450737053,0,0.47206486886740023,0.9983621300838068,0.0,0.9927374746232797,0.0,0.0,0.12030089974141141
1788446906470740298,0,0.47191801378042764,0.9989591641678205,0.0,0.9927374746232797,0.0,0.0,0.12030089974141141
1788446906498211381,0,0.4717728396065039,0.9995493645601785,0.0,0.9927374746232797,0.0,0.0,0.12030089974141141
1788446906510737258,0,0.4716269645580426,1.000142414180405,0.0,0.9927374746232797,0.0,0.0,0.12030089974141141
1788446906530719096,0,0.47148110007055816,1.0007354208653698,0.0,0.9927374746232797,0.0,0.0,0.12030089974141141
1788446906550765316,0,0.4713358398818902,1.001325970909106,0.0,0.9927374746232797,0.0,0.0,0.12030089974141141
1788446906570746727,0,0.4711912874352914,1.001913643766855,0.0,0.9927374746232797,0.0,0.0,0.12030089974141141
1788446906598167647,0,0.47104669261790527,1.0025014888815407,0.0,0.9927374746232797,0.0,0.0,0.12030089974141141
1788446906610781967,0,0.4709003698001192,1.0030963591207203,0.0,0.9927374746232797,0.0,0.0,0.12030089974141141
1788446906630718436,0,0.47075412605514094,1.003690907892197,0.0,0.9927374746232797,0.0,0.0,0.12030089974141141
1788446906650723377,0,0.4706780843303977,1.0040000528339774,0.0,0.9927374746232797,0.0,0.0,0.12030089974141141
1788446906670883809,0,0.4705317406571319,1.0045950074016945,0.0,0.9927374746232797,0.0,0.0,0.12030089974141141
1788446906698300134,0,0.4703122069636889,1.0054875131777692,0.0,0.9927374746232797,0.0,0.0,0.12030089974141141
1788446906710989736,0,0.47023928801336434,1.0057839625906264,0.0,0.9927374746232797,0.0,0.0,0.12030089974141141
1788446906730989899,0,0.4700934389130517,1.0063769069481765,0.0,0.9927374746232797,0.0,0.0,0.12030089974141141
1788446906750724291,0,0.46994633310130746,1.0069749604215927,0.0,0.9927374746232797,0.0,0.0,0.12030089974141141
1788446906770753931,0,0.4697998744890803,1.0075703824987496,0.0,0.9927374746232797,0.0,0.0,0.12030089974141141
1788446906798126898,0,0.4695820627080154,1.0084558882477033,0.0,0.9927374746232797,0.0,0.0,0.12030089974141141
1788446906810794154,0,0.46950936615107514,1.0087514334901495,0.0,0.9927374746232797,0.0,0.0,0.12030089974141141
1788446906830777232,0,0.4693635991536549,1.0093440439851502,0.0,0.9927374746232797,0.0,0.0,0.12030089974141141
1788446906850730076,0,0.4692168344605276,1.009940710576231,0.0,0.9927374746232797,0.0,0.0,0.12030089974141141
1788446906870739762,0,0.46906949148536864,1.0105397282291195,0.0,0.9927374746232797,0.0,0.0,0.12030089974141141
1788446906898459321,0,0.46884569593981407,1.0114495611022536,0.0,0.9927374746232797,0.0,0.0,0.12030089974141141
1788446906910730256,0,0.46877311136413896,1.0117446511268027,0.0,0.9927374746232797,0.0,0.0,0.12030089974141141
1788446906930740345,0,0.46862478100817,1.012347682941443,0.0,0.9927374746232797,0.0,0.0,0.12030089974141141
1788446906950724415,0,0.46847969350494806,1.0129375310529645,0.0,0.9927374746232797,0.0,0.0,0.12030089974141141
1788446906970735615,0,0.46833390294845045,1.0135302374027058,0.0,0.9927374746232797,0.0,0.0,0.12030089974141141
1788446906998088829,0,0.46811619617012573,1.0144153167602303,0.0,0.9927374746232797,0.0,0.0,0.12030089974141141
1788446907010726829,0,0.46804340931482136,1.0147112292975444,0.0,0.9927374746232797,0.0,0.0,0.12030089974141141
1788446907030738679,0,0.46789769494872374,1.0153036262023807,0.0,0.9927374746232797,0.0,0.0,0.12030089974141141
1788446907050735260,0,0.4677522194897052,1.015895051686864,0.0,0.9927374746232797,0.0,0.0,0.12030089974141141
1788446907070736750,0,0.4676070735359442,1.0164851374269839,0.0,0.9927374746232797,0.0,0.0,0.12030089974141141
1788446907098025804,0,0.46738891410857764,1.0173720567466615,0.0,0.9927374746232797,0.0,0.0,0.12030089974141141
1788446907110786600,0,0.46731400721459526,1.0176765879567429,0.0,0.9927374746232797,0.0,0.0,0.12030089974141141
1788446907130792924,0,0.46716806891067086,1.0182698947397175,0.0,0.9927374746232797,0.0,0.0,0.12030089974141141
1788446907150724648,0,0.46702187971811765,1.0188642217666437,0.0,0.9927374746232797,0.0,0.0,0.12030089974141141
1788446907170748653,0,0.4668765397654383,1.019455096506191,0.0,0.9927374746232797,0.0,0.0,0.12030089974141141
1788446907197946483,0,0.4666581669274881,1.020342883856946,0.0,0.9927374746232797,0.0,0.0,0.12030089974141141
1788446907210756197,0,0.46658502957417247,1.020640221179437,0.0,0.9927374746232797,0.0,0.0,0.12030089974141141
1788446907230727023,0,0.46643883546930853,1.021234568140785,0.0,0.9927374746232797,0.0,0.0,0.12030089974141141
1788446907250727125,0,0.46629237247598854,1.0218300082586387,0.0,0.9927374746232797,0.0,0.0,0.12030089974141141
1788446907270734292,0,0.46614739702508545,1.022419400825422,0.0,0.9927374746232797,0.0,0.0,0.12030089974141141
1788446907298030174,0,0.4660023427009234,1.0230091140486492,0.0,0.9927374746232797,0.0,0.0,0.12030089974141141
1788446907310770109,0,0.46585712547382285,1.0235994895480098,0.0,0.9927374746232797,0.0,0.0,0.12030089974141141
1788446907330760254,0,0.46571193705729347,1.0241897479190125,0.0,0.9927374746232797,0.0,0.0,0.12030089974141141
1788446907350737471,0,0.46556686881321874,1.024779517733152,0.0,0.9927374746232797,0.0,0.0,0.12030089974141141
1788446907370724717,0,0.465421865988583,1.025369021586877,0.0,0.9927374746232797,0.0,0.0,0.12030089974141141
1788446907398391803,0,0.4652768790276544,1.0259584609472616,0.0,0.9927374746232797,0.0,0.0,0.12030089974141141
1788446907410741519,0,0.46513157569309144,1.0265491865134642,0.0,0.9927374746232797,0.0,0.0,0.12030089974141141
1788446907430753334,0,0.4649861326082401,1.02714048022952,0.0,0.9927374746232797,0.0,0.0,0.12030089974141141
1788446907450717873,0,0.4648413649641877,1.0277290279649034,0.0,0.9927374746232797,0.0,0.0,0.12030089974141141
1788446907470722431,0,0.46469656164614664,1.0283177207316256,0.0,0.9927374746232797,0.0,0.0,0.12030089974141141
1788446907497919485,0,0.46455180321831224,1.0289062309988009,0.0,0.9927374746232797,0.0,0.0,0.12030089974141141
1788446907510751771,0,0.46440590041731217,1.0294993932173004,0.0,0.9927374746232797,0.0,0.0,0.12030089974141141
1788446907530721993,0,0.464260028335228,1.0300924305492303,0.0,0.9927374746232797,0.0,0.0,0.12030089974141141
1788446907550712326,0,0.4641149234986182,1.030682348674232,0.0,0.9927374746232797,0.0,0.0,0.12030089974141141
1788446907570728614,0,0.4639705744151707,1.0312691943138577,0.0,0.9927374746232797,0.0,0.0,0.12030089974141141
1788446907597983671,0,0.4638262135583721,1.031856087817589,0.0,0.9927374746232797,0.0,0.0,0.12030089974141141
1788446907610725777,0,0.4636783721330824,1.0324571319018503,0.0,0.9927374746232797,0.0,0.0,0.12030089974141141
1788446907630724809,0,0.4635326682554857,1.0330494858615864,0.0,0.9927374746232797,0.0,0.0,0.12030089974141141
1788446907650721668,0,0.46338741489993884,1.0336400082020631,0.0,0.9927374746232797,0.0,0.0,0.12030089974141141
1788446907670724595,0,0.46324276753662336,1.0342280668648056,0.0,0.9927374746232797,0.0,0.0,0.12030089974141141
1788446907697903713,0,0.4630981112937496,1.0348161616270732,0.0,0.9927374746232797,0.0,0.0,0.12030089974141141
1788446907710744916,0,0.46302540003655196,1.0351117668228011,0.0,0.9927374746232797,0.0,0.0,0.12030089974141141
1788446907730740089,0,0.4628799170235881,1.0357032231691732,0.0,0.9927374746232797,0.0,0.0,0.12030089974141141
1788446907750732835,0,0.46273417040713744,1.0362957511867459,0.0,0.9927374746232797,0.0,0.0,0.12030089974141141
1788446907770728739,0,0.4625896122471526,1.0368834475741182,0.0,0.9927374746232797,0.0,0.0,0.12030089974141141
1788446907797922072,0,0.4623727333793743,1.0377651613916161,0.0,0.9927374746232797,0.0,0.0,0.12030089974141141
1788446907810730483,0,0.4623000689677488,1.0380605759863972,0.0,0.9927374746232797,0.0,0.0,0.12030089974141141
1788446907830756313,0,0.46215256038325203,1.0386602669181897,0.0,0.9927374746232797,0.0,0.0,0.12030089974141141
1788446907850732718,0,0.4620045933290207,1.0392618217424685,0.0,0.9927374746232797,0.0,0.0,0.12030089974141141
1788446907870746211,0,0.46185976278035296,1.039850625365652,0.0,0.9927374746232797,0.0,0.0,0.12030089974141141
1788446907898082338,0,0.4616406628553329,1.0407413686660851,0.0,0.9927374746232797,0.0,0.0,0.12030089974141141
1788446907910898453,0,0.4615680166284533,1.0410367093693735,0.0,0.9927374746232797,0.0,0.0,0.12030089974141141
1788446907930751077,0,0.4614225639733168,1.0416280420690665,0.0,0.9927374746232797,0.0,0.0,0.12030089974141141
1788446907950733015,0,0.4612773510730658,1.0422183999778474,0.0,0.9927374746232797,0.0,0.0,0.12030089974141141
1788446907970757777,0,0.46113227699830733,1.042808193269076,0.0,0.9927374746232797,0.0,0.0,0.12030089974141141
1788446907997939148,0,0.46091451905127345,1.043693480157765,0.0,0.9927374746232797,0.0,0.0,0.12030089974141141
1788446908010767257,0,0.4608418293223612,1.043988997565166,0.0,0.9927374746232797,0.0,0.0,0.12030089974141141
1788446908030862149,0,0.46069634135623344,1.0445804735164657,0.0,0.9927374746232797,0.0,0.0,0.12030089974141141
1788446908050722478,0,0.460548772461866,1.045180409404645,0.0,0.9927374746232797,0.0,0.0,0.12030089974141141
1788446908070773129,0,0.46040362488400766,1.0457705015200112,0.0,0.9927374746232797,0.0,0.0,0.12030089974141141
1788446908098503517,0,0.4601856076202343,1.046656842727456,0.0,0.9927374746232797,0.0,0.0,0.12030089974141141
1788446908110754660,0,0.46011270592770365,1.0469532219412807,0.0,0.9927374746232797,0.0,0.0,0.12030089974141141
1788446908130758381,0,0.45996690620093883,1.047545965496257,0.0,0.9927374746232797,0.0,0.0,0.12030089974141141
1788446908150745384,0,0.4598213430323384,1.0481377472566134,0.0,0.9927374746232797,0.0,0.0,0.12030089974141141
1788446908170735823,0,0.45967601032986777,1.0487285919892513,0.0,0.9927374746232797,0.0,0.0,0.12030089974141141
1788446908198166320,0,0.45945699539102614,1.0496189892463763,0.0,0.9927374746232797,0.0,0.0,0.12030089974141141
1788446908210734209,0,0.459384199072131,1.0499149401054955,0.0,0.9927374746232797,0.0,0.0,0.12030089974141141
1788446908230762038,0,0.45923797692853463,1.0505094010573184,0.0,0.9927374746232797,0.0,0.0,0.12030089974141141
1788446908250733552,0,0.45909214924493147,1.051102258307843,0.0,0.9927374746232797,0.0,0.0,0.12030089974141141
1788446908270774462,0,0.45894725079827925,1.051691337740877,0.0,0.9927374746232797,0.0,0.0,0.12030089974141141
1788446908298208539,0,0.4587269644751311,1.052586903803382,0.0,0.9927374746232797,0.0,0.0,0.12030089974141141
1788446908310776091,0,0.45865420993010314,1.0528826847183066,0.0,0.9927374746232797,0.0,0.0,0.12030089974141141
1788446908330715814,0,0.45850865065394103,1.0534744505779166,0.0,0.9927374746232797,0.0,0.0,0.12030089974141141
1788446908350774652,0,0.45836290079632913,1.0540669912393696,0.0,0.9927374746232797,0.0,0.0,0.12030089974141141
1788446908370768448,0,0.45821745948390114,1.0546582775217765,0.0,0.9927374746232797,0.0,0.0,0.12030089974141141
1788446908398572172,0,0.45799938948054597,1.0555448331776922,0.0,0.9927374746232797,0.0,0.0,0.12030089974141141
1788446908410773485,0,0.45792683453468097,1.0558398027432967,0.0,0.9927374746232797,0.0,0.0,0.12030089974141141
1788446908430688287,0,0.4577817389199545,1.0564296838318528,0.0,0.9927374746232797,0.0,0.0,0.12030089974141141
1788446908450724781,0,0.457636718330179,1.0570192600605717,0.0,0.9927374746232797,0.0,0.0,0.12030089974141141
1788446908470759128,0,0.4574915678512232,1.0576093645010034,0.0,0.9927374746232797,0.0,0.0,0.12030089974141141
1788446908498319263,0,0.45727320354863504,1.0584971171509854,0.0,0.9927374746232797,0.0,0.0,0.12030089974141141
1788446908510781796,0,0.4572002325766976,1.0587937780558694,0.0,0.9927374746232797,0.0,0.0,0.12030089974141141
1788446908530764987,0,0.4570547659892904,1.0593851673207348,0.0,0.9927374746232797,0.0,0.0,0.12030089974141141
1788446908550713490,0,0.4569077465518036,1.0599828693028122,0.0,0.9927374746232797,0.0,0.0,0.12030089974141141
1788446908570736630,0,0.4567630697703193,1.06057104695946,0.0,0.9927374746232797,0.0,0.0,0.12030089974141141
1788446908598028229,0,0.4566183778569933,1.061159286134004,0.0,0.9927374746232797,0.0,0.0,0.12030089974141141
1788446908610751194,0,0.4564719717273191,1.0617544950747173,0.0,0.9927374746232797,0.0,0.0,0.12030089974141141
1788446908630749150,0,0.45632575147525234,1.0623489483365935,0.0,0.9927374746232797,0.0,0.0,0.12030089974141141
1788446908650739907,0,0.4561803447909328,1.0629400939538534,0.0,0.9927374746232797,0.0,0.0,0.12030089974141141
1788446908670739373,0,0.4560347359490975,1.0635320613208765,0.0,0.9927374746232797,0.0,0.0,0.12030089974141141
1788446908698140745,0,0.4558895270294099,1.0641224028191831,0.0,0.9927374746232797,0.0,0.0,0.12030089974141141
1788446908710732977,0,0.4557439426630206,1.0647142709103337,0.0,0.9927374746232797,0.0,0.0,0.12030089974141141
1788446908730771897,0,0.455597891104209,1.065308038355749,0.0,0.9927374746232797,0.0,0.0,0.12030089974141141
1788446908750734379,0,0.455452665234861,1.0658984489898609,0.0,0.9927374746232797,0.0,0.0,0.12030089974141141
1788446908770735310,0,0.45530712720937433,1.0664901286837112,0.0,0.9927374746232797,0.0,0.0,0.12030089974141141
1788446908798034172,0,0.45516222509398835,1.0670792231075439,0.0,0.9927374746232797,0.0,0.0,0.12030089974141141
1788446908811036726,0,0.4550170129774897,1.0676695779816439,0.0,0.9927374746232797,0.0,0.0,0.12030089974141141
1788446908830723599,0,0.45487180149563516,1.0682599302756197,0.0,0.9927374746232797,0.0,0.0,0.12030089974141141
1788446908850722081,0,0.4547992289653469,1.0685549714058948,0.0,0.9927374746232797,0.0,0.0,0.12030089974141141
1788446908870742309,0,0.4546543735873696,1.0691438758204463,0.0,0.9927374746232797,0.0,0.0,0.12030089974141141
1788446908897908919,0,0.4544336067210685,1.0700413957052224,0.0,0.9927374746232797,0.0,0.0,0.12030089974141141
1788446908910761199,0,0.4543608310535557,1.0703372626448935,0.0,0.9927374746232797,0.0,0.0,0.12030089974141141
1788446908930736381,0,0.45421521323850844,1.070929266796447,0.0,0.9927374746232797,0.0,0.0,0.12030089974141141
1788446908950729042,0,0.45406923685376055,1.0715227287006202,0.0,0.9927374746232797,0.0,0.0,0.12030089974141141
1788446908970780151,0,0.45392368440791664,1.0721144669438896,0.0,0.9927374746232797,0.0,0.0,0.12030089974141141
1788446908997971669,0,0.4537053790314524,1.0730019796147778,0.0,0.9927374746232797,0.0,0.0,0.12030089974141141
1788446909010744767,0,0.4536325338387341,1.0732981291306438,0.0,0.9927374746232797,0.0,0.0,0.12030089974141141
1788446909030767872,0,0.45348678035040246,1.0738906847049297,0.0,0.9927374746232797,0.0,0.0,0.12030089974141141
1788446909050729819,0,0.4533412463987715,1.0744823476467946,0.0,0.9927374746232797,0.0,0.0,0.12030089974141141
1788446909070725323,0,0.45319372182683504,1.0750821031125788,0.0,0.9927374746232797,0.0,0.0,0.12030089974141141
1788446909098022419,0,0.45297397880703094,1.0759754600926936,0.0,0.9927374746232797,0.0,0.0,0.12030089974141141
1788446909110775433,0,0.4529010256627145,1.076272048596233,0.0,0.9927374746232797,0.0,0.0,0.12030089974141141
1788446909130750564,0,0.45275511326520884,1.0768652504387242,0.0,0.9927374746232797,0.0,0.0,0.12030089974141141
1788446909150727530,0,0.4526093081884004,1.0774580158964517,0.0,0.9927374746232797,0.0,0.0,0.12030089974141141
1788446909170732707,0,0.45246384249901217,1.0780494015104531,0.0,0.9927374746232797,0.0,0.0,0.12030089974141141
1788446909198101889,0,0.45224593640926497,1.0789352910850396,0.0,0.9927374746232797,0.0,0.0,0.12030089974141141
1788446909210738307,0,0.45217350225008895,1.0792297696723088,0.0,0.9927374746232797,0.0,0.0,0.12030089974141141
1788446909230755532,0,0.4520285594073143,1.0798190298233288,0.0,0.9927374746232797,0.0,0.0,0.12030089974141141
1788446909250727396,0,0.4518835567415549,1.080408532993803,0.0,0.9927374746232797,0.0,0.0,0.12030089974141141
1788446909270759337,0,0.45173897766533266,1.0809963138867702,0.0,0.9927374746232797,0.0,0.0,0.12030089974141141
1788446909298280016,0,0.45152131361885706,1.0818812192161658,0.0,0.9927374746232797,0.0,0.0,0.12030089974141141
1788446909310791963,0,0.45144672807386665,1.0821844441886004,0.0,0.9927374746232797,0.0,0.0,0.12030089974141141
1788446909330858710,0,0.4513009662353067,1.082777033938867,0.0,0.9927374746232797,0.0,0.0,0.12030089974141141
1788446909350727419,0,0.4511552350583774,1.0833694990353266,0.0,0.9927374746232797,0.0,0.0,0.12030089974141141
1788446909370862800,0,0.45100895863089635,1.0839641808291847,0.0,0.9927374746232797,0.0,0.0,0.12030089974141141
1788446909398054735,0,0.4507912636026895,1.0848492123017068,0.0,0.9927374746232797,0.0,0.0,0.12030089974141141
1788446909410775067,0,0.45071825007381844,1.0851460461058777,0.0,0.9927374746232797,0.0,0.0,0.12030089974141141
1788446909430773301,0,0.4505703298636054,1.0857474102556477,0.0,0.9927374746232797,0.0,0.0,0.12030089974141141
1788446909450985168,0,0.4504240093130685,1.0863422710481037,0.0,0.9927374746232797,0.0,0.0,0.12030089974141141
1788446909470782950,0,0.45027929172891346,1.0869306150399547,0.0,0.9927374746232797,0.0,0.0,0.12030089974141141
1788446909498303020,0,0.45006170852337835,1.087815191599744,0.0,0.9927374746232797,0.0,0.0,0.12030089974141141
1788446909510723833,0,0.4499887612492358,1.0881117561239753,0.0,0.9927374746232797,0.0,0.0,0.12030089974141141
1788446909530736750,0,0.44983946932811625,1.0887186970697313,0.0,0.9927374746232797,0.0,0.0,0.12030089974141141
1788446909550725775,0,0.44969154822386426,1.089320064930394,0.0,0.9927374746232797,0.0,0.0,0.12030089974141141
1788446909570722126,0,0.4495466314032719,1.0899092189106203,0.0,0.9927374746232797,0.0,0.0,0.12030089974141141
1788446909598537526,0,0.4494017235180137,1.0904983365645755,0.0,0.9927374746232797,0.0,0.0,0.12030089974141141
1788446909610680237,0,0.4492536781108235,1.0911002099300366,0.0,0.9927374746232797,0.0,0.0,0.12030089974141141
1788446909630721058,0,0.4491080954252955,1.0916920711877052,0.0,0.9927374746232797,0.0,0.0,0.12030089974141141
1788446909650722604,0,0.44896298005699853,1.0922820322429387,0.0,0.9927374746232797,0.0,0.0,0.12030089974141141
1788446909670749070,0,0.4488180280918011,1.0928713286479435,0.0,0.9927374746232797,0.0,0.0,0.12030089974141141
1788446909697972149,0,0.4486730756294779,1.093460627073993,0.0,0.9927374746232797,0.0,0.0,0.12030089974141141
1788446909710819178,0,0.4485275132865855,1.0940524057814722,0.0,0.9927374746232797,0.0,0.0,0.12030089974141141
1788446909730756832,0,0.4483819407253897,1.094644226031113,0.0,0.9927374746232797,0.0,0.0,0.12030089974141141
1788446909750728386,0,0.44823669892981277,1.0952347013753578,0.0,0.9927374746232797,0.0,0.0,0.12030089974141141
1788446909770743143,0,0.4480919219097625,1.0958232870016453,0.0,0.9927374746232797,0.0,0.0,0.12030089974141141
1788446909798101194,0,0.4479466529244534,1.0964138726945167,0.0,0.9927374746232797,0.0,0.0,0.12030089974141141
1788446909810757741,0,0.44780095026486316,1.0970062216263792,0.0,0.9927374746232797,0.0,0.0,0.12030089974141141
1788446909830993780,0,0.44765457297256445,1.097601313253299,0.0,0.9927374746232797,0.0,0.0,0.12030089974141141
1788446909850725922,0,0.44758168094234396,1.0978976531853484,0.0,0.9927374746232797,0.0,0.0,0.12030089974141141
1788446909870752146,0,0.4474366402054191,1.0984873109428464,0.0,0.9927374746232797,0.0,0.0,0.12030089974141141
1788446909898094709,0,0.44721935435437116,1.0993706785427462,0.0,0.9927374746232797,0.0,0.0,0.12030089974141141
1788446909910724563,0,0.4471700272433241,1.0995712160903384,0.0,0.9927374746232797,0.0,0.0,0.12030089974141141
1788446909930746945,0,0.44707154412870553,1.099971595554402,0.0,0.9927374746232797,0.0,0.0,0.12030089974141141
1788446909950723575,0,0.44697265001167,1.1003736459336078,0.0,0.9927374746232797,0.0,0.0,0.12030089974141141
1788446909970732900,0,0.4469282126973045,1.1005543041934427,0.0,0.9927374746232797,0.0,0.0,0.12030089974141141
1788446909998125238,0,0.4468617217321608,1.1008246207557528,0.0,0.9927374746232797,0.0,0.0,0.12030089974141141
1788446910010761213,0,0.4468617217321608,1.1008246207557528,0.0,0.9927374746232797,0.0,0.0,0.12030089974141141
1788446910030754375,0,0.4468617217321608,1.1008246207557528,0.0,0.9927374746232797,0.0,0.0,0.12030089974141141
1788446910050883904,0,0.4468617217321608,1.1008246207557528,0.0,0.9927374746232797,0.0,0.0,0.12030089974141141
1788446910070734008,0,0.4468617217321608,1.1008246207557528,0.0,0.9927374746232797,0.0,0.0,0.12030089974141141
1788446910098646617,0,0.4468617217321608,1.1008246207557528,0.0,0.9927374746232797,0.0,0.0,0.12030089974141141
1788446910110853801,0,0.4468617217321608,1.1008246207557528,0.0,0.9927374746232797,0.0,0.0,0.12030089974141141
1788446910130800627,0,0.4468617217321608,1.1008246207557528,0.0,0.9927374746232797,0.0,0.0,0.12030089974141141
1788446910150722868,0,0.4468617217321608,1.1008246207557528,0.0,0.9927374746232797,0.0,0.0,0.12030089974141141
1788446910171154362,0,0.4468617217321608,1.1008246207557528,0.0,0.9927374746232797,0.0,0.0,0.12030089974141141
1788446910198149123,0,0.4468617217321608,1.1008246207557528,0.0,0.9927374746232797,0.0,0.0,0.12030089974141141
1788446910210903922,0,0.4468617217321608,1.1008246207557528,0.0,0.9927374746232797,0.0,0.0,0.12030089974141141
1788446910230725963,0,0.4468617217321608,1.1008246207557528,0.0,0.9927374746232797,0.0,0.0,0.12030089974141141
1788446910250725779,0,0.4468617217321608,1.1008246207557528,0.0,0.9927374746232797,0.0,0.0,0.12030089974141141
1788446910270759209,0,0.4468617217321608,1.1008246207557528,0.0,0.9927374746232797,0.0,0.0,0.12030089974141141
1788446910298654707,0,0.4468617217321608,1.1008246207557528,0.0,0.9927374746232797,0.0,0.0,0.12030089974141141
1788446910310735606,0,0.4468617217321608,1.1008246207557528,0.0,0.9927374746232797,0.0,0.0,0.12030089974141141
1788446910330749458,0,0.4468617217321608,1.1008246207557528,0.0,0.9927374746232797,0.0,0.0,0.12030089974141141
1788446910350722717,0,0.4468617217321608,1.1008246207557528,0.0,0.9927374746232797,0.0,0.0,0.12030089974141141
1788446910370726347,0,0.4468617217321608,1.1008246207557528,0.0,0.9927374746232797,0.0,0.0,0.12030089974141141
1788446910398686332,0,0.4468617217321608,1.1008246207557528,0.0,0.9927374746232797,0.0,0.0,0.12030089974141141
1788446910410720228,0,0.4468617217321608,1.1008246207557528,0.0,0.9927374746232797,0.0,0.0,0.12030089974141141
1788446910430768697,0,0.4468617217321608,1.1008246207557528,0.0,0.9927374746232797,0.0,0.0,0.12030089974141141
1788446910450721002,0,0.4468617217321608,1.1008246207557528,0.0,0.9927374746232797,0.0,0.0,0.12030089974141141
1788446910470740791,0,0.4468617217321608,1.1008246207557528,0.0,0.9927374746232797,0.0,0.0,0.12030089974141141
1788446910498142587,0,0.44688319517818254,1.1007373212206275,0.0,0.9927374746232797,0.0,0.0,0.12030089974141141
1788446910510785989,0,0.4469048622733447,1.1006492344117726,0.0,0.9927374746232797,0.0,0.0,0.12030089974141141
1788446910530755166,0,0.4469478764280873,1.1004743618873978,0.0,0.9927374746232797,0.0,0.0,0.12030089974141141
1788446910550713803,0,0.4469952640064968,1.1002817093367505,0.0,0.9927374746232797,0.0,0.0,0.12030089974141141
1788446910570774932,0,0.4470470986790902,1.1000709772549468,0.0,0.9927374746232797,0.0,0.0,0.12030089974141141
1788446910598251483,0,0.4471249910884346,1.099754308405847,0.0,0.9927374746232797,0.0,0.0,0.12030089974141141
1788446910610758837,0,0.44715058544594133,1.0996502554909764,0.0,0.9927374746232797,0.0,0.0,0.12030089974141141
1788446910630763508,0,0.44720176813997226,1.0994421741393172,0.0,0.9927374746232797,0.0,0.0,0.12030089974141141
1788446910650789306,0,0.4472507225601368,1.099243151691705,0.0,0.9927374746232797,0.0,0.0,0.12030089974141141
1788446910670753351,0,0.44729743151678075,1.099053258032114,0.0,0.9927374746232797,0.0,0.0,0.12030089974141141
1788446910698036753,0,0.44734416462733184,1.0988632661756428,0.0,0.9927374746232797,0.0,0.0,0.12030089974141141
1788446910710768123,0,0.4473916804304597,1.0986700923590151,0.0,0.9927374746232797,0.0,0.0,0.12030089974141141
1788446910730731337,0,0.4474385867090552,1.0984793965428101,0.0,0.9927374746232797,0.0,0.0,0.12030089974141141
1788446910750727648,0,0.44748661714511473,1.0982841305427244,0.0,0.9927374746232797,0.0,0.0,0.12030089974141141
1788446910770760065,0,0.4475355950608739,1.0980850126356743,0.0,0.9927374746232797,0.0,0.0,0.12030089974141141
1788446910798074462,0,0.44758476152087945,1.0978851282089563,0.0,0.9927374746232797,0.0,0.0,0.12030089974141141
1788446910810740112,0,0.44763370774442074,1.097686139145447,0.0,0.9927374746232797,0.0,0.0,0.12030089974141141
1788446910830726184,0,0.4476826387686423,1.097487211874211,0.0,0.9927374746232797,0.0,0.0,0.12030089974141141
1788446910850730156,0,0.4477546633138444,1.0971943986969221,0.0,0.9927374746232797,0.0,0.0,0.12030089974141141
1788446910870726303,0,0.4478502624184078,1.0968057439693117,0.0,0.9927374746232797,0.0,0.0,0.12030089974141141
1788446910898050961,0,0.4479458368195009,1.096417189672773,0.0,0.9927374746232797,0.0,0.0,0.12030089974141141
1788446910910858446,0,0.4480449516935883,1.0960142416586032,0.0,0.9927374746232797,0.0,0.0,0.12030089974141141
1788446910930785710,0,0.4481452453460429,1.095606501362684,0.0,0.9927374746232797,0.0,0.0,0.12030089974141141
1788446910950723903,0,0.4481948733209846,1.09540474058627,0.0,0.9927374746232797,0.0,0.0,0.12030089974141141
1788446910970741822,0,0.44829241656145186,1.0950081820439366,0.0,0.9927374746232797,0.0,0.0,0.12030089974141141
1788446910998024011,0,0.448438583868313,1.094413944105275,0.0,0.9927374746232797,0.0,0.0,0.12030089974141141
1788446911010763182,0,0.4484862313511627,1.0942202348996166,0.0,0.9927374746232797,0.0,0.0,0.12030089974141141
1788446911030732150,0,0.44858151283436326,1.0938328713009364,0.0,0.9927374746232797,0.0,0.0,0.12030089974141141
1788446911050726554,0,0.44867679374434444,1.0934455100326599,0.0,0.9927374746232797,0.0,0.0,0.12030089974141141
1788446911070663808,0,0.4487715456291277,1.0930602994981624,0.0,0.9927374746232797,0.0,0.0,0.12030089974141141
1788446911097898639,0,0.44891378941433535,1.0924820122730154,0.0,0.9927374746232797,0.0,0.0,0.12030089974141141
1788446911110783119,0,0.44896323640009983,1.0922809873016988,0.0,0.9927374746232797,0.0,0.0,0.12030089974141141
1788446911130736513,0,0.4490621737899519,1.0918787608434088,0.0,0.9927374746232797,0.0,0.0,0.12030089974141141
1788446911150722718,0,0.44916629280851844,1.0914554685997835,0.0,0.9927374746232797,0.0,0.0,0.12030089974141141
1788446911170739316,0,0.4493096357073453,1.0908727131905898,0.0,0.9927374746232797,0.0,0.0,0.12030089974141141
1788446911198422682,0,0.449526780371349,1.0899899193545401,0.0,0.9927374746232797,0.0,0.0,0.12030089974141141
1788446911210732732,0,0.44960100941480763,1.0896881440370465,0.0,0.9927374746232797,0.0,0.0,0.12030089974141141
1788446911230725269,0,0.4497496216988585,1.0890839665195509,0.0,0.9927374746232797,0.0,0.0,0.12030089974141141
1788446911250724799,0,0.44989619625402716,1.0884880733103495,0.0,0.9927374746232797,0.0,0.0,0.12030089974141141
1788446911270731323,0,0.4500406976098433,1.0879006080094022,0.0,0.9927374746232797,0.0,0.0,0.12030089974141141
1788446911298055505,0,0.4502573455309205,1.0870198333243732,0.0,0.9927374746232797,0.0,0.0,0.12030089974141141
1788446911310739480,0,0.4503294639878189,1.086726638138529,0.0,0.9927374746232797,0.0,0.0,0.12030089974141141
1788446911330719381,0,0.45047435910220474,1.086137571874256,0.0,0.9927374746232797,0.0,0.0,0.12030089974141141
1788446911350745353,0,0.45062036979414904,1.0855439705736236,0.0,0.9927374746232797,0.0,0.0,0.12030089974141141
1788446911370761685,0,0.45076460132852686,1.0849576028252135,0.0,0.9927374746232797,0.0,0.0,0.12030089974141141
1788446911398133241,0,0.45100949263001827,1.083962006512373,0.0,0.9927374746232797,0.0,0.0,0.12030089974141141
1788446911410816382,0,0.451108718513521,1.0835586073488517,0.0,0.9927374746232797,0.0,0.0,0.12030089974141141
1788446911430731658,0,0.4513071566833717,1.0827518643005398,0.0,0.9927374746232797,0.0,0.0,0.12030089974141141
1788446911450742175,0,0.45150661415044774,1.0819409774940885,0.0,0.9927374746232797,0.0,0.0,0.12030089974141141
1788446911470757996,0,0.4517027727621004,1.081143502212818,0.0,0.9927374746232797,0.0,0.0,0.12030089974141141
1788446911497992645,0,0.451996054984073,1.0799511741265817,0.0,0.9927374746232797,0.0,0.0,0.12030089974141141
1788446911510745975,0,0.4520938347173455,1.0795536538758503,0.0,0.9927374746232797,0.0,0.0,0.12030089974141141
1788446911530784946,0,0.4522857876147927,1.078773275760999,0.0,0.9927374746232797,0.0,0.0,0.12030089974141141
1788446911550785344,0,0.45247792832764305,1.077992134289816,0.0,0.9927374746232797,0.0,0.0,0.12030089974141141
1788446911570733888,0,0.45267022028537607,1.0772103781384537,0.0,0.9927374746232797,0.0,0.0,0.12030089974141141
1788446911598519391,0,0.45296046909734405,1.0760303821633668,0.0,0.9927374746232797,0.0,0.0,0.12030089974141141
1788446911610724189,0,0.4530569453616835,1.0756381616261608,0.0,0.9927374746232797,0.0,0.0,0.12030089974141141
1788446911630736590,0,0.4532499919369293,1.0748533382090528,0.0,0.9927374746232797,0.0,0.0,0.12030089974141141
1788446911650777259,0,0.4534438253846264,1.0740653152829391,0.0,0.9927374746232797,0.0,0.0,0.12030089974141141
1788446911670728279,0,0.45363893729412075,1.073272094309767,0.0,0.9927374746232797,0.0,0.0,0.12030089974141141
1788446911697873840,0,0.45392996581192224,1.0720889277598047,0.0,0.9927374746232797,0.0,0.0,0.12030089974141141
1788446911710728723,0,0.45402568591523507,1.0716997810661206,0.0,0.9927374746232797,0.0,0.0,0.12030089974141141
1788446911730747324,0,0.4542183283062037,1.0709166002408363,0.0,0.9927374746232797,0.0,0.0,0.12030089974141141
1788446911750729658,0,0.4544137038428131,1.0701223079086413,0.0,0.9927374746232797,0.0,0.0,0.12030089974141141
1788446911770742304,0,0.4546131382855507,1.0693115142371759,0.0,0.9927374746232797,0.0,0.0,0.12030089974141141
1788446911798035433,0,0.4548064483314763,1.068525619084284,0.0,0.9927374746232797,0.0,0.0,0.12030089974141141
1788446911810793987,0,0.45500046346977674,1.0677368577073325,0.0,0.9927374746232797,0.0,0.0,0.12030089974141141
1788446911830726261,0,0.4551944425465041,1.0669482429373742,0.0,0.9927374746232797,0.0,0.0,0.12030089974141141
1788446911850725600,0,0.45538798018844884,1.06616142265292,0.0,0.9927374746232797,0.0,0.0,0.12030089974141141
1788446911870751719,0,0.455581696520529,1.0653738757580398,0.0,0.9927374746232797,0.0,0.0,0.12030089974141141
1788446911898078179,0,0.4557769184598269,1.0645802078702808,0.0,0.9927374746232797,0.0,0.0,0.12030089974141141
1788446911910819004,0,0.4559693289316177,1.0637979700047198,0.0,0.9927374746232797,0.0,0.0,0.12030089974141141
1788446911930745874,0,0.4561617348639191,1.0630157505942897,0.0,0.9927374746232797,0.0,0.0,0.12030089974141141
1788446911950712854,0,0.45638014530070314,1.0621278104872873,0.0,0.9927374746232797,0.0,0.0,0.12030089974141141
1788446911970738398,0,0.4566268300813839,1.0611249217230627,0.0,0.9927374746232797,0.0,0.0,0.12030089974141141
1788446911998137087,0,0.4568698397305508,1.06013697408367,0.0,0.9927374746232797,0.0,0.0,0.12030089974141141
1788446912010726587,0,0.45699593109408215,1.0596243539742913,0.0,0.9927374746232797,0.0,0.0,0.12030089974141141
1788446912030751242,0,0.45724305981219476,1.0586196606554028,0.0,0.9927374746232797,0.0,0.0,0.12030089974141141
1788446912050726476,0,0.4574935238409186,1.057601407745735,0.0,0.9927374746232797,0.0,0.0,0.12030089974141141
1788446912070749081,0,0.4577338211006879,1.056624487862775,0.0,0.9927374746232797,0.0,0.0,0.12030089974141141
1788446912097981190,0,0.45809446062563425,1.0551583208210051,0.0,0.9927374746232797,0.0,0.0,0.12030089974141141
1788446912110733157,0,0.4582151392074305,1.0546677061899352,0.0,0.9927374746232797,0.0,0.0,0.12030089974141141
1788446912130756555,0,0.45846033855658147,1.0536708566543203,0.0,0.9927374746232797,0.0,0.0,0.12030089974141141
1788446912150730137,0,0.4587029931833985,1.0526843525999865,0.0,0.9927374746232797,0.0,0.0,0.12030089974141141
1788446912170802671,0,0.4589440825959818,1.0517042121222604,0.0,0.9927374746232797,0.0,0.0,0.12030089974141141
1788446912198026522,0,0.4593090069615181,1.0502206248986168,0.0,0.9927374746232797,0.0,0.0,0.12030089974141141
1788446912210816807,0,0.4594299842827864,1.0497287956260886,0.0,0.9927374746232797,0.0,0.0,0.12030089974141141
1788446912230724583,0,0.4596711460569695,1.0487483604609302,0.0,0.9927374746232797,0.0,0.0,0.12030089974141141
1788446912250730589,0,0.4599107079788065,1.0477744296913722,0.0,0.9927374746232797,0.0,0.0,0.12030089974141141
1788446912270763552,0,0.46015261457615186,1.0467909667251738,0.0,0.9927374746232797,0.0,0.0,0.12030089974141141
1788446912298032695,0,0.46051333564849956,1.0453244674630475,0.0,0.9927374746232797,0.0,0.0,0.12030089974141141
1788446912310752966,0,0.46063819295259506,1.044816864575604,0.0,0.9927374746232797,0.0,0.0,0.12030089974141141
1788446912330777203,0,0.4608814757134601,1.0438278072451184,0.0,0.9927374746232797,0.0,0.0,0.12030089974141141
1788446912350725329,0,0.46112421686856536,1.0428409517934056,0.0,0.9927374746232797,0.0,0.0,0.12030089974141141
1788446912370742168,0,0.4613665635465997,1.0418557000740627,0.0,0.9927374746232797,0.0,0.0,0.12030089974141141
1788446912398126391,0,0.4617299124621513,1.040378517912585,0.0,0.9927374746232797,0.0,0.0,0.12030089974141141
1788446912410741806,0,0.46185052168507335,1.039888185257637,0.0,0.9927374746232797,0.0,0.0,0.12030089974141141
1788446912430768780,0,0.46209132685460946,1.038909200108382,0.0,0.9927374746232797,0.0,0.0,0.12030089974141141
1788446912450733102,0,0.46233260062224146,1.0379283100788605,0.0,0.9927374746232797,0.0,0.0,0.12030089974141141
1788446912470802780,0,0.462575220445783,1.0369419478962643,0.0,0.9927374746232797,0.0,0.0,0.12030089974141141
1788446912497926275,0,0.4629369886994045,1.035471191860262,0.0,0.9927374746232797,0.0,0.0,0.12030089974141141
1788446912510732069,0,0.46305703789754815,1.0349831359668231,0.0,0.9927374746232797,0.0,0.0,0.12030089974141141
1788446912530765856,0,0.4632972365801713,1.0340066164692907,0.0,0.9927374746232797,0.0,0.0,0.12030089974141141
1788446912550933514,0,0.4635393686822083,1.0330222365303665,0.0,0.9927374746232797,0.0,0.0,0.12030089974141141
1788446912570768649,0,0.4637789596734466,1.0320481872058258,0.0,0.9927374746232797,0.0,0.0,0.12030089974141141
1788446912597875110,0,0.46413956465245404,1.0305821597953244,0.0,0.9927374746232797,0.0,0.0,0.12030089974141141
1788446912610747922,0,0.4642607426316433,1.0300895150078997,0.0,0.9927374746232797,0.0,0.0,0.12030089974141141
1788446912630741354,0,0.4645030335183577,1.0291044899795985,0.0,0.9927374746232797,0.0,0.0,0.12030089974141141
1788446912650723931,0,0.46474638716913574,1.028115144193907,0.0,0.9927374746232797,0.0,0.0,0.12030089974141141
1788446912670756310,0,0.4649881168207242,1.027132400594608,0.0,0.9927374746232797,0.0,0.0,0.12030089974141141
1788446912697957458,0,0.4653529281678451,1.0256492727158355,0.0,0.9927374746232797,0.0,0.0,0.12030089974141141
1788446912710727960,0,0.46547325364656833,1.0251600937388963,0.0,0.9927374746232797,0.0,0.0,0.12030089974141141
1788446912730728507,0,0.4657137563061851,1.0241823386845976,0.0,0.9927374746232797,0.0,0.0,0.12030089974141141
1788446912750716963,0,0.46595448699439024,1.0232036571544012,0.0,0.9927374746232797,0.0,0.0,0.12030089974141141
1788446912770743211,0,0.4661955040068318,1.0222238121500002,0.0,0.9927374746232797,0.0,0.0,0.12030089974141141
1788446912798528652,0,0.4665590798377566,1.0207457088047711,0.0,0.9927374746232797,0.0,0.0,0.12030089974141141
1788446912810728579,0,0.4666799125087384,1.0202544680450074,0.0,0.9927374746232797,0.0,0.0,0.12030089974141141
1788446912830716530,0,0.466920776874308,1.0192752428654184,0.0,0.9927374746232797,0.0,0.0,0.12030089974141141
1788446912850723731,0,0.46716246938448586,1.0182926505769423,0.0,0.9927374746232797,0.0,0.0,0.12030089974141141
1788446912870721075,0,0.4674025597396038,1.017316571481163,0.0,0.9927374746232797,0.0,0.0,0.12030089974141141
1788446912898495614,0,0.4676423727772529,1.016341619810032,0.0,0.9927374746232797,0.0,0.0,0.12030089974141141
1788446912910726754,0,0.4678845902636387,1.0153568933146984,0.0,0.9927374746232797,0.0,0.0,0.12030089974141141
1788446912930761928,0,0.46812687275493914,1.0143719025442182,0.0,0.9927374746232797,0.0,0.0,0.12030089974141141
1788446912950721802,0,0.46836884744694185,1.0133881634364568,0.0,0.9927374746232797,0.0,0.0,0.12030089974141141
1788446912970730889,0,0.4686107471015127,1.0124047297067682,0.0,0.9927374746232797,0.0,0.0,0.12030089974141141
1788446912998083876,0,0.46885267697566885,1.0114211731205194,0.0,0.9927374746232797,0.0,0.0,0.12030089974141141
1788446913010730619,0,0.46909391588744037,1.010440424859132,0.0,0.9927374746232797,0.0,0.0,0.12030089974141141
1788446913030727559,0,0.4693378667258483,1.0094486513559457,0.0,0.9927374746232797,0.0,0.0,0.12030089974141141
1788446913050725616,0,0.4695790346059768,1.0084681917452616,0.0,0.9927374746232797,0.0,0.0,0.12030089974141141
1788446913070795422,0,0.46982109269531397,1.0074841128935714,0.0,0.9927374746232797,0.0,0.0,0.12030089974141141
1788446913098056642,0,0.4700622616330564,1.0065036488571628,0.0,0.9927374746232797,0.0,0.0,0.12030089974141141
1788446913110920033,0,0.47030197802275475,1.0055290903554015,0.0,0.9927374746232797,0.0,0.0,0.12030089974141141
1788446913130726815,0,0.47042194574078006,1.0050413658419228,0.0,0.9927374746232797,0.0,0.0,0.12030089974141141
1788446913150716689,0,0.47066496136200026,1.0040533944311278,0.0,0.9927374746232797,0.0,0.0,0.12030089974141141
1788446913170759306,0,0.4709045112769245,1.0030795127266707,0.0,0.9927374746232797,0.0,0.0,0.12030089974141141
1788446913198052594,0,0.47126389591213197,1.0016184472063507,0.0,0.9927374746232797,0.0,0.0,0.12030089974141141
1788446913210755197,0,0.47138490281707746,1.00112649778879,0.0,0.9927374746232797,0.0,0.0,0.12030089974141141
1788446913230759469,0,0.47162700933400864,1.000142222056379,0.0,0.9927374746232797,0.0,0.0,0.12030089974141141
1788446913250726466,0,0.4718690945088312,0.9991580330895781,0.0,0.9927374746232797,0.0,0.0,0.12030089974141141
1788446913270956347,0,0.47211456426583587,0.9981600842201177,0.0,0.9927374746232797,0.0,0.0,0.12030089974141141
1788446913297961998,0,0.4724777600903174,0.9966835240651849,0.0,0.9927374746232797,0.0,0.0,0.12030089974141141
1788446913310724382,0,0.47259832409986957,0.996193375349599,0.0,0.9927374746232797,0.0,0.0,0.12030089974141141
1788446913330747894,0,0.472839367867688,0.9952134204390496,0.0,0.9927374746232797,0.0,0.0,0.12030089974141141
1788446913350859060,0,0.4730804630465229,0.9942332565188314,0.0,0.9927374746232797,0.0,0.0,0.12030089974141141
1788446913370919576,0,0.4733231127921625,0.993246773069282,0.0,0.9927374746232797,0.0,0.0,0.12030089974141141
1788446913398587365,0,0.4736899152380455,0.9917555515972182,0.0,0.9927374746232797,0.0,0.0,0.12030089974141141
1788446913410722976,0,0.4738100859044055,0.9912670021927871,0.0,0.9927374746232797,0.0,0.0,0.12030089974141141
1788446913430757285,0,0.4740509882255745,0.9902876227061109,0.0,0.9927374746232797,0.0,0.0,0.12030089974141141
1788446913450914419,0,0.47429093989969046,0.98931210785217,0.0,0.9927374746232797,0.0,0.0,0.12030089974141141
1788446913470806418,0,0.4745305969223461,0.9883377910805929,0.0,0.9927374746232797,0.0,0.0,0.12030089974141141
1788446913498111507,0,0.4748912030112602,0.9868717599056265,0.0,0.9927374746232797,0.0,0.0,0.12030089974141141
1788446913510794084,0,0.4750156551452993,0.986365803897448,0.0,0.9927374746232797,0.0,0.0,0.12030089974141141
1788446913530723958,0,0.4752606390210308,0.985369830105675,0.0,0.9927374746232797,0.0,0.0,0.12030089974141141
1788446913550728604,0,0.47550302150073215,0.9843844322028671,0.0,0.9927374746232797,0.0,0.0,0.12030089974141141
1788446913570737682,0,0.47574559432545516,0.9833982604587099,0.0,0.9927374746232797,0.0,0.0,0.12030089974141141
1788446913598341588,0,0.47610858182770455,0.9819225472919404,0.0,0.9927374746232797,0.0,0.0,0.12030089974141141
1788446913610752217,0,0.47622911783776006,0.9814325125962126,0.0,0.9927374746232797,0.0,0.0,0.12030089974141141
1788446913630727952,0,0.4764701366883452,0.9804526593635,0.0,0.9927374746232797,0.0,0.0,0.12030089974141141
1788446913650743126,0,0.4767111332708842,0.9794728965347981,0.0,0.9927374746232797,0.0,0.0,0.12030089974141141
1788446913670765358,0,0.4769521499253509,0.978493051978522,0.0,0.9927374746232797,0.0,0.0,0.12030089974141141
1788446913698954281,0,0.4773158790408268,0.9770143239990529,0.0,0.9927374746232797,0.0,0.0,0.12030089974141141
1788446913710760415,0,0.47743600095939437,0.9765259723377299,0.0,0.9927374746232797,0.0,0.0,0.12030089974141141
1788446913730752681,0,0.47767614254996305,0.9755496846950964,0.0,0.9927374746232797,0.0,0.0,0.12030089974141141
1788446913750728635,0,0.477915912634591,0.9745749076477056,0.0,0.9927374746232797,0.0,0.0,0.12030089974141141
1788446913770720343,0,0.4781589730125252,0.9735867542800731,0.0,0.9927374746232797,0.0,0.0,0.12030089974141141
1788446913798038969,0,0.47852157333883805,0.9721126152287644,0.0,0.9927374746232797,0.0,0.0,0.12030089974141141
1788446913810736064,0,0.47864243895224107,0.9716212401008439,0.0,0.9927374746232797,0.0,0.0,0.12030089974141141
1788446913830734543,0,0.47888418214527934,0.9706384411966842,0.0,0.9927374746232797,0.0,0.0,0.12030089974141141
1788446913850725028,0,0.4791263031091908,0.9696541067309694,0.0,0.9927374746232797,0.0,0.0,0.12030089974141141
1788446913870727024,0,0.4793688915178908,0.9686678721375614,0.0,0.9927374746232797,0.0,0.0,0.12030089974141141
1788446913898471020,0,0.47973171674887793,0.9671928189968185,0.0,0.9927374746232797,0.0,0.0,0.12030089974141141
1788446913910789257,0,0.47985223583805936,0.9667028529034107,0.0,0.9927374746232797,0.0,0.0,0.12030089974141141
1788446913930739357,0,0.4800933909963157,0.9657224451389766,0.0,0.9927374746232797,0.0,0.0,0.12030089974141141
1788446913950722354,0,0.480336146044214,0.9647355328251421,0.0,0.9927374746232797,0.0,0.0,0.12030089974141141
1788446913970729247,0,0.4805772149957633,0.9637554750273117,0.0,0.9927374746232797,0.0,0.0,0.12030089974141141
1788446913998329056,0,0.48081842414574394,0.9627748472574256,0.0,0.9927374746232797,0.0,0.0,0.12030089974141141
1788446914010758174,0,0.48105845928401886,0.9617989928946025,0.0,0.9927374746232797,0.0,0.0,0.12030089974141141
1788446914030725281,0,0.48129853922048266,0.9608229564063274,0.0,0.9927374746232797,0.0,0.0,0.12030089974141141
1788446914050722973,0,0.4815386510973444,0.9598467899401202,0.0,0.9927374746232797,0.0,0.0,0.12030089974141141
1788446914070712246,0,0.4817792462703426,0.9588686585245804,0.0,0.9927374746232797,0.0,0.0,0.12030089974141141
1788446914098050553,0,0.48201917373058395,0.957893241672329,0.0,0.9927374746232797,0.0,0.0,0.12030089974141141
1788446914110756451,0,0.48226264790458934,0.9569034060314081,0.0,0.9927374746232797,0.0,0.0,0.12030089974141141
1788446914130766085,0,0.4825047683183373,0.9559190740549214,0.0,0.9927374746232797,0.0,0.0,0.12030089974141141
1788446914150720991,0,0.48274690746508336,0.9549346652242985,0.0,0.9927374746232797,0.0,0.0,0.12030089974141141
1788446914170730041,0,0.4829891532656969,0.9539498220999685,0.0,0.9927374746232797,0.0,0.0,0.12030089974141141
1788446914198554538,0,0.4832314587997998,0.9529647361309075,0.0,0.9927374746232797,0.0,0.0,0.12030089974141141
1788446914210738017,0,0.48347683711903555,0.951967159254916,0.0,0.9927374746232797,0.0,0.0,0.12030089974141141
1788446914230734160,0,0.48371755468998934,0.9509885304861799,0.0,0.9927374746232797,0.0,0.0,0.12030089974141141
1788446914250723684,0,0.4839586843182766,0.950008226512932,0.0,0.9927374746232797,0.0,0.0,0.12030089974141141
1788446914270784335,0,0.484082124483818,0.9495063848869232,0.0,0.9927374746232797,0.0,0.0,0.12030089974141141
1788446914298869345,0,0.48444772930963953,0.9480200314017159,0.0,0.9927374746232797,0.0,0.0,0.12030089974141141
1788446914310779168,0,0.4845678461514683,0.9475317006306897,0.0,0.9927374746232797,0.0,0.0,0.12030089974141141
1788446914330736236,0,0.48480813924971566,0.9465547975407247,0.0,0.9927374746232797,0.0,0.0,0.12030089974141141
1788446914350723358,0,0.4850493963103499,0.9455739754957785,0.0,0.9927374746232797,0.0,0.0,0.12030089974141141
1788446914370741773,0,0.48528946249146515,0.9445979946785769,0.0,0.9927374746232797,0.0,0.0,0.12030089974141141
1788446914398577655,0,0.4856504645959764,0.9431303532064449,0.0,0.9927374746232797,0.0,0.0,0.12030089974141141
1788446914410780682,0,0.4857716177422281,0.9426378097561732,0.0,0.9927374746232797,0.0,0.0,0.12030089974141141
1788446914430780786,0,0.4860139067097162,0.9416527932898126,0.0,0.9927374746232797,0.0,0.0,0.12030089974141141
1788446914450722819,0,0.48625648552781714,0.9406665984469482,0.0,0.9927374746232797,0.0,0.0,0.12030089974141141
1788446914470748778,0,0.48649958834405965,0.939678272928847,0.0,0.9927374746232797,0.0,0.0,0.12030089974141141
1788446914498072598,0,0.4868628423843717,0.9382014770482283,0.0,0.9927374746232797,0.0,0.0,0.12030089974141141
1788446914510763320,0,0.4869836538869129,0.9377103221586514,0.0,0.9927374746232797,0.0,0.0,0.12030089974141141
1788446914530762807,0,0.4872254007770135,0.9367275087293384,0.0,0.9927374746232797,0.0,0.0,0.12030089974141141
1788446914550734394,0,0.48747412393966144,0.9357163333845849,0.0,0.9927374746232797,0.0,0.0,0.12030089974141141
1788446914570730372,0,0.4877156115111656,0.9347345739535573,0.0,0.9927374746232797,0.0,0.0,0.12030089974141141
1788446914598307426,0,0.488077168646045,0.9332646758349414,0.0,0.9927374746232797,0.0,0.0,0.12030089974141141
1788446914610764030,0,0.4881988330341571,0.9327700534421398,0.0,0.9927374746232797,0.0,0.0,0.12030089974141141
1788446914630734435,0,0.4884393235550503,0.93179234748614,0.0,0.9927374746232797,0.0,0.0,0.12030089974141141
1788446914650726631,0,0.48867953287785454,0.930815784856806,0.0,0.9927374746232797,0.0,0.0,0.12030089974141141
1788446914670731832,0,0.488919407924325,0.9298405813415507,0.0,0.9927374746232797,0.0,0.0,0.12030089974141141
1788446914698120887,0,0.48928237561621596,0.9283649490310432,0.0,0.9927374746232797,0.0,0.0,0.12030089974141141
1788446914710896947,0,0.4894034331750556,0.9278727938082896,0.0,0.9927374746232797,0.0,0.0,0.12030089974141141
1788446914730731448,0,0.48964797532662424,0.9268786163423677,0.0,0.9927374746232797,0.0,0.0,0.12030089974141141
1788446914750864125,0,0.48989189533981287,0.9258869683496177,0.0,0.9927374746232797,0.0,0.0,0.12030089974141141
1788446914770757321,0,0.4901349664756712,0.9248987716269481,0.0,0.9927374746232797,0.0,0.0,0.12030089974141141
1788446914797956593,0,0.4905037711857904,0.9233994095078091,0.0,0.9927374746232797,0.0,0.0,0.12030089974141141
1788446914810761575,0,0.4906245598169589,0.9229083476009886,0.0,0.9927374746232797,0.0,0.0,0.12030089974141141
1788446914830724057,0,0.4908660802310939,0.9219264549017018,0.0,0.9927374746232797,0.0,0.0,0.12030089974141141
1788446914850725676,0,0.49110769186245196,0.9209441914251636,0.0,0.9927374746232797,0.0,0.0,0.12030089974141141
1788446914870791018,0,0.49135198051284784,0.9199510446869016,0.0,0.9927374746232797,0.0,0.0,0.12030089974141141
1788446914898089965,0,0.49171568114001285,0.918472432843955,0.0,0.9927374746232797,0.0,0.0,0.12030089974141141
1788446914910768497,0,0.49183584965060095,0.9179838920781889,0.0,0.9927374746232797,0.0,0.0,0.12030089974141141
1788446914930713489,0,0.49207616410931704,0.9170069022735284,0.0,0.9927374746232797,0.0,0.0,0.12030089974141141
1788446914950725537,0,0.49231625153589764,0.9160308356478866,0.0,0.9927374746232797,0.0,0.0,0.12030089974141141
1788446914970752904,0,0.4925561718089284,0.9150554487669634,0.0,0.9927374746232797,0.0,0.0,0.12030089974141141
1788446914997903473,0,0.49279609323865864,0.914080057183522,0.0,0.9927374746232797,0.0,0.0,0.12030089974141141
1788446915010733909,0,0.49303836864085343,0.9130950951069877,0.0,0.9927374746232797,0.0,0.0,0.12030089974141141
1788446915030747598,0,0.4932803635016919,0.9121112735614124,0.0,0.9927374746232797,0.0,0.0,0.12030089974141141
1788446915050726641,0,0.49352241667044117,0.9111272148406575,0.0,0.9927374746232797,0.0,0.0,0.12030089974141141
1788446915070731455,0,0.4937645066493066,0.9101430063431852,0.0,0.9927374746232797,0.0,0.0,0.12030089974141141
1788446915098123864,0,0.49400668176150075,0.9091584517390877,0.0,0.9927374746232797,0.0,0.0,0.12030089974141141
1788446915110732666,0,0.49425044479048097,0.9081674417684857,0.0,0.9927374746232797,0.0,0.0,0.12030089974141141
1788446915130773496,0,0.4944924689081632,0.9071835012802474,0.0,0.9927374746232797,0.0,0.0,0.12030089974141141
1788446915150742357,0,0.49473420854380773,0.9062007175327258,0.0,0.9927374746232797,0.0,0.0,0.12030089974141141
1788446915170739194,0,0.4949767774467782,0.905214562619307,0.0,0.9927374746232797,0.0,0.0,0.12030089974141141
1788446915198091120,0,0.49521807459023204,0.9042335779972185,0.0,0.9927374746232797,0.0,0.0,0.12030089974141141
1788446915210771692,0,0.49545828440207557,0.903257013505182,0.0,0.9927374746232797,0.0,0.0,0.12030089974141141
1788446915230720423,0,0.4956984321549803,0.9022807013115655,0.0,0.9927374746232797,0.0,0.0,0.12030089974141141
1788446915250847561,0,0.4959384614668221,0.9013048710115612,0.0,0.9927374746232797,0.0,0.0,0.12030089974141141
1788446915270769209,0,0.4961778834186505,0.9003315102869514,0.0,0.9927374746232797,0.0,0.0,0.12030089974141141
1788446915298091275,0,0.4964169941796189,0.8993594146967986,0.0,0.9927374746232797,0.0,0.0,0.12030089974141141
1788446915310770895,0,0.4966600188440563,0.8983714069019737,0.0,0.9927374746232797,0.0,0.0,0.12030089974141141
1788446915330722746,0,0.49690250545939946,0.8973855865258635,0.0,0.9927374746232797,0.0,0.0,0.12030089974141141
1788446915350712447,0,0.497145002641129,0.8963997230022486,0.0,0.9927374746232797,0.0,0.0,0.12030089974141141
1788446915370742213,0,0.49738777912640125,0.8954127237901899,0.0,0.9927374746232797,0.0,0.0,0.12030089974141141
1788446915397884034,0,0.49763662435696326,0.8944010523088524,0.0,0.9927374746232797,0.0,0.0,0.12030089974141141
1788446915410780532,0,0.4977570975480025,0.8939112728127179,0.0,0.9927374746232797,0.0,0.0,0.12030089974141141
1788446915430757139,0,0.49799793292494354,0.8929321651079081,0.0,0.9927374746232797,0.0,0.0,0.12030089974141141
1788446915450719873,0,0.49823868774715363,0.8919533848955074,0.0,0.9927374746232797,0.0,0.0,0.12030089974141141
1788446915470730744,0,0.49848086371635153,0.890968827060304,0.0,0.9927374746232797,0.0,0.0,0.12030089974141141
1788446915497987641,0,0.49884476109062836,0.8894894153486874,0.0,0.9927374746232797,0.0,0.0,0.12030089974141141
1788446915510726184,0,0.4989649002016382,0.8890009942313666,0.0,0.9927374746232797,0.0,0.0,0.12030089974141141
1788446915530745182,0,0.49920502666347577,0.8880247689721384,0.0,0.9927374746232797,0.0,0.0,0.12030089974141141
1788446915550725874,0,0.49944513558734843,0.8870486150128588,0.0,0.9927374746232797,0.0,0.0,0.12030089974141141
1788446915570721013,0,0.49968514610713277,0.886072861487891,0.0,0.9927374746232797,0.0,0.0,0.12030089974141141
1788446915598024867,0,0.5000460810358777,0.8846054944352998,0.0,0.9927374746232797,0.0,0.0,0.12030089974141141
1788446915610777921,0,0.5001670427374928,0.8841137287903266,0.0,0.9927374746232797,0.0,0.0,0.12030089974141141
1788446915630724364,0,0.5004090703790723,0.8831297737229499,0.0,0.9927374746232797,0.0,0.0,0.12030089974141141
1788446915650725302,0,0.5006513523257895,0.8821447847867674,0.0,0.9927374746232797,0.0,0.0,0.12030089974141141
1788446915670761263,0,0.5008939734009515,0.8811584171355352,0.0,0.9927374746232797,0.0,0.0,0.12030089974141141
1788446915698059684,0,0.5012572149609458,0.8796816711704127,0.0,0.9927374746232797,0.0,0.0,0.12030089974141141
1788446915710774719,0,0.501377823872861,0.8791913399058583,0.0,0.9927374746232797,0.0,0.0,0.12030089974141141
1788446915730726245,0,0.5016190006888929,0.878210844092504,0.0,0.9927374746232797,0.0,0.0,0.12030089974141141
1788446915750719677,0,0.5018604437946319,0.8772292657508959,0.0,0.9927374746232797,0.0,0.0,0.12030089974141141
1788446915770748514,0,0.502102082332732,0.876246892949034,0.0,0.9927374746232797,0.0,0.0,0.12030089974141141
1788446915798008780,0,0.5024640231964127,0.8747754352985283,0.0,0.9927374746232797,0.0,0.0,0.12030089974141141
1788446915810860955,0,0.5025843344960399,0.8742863141547452,0.0,0.9927374746232797,0.0,0.0,0.12030089974141141
1788446915830791552,0,0.50282493813637,0.873308148943985,0.0,0.9927374746232797,0.0,0.0,0.12030089974141141
1788446915850725791,0,0.5030645125169234,0.872334168337768,0.0,0.9927374746232797,0.0,0.0,0.12030089974141141
1788446915870732579,0,0.5033038963563757,0.8713609621824117,0.0,0.9927374746232797,0.0,0.0,0.12030089974141141
1788446915898028036,0,0.5036642374128649,0.869896008487456,0.0,0.9927374746232797,0.0,0.0,0.12030089974141141
1788446915910725660,0,0.503785269977132,0.8694039546263553,0.0,0.9927374746232797,0.0,0.0,0.12030089974141141
1788446915930732576,0,0.5040282273905549,0.8684162193496412,0.0,0.9927374746232797,0.0,0.0,0.12030089974141141
1788446915950728508,0,0.5042704951672765,0.8674312878946144,0.0,0.9927374746232797,0.0,0.0,0.12030089974141141
1788446915970729787,0,0.5045130894989217,0.8664450289682316,0.0,0.9927374746232797,0.0,0.0,0.12030089974141141
1788446915997999496,0,0.5048767877197776,0.8649664264647524,0.0,0.9927374746232797,0.0,0.0,0.12030089974141141
1788446916010756371,0,0.5049975121136175,0.8644756257125189,0.0,0.9927374746232797,0.0,0.0,0.12030089974141141
1788446916030748072,0,0.5052392464131866,0.8634928634695667,0.0,0.9927374746232797,0.0,0.0,0.12030089974141141
1788446916050911409,0,0.5054818734558092,0.8625064718113136,0.0,0.9927374746232797,0.0,0.0,0.12030089974141141
1788446916070779377,0,0.5057235626379352,0.8615238929917302,0.0,0.9927374746232797,0.0,0.0,0.12030089974141141
1788446916098103628,0,0.5060856485657957,0.8600518453359856,0.0,0.9927374746232797,0.0,0.0,0.12030089974141141
1788446916110754982,0,0.5062060029189658,0.8595625488452637,0.0,0.9927374746232797,0.0,0.0,0.12030089974141141
1788446916130730072,0,0.5064466826229256,0.8585840737720017,0.0,0.9927374746232797,0.0,0.0,0.12030089974141141
1788446916150722265,0,0.506686417368075,0.857609440708103,0.0,0.9927374746232797,0.0,0.0,0.12030089974141141
1788446916170755026,0,0.5069266878524626,0.8566326299305185,0.0,0.9927374746232797,0.0,0.0,0.12030089974141141
1788446916198050766,0,0.5072899947966147,0.8551556191652088,0.0,0.9927374746232797,0.0,0.0,0.12030089974141141
1788446916210758588,0,0.5074112625146621,0.8546626099277147,0.0,0.9927374746232797,0.0,0.0,0.12030089974141141
1788446916230753141,0,0.5076546200408146,0.8536732492772557,0.0,0.9927374746232797,0.0,0.0,0.12030089974141141
1788446916250722709,0,0.5078971659242435,0.8526871879489141,0.0,0.9927374746232797,0.0,0.0,0.12030089974141141
1788446916270744153,0,0.508142765290693,0.8516887124132952,0.0,0.9927374746232797,0.0,0.0,0.12030089974141141
1788446916297923207,0,0.5085076796289426,0.850205165828284,0.0,0.9927374746232797,0.0,0.0,0.12030089974141141
1788446916310728338,0,0.5086285722290882,0.84971368098666,0.0,0.9927374746232797,0.0,0.0,0.12030089974141141
1788446916330749319,0,0.5088725637603921,0.8487217415381239,0.0,0.9927374746232797,0.0,0.0,0.12030089974141141
1788446916350735433,0,0.5091146271226427,0.8477376412497803,0.0,0.9927374746232797,0.0,0.0,0.12030089974141141
1788446916370739920,0,0.5093568179961078,0.8467530228218064,0.0,0.9927374746232797,0.0,0.0,0.12030089974141141
1788446916397934918,0,0.5095992270776991,0.8457675172764146,0.0,0.9927374746232797,0.0,0.0,0.12030089974141141
1788446916410729253,0,0.5098400229627544,0.8447885705018267,0.0,0.9927374746232797,0.0,0.0,0.12030089974141141
1788446916430747086,0,0.5100831243461296,0.8438002508089945,0.0,0.9927374746232797,0.0,0.0,0.12030089974141141
1788446916450728327,0,0.5103233858049112,0.8428234767246781,0.0,0.9927374746232797,0.0,0.0,0.12030089974141141
1788446916470734847,0,0.5105633931720004,0.8418477356407497,0.0,0.9927374746232797,0.0,0.0,0.12030089974141141
1788446916498083770,0,0.5108039924006487,0.840869588365519,0.0,0.9927374746232797,0.0,0.0,0.12030089974141141
1788446916510765927,0,0.511046073610324,0.8398854161511743,0.0,0.9927374746232797,0.0,0.0,0.12030089974141141
1788446916530764271,0,0.5112884136982366,0.8389001914769195,0.0,0.9927374746232797,0.0,0.0,0.12030089974141141
1788446916550712947,0,0.5115309201228245,0.8379142903766539,0.0,0.9927374746232797,0.0,0.0,0.12030089974141141
1788446916570746638,0,0.5117738953756887,0.8369264830819818,0.0,0.9927374746232797,0.0,0.0,0.12030089974141141
1788446916598526184,0,0.5120187778595137,0.835930922007312,0.0,0.9927374746232797,0.0,0.0,0.12030089974141141
1788446916610811135,0,0.512262976716624,0.8349381401928653,0.0,0.9927374746232797,0.0,0.0,0.12030089974141141
1788446916630726296,0,0.5123837325455277,0.8344472116424919,0.0,0.9927374746232797,0.0,0.0,0.12030089974141141
1788446916650722837,0,0.5126273417614524,0.8334568269934254,0.0,0.9927374746232797,0.0,0.0,0.12030089974141141
1788446916670800759,0,0.5128745506384222,0.8324518077914553,0.0,0.9927374746232797,0.0,0.0,0.12030089974141141
1788446916698143842,0,0.5132368091071825,0.8309790584240255,0.0,0.9927374746232797,0.0,0.0,0.12030089974141141
1788446916710715317,0,0.5133573189946607,0.8304891299286704,0.0,0.9927374746232797,0.0,0.0,0.12030089974141141
1788446916730731884,0,0.5135984408532884,0.8295088579205667,0.0,0.9927374746232797,0.0,0.0,0.12030089974141141
1788446916750723318,0,0.5138397196750193,0.828527947784766,0.0,0.9927374746232797,0.0,0.0,0.12030089974141141
1788446916770729294,0,0.5140795804649383,0.8275528026049079,0.0,0.9927374746232797,0.0,0.0,0.12030089974141141
1788446916798056797,0,0.5144402116417135,0.8260866698790976,0.0,0.9927374746232797,0.0,0.0,0.12030089974141141
1788446916810719952,0,0.5145612258124523,0.8255946914284212,0.0,0.9927374746232797,0.0,0.0,0.12030089974141141
1788446916830731165,0,0.5148031856919595,0.8246110128565737,0.0,0.9927374746232797,0.0,0.0,0.12030089974141141
1788446916850738486,0,0.5150454034986652,0.8236262856916337,0.0,0.9927374746232797,0.0,0.0,0.12030089974141141
1788446916870734841,0,0.5152880350455493,0.8226398757214646,0.0,0.9927374746232797,0.0,0.0,0.12030089974141141
1788446916898499208,0,0.5156515733726076,0.8211619235138717,0.0,0.9927374746232797,0.0,0.0,0.12030089974141141
1788446916910774971,0,0.5157723682115934,0.8206708363693893,0.0,0.9927374746232797,0.0,0.0,0.12030089974141141
1788446916930731582,0,0.5160143649886527,0.819687007033486,0.0,0.9927374746232797,0.0,0.0,0.12030089974141141
1788446916950723376,0,0.5162601129021038,0.8186879274548949,0.0,0.9927374746232797,0.0,0.0,0.12030089974141141
1788446916970736334,0,0.5165018494445368,0.817705155841104,0.0,0.9927374746232797,0.0,0.0,0.12030089974141141
1788446916998065404,0,0.5168646989760888,0.8162300038427588,0.0,0.9927374746232797,0.0,0.0,0.12030089974141141
1788446917010741439,0,0.5169858914764116,0.8157373002101032,0.0,0.9927374746232797,0.0,0.0,0.12030089974141141
1788446917030749830,0,0.5172267805662185,0.8147579745150407,0.0,0.9927374746232797,0.0,0.0,0.12030089974141141
1788446917050722706,0,0.5174670039851832,0.8137813550801946,0.0,0.9927374746232797,0.0,0.0,0.12030089974141141
1788446917070751700,0,0.5177072342408182,0.8128047078511175,0.0,0.9927374746232797,0.0,0.0,0.12030089974141141
1788446917098054852,0,0.5180692360576251,0.8113330028388961,0.0,0.9927374746232797,0.0,0.0,0.12030089974141141
1788446917110734333,0,0.5181903521615255,0.8108406097930732,0.0,0.9927374746232797,0.0,0.0,0.12030089974141141
1788446917130780684,0,0.5184362709747221,0.8098408359433908,0.0,0.9927374746232797,0.0,0.0,0.12030089974141141
1788446917150726372,0,0.5186796000163915,0.8088515905233747,0.0,0.9927374746232797,0.0,0.0,0.12030089974141141
1788446917170735358,0,0.5189231899483285,0.8078612842726777,0.0,0.9927374746232797,0.0,0.0,0.12030089974141141
1788446917198458869,0,0.5192952762468608,0.8063485805894637,0.0,0.9927374746232797,0.0,0.0,0.12030089974141141
1788446917210724983,0,0.5194163157810215,0.8058564986454043,0.0,0.9927374746232797,0.0,0.0,0.12030089974141141
1788446917230717079,0,0.5196615497602933,0.8048595085784302,0.0,0.9927374746232797,0.0,0.0,0.12030089974141141
1788446917250735919,0,0.5199057255801413,0.8038668204211585,0.0,0.9927374746232797,0.0,0.0,0.12030089974141141
1788446917270759220,0,0.5201489570212693,0.8028779716021636,0.0,0.9927374746232797,0.0,0.0,0.12030089974141141
1788446917298146183,0,0.5205120085181427,0.8014019984595833,0.0,0.9927374746232797,0.0,0.0,0.12030089974141141
1788446917310930265,0,0.5206325301789203,0.8009120217855271,0.0,0.9927374746232797,0.0,0.0,0.12030089974141141
1788446917330747670,0,0.5208735913621625,0.7999319958213398,0.0,0.9927374746232797,0.0,0.0,0.12030089974141141
1788446917350731453,0,0.5211140460148677,0.7989544358742576,0.0,0.9927374746232797,0.0,0.0,0.12030089974141141
1788446917370753730,0,0.5213539896034483,0.7979789538288187,0.0,0.9927374746232797,0.0,0.0,0.12030089974141141
1788446917398084593,0,0.5215948045589329,0.7969999292725128,0.0,0.9927374746232797,0.0,0.0,0.12030089974141141
1788446917410720410,0,0.5218403079471378,0.7960018439330524,0.0,0.9927374746232797,0.0,0.0,0.12030089974141141
1788446917430742396,0,0.5220820626727525,0.795018998648734,0.0,0.9927374746232797,0.0,0.0,0.12030089974141141
1788446917450721644,0,0.5223249409319423,0.7940315856784138,0.0,0.9927374746232797,0.0,0.0,0.12030089974141141
1788446917470741186,0,0.5225671164332528,0.7930470297453901,0.0,0.9927374746232797,0.0,0.0,0.12030089974141141
1788446917498123338,0,0.5228091700466533,0.7920629693433526,0.0,0.9927374746232797,0.0,0.0,0.12030089974141141
1788446917510721170,0,0.5230514233909517,0.7910780966893212,0.0,0.9927374746232797,0.0,0.0,0.12030089974141141
1788446917530755780,0,0.5232937624694542,0.7900928754858263,0.0,0.9927374746232797,0.0,0.0,0.12030089974141141
1788446917550737626,0,0.5235356498607793,0.7891094906010441,0.0,0.9927374746232797,0.0,0.0,0.12030089974141141
1788446917570726498,0,0.5237773535645448,0.7881268524917285,0.0,0.9927374746232797,0.0,0.0,0.12030089974141141
1788446917598132392,0,0.5240190717048198,0.7871441556912796,0.0,0.9927374746232797,0.0,0.0,0.12030089974141141
1788446917610738772,0,0.5242607211903196,0.7861617383831564,0.0,0.9927374746232797,0.0,0.0,0.12030089974141141
1788446917630751537,0,0.5245024036656794,0.7851791869559426,0.0,0.9927374746232797,0.0,0.0,0.12030089974141141
1788446917650731928,0,0.5247431640894092,0.7842003839083134,0.0,0.9927374746232797,0.0,0.0,0.12030089974141141
1788446917670719905,0,0.5249831999784879,0.7832245262423466,0.0,0.9927374746232797,0.0,0.0,0.12030089974141141
1788446917697925504,0,0.525223502073856,0.7822475863238493,0.0,0.9927374746232797,0.0,0.0,0.12030089974141141
1788446917710752367,0,0.5254657619342202,0.7812626874320777,0.0,0.9927374746232797,0.0,0.0,0.12030089974141141
1788446917730731846,0,0.5257080930963616,0.7802774986654534,0.0,0.9927374746232797,0.0,0.0,0.12030089974141141
1788446917750723923,0,0.5258292805159347,0.7797848154984821,0.0,0.9927374746232797,0.0,0.0,0.12030089974141141
1788446917770985405,0,0.5261944441387054,0.7783002557086693,0.0,0.9927374746232797,0.0,0.0,0.12030089974141141
1788446917798175821,0,0.526437881028537,0.7773105716452383,0.0,0.9927374746232797,0.0,0.0,0.12030089974141141
1788446917810774646,0,0.5265588832937341,0.7768186411536233,0.0,0.9927374746232797,0.0,0.0,0.12030089974141141
1788446917831011087,0,0.5268008470467633,0.7758349459493505,0.0,0.9927374746232797,0.0,0.0,0.12030089974141141
1788446917850726438,0,0.5270428616722329,0.7748510439249445,0.0,0.9927374746232797,0.0,0.0,0.12030089974141141
1788446917871096716,0,0.5272874390613409,0.7738567229465304,0.0,0.9927374746232797,0.0,0.0,0.12030089974141141
1788446917897966086,0,0.5276501195184031,0.7723822580001468,0.0,0.9927374746232797,0.0,0.0,0.12030089974141141
1788446917910786140,0,0.5277705411402305,0.7718926882197243,0.0,0.9927374746232797,0.0,0.0,0.12030089974141141
1788446917930743505,0,0.5280113435722855,0.7709137145769723,0.0,0.9927374746232797,0.0,0.0,0.12030089974141141
1788446917950730513,0,0.528253645301324,0.7699286455961587,0.0,0.9927374746232797,0.0,0.0,0.12030089974141141
1788446917970732394,0,0.5284977541123208,0.768936229861001,0.0,0.9927374746232797,0.0,0.0,0.12030089974141141
1788446917998763398,0,0.5288596760920572,0.7674648490461777,0.0,0.9927374746232797,0.0,0.0,0.12030089974141141
1788446918010735255,0,0.5289808306236982,0.7669722996472192,0.0,0.9927374746232797,0.0,0.0,0.12030089974141141
1788446918030742289,0,0.5292241276354971,0.7659831843800736,0.0,0.9927374746232797,0.0,0.0,0.12030089974141141
1788446918050748895,0,0.5294670324404661,0.7649956634249859,0.0,0.9927374746232797,0.0,0.0,0.12030089974141141
1788446918070733427,0,0.5297104943617267,0.7640058773428083,0.0,0.9927374746232797,0.0,0.0,0.12030089974141141
1788446918098469715,0,0.5300771996136332,0.762515049602391,0.0,0.9927374746232797,0.0,0.0,0.12030089974141141
1788446918110759532,0,0.5301984871641323,0.7620219592299674,0.0,0.9927374746232797,0.0,0.0,0.12030089974141141
1788446918130763055,0,0.5304419064962576,0.7610323462924575,0.0,0.9927374746232797,0.0,0.0,0.12030089974141141
1788446918150727551,0,0.5306880458058564,0.7600316752513926,0.0,0.9927374746232797,0.0,0.0,0.12030089974141141
1788446918170735230,0,0.5309331733500966,0.75903511738008,0.0,0.9927374746232797,0.0,0.0,0.12030089974141141
1788446918197954175,0,0.5312962472625236,0.7575590527266542,0.0,0.9927374746232797,0.0,0.0,0.12030089974141141
1788446918210816220,0,0.5314171797631374,0.7570674059236935,0.0,0.9927374746232797,0.0,0.0,0.12030089974141141
1788446918230724032,0,0.5316579350874159,0.7560886236701513,0.0,0.9927374746232797,0.0,0.0,0.12030089974141141
1788446918250720075,0,0.5318983279780536,0.7551113149404547,0.0,0.9927374746232797,0.0,0.0,0.12030089974141141
1788446918270733327,0,0.5321384145992646,0.7541352514009915,0.0,0.9927374746232797,0.0,0.0,0.12030089974141141
1788446918297885888,0,0.5324991675986014,0.7526686229701197,0.0,0.9927374746232797,0.0,0.0,0.12030089974141141
1788446918310767837,0,0.5326198533322006,0.7521779793897269,0.0,0.9927374746232797,0.0,0.0,0.12030089974141141
1788446918330726212,0,0.5328612761065641,0.7511964836414772,0.0,0.9927374746232797,0.0,0.0,0.12030089974141141
1788446918350726030,0,0.5331035822759589,0.7502113963549376,0.0,0.9927374746232797,0.0,0.0,0.12030089974141141
1788446918370729159,0,0.5333468209429536,0.7492225179053136,0.0,0.9927374746232797,0.0,0.0,0.12030089974141141
1788446918398466612,0,0.533715997769038,0.7477216425190136,0.0,0.9927374746232797,0.0,0.0,0.12030089974141141
1788446918410777545,0,0.5338374594339297,0.7472278446077476,0.0,0.9927374746232797,0.0,0.0,0.12030089974141141
1788446918430762246,0,0.5340803830655647,0.7462402475580482,0.0,0.9927374746232797,0.0,0.0,0.12030089974141141
1788446918450712624,0,0.5343227921095733,0.7452547422927204,0.0,0.9927374746232797,0.0,0.0,0.12030089974141141
1788446918470780579,0,0.534564587712629,0.7442717306963035,0.0,0.9927374746232797,0.0,0.0,0.12030089974141141
1788446918498401580,0,0.5349269055140686,0.7427987403660146,0.0,0.9927374746232797,0.0,0.0,0.12030089974141141
1788446918510770013,0,0.5350472301546944,0.742309564796331,0.0,0.9927374746232797,0.0,0.0,0.12030089974141141
1788446918530774508,0,0.5352881700687037,0.7413300320997686,0.0,0.9927374746232797,0.0,0.0,0.12030089974141141
1788446918550740862,0,0.5355283811763388,0.7403534624023567,0.0,0.9927374746232797,0.0,0.0,0.12030089974141141
1788446918570950381,0,0.5357681679540667,0.7393786178658102,0.0,0.9927374746232797,0.0,0.0,0.12030089974141141
1788446918598262213,0,0.5361285264852362,0.7379135930051877,0.0,0.9927374746232797,0.0,0.0,0.12030089974141141
1788446918610727526,0,0.536249495158321,0.7374217990179439,0.0,0.9927374746232797,0.0,0.0,0.12030089974141141
1788446918630756714,0,0.5364914855664793,0.7364379953217629,0.0,0.9927374746232797,0.0,0.0,0.12030089974141141
1788446918650724249,0,0.5367369327296863,0.7354401383066115,0.0,0.9927374746232797,0.0,0.0,0.12030089974141141
1788446918670780026,0,0.5369801571091521,0.7344513179424451,0.0,0.9927374746232797,0.0,0.0,0.12030089974141141
1788446918698085793,0,0.5372234518179765,0.7334622116566863,0.0,0.9927374746232797,0.0,0.0,0.12030089974141141
1788446918711040233,0,0.5374666099186604,0.7324736604925929,0.0,0.9927374746232797,0.0,0.0,0.12030089974141141
1788446918730739008,0,0.5377097671250369,0.7314851129642759,0.0,0.9927374746232797,0.0,0.0,0.12030089974141141
1788446918750721097,0,0.5379524686887539,0.730498418089105,0.0,0.9927374746232797,0.0,0.0,0.12030089974141141
1788446918770779056,0,0.5381944138632263,0.7295147985416931,0.0,0.9927374746232797,0.0,0.0,0.12030089974141141
1788446918797873639,0,0.5384365721944769,0.7285303124129406,0.0,0.9927374746232797,0.0,0.0,0.12030089974141141
1788446918810734235,0,0.5386774611356299,0.7275509873222259,0.0,0.9927374746232797,0.0,0.0,0.12030089974141141
1788446918830739563,0,0.5389185306318849,0.726570928191414,0.0,0.9927374746232797,0.0,0.0,0.12030089974141141
1788446918850713102,0,0.5391590885904541,0.725592948510088,0.0,0.9927374746232797,0.0,0.0,0.12030089974141141
1788446918870833246,0,0.5393991648905926,0.7246169268051651,0.0,0.9927374746232797,0.0,0.0,0.12030089974141141
1788446918898079887,0,0.5396392489341241,0.7236408736197518,0.0,0.9927374746232797,0.0,0.0,0.12030089974141141
1788446918910734621,0,0.5398802690750697,0.7226610145116122,0.0,0.9927374746232797,0.0,0.0,0.12030089974141141
1788446918930732675,0,0.5401213907221426,0.7216807427337969,0.0,0.9927374746232797,0.0,0.0,0.12030089974141141
1788446918950733222,0,0.5403634386672446,0.7206967058214891,0.0,0.9927374746232797,0.0,0.0,0.12030089974141141
1788446918970744292,0,0.5406064596993457,0.7197087135554809,0.0,0.9927374746232797,0.0,0.0,0.12030089974141141
1788446918998087305,0,0.5408495827269029,0.7187203066310344,0.0,0.9927374746232797,0.0,0.0,0.12030089974141141
1788446919010768858,0,0.5410923937035091,0.7177331675761924,0.0,0.9927374746232797,0.0,0.0,0.12030089974141141
1788446919030742803,0,0.5413352352857597,0.7167459040952346,0.0,0.9927374746232797,0.0,0.0,0.12030089974141141
1788446919050723701,0,0.5415777680384292,0.7157598963393133,0.0,0.9927374746232797,0.0,0.0,0.12030089974141141
1788446919070787520,0,0.5418195921928178,0.7147767695527081,0.0,0.9927374746232797,0.0,0.0,0.12030089974141141
1788446919098223343,0,0.5420619809683709,0.7137913473205032,0.0,0.9927374746232797,0.0,0.0,0.12030089974141141
1788446919110769047,0,0.5421826829613339,0.7133006376382423,0.0,0.9927374746232797,0.0,0.0,0.12030089974141141
1788446919130802569,0,0.5424268084367622,0.7123081541544282,0.0,0.9927374746232797,0.0,0.0,0.12030089974141141
1788446919150726327,0,0.5426705971409274,0.7113170398022701,0.0,0.9927374746232797,0.0,0.0,0.12030089974141141
1788446919170847341,0,0.5429110626569003,0.7103394357541416,0.0,0.9927374746232797,0.0,0.0,0.12030089974141141
1788446919198030697,0,0.5432714565539539,0.7088742671154908,0.0,0.9927374746232797,0.0,0.0,0.12030089974141141
1788446919210729407,0,0.5433923504918287,0.7083827770879817,0.0,0.9927374746232797,0.0,0.0,0.12030089974141141
1788446919230715318,0,0.543634155483405,0.7073997274491747,0.0,0.9927374746232797,0.0,0.0,0.12030089974141141
1788446919250713399,0,0.5438763917753622,0.7064149243739275,0.0,0.9927374746232797,0.0,0.0,0.12030089974141141
1788446919270716224,0,0.5441196190737883,0.7054260923969402,0.0,0.9927374746232797,0.0,0.0,0.12030089974141141
1788446919298285445,0,0.5444841523282611,0.7039440953471419,0.0,0.9927374746232797,0.0,0.0,0.12030089974141141
1788446919310732004,0,0.544605419968816,0.7034510862346488,0.0,0.9927374746232797,0.0,0.0,0.12030089974141141
1788446919330741790,0,0.5448484548330633,0.7024630369728732,0.0,0.9927374746232797,0.0,0.0,0.12030089974141141
1788446919350736576,0,0.5450905819470284,0.7014786781363341,0.0,0.9927374746232797,0.0,0.0,0.12030089974141141
1788446919370727732,0,0.5453331573177526,0.7004924969285016,0.0,0.9927374746232797,0.0,0.0,0.12030089974141141
1788446919398117539,0,0.5456954682005307,0.6990195354199926,0.0,0.9927374746232797,0.0,0.0,0.12030089974141141
1788446919410761422,0,0.5458159468965289,0.6985297335436425,0.0,0.9927374746232797,0.0,0.0,0.12030089974141141
1788446919430743646,0,0.5460568683196744,0.6975502760210331,0.0,0.9927374746232797,0.0,0.0,0.12030089974141141
1788446919450723944,0,0.5462973521171933,0.6965725976499262,0.0,0.9927374746232797,0.0,0.0,0.12030089974141141
1788446919470755745,0,0.5465374791723654,0.6955963693513365,0.0,0.9927374746232797,0.0,0.0,0.12030089974141141
1788446919498071363,0,0.5469047855214583,0.6941030980647278,0.0,0.9927374746232797,0.0,0.0,0.12030089974141141
1788446919510948466,0,0.5470257366868657,0.6936113753175273,0.0,0.9927374746232797,0.0,0.0,0.12030089974141141
1788446919530926956,0,0.5472675502386558,0.6926282907511566,0.0,0.9927374746232797,0.0,0.0,0.12030089974141141
1788446919550712894,0,0.5475121487193475,0.6916338840888079,0.0,0.9927374746232797,0.0,0.0,0.12030089974141141
1788446919570754801,0,0.5477554200843958,0.6906448727063693,0.0,0.9927374746232797,0.0,0.0,0.12030089974141141
1788446919598059890,0,0.5481199977813975,0.689162694722745,0.0,0.9927374746232797,0.0,0.0,0.12030089974141141
1788446919610774905,0,0.5482411543107848,0.6886701371387315,0.0,0.9927374746232797,0.0,0.0,0.12030089974141141
1788446919630762902,0,0.5484835515683412,0.6876846796635355,0.0,0.9927374746232797,0.0,0.0,0.12030089974141141
1788446919650736053,0,0.5487259968562255,0.6866990266693879,0.0,0.9927374746232797,0.0,0.0,0.12030089974141141
1788446919670721754,0,0.5489685908334241,0.6857127689305454,0.0,0.9927374746232797,0.0,0.0,0.12030089974141141
1788446919697925100,0,0.549331576879397,0.6842370616842067,0.0,0.9927374746232797,0.0,0.0,0.12030089974141141
1788446919711308427,0,0.5494520463465324,0.6837472975162621,0.0,0.9927374746232797,0.0,0.0,0.12030089974141141
1788446919730766427,0,0.5496930394454069,0.6827675489761781,0.0,0.9927374746232797,0.0,0.0,0.12030089974141141
1788446919750725059,0,0.5499332649487899,0.6817909207545241,0.0,0.9927374746232797,0.0,0.0,0.12030089974141141
1788446919770749104,0,0.5501726783961196,0.6808175936041178,0.0,0.9927374746232797,0.0,0.0,0.12030089974141141
1788446919797993877,0,0.5505328560689983,0.6793533039563255,0.0,0.9927374746232797,0.0,0.0,0.12030089974141141
1788446919810733428,0,0.5506536531204448,0.6788622080064669,0.0,0.9927374746232797,0.0,0.0,0.12030089974141141
1788446919830777164,0,0.5508951667281778,0.677880343356848,0.0,0.9927374746232797,0.0,0.0,0.12030089974141141
1788446919850737281,0,0.5511371932921495,0.6768963931126395,0.0,0.9927374746232797,0.0,0.0,0.12030089974141141
1788446919870737345,0,0.5513795796906675,0.6759109797844798,0.0,0.9927374746232797,0.0,0.0,0.12030089974141141
1788446919898054801,0,0.5517433436442448,0.6744321103002563,0.0,0.9927374746232797,0.0,0.0,0.12030089974141141
1788446919910873003,0,0.5518647600088654,0.6739384963652937,0.0,0.9927374746232797,0.0,0.0,0.12030089974141141
1788446919930789599,0,0.5521071073447957,0.6729532418447022,0.0,0.9927374746232797,0.0,0.0,0.12030089974141141
1788446919950735219,0,0.5523494854389462,0.671967862151246,0.0,0.9927374746232797,0.0,0.0,0.12030089974141141
1788446919970783978,0,0.5525915630099182,0.6709837040976387,0.0,0.9927374746232797,0.0,0.0,0.12030089974141141
1788446919998506849,0,0.5529541688444866,0.6695095426523886,0.0,0.9927374746232797,0.0,0.0,0.12030089974141141
1788446920010761771,0,0.5530747069210242,0.6690194993665559,0.0,0.9927374746232797,0.0,0.0,0.12030089974141141
1788446920030733062,0,0.5533157787250378,0.6680394304758468,0.0,0.9927374746232797,0.0,0.0,0.12030089974141141
1788446920050723525,0,0.5535564177352912,0.6670611209673286,0.0,0.9927374746232797,0.0,0.0,0.12030089974141141
1788446920070757495,0,0.5537968026188339,0.6660838444763503,0.0,0.9927374746232797,0.0,0.0,0.12030089974141141
1788446920098069608,0,0.5540374829269031,0.6651053669471017,0.0,0.9927374746232797,0.0,0.0,0.12030089974141141
1788446920110724674,0,0.5542807512829437,0.6641163680518354,0.0,0.9927374746232797,0.0,0.0,0.12030089974141141
1788446920130743188,0,0.5545227868767793,0.6631323809077018,0.0,0.9927374746232797,0.0,0.0,0.12030089974141141
1788446920150823642,0,0.5547678279513479,0.6621361750879741,0.0,0.9927374746232797,0.0,0.0,0.12030089974141141
1788446920170744359,0,0.5550107219066175,0.6611486983057967,0.0,0.9927374746232797,0.0,0.0,0.12030089974141141
1788446920198524316,0,0.5552548591440964,0.6601561670037819,0.0,0.9927374746232797,0.0,0.0,0.12030089974141141
1788446920210728671,0,0.5554999516111276,0.6591597519937553,0.0,0.9927374746232797,0.0,0.0,0.12030089974141141
1788446920230745231,0,0.5557433228165042,0.65817033471389,0.0,0.9927374746232797,0.0,0.0,0.12030089974141141
1788446920250727953,0,0.555985722006361,0.6571848692559041,0.0,0.9927374746232797,0.0,0.0,0.12030089974141141
1788446920270731948,0,0.5562272807328963,0.6562028207989092,0.0,0.9927374746232797,0.0,0.0,0.12030089974141141
1788446920298074190,0,0.5564697565567029,0.655217043915402,0.0,0.9927374746232797,0.0,0.0,0.12030089974141141
1788446920310776968,0,0.5567108590414721,0.6542368506710043,0.0,0.9927374746232797,0.0,0.0,0.12030089974141141
1788446920330727877,0,0.5569515314905428,0.6532584057208517,0.0,0.9927374746232797,0.0,0.0,0.12030089974141141
1788446920350762857,0,0.5571921145288261,0.6522803239532983,0.0,0.9927374746232797,0.0,0.0,0.12030089974141141
1788446920370747390,0,0.5574322903184391,0.6513038975265125,0.0,0.9927374746232797,0.0,0.0,0.12030089974141141
1788446920397848538,0,0.5576725820909212,0.6503269995753543,0.0,0.9927374746232797,0.0,0.0,0.12030089974141141
1788446920410801007,0,0.5577930731296481,0.649837147394194,0.0,0.9927374746232797,0.0,0.0,0.12030089974141141
1788446920431031936,0,0.558156993749846,0.6483576406071606,0.0,0.9927374746232797,0.0,0.0,0.12030089974141141
1788446920450729258,0,0.5582804931552227,0.647855558014671,0.0,0.9927374746232797,0.0,0.0,0.12030089974141141
1788446920470784346,0,0.5585233487767263,0.6468682374576481,0.0,0.9927374746232797,0.0,0.0,0.12030089974141141
1788446920498161497,0,0.5588875993069423,0.64538739038414,0.0,0.9927374746232797,0.0,0.0,0.12030089974141141
1788446920510759263,0,0.5590088605354729,0.6448944073394948,0.0,0.9927374746232797,0.0,0.0,0.12030089974141141
1788446920531087274,0,0.559251383679597,0.6439084384569752,0.0,0.9927374746232797,0.0,0.0,0.12030089974141141
1788446920550723829,0,0.5594936414911674,0.6429235482741505,0.0,0.9927374746232797,0.0,0.0,0.12030089974141141
1788446920570728349,0,0.55973694466097,0.6419344078447664,0.0,0.9927374746232797,0.0,0.0,0.12030089974141141
1788446920598573295,0,0.560101866957113,0.6404508291598214,0.0,0.9927374746232797,0.0,0.0,0.12030089974141141
1788446920610754336,0,0.5602225801989609,0.6399600738086741,0.0,0.9927374746232797,0.0,0.0,0.12030089974141141
1788446920630769547,0,0.560463943918474,0.6389788182719113,0.0,0.9927374746232797,0.0,0.0,0.12030089974141141
1788446920650736562,0,0.5607048299064051,0.6379995047473681,0.0,0.9927374746232797,0.0,0.0,0.12030089974141141
1788446920670733332,0,0.5609452700692996,0.6370220035200833,0.0,0.9927374746232797,0.0,0.0,0.12030089974141141
1788446920698138722,0,0.5613083452086433,0.6355459341985985,0.0,0.9927374746232797,0.0,0.0,0.12030089974141141
1788446920710786659,0,0.5614290056330717,0.635055393700834,0.0,0.9927374746232797,0.0,0.0,0.12030089974141141
1788446920730729739,0,0.5616704152728522,0.6340739517290854,0.0,0.9927374746232797,0.0,0.0,0.12030089974141141
1788446920750804222,0,0.5619124992835732,0.6330897679368973,0.0,0.9927374746232797,0.0,0.0,0.12030089974141141
1788446920770821605,0,0.5621553781961234,0.6321023523103639,0.0,0.9927374746232797,0.0,0.0,0.12030089974141141
1788446920798223578,0,0.5625217807798757,0.6306127554418515,0.0,0.9927374746232797,0.0,0.0,0.12030089974141141
1788446920810817357,0,0.5626438420981343,0.6301165193431666,0.0,0.9927374746232797,0.0,0.0,0.12030089974141141
1788446920830730248,0,0.5628858937716158,0.6291324665749174,0.0,0.9927374746232797,0.0,0.0,0.12030089974141141
1788446920850720879,0,0.5631287088338237,0.6281453104023345,0.0,0.9927374746232797,0.0,0.0,0.12030089974141141
1788446920870749793,0,0.5633704418671571,0.6271625533072185,0.0,0.9927374746232797,0.0,0.0,0.12030089974141141
1788446920898139264,0,0.5637381460844283,0.625667664820344,0.0,0.9927374746232797,0.0,0.0,0.12030089974141141
1788446920910791770,0,0.5638590655680187,0.6251760709376314,0.0,0.9927374746232797,0.0,0.0,0.12030089974141141
1788446920930779975,0,0.5641043788687735,0.6241787583919741,0.0,0.9927374746232797,0.0,0.0,0.12030089974141141
1788446920950732652,0,0.5643452976381638,0.6231993116581122,0.0,0.9927374746232797,0.0,0.0,0.12030089974141141
1788446920970770443,0,0.5645860946741827,0.6222203598269648,0.0,0.9927374746232797,0.0,0.0,0.12030089974141141
1788446920998639240,0,0.5649474179716841,0.6207514128066356,0.0,0.9927374746232797,0.0,0.0,0.12030089974141141
1788446921010713772,0,0.5650687418437058,0.6202581749604383,0.0,0.9927374746232797,0.0,0.0,0.12030089974141141
1788446921030729927,0,0.565309909029517,0.6192777184243851,0.0,0.9927374746232797,0.0,0.0,0.12030089974141141
1788446921050957320,0,0.5655518625846712,0.6182940650587782,0.0,0.9927374746232797,0.0,0.0,0.12030089974141141
1788446921070734421,0,0.5657945886757165,0.617307271103048,0.0,0.9927374746232797,0.0,0.0,0.12030089974141141
1788446921098506066,0,0.5661587284761819,0.6158268740069932,0.0,0.9927374746232797,0.0,0.0,0.12030089974141141
1788446921110732984,0,0.5662801646806778,0.6153331794137199,0.0,0.9927374746232797,0.0,0.0,0.12030089974141141
1788446921130754994,0,0.5665230207262811,0.6143458567519496,0.0,0.9927374746232797,0.0,0.0,0.12030089974141141
1788446921150728143,0,0.5667654054821634,0.61336045016506,0.0,0.9927374746232797,0.0,0.0,0.12030089974141141
1788446921170737435,0,0.5670074412285978,0.6123764625269743,0.0,0.9927374746232797,0.0,0.0,0.12030089974141141
1788446921198155468,0,0.5673733841908024,0.6108887346809055,0.0,0.9927374746232797,0.0,0.0,0.12030089974141141
1788446921210825081,0,0.5674942573873237,0.610397329166058,0.0,0.9927374746232797,0.0,0.0,0.12030089974141141
1788446921230847602,0,0.5677363890616235,0.6094129517896466,0.0,0.9927374746232797,0.0,0.0,0.12030089974141141
1788446921250734973,0,0.5679791958753486,0.6084258294692656,0.0,0.9927374746232797,0.0,0.0,0.12030089974141141
1788446921270754054,0,0.568219847644118,0.6074474682169819,0.0,0.9927374746232797,0.0,0.0,0.12030089974141141
1788446921298193231,0,0.5684602245672542,0.6064702243398967,0.0,0.9927374746232797,0.0,0.0,0.12030089974141141
1788446921310759822,0,0.5687011824846995,0.6054906184510022,0.0,0.9927374746232797,0.0,0.0,0.12030089974141141
1788446921330792164,0,0.5689420293733579,0.604511463945713,0.0,0.9927374746232797,0.0,0.0,0.12030089974141141
1788446921350719787,0,0.5691837998585515,0.6035285544646526,0.0,0.9927374746232797,0.0,0.0,0.12030089974141141
1788446921370761283,0,0.5694263713205253,0.6025423885141338,0.0,0.9927374746232797,0.0,0.0,0.12030089974141141
1788446921398302153,0,0.5696690095502941,0.601555951121437,0.0,0.9927374746232797,0.0,0.0,0.12030089974141141
1788446921410739637,0,0.5698623663566855,0.6007698661685398,0.0,0.9927374746232797,0.0,0.0,0.12030089974141141
1788446921430740216,0,0.570055506802273,0.5999846608224976,0.0,0.9927374746232797,0.0,0.0,0.12030089974141141
1788446921450716298,0,0.5702206761104627,0.599313170994636,0.0,0.9927374746232797,0.0,0.0,0.12030089974141141
1788446921470724133,0,0.5703585439427192,0.598752674200011,0.0,0.9927374746232797,0.0,0.0,0.12030089974141141
1788446921498315035,0,0.5704963597468989,0.5981923889236916,0.0,0.9927374746232797,0.0,0.0,0.12030089974141141
1788446921510735549,0,0.5705891059062926,0.5978153326937998,0.0,0.9927374746232797,0.0,0.0,0.12030089974141141
1788446921530727497,0,0.5706818912967062,0.5974381169715851,0.0,0.9927374746232797,0.0,0.0,0.12030089974141141
1788446921550712858,0,0.5707520273035283,0.5971529815293687,0.0,0.9927374746232797,0.0,0.0,0.12030089974141141
1788446921570725172,0,0.5707994232845438,0.596960294870058,0.0,0.9927374746232797,0.0,0.0,0.12030089974141141
1788446921598669014,0,0.5708470313709595,0.5967667459038575,0.0,0.9927374746232797,0.0,0.0,0.12030089974141141
1788446921610751876,0,0.5708470313709595,0.5967667459038575,0.0,0.9927374746232797,0.0,0.0,0.12030089974141141
1788446921630724991,0,0.5708470313709595,0.5967667459038575,0.0,0.9927374746232797,0.0,0.0,0.12030089974141141
1788446921650722884,0,0.5708470313709595,0.5967667459038575,0.0,0.9927374746232797,0.0,0.0,0.12030089974141141
1788446921670756812,0,0.5708470313709595,0.5967667459038575,0.0,0.9927374746232797,0.0,0.0,0.12030089974141141
1788446921698010472,0,0.5708470313709595,0.5967667459038575,0.0,0.9927374746232797,0.0,0.0,0.12030089974141141
1788446921710728783,0,0.5708470313709595,0.5967667459038575,0.0,0.9927374746232797,0.0,0.0,0.12030089974141141
1788446921730772437,0,0.5708470313709595,0.5967667459038575,0.0,0.9927374746232797,0.0,0.0,0.12030089974141141
1788446921750724906,0,0.5708470313709595,0.5967667459038575,0.0,0.9927374746232797,0.0,0.0,0.12030089974141141
1788446921770740833,0,0.5708470313709595,0.5967667459038575,0.0,0.9927374746232797,0.0,0.0,0.12030089974141141
1788446921798554017,0,0.5708470313709595,0.5967667459038575,0.0,0.9927374746232797,0.0,0.0,0.12030089974141141
1788446921810778060,0,0.5708470313709595,0.5967667459038575,0.0,0.9927374746232797,0.0,0.0,0.12030089974141141
1788446921830739150,0,0.5708470313709595,0.5967667459038575,0.0,0.9927374746232797,0.0,0.0,0.12030089974141141
1788446921850724907,0,0.5708470313709595,0.5967667459038575,0.0,0.9927374746232797,0.0,0.0,0.12030089974141141
1788446921870738862,0,0.5708470313709595,0.5967667459038575,0.0,0.9927374746232797,0.0,0.0,0.12030089974141141
1788446921898269232,0,0.5708470313709595,0.5967667459038575,0.0,0.9927374746232797,0.0,0.0,0.12030089974141141
1788446921910725965,0,0.5708470313709595,0.5967667459038575,0.0,0.9927374746232797,0.0,0.0,0.12030089974141141
1788446921930752345,0,0.5708470313709595,0.5967667459038575,0.0,0.9927374746232797,0.0,0.0,0.12030089974141141
1788446921950732927,0,0.5708470313709595,0.5967667459038575,0.0,0.9927374746232797,0.0,0.0,0.12030089974141141
1788446921970779490,0,0.5708470313709595,0.5967667459038575,0.0,0.9927374746232797,0.0,0.0,0.12030089974141141
1788446921998512947,0,0.5708470313709595,0.5967667459038575,0.0,0.9927374746232797,0.0,0.0,0.12030089974141141
1788446922010734682,0,0.5708470313709595,0.5967667459038575,0.0,0.9927374746232797,0.0,0.0,0.12030089974141141
1788446922031164188,0,0.5708470313709595,0.5967667459038575,0.0,0.9927374746232797,0.0,0.0,0.12030089974141141
1788446922050725989,0,0.5708470313709595,0.5967667459038575,0.0,0.9927374746232797,0.0,0.0,0.12030089974141141
1788446922070713345,0,0.5708470313709595,0.5967667459038575,0.0,0.9927374746232797,0.0,0.0,0.12030089974141141
1788446922098010550,0,0.5708470313709595,0.5967667459038575,0.0,0.9927374746232797,0.0,0.0,0.12030089974141141
1788446922110767706,0,0.5708470313709595,0.5967667459038575,0.0,0.9927374746232797,0.0,0.0,0.12030089974141141
1788446922130720487,0,0.5708470313709595,0.5967667459038575,0.0,0.9927374746232797,0.0,0.0,0.12030089974141141
1788446922150725701,0,0.5708470313709595,0.5967667459038575,0.0,0.9927374746232797,0.0,0.0,0.12030089974141141
1788446922170714615,0,0.5708470313709595,0.5967667459038575,0.0,0.9927374746232797,0.0,0.0,0.12030089974141141
1788446922198254171,0,0.5708470313709595,0.5967667459038575,0.0,0.9927374746232797,0.0,0.0,0.12030089974141141
1788446922210802899,0,0.5708470313709595,0.5967667459038575,0.0,0.9927374746232797,0.0,0.0,0.12030089974141141
1788446922230734458,0,0.5708470313709595,0.5967667459038575,0.0,0.9927374746232797,0.0,0.0,0.12030089974141141
1788446922250725377,0,0.5708470313709595,0.5967667459038575,0.0,0.9927374746232797,0.0,0.0,0.12030089974141141
1788446922270747949,0,0.5708470313709595,0.5967667459038575,0.0,0.9927374746232797,0.0,0.0,0.12030089974141141
1788446922298578581,0,0.5708470313709595,0.5967667459038575,0.0,0.9927374746232797,0.0,0.0,0.12030089974141141
1788446922310723402,0,0.5708470313709595,0.5967667459038575,0.0,0.9927374746232797,0.0,0.0,0.12030089974141141
1788446922330733608,0,0.5708470313709595,0.5967667459038575,0.0,0.9927374746232797,0.0,0.0,0.12030089974141141
1788446922350726884,0,0.5708470313709595,0.5967667459038575,0.0,0.9927374746232797,0.0,0.0,0.12030089974141141
1788446922370737633,0,0.5708470313709595,0.5967667459038575,0.0,0.9927374746232797,0.0,0.0,0.12030089974141141
1788446922398630506,0,0.5708470313709595,0.5967667459038575,0.0,0.9927374746232797,0.0,0.0,0.12030089974141141
1788446922410735883,0,0.5708470313709595,0.5967667459038575,0.0,0.9927374746232797,0.0,0.0,0.12030089974141141
1788446922430744106,0,0.5708470313709595,0.5967667459038575,0.0,0.9927374746232797,0.0,0.0,0.12030089974141141
1788446922450726364,0,0.5708470313709595,0.5967667459038575,0.0,0.9927374746232797,0.0,0.0,0.12030089974141141
1788446922470730648,0,0.5708470313709595,0.5967667459038575,0.0,0.9927374746232797,0.0,0.0,0.12030089974141141
1788446922499024967,0,0.5708470313709595,0.5967667459038575,0.0,0.9927374746232797,0.0,0.0,0.12030089974141141
1788446922510781146,0,0.5708470313709595,0.5967667459038575,0.0,0.9927374746232797,0.0,0.0,0.12030089974141141
1788446922531060327,0,0.5708470313709595,0.5967667459038575,0.0,0.9927374746232797,0.0,0.0,0.12030089974141141
1788446922550724285,0,0.5708470313709595,0.5967667459038575,0.0,0.9927374746232797,0.0,0.0,0.12030089974141141
1788446922570747471,0,0.5708470313709595,0.5967667459038575,0.0,0.9927374746232797,0.0,0.0,0.12030089974141141
1788446922598313505,0,0.5708470313709595,0.5967667459038575,0.0,0.9927374746232797,0.0,0.0,0.12030089974141141
1788446922610812537,0,0.5708470313709595,0.5967667459038575,0.0,0.9927374746232797,0.0,0.0,0.12030089974141141
1788446922630797551,0,0.5708470313709595,0.5967667459038575,0.0,0.9927374746232797,0.0,0.0,0.12030089974141141
1788446922650728119,0,0.5708470313709595,0.5967667459038575,0.0,0.9927374746232797,0.0,0.0,0.12030089974141141
1788446922670756999,0,0.5708470313709595,0.5967667459038575,0.0,0.9927374746232797,0.0,0.0,0.12030089974141141
1788446922698680736,0,0.5708470313709595,0.5967667459038575,0.0,0.9927374746232797,0.0,0.0,0.12030089974141141
1788446922710752540,0,0.5708470313709595,0.5967667459038575,0.0,0.9927374746232797,0.0,0.0,0.12030089974141141
1788446922730755093,0,0.5708470313709595,0.5967667459038575,0.0,0.9927374746232797,0.0,0.0,0.12030089974141141
1788446922750724577,0,0.5708470313709595,0.5967667459038575,0.0,0.9927374746232797,0.0,0.0,0.12030089974141141
1788446922770751692,0,0.5708470313709595,0.5967667459038575,0.0,0.9927374746232797,0.0,0.0,0.12030089974141141
1788446922798502939,0,0.5708470313709595,0.5967667459038575,0.0,0.9927374746232797,0.0,0.0,0.12030089974141141
1788446922810748218,0,0.5708470313709595,0.5967667459038575,0.0,0.9927374746232797,0.0,0.0,0.12030089974141141
1788446922830736816,0,0.5708470313709595,0.5967667459038575,0.0,0.9927374746232797,0.0,0.0,0.12030089974141141
1788446922850723614,0,0.5708470313709595,0.5967667459038575,0.0,0.9927374746232797,0.0,0.0,0.12030089974141141
1788446922870727397,0,0.5708470313709595,0.5967667459038575,0.0,0.9927374746232797,0.0,0.0,0.12030089974141141
1788446922898601265,0,0.5708470313709595,0.5967667459038575,0.0,0.9927374746232797,0.0,0.0,0.12030089974141141
1788446922910798312,0,0.5708470313709595,0.5967667459038575,0.0,0.9927374746232797,0.0,0.0,0.12030089974141141
1788446922930720609,0,0.5708470313709595,0.5967667459038575,0.0,0.9927374746232797,0.0,0.0,0.12030089974141141
1788446922950721587,0,0.5708470313709595,0.5967667459038575,0.0,0.9927374746232797,0.0,0.0,0.12030089974141141
1788446922970749151,0,0.5708470313709595,0.5967667459038575,0.0,0.9927374746232797,0.0,0.0,0.12030089974141141
1788446922998604720,0,0.5708470313709595,0.5967667459038575,0.0,0.9927374746232797,0.0,0.0,0.12030089974141141
1788446923010760543,0,0.5708470313709595,0.5967667459038575,0.0,0.9927374746232797,0.0,0.0,0.12030089974141141
1788446923030871023,0,0.5708470313709595,0.5967667459038575,0.0,0.9927374746232797,0.0,0.0,0.12030089974141141
1788446923050727031,0,0.5708470313709595,0.5967667459038575,0.0,0.9927374746232797,0.0,0.0,0.12030089974141141
1788446923070751376,0,0.5708470313709595,0.5967667459038575,0.0,0.9927374746232797,0.0,0.0,0.12030089974141141
1788446923098530420,0,0.5708470313709595,0.5967667459038575,0.0,0.9927374746232797,0.0,0.0,0.12030089974141141
1788446923110735816,0,0.5708470313709595,0.5967667459038575,0.0,0.9927374746232797,0.0,0.0,0.12030089974141141
1788446923130713234,0,0.5708470313709595,0.5967667459038575,0.0,0.9927374746232797,0.0,0.0,0.12030089974141141
1788446923150766528,0,0.5708470313709595,0.5967667459038575,0.0,0.9927374746232797,0.0,0.0,0.12030089974141141
1788446923170740833,0,0.5708470313709595,0.5967667459038575,0.0,0.9927374746232797,0.0,0.0,0.12030089974141141
1788446923198525866,0,0.5708470313709595,0.5967667459038575,0.0,0.9927374746232797,0.0,0.0,0.12030089974141141
1788446923210740686,0,0.5708470313709595,0.5967667459038575,0.0,0.9927374746232797,0.0,0.0,0.12030089974141141
1788446923230714176,0,0.5708470313709595,0.5967667459038575,0.0,0.9927374746232797,0.0,0.0,0.12030089974141141
1788446923250727268,0,0.5708470313709595,0.5967667459038575,0.0,0.9927374746232797,0.0,0.0,0.12030089974141141
1788446923270755683,0,0.5708470313709595,0.5967667459038575,0.0,0.9927374746232797,0.0,0.0,0.12030089974141141
1788446923298628104,0,0.5708470313709595,0.5967667459038575,0.0,0.9927374746232797,0.0,0.0,0.12030089974141141
1788446923310867965,0,0.5708470313709595,0.5967667459038575,0.0,0.9927374746232797,0.0,0.0,0.12030089974141141
1788446923330726266,0,0.5708470313709595,0.5967667459038575,0.0,0.9927374746232797,0.0,0.0,0.12030089974141141
1788446923350725504,0,0.5708470313709595,0.5967667459038575,0.0,0.9927374746232797,0.0,0.0,0.12030089974141141
1788446923370776886,0,0.5708470313709595,0.5967667459038575,0.0,0.9927374746232797,0.0,0.0,0.12030089974141141
1788446923398150914,0,0.5708470313709595,0.5967667459038575,0.0,0.9927374746232797,0.0,0.0,0.12030089974141141
1788446923410768363,0,0.5708470313709595,0.5967667459038575,0.0,0.9927374746232797,0.0,0.0,0.12030089974141141
1788446923430871291,0,0.5708470313709595,0.5967667459038575,0.0,0.9927374746232797,0.0,0.0,0.12030089974141141
1788446923450721001,0,0.5708470313709595,0.5967667459038575,0.0,0.9927374746232797,0.0,0.0,0.12030089974141141
1788446923470813666,0,0.5708470313709595,0.5967667459038575,0.0,0.9927374746232797,0.0,0.0,0.12030089974141141
1788446923498294295,0,0.5708470313709595,0.5967667459038575,0.0,0.9927374746232797,0.0,0.0,0.12030089974141141
1788446923510750917,0,0.5708470313709595,0.5967667459038575,0.0,0.9927374746232797,0.0,0.0,0.12030089974141141
1788446923530750308,0,0.5708470313709595,0.5967667459038575,0.0,0.9927374746232797,0.0,0.0,0.12030089974141141
1788446923550726979,0,0.5708470313709595,0.5967667459038575,0.0,0.9927374746232797,0.0,0.0,0.12030089974141141
1788446923570736235,0,0.5708470313709595,0.5967667459038575,0.0,0.9927374746232797,0.0,0.0,0.12030089974141141
1788446923598795496,0,0.5708470313709595,0.5967667459038575,0.0,0.9927374746232797,0.0,0.0,0.12030089974141141
1788446923610725088,0,0.5708470313709595,0.5967667459038575,0.0,0.9927374746232797,0.0,0.0,0.12030089974141141
1788446923630741036,0,0.5708470313709595,0.5967667459038575,0.0,0.9927374746232797,0.0,0.0,0.12030089974141141
1788446923650727635,0,0.5708470313709595,0.5967667459038575,0.0,0.9927374746232797,0.0,0.0,0.12030089974141141
1788446923670740186,0,0.5708470313709595,0.5967667459038575,0.0,0.9927374746232797,0.0,0.0,0.12030089974141141
1788446923698590014,0,0.5708470313709595,0.5967667459038575,0.0,0.9927374746232797,0.0,0.0,0.12030089974141141
1788446923710730081,0,0.5708470313709595,0.5967667459038575,0.0,0.9927374746232797,0.0,0.0,0.12030089974141141
1788446923730737611,0,0.5708470313709595,0.5967667459038575,0.0,0.9927374746232797,0.0,0.0,0.12030089974141141
1788446923750732089,0,0.5708470313709595,0.5967667459038575,0.0,0.9927374746232797,0.0,0.0,0.12030089974141141
1788446923770728683,0,0.5708470313709595,0.5967667459038575,0.0,0.9927374746232797,0.0,0.0,0.12030089974141141
1788446923798334962,0,0.5708470313709595,0.5967667459038575,0.0,0.9927374746232797,0.0,0.0,0.12030089974141141
1788446923810779311,0,0.5708470313709595,0.5967667459038575,0.0,0.9927374746232797,0.0,0.0,0.12030089974141141
1788446923830782595,0,0.5708470313709595,0.5967667459038575,0.0,0.9927374746232797,0.0,0.0,0.12030089974141141
1788446923850716642,0,0.5708470313709595,0.5967667459038575,0.0,0.9927374746232797,0.0,0.0,0.12030089974141141
1788446923870760864,0,0.5708470313709595,0.5967667459038575,0.0,0.9927374746232797,0.0,0.0,0.12030089974141141
1788446923897891826,0,0.5708470313709595,0.5967667459038575,0.0,0.9927374746232797,0.0,0.0,0.12030089974141141
1788446923910948862,0,0.5708470313709595,0.5967667459038575,0.0,0.9927374746232797,0.0,0.0,0.12030089974141141
1788446923930735299,0,0.5708470313709595,0.5967667459038575,0.0,0.9927374746232797,0.0,0.0,0.12030089974141141
1788446923950719512,0,0.5708470313709595,0.5967667459038575,0.0,0.9927374746232797,0.0,0.0,0.12030089974141141
1788446923970817246,0,0.5708470313709595,0.5967667459038575,0.0,0.9927374746232797,0.0,0.0,0.12030089974141141
1788446923998567905,0,0.5708470313709595,0.5967667459038575,0.0,0.9927374746232797,0.0,0.0,0.12030089974141141
1788446924010749148,0,0.5708470313709595,0.5967667459038575,0.0,0.9927374746232797,0.0,0.0,0.12030089974141141
1788446924030739141,0,0.5708470313709595,0.5967667459038575,0.0,0.9927374746232797,0.0,0.0,0.12030089974141141
1788446924050724908,0,0.5708470313709595,0.5967667459038575,0.0,0.9927374746232797,0.0,0.0,0.12030089974141141
1788446924070727205,0,0.5708470313709595,0.5967667459038575,0.0,0.9927374746232797,0.0,0.0,0.12030089974141141
1788446924098487708,0,0.5708470313709595,0.5967667459038575,0.0,0.9927374746232797,0.0,0.0,0.12030089974141141
1788446924110731618,0,0.5708470313709595,0.5967667459038575,0.0,0.9927374746232797,0.0,0.0,0.12030089974141141
1788446924130738706,0,0.5708470313709595,0.5967667459038575,0.0,0.9927374746232797,0.0,0.0,0.12030089974141141
1788446924150727488,0,0.5708470313709595,0.5967667459038575,0.0,0.9927374746232797,0.0,0.0,0.12030089974141141
1788446924170721596,0,0.5708470313709595,0.5967667459038575,0.0,0.9927374746232797,0.0,0.0,0.12030089974141141
1788446924198117592,0,0.5708470313709595,0.5967667459038575,0.0,0.9927374746232797,0.0,0.0,0.12030089974141141
1788446924210747662,0,0.5708470313709595,0.5967667459038575,0.0,0.9927374746232797,0.0,0.0,0.12030089974141141
1788446924230728255,0,0.5708470313709595,0.5967667459038575,0.0,0.9927374746232797,0.0,0.0,0.12030089974141141
1788446924250730753,0,0.5708470313709595,0.5967667459038575,0.0,0.9927374746232797,0.0,0.0,0.12030089974141141
1788446924270716662,0,0.5708470313709595,0.5967667459038575,0.0,0.9927374746232797,0.0,0.0,0.12030089974141141
1788446924297891524,0,0.5708470313709595,0.5967667459038575,0.0,0.9927374746232797,0.0,0.0,0.12030089974141141
1788446924310751854,0,0.5708470313709595,0.5967667459038575,0.0,0.9927374746232797,0.0,0.0,0.12030089974141141
1788446924330721527,0,0.5708470313709595,0.5967667459038575,0.0,0.9927374746232797,0.0,0.0,0.12030089974141141
1788446924350713034,0,0.5708470313709595,0.5967667459038575,0.0,0.9927374746232797,0.0,0.0,0.12030089974141141
1788446924370714908,0,0.5708470313709595,0.5967667459038575,0.0,0.9927374746232797,0.0,0.0,0.12030089974141141
1788446924397854736,0,0.5708470313709595,0.5967667459038575,0.0,0.9927374746232797,0.0,0.0,0.12030089974141141
1788446924410742694,0,0.5708470313709595,0.5967667459038575,0.0,0.9927374746232797,0.0,0.0,0.12030089974141141
1788446924430729141,0,0.5708470313709595,0.5967667459038575,0.0,0.9927374746232797,0.0,0.0,0.12030089974141141
1788446924450721720,0,0.5708470313709595,0.5967667459038575,0.0,0.9927374746232797,0.0,0.0,0.12030089974141141
1788446924470716575,0,0.5708470313709595,0.5967667459038575,0.0,0.9927374746232797,0.0,0.0,0.12030089974141141
1788446924498136550,0,0.5708470313709595,0.5967667459038575,0.0,0.9927374746232797,0.0,0.0,0.12030089974141141
1788446924510734370,0,0.5708470313709595,0.5967667459038575,0.0,0.9927374746232797,0.0,0.0,0.12030089974141141
1788446924530746450,0,0.5708470313709595,0.5967667459038575,0.0,0.9927374746232797,0.0,0.0,0.12030089974141141
1788446924550722647,0,0.5708470313709595,0.5967667459038575,0.0,0.9927374746232797,0.0,0.0,0.12030089974141141
1788446924570720273,0,0.5708470313709595,0.5967667459038575,0.0,0.9927374746232797,0.0,0.0,0.12030089974141141
1788446924598386630,0,0.5708470313709595,0.5967667459038575,0.0,0.9927374746232797,0.0,0.0,0.12030089974141141
1788446924610718431,0,0.5708470313709595,0.5967667459038575,0.0,0.9927374746232797,0.0,0.0,0.12030089974141141
1788446924630742774,0,0.5708470313709595,0.5967667459038575,0.0,0.9927374746232797,0.0,0.0,0.12030089974141141
1788446924650846904,0,0.5708470313709595,0.5967667459038575,0.0,0.9927374746232797,0.0,0.0,0.12030089974141141
1788446924670770750,0,0.5708470313709595,0.5967667459038575,0.0,0.9927374746232797,0.0,0.0,0.12030089974141141
1788446924698546462,0,0.5708470313709595,0.5967667459038575,0.0,0.9927374746232797,0.0,0.0,0.12030089974141141
1788446924710783822,0,0.5708470313709595,0.5967667459038575,0.0,0.9927374746232797,0.0,0.0,0.12030089974141141
1788446924730771026,0,0.5708470313709595,0.5967667459038575,0.0,0.9927374746232797,0.0,0.0,0.12030089974141141
1788446924750726979,0,0.5708470313709595,0.5967667459038575,0.0,0.9927374746232797,0.0,0.0,0.12030089974141141
1788446924770765333,0,0.5708470313709595,0.5967667459038575,0.0,0.9927374746232797,0.0,0.0,0.12030089974141141
1788446924798672248,0,0.5708470313709595,0.5967667459038575,0.0,0.9927374746232797,0.0,0.0,0.12030089974141141
1788446924810756940,0,0.5708470313709595,0.5967667459038575,0.0,0.9927374746232797,0.0,0.0,0.12030089974141141
1788446924831152826,0,0.5708470313709595,0.5967667459038575,0.0,0.9927374746232797,0.0,0.0,0.12030089974141141
1788446924850737381,0,0.5708470313709595,0.5967667459038575,0.0,0.9927374746232797,0.0,0.0,0.12030089974141141
1788446924870796790,0,0.5708470313709595,0.5967667459038575,0.0,0.9927374746232797,0.0,0.0,0.12030089974141141
1788446924899064605,0,0.5708470313709595,0.5967667459038575,0.0,0.9927374746232797,0.0,0.0,0.12030089974141141
1788446924910767355,0,0.5708470313709595,0.5967667459038575,0.0,0.9927374746232797,0.0,0.0,0.12030089974141141
1788446924930733995,0,0.5708470313709595,0.5967667459038575,0.0,0.9927374746232797,0.0,0.0,0.12030089974141141
1788446924950724128,0,0.5708470313709595,0.5967667459038575,0.0,0.9927374746232797,0.0,0.0,0.12030089974141141
1788446924970734256,0,0.5708470313709595,0.5967667459038575,0.0,0.9927374746232797,0.0,0.0,0.12030089974141141
1788446924998582209,0,0.5708470313709595,0.5967667459038575,0.0,0.9927374746232797,0.0,0.0,0.12030089974141141
1788446925010763956,0,0.5708470313709595,0.5967667459038575,0.0,0.9927374746232797,0.0,0.0,0.12030089974141141
1788446925030782963,0,0.5708470313709595,0.5967667459038575,0.0,0.9927374746232797,0.0,0.0,0.12030089974141141
1788446925050868139,0,0.5708470313709595,0.5967667459038575,0.0,0.9927374746232797,0.0,0.0,0.12030089974141141
1788446925070792493,0,0.5708470313709595,0.5967667459038575,0.0,0.9927374746232797,0.0,0.0,0.12030089974141141
1788446925098685199,0,0.5708470313709595,0.5967667459038575,0.0,0.9927374746232797,0.0,0.0,0.12030089974141141
1788446925110749401,0,0.5708470313709595,0.5967667459038575,0.0,0.9927374746232797,0.0,0.0,0.12030089974141141
1788446925130742924,0,0.5708470313709595,0.5967667459038575,0.0,0.9927374746232797,0.0,0.0,0.12030089974141141
1788446925150734649,0,0.5708470313709595,0.5967667459038575,0.0,0.9927374746232797,0.0,0.0,0.12030089974141141
1788446925170775633,0,0.5708470313709595,0.5967667459038575,0.0,0.9927374746232797,0.0,0.0,0.12030089974141141
1788446925198513912,0,0.5708470313709595,0.5967667459038575,0.0,0.9927374746232797,0.0,0.0,0.12030089974141141
1788446925210999402,0,0.5708470313709595,0.5967667459038575,0.0,0.9927374746232797,0.0,0.0,0.12030089974141141
1788446925230760819,0,0.5708470313709595,0.5967667459038575,0.0,0.9927374746232797,0.0,0.0,0.12030089974141141
1788446925250733395,0,0.5708470313709595,0.5967667459038575,0.0,0.9927374746232797,0.0,0.0,0.12030089974141141
1788446925270734213,0,0.5708470313709595,0.5967667459038575,0.0,0.9927374746232797,0.0,0.0,0.12030089974141141
1788446925298691564,0,0.5708470313709595,0.5967667459038575,0.0,0.9927374746232797,0.0,0.0,0.12030089974141141
1788446925310723112,0,0.5708470313709595,0.5967667459038575,0.0,0.9927374746232797,0.0,0.0,0.12030089974141141
1788446925330722874,0,0.5708470313709595,0.5967667459038575,0.0,0.9927374746232797,0.0,0.0,0.12030089974141141
1788446925350724362,0,0.5708470313709595,0.5967667459038575,0.0,0.9927374014766138,0.0,0.0,0.12030150335494758
1788446925370738784,0,0.5708470313709595,0.5967667459038575,0.0,0.9927372551679051,0.0,0.0,0.12030271069969166
1788446925398690956,0,0.5708470313709595,0.5967667459038575,0.0,0.9927371088684769,0.0,0.0,0.12030391795555885
1788446925410736139,0,0.5708470313709595,0.5967667459038575,0.0,0.9927371088684769,0.0,0.0,0.12030391795555885
1788446925430726063,0,0.5708470313709595,0.5967667459038575,0.0,0.9927371088684769,0.0,0.0,0.12030391795555885
1788446925450729165,0,0.5708470313709595,0.5967667459038575,0.0,0.9927371088684769,0.0,0.0,0.12030391795555885
1788446925470731754,0,0.5708470313709595,0.5967667459038575,0.0,0.9927371088684769,0.0,0.0,0.12030391795555885
1788446925498149431,0,0.5708470313709595,0.5967667459038575,0.0,0.9927371088684769,0.0,0.0,0.12030391795555885
1788446925510769919,0,0.5708470313709595,0.5967667459038575,0.0,0.9927371088684769,0.0,0.0,0.12030391795555885
1788446925530724422,0,0.5708470313709595,0.5967667459038575,0.0,0.9927371088684769,0.0,0.0,0.12030391795555885
1788446925550720784,0,0.5708470313709595,0.5967667459038575,0.0,0.9927369895982366,0.0,0.0,0.12030490215876764
1788446925570744090,0,0.5708470313709595,0.5967667459038575,0.0,0.9927367511103883,0.0,0.0,0.12030687010636981
1788446925598675293,0,0.5708470313709595,0.5967667459038575,0.0,0.9927365119176508,0.0,0.0,0.12030884383774994
1788446925610759386,0,0.5708470313709595,0.5967667459038575,0.0,0.9927363680699582,0.0,0.0,0.12031003080071229
1788446925630755091,0,0.5708470313709595,0.5967667459038575,0.0,0.9927362242186963,0.0,0.0,0.12031121778124584
1788446925650721135,0,0.5708470313709595,0.5967667459038575,0.0,0.992736152305628,0.0,0.0,0.12031181116339741
1788446925670737200,0,0.5708470313709595,0.5967667459038575,0.0,0.992736152305628,0.0,0.0,0.12031181116339741
1788446925698696731,0,0.5708470313709595,0.5967667459038575,0.0,0.992736152305628,0.0,0.0,0.12031181116339741
1788446925710844761,0,0.5708470313709595,0.5967667459038575,0.0,0.992736152305628,0.0,0.0,0.12031181116339741
1788446925730755771,0,0.5708470313709595,0.5967667459038575,0.0,0.992736152305628,0.0,0.0,0.12031181116339741
1788446925750730721,0,0.5708470313709595,0.5967667459038575,0.0,0.992736152305628,0.0,0.0,0.12031181116339741
1788446925770727106,0,0.5708470313709595,0.5967667459038575,0.0,0.992736152305628,0.0,0.0,0.12031181116339741
1788446925798635519,0,0.5708470313709595,0.5967667459038575,0.0,0.992736152305628,0.0,0.0,0.12031181116339741
1788446925810728385,0,0.5708470313709595,0.5967667459038575,0.0,0.992736152305628,0.0,0.0,0.12031181116339741
1788446925830731844,0,0.5708470313709595,0.5967667459038575,0.0,0.992736152305628,0.0,0.0,0.12031181116339741
1788446925850726114,0,0.5708470313709595,0.5967667459038575,0.0,0.992736152305628,0.0,0.0,0.12031181116339741
1788446925870729984,0,0.5708470313709595,0.5967667459038575,0.0,0.992736152305628,0.0,0.0,0.12031181116339741
1788446925898629037,0,0.5708470313709595,0.5967667459038575,0.0,0.992736152305628,0.0,0.0,0.12031181116339741
1788446925910763311,0,0.5708470313709595,0.5967667459038575,0.0,0.992736152305628,0.0,0.0,0.12031181116339741
1788446925930720122,0,0.5708470313709595,0.5967667459038575,0.0,0.992736152305628,0.0,0.0,0.12031181116339741
1788446925950726511,0,0.5708470313709595,0.5967667459038575,0.0,0.992736152305628,0.0,0.0,0.12031181116339741
1788446925970765208,0,0.5708470313709595,0.5967667459038575,0.0,0.992736152305628,0.0,0.0,0.12031181116339741
1788446925998668219,0,0.5708470313709595,0.5967667459038575,0.0,0.992736152305628,0.0,0.0,0.12031181116339741
1788446926010755166,0,0.5708470313709595,0.5967667459038575,0.0,0.992736152305628,0.0,0.0,0.12031181116339741
1788446926030734393,0,0.5708470313709595,0.5967667459038575,0.0,0.992736152305628,0.0,0.0,0.12031181116339741
1788446926050722445,0,0.5708470313709595,0.5967667459038575,0.0,0.992736152305628,0.0,0.0,0.12031181116339741
1788446926070770413,0,0.5708470313709595,0.5967667459038575,0.0,0.992736152305628,0.0,0.0,0.12031181116339741
1788446926097954827,0,0.5708470313709595,0.5967667459038575,0.0,0.992736152305628,0.0,0.0,0.12031181116339741
1788446926110824025,0,0.5708470313709595,0.5967667459038575,0.0,0.992736152305628,0.0,0.0,0.12031181116339741
1788446926130880320,0,0.5708470313709595,0.5967667459038575,0.0,0.992736152305628,0.0,0.0,0.12031181116339741
1788446926150985227,0,0.5708470313709595,0.5967667459038575,0.0,0.992736152305628,0.0,0.0,0.12031181116339741
1788446926170733693,0,0.5708470313709595,0.5967667459038575,0.0,0.992736152305628,0.0,0.0,0.12031181116339741
1788446926198756896,0,0.5708470313709595,0.5967667459038575,0.0,0.992736152305628,0.0,0.0,0.12031181116339741
1788446926210720023,0,0.5708470313709595,0.5967667459038575,0.0,0.992736152305628,0.0,0.0,0.12031181116339741
1788446926230743149,0,0.5708470313709595,0.5967667459038575,0.0,0.992736152305628,0.0,0.0,0.12031181116339741
1788446926250723078,0,0.5708470313709595,0.5967667459038575,0.0,0.992736152305628,0.0,0.0,0.12031181116339741
1788446926270728842,0,0.5708470313709595,0.5967667459038575,0.0,0.992736152305628,0.0,0.0,0.12031181116339741
1788446926298647589,0,0.5708470313709595,0.5967667459038575,0.0,0.992736152305628,0.0,0.0,0.12031181116339741
1788446926310739355,0,0.5708470313709595,0.5967667459038575,0.0,0.992736152305628,0.0,0.0,0.12031181116339741
1788446926330722498,0,0.5708470313709595,0.5967667459038575,0.0,0.992736152305628,0.0,0.0,0.12031181116339741
1788446926350722143,0,0.5708470313709595,0.5967667459038575,0.0,0.992736152305628,0.0,0.0,0.12031181116339741
1788446926370761497,0,0.5708470313709595,0.5967667459038575,0.0,0.992736152305628,0.0,0.0,0.12031181116339741
1788446926398085488,0,0.5708470313709595,0.5967667459038575,0.0,0.992726924601368,0.0,0.0,0.12038792784789376
1788446926410958578,0,0.5708470313709595,0.5967667459038575,0.0,0.9927176925636784,0.0,0.0,0.12046403144111605
1788446926430724728,0,0.5708470313709595,0.5967667459038575,0.0,0.9926992051438112,0.0,0.0,0.1206162845839876
1788446926450728198,0,0.5708470313709595,0.5967667459038575,0.0,0.9926786580711999,0.0,0.0,0.12078527149434108
1788446926470899356,0,0.5708470313709595,0.5967667459038575,0.0,0.9926560521750261,0.0,0.0,0.12097091419135368
1788446926498078087,0,0.5708470313709595,0.5967667459038575,0.0,0.9926222428510847,0.0,0.0,0.12124802265308156
1788446926510733155,0,0.5708470313709595,0.5967667459038575,0.0,0.9926113555127315,0.0,0.0,0.12133712089537048
1788446926530763654,0,0.5708470313709595,0.5967667459038575,0.0,0.992589491100626,0.0,0.0,0.12151585146226974
1788446926550720663,0,0.5708470313709595,0.5967667459038575,0.0,0.9925679902135384,0.0,0.0,0.12169135056961652
1788446926570729895,0,0.5708470313709595,0.5967667459038575,0.0,0.992546732277628,0.0,0.0,0.12186461440878776
1788446926598473295,0,0.5708470313709595,0.5967667459038575,0.0,0.9925144285573086,0.0,0.0,0.12212742978364491
1788446926610744681,0,0.5708470313709595,0.5967667459038575,0.0,0.9925037179678906,0.0,0.0,0.12221444194494319
1788446926630757349,0,0.5708470313709595,0.5967667459038575,0.0,0.9924821378240906,0.0,0.0,0.12238956695782113
1788446926650722954,0,0.5708470313709595,0.5967667459038575,0.0,0.9924604694196112,0.0,0.0,0.12256515263077386
1788446926670754883,0,0.5708470313709595,0.5967667459038575,0.0,0.9924385705234152,0.0,0.0,0.12274234696077867
1788446926698166295,0,0.5708470313709595,0.5967667459038575,0.0,0.992416347068555,0.0,0.0,0.12292190232462784
1788446926710741512,0,0.5708470313709595,0.5967667459038575,0.0,0.9923950002168427,0.0,0.0,0.12309412473636909
1788446926730749015,0,0.5708470313709595,0.5967667459038575,0.0,0.9923736291461006,0.0,0.0,0.12326629780843411
1788446926750727499,0,0.5708470313709595,0.5967667459038575,0.0,0.9923520447341276,0.0,0.0,0.12343994212569921
1788446926770746089,0,0.5708470313709595,0.5967667459038575,0.0,0.9923304149089328,0.0,0.0,0.12361370331263959
1788446926798126352,0,0.5708470313709595,0.5967667459038575,0.0,0.9923087123146858,0.0,0.0,0.12378780014351223
1788446926810785514,0,0.5708470313709595,0.5967667459038575,0.0,0.9922867192934159,0.0,0.0,0.1239639734516024
1788446926830730502,0,0.5708470313709595,0.5967667459038575,0.0,0.992264822556268,0.0,0.0,0.12413912323428902
1788446926850776381,0,0.5708470313709595,0.5967667459038575,0.0,0.9922428524416503,0.0,0.0,0.12431460806541342
1788446926870756917,0,0.5708470313709595,0.5967667459038575,0.0,0.9922208229836749,0.0,0.0,0.1244903146337051
1788446926897988233,0,0.5708470313709595,0.5967667459038575,0.0,0.9921987559975366,0.0,0.0,0.1246660683463665
1788446926911071718,0,0.5708470313709595,0.5967667459038575,0.0,0.9921762409617824,0.0,0.0,0.12484513154683724
1788446926930753808,0,0.5708470313709595,0.5967667459038575,0.0,0.9921652424287608,0.0,0.0,0.12493250864478112
1788446926950724514,0,0.5708470313709595,0.5967667459038575,0.0,0.9921430941137036,0.0,0.0,0.12510827631490484
1788446926970746023,0,0.5708470313709595,0.5967667459038575,0.0,0.9921207888302671,0.0,0.0,0.12528503650000905
1788446926998511377,0,0.5708470313709595,0.5967667459038575,0.0,0.9920877556086941,0.0,0.0,0.12554634670632234
1788446927010726823,0,0.5708470313709595,0.5967667459038575,0.0,0.9920765852728659,0.0,0.0,0.12563458502072578
1788446927030960823,0,0.5708470313709595,0.5967667459038575,0.0,0.9920542207035311,0.0,0.0,0.1258110614545061
1788446927050782640,0,0.5708470313709595,0.5967667459038575,0.0,0.9920313280684564,0.0,0.0,0.12599144467278167
1788446927070769830,0,0.5708470313709595,0.5967667459038575,0.0,0.9920090486117114,0.0,0.0,0.12616674471701084
1788446927098083189,0,0.5708470313709595,0.5967667459038575,0.0,0.9919636522336023,0.0,0.0,0.12652317039725558
1788446927110746822,0,0.5708470313709595,0.5967667459038575,0.0,0.9919414687568506,0.0,0.0,0.12669697139435424
1788446927130732559,0,0.5708470313709595,0.5967667459038575,0.0,0.991896916874273,0.0,0.0,0.12704529229889458
1788446927150733263,0,0.5708470313709595,0.5967667459038575,0.0,0.9918503173069568,0.0,0.0,0.12740858706574332
1788446927170724689,0,0.5708470313709595,0.5967667459038575,0.0,0.9918034114433749,0.0,0.0,0.1277732094348561
1788446927198059534,0,0.5708470313709595,0.5967667459038575,0.0,0.9917333805099218,0.0,0.0,0.12831563420862882
1788446927210784108,0,0.5708470313709595,0.5967667459038575,0.0,0.9917104357803668,0.0,0.0,0.12849284635463207
1788446927230756758,0,0.5708470313709595,0.5967667459038575,0.0,0.9916648789362411,0.0,0.0,0.1288439672020787
1788446927250727620,0,0.5708470313709595,0.5967667459038575,0.0,0.9916197607250306,0.0,0.0,0.12919075098331587
1788446927270726899,0,0.5708470313709595,0.5967667459038575,0.0,0.9915749391727687,0.0,0.0,0.12953431979409966
1788446927297942901,0,0.5708470313709595,0.5967667459038575,0.0,0.9915069779819504,0.0,0.0,0.13005349904212554
1788446927310754138,0,0.5708470313709595,0.5967667459038575,0.0,0.9914837727142493,0.0,0.0,0.1302302900415987
1788446927330736133,0,0.5708470313709595,0.5967667459038575,0.0,0.9914370719360244,0.0,0.0,0.13058534523798007
1788446927350755288,0,0.5708470313709595,0.5967667459038575,0.0,0.9913908617597544,0.0,0.0,0.13093570643354502
1788446927370753138,0,0.5708470313709595,0.5967667459038575,0.0,0.9913449686243716,0.0,0.0,0.13128272233292446
1788446927398553593,0,0.5708470313709595,0.5967667459038575,0.0,0.9912750091077156,0.0,0.0,0.13180992496203872
1788446927410771324,0,0.5708470313709595,0.5967667459038575,0.0,0.9912517296445548,0.0,0.0,0.13198487972748413
1788446927430750358,0,0.5708470313709595,0.5967667459038575,0.0,0.9912049049636629,0.0,0.0,0.13233607360042116
1788446927450724618,0,0.5708470313709595,0.5967667459038575,0.0,0.9911459745479645,0.0,0.0,0.1327767191090583
1788446927470721816,0,0.5708470313709595,0.5967667459038575,0.0,0.9910746328194836,0.0,0.0,0.1333081849764889
1788446927497988857,0,0.5708470313709595,0.5967667459038575,0.0,0.9909656570223556,0.0,0.0,0.1341158700611194
1788446927510862217,0,0.5708470313709595,0.5967667459038575,0.0,0.9909293017167181,0.0,0.0,0.13438422154113713
1788446927530751522,0,0.5708470313709595,0.5967667459038575,0.0,0.9908563682328289,0.0,0.0,0.13492093066847974
1788446927550728812,0,0.5708470313709595,0.5967667459038575,0.0,0.9907838589661747,0.0,0.0,0.13545237100949972
1788446927570711940,0,0.5708470313709595,0.5967667459038575,0.0,0.9907117605092616,0.0,0.0,0.1359787027024433
1788446927598089764,0,0.5708470313709595,0.5967667459038575,0.0,0.9906391645080742,0.0,0.0,0.13650657765377003
1788446927610753944,0,0.5708470313709595,0.5967667459038575,0.0,0.990567851390585,0.0,0.0,0.1370231067792579
1788446927630736853,0,0.5708470313709595,0.5967667459038575,0.0,0.9904962848120394,0.0,0.0,0.13753948441646613
1788446927650731413,0,0.5708470313709595,0.5967667459038575,0.0,0.9904229937255785,0.0,0.0,0.13806626488633184
1788446927670773186,0,0.5708470313709595,0.5967667459038575,0.0,0.9903478567804526,0.0,0.0,0.13860419391333081
1788446927698018374,0,0.5708470313709595,0.5967667459038575,0.0,0.9902723369335571,0.0,0.0,0.1391427278162666
1788446927710989796,0,0.5708470313709595,0.5967667459038575,0.0,0.9901983596163981,0.0,0.0,0.1396682090276605
1788446927730836870,0,0.5708470313709595,0.5967667459038575,0.0,0.990124253865178,0.0,0.0,0.1401925886340805
1788446927750727889,0,0.5708470313709595,0.5967667459038575,0.0,0.9900502669785579,0.0,0.0,0.14071413879097647
1788446927770747749,0,0.5708470313709595,0.5967667459038575,0.0,0.9899766144046104,0.0,0.0,0.14123138083296297
1788446927797898555,0,0.5708470313709595,0.5967667459038575,0.0,0.9899027781223877,0.0,0.0,0.14174798011110726
1788446927810764209,0,0.5708470313709595,0.5967667459038575,0.0,0.9898272654861587,0.0,0.0,0.14227432832452078
1788446927830737649,0,0.5708470313709595,0.5967667459038575,0.0,0.9897516612759127,0.0,0.0,0.14279933123642755
1788446927850728495,0,0.5708470313709595,0.5967667459038575,0.0,0.9896756734305933,0.0,0.0,0.14332502021524968
1788446927870734799,0,0.5708470313709595,0.5967667459038575,0.0,0.9895992820673006,0.0,0.0,0.14385152391227235
1788446927898479354,0,0.5708470313709595,0.5967667459038575,0.0,0.989522596821325,0.0,0.0,0.14437808136965077
1788446927910738110,0,0.5708470313709595,0.5967667459038575,0.0,0.9894457433440224,0.0,0.0,0.1449038335531361
1788446927930742230,0,0.5708470313709595,0.5967667459038575,0.0,0.9893695851065711,0.0,0.0,0.14542291451504905
1788446927950808157,0,0.5708470313709595,0.5967667459038575,0.0,0.9892925294458736,0.0,0.0,0.14594619276495432
1788446927970733530,0,0.5708470313709595,0.5967667459038575,0.0,0.989253591557209,0.0,0.0,0.14620988882822775
1788446927997961507,0,0.5708470313709595,0.5967667459038575,0.0,0.9891363165557713,0.0,0.0,0.14700118118736696
1788446928010775576,0,0.5708470313709595,0.5967667459038575,0.0,0.9890972916202363,0.0,0.0,0.14726353149885152
1788446928030781457,0,0.5708470313709595,0.5967667459038575,0.0,0.9890186616650342,0.0,0.0,0.14779068603367612
1788446928050723198,0,0.5708470313709595,0.5967667459038575,0.0,0.9889390420789285,0.0,0.0,0.1483225237514904
1788446928070757529,0,0.5708470313709595,0.5967667459038575,0.0,0.9888603807565104,0.0,0.0,0.14884605258484132
1788446928098053026,0,0.5708470313709595,0.5967667459038575,0.0,0.9887417776822656,0.0,0.0,0.1496318718245323
1788446928110732795,0,0.5708470313709595,0.5967667459038575,0.0,0.9887022089122391,0.0,0.0,0.14989310221640945
1788446928130730714,0,0.5708470313709595,0.5967667459038575,0.0,0.9886223346134013,0.0,0.0,0.15041901310521902
1788446928150725500,0,0.5708470313709595,0.5967667459038575,0.0,0.9885427208050434,0.0,0.0,0.1509413433866355
1788446928170767665,0,0.5708470313709595,0.5967667459038575,0.0,0.9884626499988831,0.0,0.0,0.1514648129341782
1788446928198422453,0,0.5708470313709595,0.5967667459038575,0.0,0.9883422785137559,0.0,0.0,0.15224828571198204
1788446928210728736,0,0.5708470313709595,0.5967667459038575,0.0,0.9883021773487506,0.0,0.0,0.15250838090976748
1788446928230732102,0,0.5708470313709595,0.5967667459038575,0.0,0.9882217810654734,0.0,0.0,0.1530284660701516
1788446928250730550,0,0.5708470313709595,0.5967667459038575,0.0,0.9881406827972445,0.0,0.0,0.15355126505827107
1788446928270728011,0,0.5708470313709595,0.5967667459038575,0.0,0.9880589591472514,0.0,0.0,0.15407625790124266
1788446928298157166,0,0.5708470313709595,0.5967667459038575,0.0,0.987936437879708,0.0,0.0,0.1548599196356305
1788446928310728620,0,0.5708470313709595,0.5967667459038575,0.0,0.9878958353924316,0.0,0.0,0.1551187236096581
1788446928330736771,0,0.5708470313709595,0.5967667459038575,0.0,0.9878144061450326,0.0,0.0,0.15563643214985579
1788446928350737738,0,0.5708470313709595,0.5967667459038575,0.0,0.9877319847510337,0.0,0.0,0.15615865746023694
1788446928370740839,0,0.5708470313709595,0.5967667459038575,0.0,0.9876485605110152,0.0,0.0,0.15668542025510704
1788446928398010206,0,0.5708470313709595,0.5967667459038575,0.0,0.987522772892237,0.0,0.0,0.15747626176420165
1788446928410825706,0,0.5708470313709595,0.5967667459038575,0.0,0.987479938286802,0.0,0.0,0.15774464010258338
1788446928430732341,0,0.5708470313709595,0.5967667459038575,0.0,0.9873955442386186,0.0,0.0,0.15827204180689042
1788446928450749802,0,0.5708470313709595,0.5967667459038575,0.0,0.98731104371979,0.0,0.0,0.1587983090241805
1788446928470759878,0,0.5708470313709595,0.5967667459038575,0.0,0.9872273618434503,0.0,0.0,0.1593177203816989
1788446928498045831,0,0.5708470313709595,0.5967667459038575,0.0,0.9871013471675373,0.0,0.0,0.1600966283843386
1788446928510766571,0,0.5708470313709595,0.5967667459038575,0.0,0.9870592387822466,0.0,0.0,0.16035603865963977
1788446928530719944,0,0.5708470313709595,0.5967667459038575,0.0,0.9869747932148419,0.0,0.0,0.16087497492935335
1788446928550724180,0,0.5708470313709595,0.5967667459038575,0.0,0.9868895970492046,0.0,0.0,0.1613967881838371
1788446928570743426,0,0.5708470313709595,0.5967667459038575,0.0,0.986803655533411,0.0,0.0,0.16192141744036584
1788446928598397466,0,0.5708470313709595,0.5967667459038575,0.0,0.9866743936083695,0.0,0.0,0.1627072247859829
1788446928610755356,0,0.5708470313709595,0.5967667459038575,0.0,0.9866313648659749,0.0,0.0,0.162967941211465
1788446928630934096,0,0.5708470313709595,0.5967667459038575,0.0,0.9865442444968551,0.0,0.0,0.1634945064830299
1788446928650750880,0,0.5708470313709595,0.5967667459038575,0.0,0.9864577580787475,0.0,0.0,0.16401552221131768
1788446928670766473,0,0.5708470313709595,0.5967667459038575,0.0,0.9863708724543981,0.0,0.0,0.16453723582687724
1788446928698470928,0,0.5708470313709595,0.5967667459038575,0.0,0.9862403443930909,0.0,0.0,0.16531782448180615
1788446928710738965,0,0.5708470313709595,0.5967667459038575,0.0,0.9861966511911434,0.0,0.0,0.16557827508273604
1788446928730777479,0,0.5708470313709595,0.5967667459038575,0.0,0.9861088044720026,0.0,0.0,0.16610064943520764
1788446928750733601,0,0.5708470313709595,0.5967667459038575,0.0,0.9860201053428306,0.0,0.0,0.16662638404440422
1788446928770732558,0,0.5708470313709595,0.5967667459038575,0.0,0.9859313107542648,0.0,0.0,0.16715098107512677
1788446928798050420,0,0.5708470313709595,0.5967667459038575,0.0,0.9857971830613054,0.0,0.0,0.16794020920671487
1788446928810771842,0,0.5708470313709595,0.5967667459038575,0.0,0.9857520366066433,0.0,0.0,0.16820500089431026
1788446928830727887,0,0.5708470313709595,0.5967667459038575,0.0,0.9856619377753391,0.0,0.0,0.16873216771251312
1788446928850729044,0,0.5708470313709595,0.5967667459038575,0.0,0.9855723836744272,0.0,0.0,0.1692544727276288
1788446928870748377,0,0.5708470313709595,0.5967667459038575,0.0,0.9854833652434508,0.0,0.0,0.16977201426749758
1788446928898091616,0,0.5708470313709595,0.5967667459038575,0.0,0.9853491490985914,0.0,0.0,0.17054927255981422
1788446928910754134,0,0.5708470313709595,0.5967667459038575,0.0,0.9853041805215423,0.0,0.0,0.1708088751990716
1788446928930724724,0,0.5708470313709595,0.5967667459038575,0.0,0.9852140209295122,0.0,0.0,0.1713281441091999
1788446928950759448,0,0.5708470313709595,0.5967667459038575,0.0,0.9851230626100561,0.0,0.0,0.17185037536701336
1788446928970740278,0,0.5708470313709595,0.5967667459038575,0.0,0.9850312497572108,0.0,0.0,0.17237585968385286
1788446928998074420,0,0.5708470313709595,0.5967667459038575,0.0,0.9849391294636812,0.0,0.0,0.1729014495350625
1788446929010757590,0,0.5708470313709595,0.5967667459038575,0.0,0.9848478729321061,0.0,0.0,0.17342049239091173
1788446929030735610,0,0.5708470313709595,0.5967667459038575,0.0,0.9847563204619734,0.0,0.0,0.17393961397621635
1788446929050723625,0,0.5708470313709595,0.5967667459038575,0.0,0.9846642764103146,0.0,0.0,0.17445991734880412
1788446929070726820,0,0.5708470313709595,0.5967667459038575,0.0,0.9845719805528768,0.0,0.0,0.17498004203390077
1788446929097844156,0,0.5708470313709595,0.5967667459038575,0.0,0.9844794082518643,0.0,0.0,0.17550012743032148
1788446929110678146,0,0.5708470313709595,0.5967667459038575,0.0,0.9843864936933899,0.0,0.0,0.1760205415115908
1788446929130759931,0,0.5708470313709595,0.5967667459038575,0.0,0.9842933124660093,0.0,0.0,0.17654085939150466
1788446929150725426,0,0.5708470313709595,0.5967667459038575,0.0,0.9841998725216856,0.0,0.0,0.1770610372958937
1788446929170853407,0,0.5708470313709595,0.5967667459038575,0.0,0.9841060973267355,0.0,0.0,0.17758150017482655
1788446929197907382,0,0.5708470313709595,0.5967667459038575,0.0,0.9840120680299778,0.0,0.0,0.17810179665395423
1788446929210748935,0,0.5708470313709595,0.5967667459038575,0.0,0.9839172379009615,0.0,0.0,0.17862493935994095
1788446929230727669,0,0.5708470313709595,0.5967667459038575,0.0,0.9838221311099552,0.0,0.0,0.17914802353993764
1788446929250723107,0,0.5708470313709595,0.5967667459038575,0.0,0.9837270393184908,0.0,0.0,0.1796694523664956
1788446929270755905,0,0.5708470313709595,0.5967667459038575,0.0,0.9836319690953308,0.0,0.0,0.18018920437596223
1788446929298155991,0,0.5708470313709595,0.5967667459038575,0.0,0.9835366388821339,0.0,0.0,0.1807088265039505
1788446929310738288,0,0.5708470313709595,0.5967667459038575,0.0,0.98343919691016,0.0,0.0,0.18123836784935907
1788446929330728948,0,0.5708470313709595,0.5967667459038575,0.0,0.9833431713006091,0.0,0.0,0.18175865166880215
1788446929350724862,0,0.5708470313709595,0.5967667459038575,0.0,0.9832467136437446,0.0,0.0,0.18227973038375964
1788446929370741572,0,0.5708470313709595,0.5967667459038575,0.0,0.9831982895023185,0.0,0.0,0.18254074482075286
1788446929397981874,0,0.5708470313709595,0.5967667459038575,0.0,0.98305215016993,0.0,0.0,0.18332613028774014
1788446929410767339,0,0.5708470313709595,0.5967667459038575,0.0,0.9830039364581535,0.0,0.0,0.18358447894028104
1788446929430768541,0,0.5708470313709595,0.5967667459038575,0.0,0.9829074203020185,0.0,0.0,0.18410052448385666
1788446929450724675,0,0.5708470313709595,0.5967667459038575,0.0,0.9828108038423659,0.0,0.0,0.1846156110699274
1788446929470729766,0,0.5708470313709595,0.5967667459038575,0.0,0.9827128456158871,0.0,0.0,0.18513633641596536
1788446929497937644,0,0.5708470313709595,0.5967667459038575,0.0,0.9825658729143464,0.0,0.0,0.185914779896781
1788446929510736265,0,0.5708470313709595,0.5967667459038575,0.0,0.9825164801681721,0.0,0.0,0.18617563266428297
1788446929530739911,0,0.5708470313709595,0.5967667459038575,0.0,0.9824174772937345,0.0,0.0,0.18669734949327674
1788446929550727802,0,0.5708470313709595,0.5967667459038575,0.0,0.9823179763724725,0.0,0.0,0.18722017331337587
1788446929570731393,0,0.5708470313709595,0.5967667459038575,0.0,0.9822177553274869,0.0,0.0,0.18774525591724825
1788446929597951726,0,0.5708470313709595,0.5967667459038575,0.0,0.9820681222583532,0.0,0.0,0.18852639932898613
1788446929610752098,0,0.5708470313709595,0.5967667459038575,0.0,0.9820179496514793,0.0,0.0,0.1887875699359062
1788446929630726317,0,0.5708470313709595,0.5967667459038575,0.0,0.9819161394204129,0.0,0.0,0.18931638900452408
1788446929650724909,0,0.5708470313709595,0.5967667459038575,0.0,0.9818151262305761,0.0,0.0,0.18983955832449131
1788446929670748972,0,0.5708470313709595,0.5967667459038575,0.0,0.9817140956281999,0.0,0.0,0.19036132602213499
1788446929697956228,0,0.5708470313709595,0.5967667459038575,0.0,0.9815617423933327,0.0,0.0,0.1911453527286625
1788446929710748868,0,0.5708470313709595,0.5967667459038575,0.0,0.9815112355670766,0.0,0.0,0.19140453091708848
1788446929730794059,0,0.5708470313709595,0.5967667459038575,0.0,0.9814096964149638,0.0,0.0,0.19192448458362105
1788446929750725624,0,0.5708470313709595,0.5967667459038575,0.0,0.9813082206135819,0.0,0.0,0.19244265679990402
1788446929770749483,0,0.5708470313709595,0.5967667459038575,0.0,0.981206489022561,0.0,0.0,0.1929606848557989
1788446929798057833,0,0.5708470313709595,0.5967667459038575,0.0,0.9810535694006316,0.0,0.0,0.19373666138932022
1788446929810783912,0,0.5708470313709595,0.5967667459038575,0.0,0.9810025477846167,0.0,0.0,0.19399484848853812
1788446929830769676,0,0.5708470313709595,0.5967667459038575,0.0,0.9809004037293886,0.0,0.0,0.19451066285302301
1788446929850723747,0,0.5708470313709595,0.5967667459038575,0.0,0.9807963847877699,0.0,0.0,0.19503448819950014
1788446929870754698,0,0.5708470313709595,0.5967667459038575,0.0,0.9806927906754686,0.0,0.0,0.19555472460966425
1788446929898532412,0,0.5708470313709595,0.5967667459038575,0.0,0.980536294041783,0.0,0.0,0.1963379129633553
1788446929910723553,0,0.5708470313709595,0.5967667459038575,0.0,0.9804843088307699,0.0,0.0,0.19659735536534434
1788446929930758932,0,0.5708470313709595,0.5967667459038575,0.0,0.9803801111993079,0.0,0.0,0.19711630466512045
1788446929950724760,0,0.5708470313709595,0.5967667459038575,0.0,0.9802759810616218,0.0,0.0,0.1976335015974643
1788446929970729951,0,0.5708470313709595,0.5967667459038575,0.0,0.9801718560646696,0.0,0.0,0.19814926842847708
1788446929998099090,0,0.5708470313709595,0.5967667459038575,0.0,0.9800144162202854,0.0,0.0,0.19892647888205647
1788446930010749312,0,0.5708470313709595,0.5967667459038575,0.0,0.9799617473943479,0.0,0.0,0.19918577671062795
1788446930030726595,0,0.5708470313709595,0.5967667459038575,0.0,0.9798552577177063,0.0,0.0,0.19970897306572694
1788446930050731617,0,0.5708470313709595,0.5967667459038575,0.0,0.9797480796826333,0.0,0.0,0.20023411387221826
1788446930070783911,0,0.5708470313709595,0.5967667459038575,0.0,0.9796409007615664,0.0,0.0,0.20075782812898407
1788446930097980762,0,0.5708470313709595,0.5967667459038575,0.0,0.9794801139955444,0.0,0.0,0.20154083032297812
1788446930110749003,0,0.5708470313709595,0.5967667459038575,0.0,0.9794258523835483,0.0,0.0,0.20180435992009682
1788446930130763215,0,0.5708470313709595,0.5967667459038575,0.0,0.979319431510016,0.0,0.0,0.20232016969867098
1788446930150751109,0,0.5708470313709595,0.5967667459038575,0.0,0.9792119983640255,0.0,0.0,0.20283949876671362
1788446930170762491,0,0.5708470313709595,0.5967667459038575,0.0,0.9791047728699042,0.0,0.0,0.20335644504999956
1788446930198210216,0,0.5708470313709595,0.5967667459038575,0.0,0.9789430713968245,0.0,0.0,0.20413344401188133
1788446930210798928,0,0.5708470313709595,0.5967667459038575,0.0,0.9788886650177259,0.0,0.0,0.2043941816682035
1788446930230780972,0,0.5708470313709595,0.5967667459038575,0.0,0.9787798730727433,0.0,0.0,0.20491451892851484
1788446930250727275,0,0.5708470313709595,0.5967667459038575,0.0,0.978671169368044,0.0,0.0,0.2054330602599916
1788446930270752184,0,0.5708470313709595,0.5967667459038575,0.0,0.9785615964321819,0.0,0.0,0.2059543687036031
1788446930298133173,0,0.5708470313709595,0.5967667459038575,0.0,0.9784522181765012,0.0,0.0,0.20647338023455827
1788446930310728671,0,0.5708470313709595,0.5967667459038575,0.0,0.9783429712979202,0.0,0.0,0.20699041164256063
1788446930330743761,0,0.5708470313709595,0.5967667459038575,0.0,0.9782332394950893,0.0,0.0,0.20750838331726054
1788446930350722937,0,0.5708470313709595,0.5967667459038575,0.0,0.9781234682253533,0.0,0.0,0.20802519296182892
1788446930370730071,0,0.5708470313709595,0.5967667459038575,0.0,0.9780121437572304,0.0,0.0,0.2085479481159824
1788446930397975957,0,0.5708470313709595,0.5967667459038575,0.0,0.9779021277448589,0.0,0.0,0.20906321664051242
1788446930410781283,0,0.5708470313709595,0.5967667459038575,0.0,0.9777894413285797,0.0,0.0,0.2095896190805831
1788446930430763397,0,0.5708470313709595,0.5967667459038575,0.0,0.9776779180265234,0.0,0.0,0.21010923017164834
1788446930450728056,0,0.5708470313709595,0.5967667459038575,0.0,0.977565895476296,0.0,0.0,0.2106298174561888
1788446930470754956,0,0.5708470313709595,0.5967667459038575,0.0,0.9774533503660092,0.0,0.0,0.21115148083369817
1788446930497978498,0,0.5708470313709595,0.5967667459038575,0.0,0.9773405033258912,0.0,0.0,0.2116731928201908
1788446930510756977,0,0.5708470313709595,0.5967667459038575,0.0,0.9772848766937677,0.0,0.0,0.21192986997034458
1788446930530719367,0,0.5708470313709595,0.5967667459038575,0.0,0.9771733676654559,0.0,0.0,0.21244342664660562
1788446930550723581,0,0.5708470313709595,0.5967667459038575,0.0,0.9770600010400315,0.0,0.0,0.2129642091236309
1788446930570762494,0,0.5708470313709595,0.5967667459038575,0.0,0.9769475915912058,0.0,0.0,0.21347928069052172
1788446930598057468,0,0.5708470313709595,0.5967667459038575,0.0,0.9767781380592712,0.0,0.0,0.214253282377338
1788446930610860532,0,0.5708470313709595,0.5967667459038575,0.0,0.9767210082336584,0.0,0.0,0.214513570841161
1788446930630745210,0,0.5708470313709595,0.5967667459038575,0.0,0.9766061538943817,0.0,0.0,0.2150358578833386
1788446930650726402,0,0.5708470313709595,0.5967667459038575,0.0,0.976489549336215,0.0,0.0,0.21556474674017462
1788446930670741815,0,0.5708470313709595,0.5967667459038575,0.0,0.9763724925084502,0.0,0.0,0.21609432170428827
1788446930698078677,0,0.5708470313709595,0.5967667459038575,0.0,0.9761991825263738,0.0,0.0,0.21687590007845386
1788446930710728539,0,0.5708470313709595,0.5967667459038575,0.0,0.9761419283256165,0.0,0.0,0.21713345151023353
1788446930730757206,0,0.5708470313709595,0.5967667459038575,0.0,0.976027241768257,0.0,0.0,0.2176483938058092
1788446930750730035,0,0.5708470313709595,0.5967667459038575,0.0,0.9759123874590098,0.0,0.0,0.21816281077226599
1788446930770739570,0,0.5708470313709595,0.5967667459038575,0.0,0.9757974706295444,0.0,0.0,0.21867623627862154
1788446930798033796,0,0.5708470313709595,0.5967667459038575,0.0,0.9756237731498385,0.0,0.0,0.2194498878215081
1788446930810757634,0,0.5708470313709595,0.5967667459038575,0.0,0.9755652877811505,0.0,0.0,0.2197097386928513
1788446930830761691,0,0.5708470313709595,0.5967667459038575,0.0,0.9754480174967864,0.0,0.0,0.22022980080268217
1788446930850745478,0,0.5708470313709595,0.5967667459038575,0.0,0.9753294911495782,0.0,0.0,0.22075412497596703
1788446930870737136,0,0.5708470313709595,0.5967667459038575,0.0,0.9752115007596072,0.0,0.0,0.2212747811798593
1788446930898176211,0,0.5708470313709595,0.5967667459038575,0.0,0.9750340975721719,0.0,0.0,0.22205519262476245
1788446930910770093,0,0.5708470313709595,0.5967667459038575,0.0,0.974976092645711,0.0,0.0,0.22230973611000962
1788446930930767575,0,0.5708470313709595,0.5967667459038575,0.0,0.9748598806263611,0.0,0.0,0.2228187899284013
1788446930950735742,0,0.5708470313709595,0.5967667459038575,0.0,0.9747427714671968,0.0,0.0,0.22333053860242277
1788446930970761726,0,0.5708470313709595,0.5967667459038575,0.0,0.9746247347562543,0.0,0.0,0.22384509465543553
1788446930998292386,0,0.5708470313709595,0.5967667459038575,0.0,0.9744460841102908,0.0,0.0,0.22462152426274742
1788446931010730148,0,0.5708470313709595,0.5967667459038575,0.0,0.9743860680233974,0.0,0.0,0.2248817254511871
1788446931030724653,0,0.5708470313709595,0.5967667459038575,0.0,0.9742659057522867,0.0,0.0,0.22540174109504243
1788446931050723042,0,0.5708470313709595,0.5967667459038575,0.0,0.9741460946804757,0.0,0.0,0.2259189815371379
1788446931070769097,0,0.5708470313709595,0.5967667459038575,0.0,0.9740252154790515,0.0,0.0,0.22643957165430972
1788446931097905480,0,0.5708470313709595,0.5967667459038575,0.0,0.9738457088626384,0.0,0.0,0.22721033279722375
1788446931110728461,0,0.5708470313709595,0.5967667459038575,0.0,0.9737859498948331,0.0,0.0,0.22746631352228283
1788446931130750428,0,0.5708470313709595,0.5967667459038575,0.0,0.9736663052551318,0.0,0.0,0.22797790684805536
1788446931150773066,0,0.5708470313709595,0.5967667459038575,0.0,0.973545678838626,0.0,0.0,0.22849247518165414
1788446931170722424,0,0.5708470313709595,0.5967667459038575,0.0,0.97342396829448,0.0,0.0,0.229010431967252
1788446931198136165,0,0.5708470313709595,0.5967667459038575,0.0,0.9732416874508835,0.0,0.0,0.22978385018916558
1788446931210721054,0,0.5708470313709595,0.5967667459038575,0.0,0.9731806492147688,0.0,0.0,0.23004222219827627
1788446931230755642,0,0.5708470313709595,0.5967667459038575,0.0,0.9730583562708017,0.0,0.0,0.2305589627222623
1788446931250930239,0,0.5708470313709595,0.5967667459038575,0.0,0.9729353649631322,0.0,0.0,0.2310774233975634
1788446931270823017,0,0.5708470313709595,0.5967667459038575,0.0,0.9728129088071606,0.0,0.0,0.2315924101911607
1788446931298041358,0,0.5708470313709595,0.5967667459038575,0.0,0.9726891365122132,0.0,0.0,0.23211170524367147
1788446931310735372,0,0.5708470313709595,0.5967667459038575,0.0,0.972565313378443,0.0,0.0,0.23262998777692243
1788446931330767144,0,0.5708470313709595,0.5967667459038575,0.0,0.972442411070175,0.0,0.0,0.2331432116790553
1788446931350743424,0,0.5708470313709595,0.5967667459038575,0.0,0.9723166760362847,0.0,0.0,0.2336670312683212
1788446931370749110,0,0.5708470313709595,0.5967667459038575,0.0,0.9721928478934331,0.0,0.0,0.23418169549487855
1788446931398102234,0,0.5708470313709595,0.5967667459038575,0.0,0.9720687333257491,0.0,0.0,0.23469635210303944
1788446931410762390,0,0.5708470313709595,0.5967667459038575,0.0,0.9719432518679251,0.0,0.0,0.2352154653682516
1788446931430748816,0,0.5708470313709595,0.5967667459038575,0.0,0.9718174871429153,0.0,0.0,0.235734536466827
1788446931450721453,0,0.5708470313709595,0.5967667459038575,0.0,0.9716925266465112,0.0,0.0,0.23624909239893224
1788446931470744330,0,0.5708470313709595,0.5967667459038575,0.0,0.971568445781544,0.0,0.0,0.2367588544524469
1788446931497992703,0,0.5708470313709595,0.5967667459038575,0.0,0.9714443984367817,0.0,0.0,0.23726731916932745
1788446931510786919,0,0.5708470313709595,0.5967667459038575,0.0,0.97131875489907,0.0,0.0,0.23778115228360783
1788446931530853727,0,0.5708470313709595,0.5967667459038575,0.0,0.9711930897759198,0.0,0.0,0.23829389914872393
1788446931550729057,0,0.5708470313709595,0.5967667459038575,0.0,0.9711304519448386,0.0,0.0,0.23854904171975533
1788446931570732575,0,0.5708470313709595,0.5967667459038575,0.0,0.9710040023319984,0.0,0.0,0.2390632289902415
1788446931598515393,0,0.5708470313709595,0.5967667459038575,0.0,0.9708138020782302,0.0,0.0,0.23983444643005486
1788446931610742431,0,0.5708470313709595,0.5967667459038575,0.0,0.9707504931833772,0.0,0.0,0.2400905662124813
1788446931630750490,0,0.5708470313709595,0.5967667459038575,0.0,0.9706209212126837,0.0,0.0,0.24061385517929182
1788446931650738739,0,0.5708470313709595,0.5967667459038575,0.0,0.9704937171038646,0.0,0.0,0.2411264088853065
1788446931670729603,0,0.5708470313709595,0.5967667459038575,0.0,0.9703660464865899,0.0,0.0,0.24163968181154613
1788446931698071528,0,0.5708470313709595,0.5967667459038575,0.0,0.970172985170595,0.0,0.0,0.24241365234898865
1788446931710742191,0,0.5708470313709595,0.5967667459038575,0.0,0.9701083404134301,0.0,0.0,0.24267222309176742
1788446931730729124,0,0.5708470313709595,0.5967667459038575,0.0,0.9699788242757207,0.0,0.0,0.2431893921549427
1788446931750776295,0,0.5708470313709595,0.5967667459038575,0.0,0.9698493976375133,0.0,0.0,0.24370503872951102
1788446931770767808,0,0.5708470313709595,0.5967667459038575,0.0,0.9697204088651508,0.0,0.0,0.24421778934059005
1788446931798335578,0,0.5708470313709595,0.5967667459038575,0.0,0.9695264648024541,0.0,0.0,0.2449865997307931
1788446931810736929,0,0.5708470313709595,0.5967667459038575,0.0,0.9694617527032464,0.0,0.0,0.24524255349663412
1788446931830724969,0,0.5708470313709595,0.5967667459038575,0.0,0.9693320878228537,0.0,0.0,0.24575455950396402
1788446931850726305,0,0.5708470313709595,0.5967667459038575,0.0,0.9692000292101467,0.0,0.0,0.24627485332256488
1788446931870762576,0,0.5708470313709595,0.5967667459038575,0.0,0.9690696888718112,0.0,0.0,0.24678723246937032
1788446931898266326,0,0.5708470313709595,0.5967667459038575,0.0,0.9688721411339943,0.0,0.0,0.2475616572380088
1788446931910740244,0,0.5708470313709595,0.5967667459038575,0.0,0.9688064410778555,0.0,0.0,0.24781864281377153
1788446931930748809,0,0.5708470313709595,0.5967667459038575,0.0,0.9686729422124492,0.0,0.0,0.24833995052241808
1788446931950723944,0,0.5708470313709595,0.5967667459038575,0.0,0.968540895363915,0.0,0.0,0.2488544434155555
1788446931970726551,0,0.5708470313709595,0.5967667459038575,0.0,0.9684085026714666,0.0,0.0,0.24936914795862006
1788446931998106308,0,0.5708470313709595,0.5967667459038575,0.0,0.9682103187986607,0.0,0.0,0.2501375193204648
1788446932010736059,0,0.5708470313709595,0.5967667459038575,0.0,0.9681447230660226,0.0,0.0,0.2503912841921904
1788446932030742035,0,0.5708470313709595,0.5967667459038575,0.0,0.9680112200827725,0.0,0.0,0.25090691061400056
1788446932050729465,0,0.5708470313709595,0.5967667459038575,0.0,0.967878856927551,0.0,0.0,0.2514170207297375
1788446932070720891,0,0.5708470313709595,0.5967667459038575,0.0,0.9677455403043985,0.0,0.0,0.25192969102697627
1788446932097916657,0,0.5708470313709595,0.5967667459038575,0.0,0.9675446247382844,0.0,0.0,0.25270021594777564
1788446932110782989,0,0.5708470313709595,0.5967667459038575,0.0,0.9674771989982222,0.0,0.0,0.2529582365106034
1788446932130751195,0,0.5708470313709595,0.5967667459038575,0.0,0.9673396245309187,0.0,0.0,0.25348382751643384
1788446932150718761,0,0.5708470313709595,0.5967667459038575,0.0,0.9672026568571609,0.0,0.0,0.25400594593128917
1788446932170731374,0,0.5708470313709595,0.5967667459038575,0.0,0.9670689129904533,0.0,0.0,0.25451467055449495
1788446932198259872,0,0.5708470313709595,0.5967667459038575,0.0,0.9668665570729934,0.0,0.0,0.2552823159049917
1788446932210757111,0,0.5708470313709595,0.5967667459038575,0.0,0.9667992772985207,0.0,0.0,0.25553699813345643
1788446932230764701,0,0.5708470313709595,0.5967667459038575,0.0,0.9666630497199096,0.0,0.0,0.25605184691035454
1788446932250727089,0,0.5708470313709595,0.5967667459038575,0.0,0.9665273563688075,0.0,0.0,0.256563577677589
1788446932270723897,0,0.5708470313709595,0.5967667459038575,0.0,0.9663895744550665,0.0,0.0,0.2570820693563741
1788446932298100393,0,0.5708470313709595,0.5967667459038575,0.0,0.9662531407813142,0.0,0.0,0.2575943864494057
1788446932310736456,0,0.5708470313709595,0.5967667459038575,0.0,0.9661146735521638,0.0,0.0,0.25811322621515514
1788446932330724700,0,0.5708470313709595,0.5967667459038575,0.0,0.9659772766732364,0.0,0.0,0.25862695325692114
1788446932350714195,0,0.5708470313709595,0.5967667459038575,0.0,0.9658393083802204,0.0,0.0,0.25914171873246805
1788446932370725207,0,0.5708470313709595,0.5967667459038575,0.0,0.9657020868992248,0.0,0.0,0.25965261284740054
1788446932398347508,0,0.5708470313709595,0.5967667459038575,0.0,0.9655642318296601,0.0,0.0,0.2601647828035117
1788446932410744261,0,0.5708470313709595,0.5967667459038575,0.0,0.9654245351329752,0.0,0.0,0.2606826940233637
1788446932430753377,0,0.5708470313709595,0.5967667459038575,0.0,0.9652869704814254,0.0,0.0,0.2611916243274115
1788446932450722859,0,0.5708470313709595,0.5967667459038575,0.0,0.9651466981047869,0.0,0.0,0.2617094785013095
1788446932470715092,0,0.5708470313709595,0.5967667459038575,0.0,0.9650754168869559,0.0,0.0,0.2619722117333599
1788446932498079493,0,0.5708470313709595,0.5967667459038575,0.0,0.9648667156035391,0.0,0.0,0.262739835427442
1788446932510735526,0,0.5708470313709595,0.5967667459038575,0.0,0.9647965594498896,0.0,0.0,0.26299733624821303
1788446932530754047,0,0.5708470313709595,0.5967667459038575,0.0,0.9646561272309833,0.0,0.0,0.26351196594409354
1788446932550727469,0,0.5708470313709595,0.5967667459038575,0.0,0.9645154457187542,0.0,0.0,0.26402642854447905
1788446932570730706,0,0.5708470313709595,0.5967667459038575,0.0,0.9643773354737983,0.0,0.0,0.26453044215072297
1788446932598066774,0,0.5708470313709595,0.5967667459038575,0.0,0.9641657580327083,0.0,0.0,0.26530056735184904
1788446932610805174,0,0.5708470313709595,0.5967667459038575,0.0,0.9640954477514478,0.0,0.0,0.2655559594980599
1788446932630755406,0,0.5708470313709595,0.5967667459038575,0.0,0.9639545831479669,0.0,0.0,0.2660668367685636
1788446932650736847,0,0.5708470313709595,0.5967667459038575,0.0,0.9638110168511574,0.0,0.0,0.2665864283798745
1788446932670747021,0,0.5708470313709595,0.5967667459038575,0.0,0.9636686751383642,0.0,0.0,0.2671005139588277
1788446932698054356,0,0.5708470313709595,0.5967667459038575,0.0,0.9634554222431855,0.0,0.0,0.2678687166322436
1788446932710784979,0,0.5708470313709595,0.5967667459038575,0.0,0.9633840700563187,0.0,0.0,0.26812521992852917
1788446932730753905,0,0.5708470313709595,0.5967667459038575,0.0,0.9632425258711821,0.0,0.0,0.26863327484380084
1788446932750721386,0,0.5708470313709595,0.5967667459038575,0.0,0.963099581238788,0.0,0.0,0.2691453076270719
1788446932770746794,0,0.5708470313709595,0.5967667459038575,0.0,0.9629572705798433,0.0,0.0,0.26965402840940206
1788446932798382470,0,0.5708470313709595,0.5967667459038575,0.0,0.9627407070045207,0.0,0.0,0.2704262026439665
1788446932810799044,0,0.5708470313709595,0.5967667459038575,0.0,0.9626692837765135,0.0,0.0,0.27068034666967333
1788446932830756025,0,0.5708470313709595,0.5967667459038575,0.0,0.9625262465699026,0.0,0.0,0.27118854080520255
1788446932850723458,0,0.5708470313709595,0.5967667459038575,0.0,0.9623821819065899,0.0,0.0,0.2716993484510248
1788446932870733418,0,0.5708470313709595,0.5967667459038575,0.0,0.9622366603575365,0.0,0.0,0.27221427123495007
1788446932898013840,0,0.5708470313709595,0.5967667459038575,0.0,0.9620148746460709,0.0,0.0,0.27299703470862896
1788446932910726431,0,0.5708470313709595,0.5967667459038575,0.0,0.9619422364827583,0.0,0.0,0.2732528749538584
1788446932930718490,0,0.5708470313709595,0.5967667459038575,0.0,0.9617967793267583,0.0,0.0,0.273764415650893
1788446932950729330,0,0.5708470313709595,0.5967667459038575,0.0,0.9616503067797625,0.0,0.0,0.27427848524882265
1788446932970724119,0,0.5708470313709595,0.5967667459038575,0.0,0.96150686754682,0.0,0.0,0.2747809011927536
1788446932997902614,0,0.5708470313709595,0.5967667459038575,0.0,0.9612876642013184,0.0,0.0,0.27554677761565877
1788446933010731446,0,0.5708470313709595,0.5967667459038575,0.0,0.9612147200688087,0.0,0.0,0.2758011274868934
1788446933030721135,0,0.5708470313709595,0.5967667459038575,0.0,0.9610680813471408,0.0,0.0,0.2763116773061274
1788446933050722096,0,0.5708470313709595,0.5967667459038575,0.0,0.9609208371210456,0.0,0.0,0.27682330968794683
1788446933070742270,0,0.5708470313709595,0.5967667459038575,0.0,0.9607724249665907,0.0,0.0,0.27733796606995026
1788446933098063237,0,0.5708470313709595,0.5967667459038575,0.0,0.9605506198326169,0.0,0.0,0.2781052080403662
1788446933110768580,0,0.5708470313709595,0.5967667459038575,0.0,0.960477197959175,0.0,0.0,0.27835867545397563
1788446933130730070,0,0.5708470313709595,0.5967667459038575,0.0,0.9603305785187937,0.0,0.0,0.2788640886915328
1788446933150722139,0,0.5708470313709595,0.5967667459038575,0.0,0.9601837397924378,0.0,0.0,0.27936926430480535
1788446933170736803,0,0.5708470313709595,0.5967667459038575,0.0,0.960036712471818,0.0,0.0,0.27987409795531965
1788446933198098565,0,0.5708470313709595,0.5967667459038575,0.0,0.9598882659779874,0.0,0.0,0.28038280410498173
1788446933210736138,0,0.5708470313709595,0.5967667459038575,0.0,0.95973764086626,0.0,0.0,0.2808979542546826
1788446933230718886,0,0.5708470313709595,0.5967667459038575,0.0,0.9595880801567703,0.0,0.0,0.28140845122533853
1788446933250726667,0,0.5708470313709595,0.5967667459038575,0.0,0.9594370684846008,0.0,0.0,0.28192288239459296
1788446933270744314,0,0.5708470313709595,0.5967667459038575,0.0,0.9592859303761218,0.0,0.0,0.28243672527208363
1788446933298125945,0,0.5708470313709595,0.5967667459038575,0.0,0.9591344083105731,0.0,0.0,0.28295085579430046
1788446933310724450,0,0.5708470313709595,0.5967667459038575,0.0,0.9589836184529578,0.0,0.0,0.28346149569010576
1788446933330721599,0,0.5708470313709595,0.5967667459038575,0.0,0.9588336369111577,0.0,0.0,0.28396840797476425
1788446933350724371,0,0.5708470313709595,0.5967667459038575,0.0,0.9586832862716632,0.0,0.0,0.28447558176997223
1788446933370725957,0,0.5708470313709595,0.5967667459038575,0.0,0.9585316905653927,0.0,0.0,0.284985961376785
1788446933397935027,0,0.5708470313709595,0.5967667459038575,0.0,0.9583816145095173,0.0,0.0,0.2854902467162948
1788446933410693458,0,0.5708470313709595,0.5967667459038575,0.0,0.9582308607083817,0.0,0.0,0.28599583491036035
1788446933430714909,0,0.5708470313709595,0.5967667459038575,0.0,0.9581553603324248,0.0,0.0,0.28624867766723594
1788446933450746796,0,0.5708470313709595,0.5967667459038575,0.0,0.9580040009243469,0.0,0.0,0.28675483293737863
1788446933470753033,0,0.5708470313709595,0.5967667459038575,0.0,0.9578506646852228,0.0,0.0,0.28726660815708616
1788446933498182329,0,0.5708470313709595,0.5967667459038575,0.0,0.9576202691747581,0.0,0.0,0.28803371341852296
1788446933510843269,0,0.5708470313709595,0.5967667459038575,0.0,0.9575445366606523,0.0,0.0,0.2882853799819488
1788446933530720873,0,0.5708470313709595,0.5967667459038575,0.0,0.9573933790728439,0.0,0.0,0.28878697634672135
1788446933550724077,0,0.5708470313709595,0.5967667459038575,0.0,0.9572419952242599,0.0,0.0,0.28928837269941915
1788446933570743249,0,0.5708470313709595,0.5967667459038575,0.0,0.9570894504492077,0.0,0.0,0.28979265663372783
1788446933598273869,0,0.5708470313709595,0.5967667459038575,0.0,0.9568601648086551,0.0,0.0,0.2905488341094375
1788446933610748389,0,0.5708470313709595,0.5967667459038575,0.0,0.9567828520562625,0.0,0.0,0.2908033253095365
1788446933630768334,0,0.5708470313709595,0.5967667459038575,0.0,0.9566282666465038,0.0,0.0,0.29131144751434945
1788446933650796812,0,0.5708470313709595,0.5967667459038575,0.0,0.9564733056284548,0.0,0.0,0.29181983417885854
1788446933670741995,0,0.5708470313709595,0.5967667459038575,0.0,0.9563188996537382,0.0,0.0,0.29232543879221895
1788446933698130891,0,0.5708470313709595,0.5967667459038575,0.0,0.9560866557203436,0.0,0.0,0.29308412913955145
1788446933710725098,0,0.5708470313709595,0.5967667459038575,0.0,0.9560089886514179,0.0,0.0,0.2933373716690274
1788446933730766912,0,0.5708470313709595,0.5967667459038575,0.0,0.9558534499515128,0.0,0.0,0.29384380581491043
1788446933750719330,0,0.5708470313709595,0.5967667459038575,0.0,0.9556972134658259,0.0,0.0,0.2943515520150277
1788446933770724629,0,0.5708470313709595,0.5967667459038575,0.0,0.9555403048297031,0.0,0.0,0.2948605193069395
1788446933797838963,0,0.5708470313709595,0.5967667459038575,0.0,0.9553052095186316,0.0,0.0,0.2956213061782985
1788446933810884987,0,0.5708470313709595,0.5967667459038575,0.0,0.9552274813189682,0.0,0.0,0.2958723693301222
1788446933830740976,0,0.5708470313709595,0.5967667459038575,0.0,0.9550713269822096,0.0,0.0,0.2963760455509877
1788446933850725475,0,0.5708470313709595,0.5967667459038575,0.0,0.954914469807596,0.0,0.0,0.2968810457945706
1788446933870725574,0,0.5708470313709595,0.5967667459038575,0.0,0.9547580924366526,0.0,0.0,0.29738356532721244
1788446933898014098,0,0.5708470313709595,0.5967667459038575,0.0,0.9545229692564101,0.0,0.0,0.2981373863874278
1788446933910811145,0,0.5708470313709595,0.5967667459038575,0.0,0.9544443993774782,0.0,0.0,0.2983888209986508
1788446933930725592,0,0.5708470313709595,0.5967667459038575,0.0,0.9542870538614845,0.0,0.0,0.29889165065683604
1788446933950714826,0,0.5708470313709595,0.5967667459038575,0.0,0.9541271651934656,0.0,0.0,0.2994016577106432
1788446933970748365,0,0.5708470313709595,0.5967667459038575,0.0,0.9539678184548348,0.0,0.0,0.299908988449035
1788446933998183301,0,0.5708470313709595,0.5967667459038575,0.0,0.9537279506101236,0.0,0.0,0.300670910174253
1788446934010769888,0,0.5708470313709595,0.5967667459038575,0.0,0.9536477686327991,0.0,0.0,0.30092512919608955
1788446934030757162,0,0.5708470313709595,0.5967667459038575,0.0,0.9534875599217115,0.0,0.0,0.30143236898936493
1788446934050735712,0,0.5708470313709595,0.5967667459038575,0.0,0.9533269521852594,0.0,0.0,0.3019399315048676
1788446934070779693,0,0.5708470313709595,0.5967667459038575,0.0,0.9531657730113333,0.0,0.0,0.30244835783933
1788446934098146969,0,0.5708470313709595,0.5967667459038575,0.0,0.9529257027800537,0.0,0.0,0.30320390000978004
1788446934110734423,0,0.5708470313709595,0.5967667459038575,0.0,0.9528446691314431,0.0,0.0,0.3034584592786807
1788446934130766300,0,0.5708470313709595,0.5967667459038575,0.0,0.9526822461335781,0.0,0.0,0.30396798828475424
1788446934150744671,0,0.5708470313709595,0.5967667459038575,0.0,0.9525202860186194,0.0,0.0,0.3044751298924223
1788446934170743769,0,0.5708470313709595,0.5967667459038575,0.0,0.952358908417811,0.0,0.0,0.30497952317694305
1788446934197940960,0,0.5708470313709595,0.5967667459038575,0.0,0.9521166336984895,0.0,0.0,0.30573504188211115
1788446934210743439,0,0.5708470313709595,0.5967667459038575,0.0,0.9520362860085577,0.0,0.0,0.30598514689937434
1788446934230752763,0,0.5708470313709595,0.5967667459038575,0.0,0.9518754622143711,0.0,0.0,0.30648508027990107
1788446934250725334,0,0.5708470313709595,0.5967667459038575,0.0,0.9517139379707015,0.0,0.0,0.30698628678216183
1788446934270736600,0,0.5708470313709595,0.5967667459038575,0.0,0.9515511431495721,0.0,0.0,0.30749052338363636
1788446934298281062,0,0.5708470313709595,0.5967667459038575,0.0,0.9513043501745039,0.0,0.0,0.30825319680266877
1788446934310796582,0,0.5708470313709595,0.5967667459038575,0.0,0.951221024678679,0.0,0.0,0.3085102303153722
1788446934330729339,0,0.5708470313709595,0.5967667459038575,0.0,0.9510572275263115,0.0,0.0,0.3090148054219502
1788446934350725795,0,0.5708470313709595,0.5967667459038575,0.0,0.9508937139703099,0.0,0.0,0.3095176000355239
1788446934370757481,0,0.5708470313709595,0.5967667459038575,0.0,0.9507302248258062,0.0,0.0,0.3100194181058213
1788446934398104035,0,0.5708470313709595,0.5967667459038575,0.0,0.9505645162744597,0.0,0.0,0.31052713311384295
1788446934410737329,0,0.5708470313709595,0.5967667459038575,0.0,0.9503996614812829,0.0,0.0,0.3110313223073569
1788446934430740427,0,0.5708470313709595,0.5967667459038575,0.0,0.950234625121338,0.0,0.0,0.3115351620933182
1788446934450719731,0,0.5708470313709595,0.5967667459038575,0.0,0.9500697029776721,0.0,0.0,0.3120377532990486
1788446934470802252,0,0.5708470313709595,0.5967667459038575,0.0,0.9499049053897528,0.0,0.0,0.3125390707039439
1788446934497988498,0,0.5708470313709595,0.5967667459038575,0.0,0.9497398206389726,0.0,0.0,0.31304036974909843
1788446934510735277,0,0.5708470313709595,0.5967667459038575,0.0,0.9495720992927055,0.0,0.0,0.3135487653377769
1788446934530779956,0,0.5708470313709595,0.5967667459038575,0.0,0.9494028950013195,0.0,0.0,0.3140607313293299
1788446934550720265,0,0.5708470313709595,0.5967667459038575,0.0,0.9492350524632918,0.0,0.0,0.31456766390557656
1788446934570724233,0,0.5708470313709595,0.5967667459038575,0.0,0.9490672766591405,0.0,0.0,0.31507349043485483
1788446934598013165,0,0.5708470313709595,0.5967667459038575,0.0,0.948899234219584,0.0,0.0,0.3155792187351492
1788446934610730107,0,0.5708470313709595,0.5967667459038575,0.0,0.9487345219189431,0.0,0.0,0.31607405290411683
1788446934630755145,0,0.5708470313709595,0.5967667459038575,0.0,0.9485694838176324,0.0,0.0,0.31656900412066635
1788446934650722596,0,0.5708470313709595,0.5967667459038575,0.0,0.94840277915408,0.0,0.0,0.31706808179445856
1788446934670752217,0,0.5708470313709595,0.5967667459038575,0.0,0.9482342978872699,0.0,0.0,0.3175715924169482
1788446934697998329,0,0.5708470313709595,0.5967667459038575,0.0,0.9480655114397742,0.0,0.0,0.3180751263749482
1788446934710756941,0,0.5708470313709595,0.5967667459038575,0.0,0.9478940460948613,0.0,0.0,0.31858574572305176
1788446934730725916,0,0.5708470313709595,0.5967667459038575,0.0,0.9478092581704474,0.0,0.0,0.3188379057238746
1788446934750721696,0,0.5708470313709595,0.5967667459038575,0.0,0.9476395837106796,0.0,0.0,0.31934185348095223
1788446934770747705,0,0.5708470313709595,0.5967667459038575,0.0,0.9474668773743924,0.0,0.0,0.31985389833237643
1788446934797987274,0,0.5708470313709595,0.5967667459038575,0.0,0.9472136311081569,0.0,0.0,0.3206030833334271
1788446934810768797,0,0.5708470313709595,0.5967667459038575,0.0,0.9471292565129362,0.0,0.0,0.3208522579899551
1788446934830726910,0,0.5708470313709595,0.5967667459038575,0.0,0.9469602748904542,0.0,0.0,0.32135064614746833
1788446934850723592,0,0.5708470313709595,0.5967667459038575,0.0,0.9467886426774533,0.0,0.0,0.3218559710444806
1788446934870752556,0,0.5708470313709595,0.5967667459038575,0.0,0.9466168169930856,0.0,0.0,0.32236098055732343
1788446934898519826,0,0.5708470313709595,0.5967667459038575,0.0,0.9463590270203411,0.0,0.0,0.3231169942561258
1788446934910771217,0,0.5708470313709595,0.5967667459038575,0.0,0.9462726758507229,0.0,0.0,0.3233697928661744
1788446934930743402,0,0.5708470313709595,0.5967667459038575,0.0,0.9460988323203585,0.0,0.0,0.323878062674912
1788446934950713001,0,0.5708470313709595,0.5967667459038575,0.0,0.9459266611325067,0.0,0.0,0.32438056624697453
1788446934970754333,0,0.5708470313709595,0.5967667459038575,0.0,0.9457553147481474,0.0,0.0,0.32487980027332036
1788446934998000260,0,0.5708470313709595,0.5967667459038575,0.0,0.9454971414962429,0.0,0.0,0.32563039695709267
1788446935010732957,0,0.5708470313709595,0.5967667459038575,0.0,0.9454120126431461,0.0,0.0,0.32587747137541706
1788446935030746686,0,0.5708470313709595,0.5967667459038575,0.0,0.9452414911071058,0.0,0.0,0.3263717565746389
1788446935050721131,0,0.5708470313709595,0.5967667459038575,0.0,0.9450693027081524,0.0,0.0,0.3268700247479518
1788446935070726797,0,0.5708470313709595,0.5967667459038575,0.0,0.9448948078771696,0.0,0.0,0.32737410106293785
1788446935098099871,0,0.5708470313709595,0.5967667459038575,0.0,0.9446292429429475,0.0,0.0,0.3281395943452023
1788446935110720059,0,0.5708470313709595,0.5967667459038575,0.0,0.9445414354692272,0.0,0.0,0.32839226038646496
1788446935130741830,0,0.5708470313709595,0.5967667459038575,0.0,0.944365613846296,0.0,0.0,0.3288975332602974
1788446935150726361,0,0.5708470313709595,0.5967667459038575,0.0,0.9441888006947192,0.0,0.0,0.32940477932578316
1788446935170732553,0,0.5708470313709595,0.5967667459038575,0.0,0.9440157128790324,0.0,0.0,0.3299004908112328
1788446935198035577,0,0.5708470313709595,0.5967667459038575,0.0,0.9437553181038129,0.0,0.0,0.33064467264840525
1788446935210789779,0,0.5708470313709595,0.5967667459038575,0.0,0.9436682154936333,0.0,0.0,0.3308931837724397
1788446935230725346,0,0.5708470313709595,0.5967667459038575,0.0,0.9434938009132692,0.0,0.0,0.33139017432360973
1788446935250732743,0,0.5708470313709595,0.5967667459038575,0.0,0.943318232113077,0.0,0.0,0.331889609603945
1788446935270753330,0,0.5708470313709595,0.5967667459038575,0.0,0.9431382376999367,0.0,0.0,0.33240075900674126
1788446935298100626,0,0.5708470313709595,0.5967667459038575,0.0,0.9428724915980501,0.0,0.0,0.3331538152080583
1788446935310804222,0,0.5708470313709595,0.5967667459038575,0.0,0.9427838409211439,0.0,0.0,0.3334046029945827
1788446935330734282,0,0.5708470313709595,0.5967667459038575,0.0,0.9426063116414795,0.0,0.0,0.3339061863063429
1788446935350904763,0,0.5708470313709595,0.5967667459038575,0.0,0.9424296991990031,0.0,0.0,0.3344043391878709
1788446935370759297,0,0.5708470313709595,0.5967667459038575,0.0,0.9422505989638925,0.0,0.0,0.33490865732642056
1788446935398092117,0,0.5708470313709595,0.5967667459038575,0.0,0.9419865499151165,0.0,0.0,0.3356506215978389
1788446935410724080,0,0.5708470313709595,0.5967667459038575,0.0,0.9418984185824586,0.0,0.0,0.33589785511649767
1788446935430748822,0,0.5708470313709595,0.5967667459038575,0.0,0.9417218982187974,0.0,0.0,0.33639242918826984
1788446935450732200,0,0.5708470313709595,0.5967667459038575,0.0,0.9415437408884066,0.0,0.0,0.33689075973357446
1788446935470723265,0,0.5708470313709595,0.5967667459038575,0.0,0.9413634934848595,0.0,0.0,0.3373940917295099
1788446935497882781,0,0.5708470313709595,0.5967667459038575,0.0,0.9411833220981317,0.0,0.0,0.3378963660714991
1788446935510832125,0,0.5708470313709595,0.5967667459038575,0.0,0.9410041029351207,0.0,0.0,0.3383951510575598
1788446935530741060,0,0.5708470313709595,0.5967667459038575,0.0,0.9408245438853958,0.0,0.0,0.33889405073390855
1788446935550749840,0,0.5708470313709595,0.5967667459038575,0.0,0.9406460901617658,0.0,0.0,0.33938905854989365
1788446935570733905,0,0.5708470313709595,0.5967667459038575,0.0,0.9404686538365397,0.0,0.0,0.33988043655216005
1788446935598030275,0,0.5708470313709595,0.5967667459038575,0.0,0.9402909377005988,0.0,0.0,0.34037178566698
1788446935610757527,0,0.5708470313709595,0.5967667459038575,0.0,0.9401094129814168,0.0,0.0,0.3408728379084139
1788446935630725862,0,0.5708470313709595,0.5967667459038575,0.0,0.9399288894411288,0.0,0.0,0.34137030156996095
1788446935650726032,0,0.5708470313709595,0.5967667459038575,0.0,0.9397470256950052,0.0,0.0,0.3418706300596633
1788446935670761106,0,0.5708470313709595,0.5967667459038575,0.0,0.9395633182568829,0.0,0.0,0.34237519037762554
1788446935698281142,0,0.5708470313709595,0.5967667459038575,0.0,0.9393798778844757,0.0,0.0,0.3428781781125003
1788446935710737500,0,0.5708470313709595,0.5967667459038575,0.0,0.9391987704626242,0.0,0.0,0.3433739500333345
1788446935730724848,0,0.5708470313709595,0.5967667459038575,0.0,0.9390173725909211,0.0,0.0,0.34386970493552227
1788446935750722165,0,0.5708470313709595,0.5967667459038575,0.0,0.938835303252884,0.0,0.0,0.3443664811883776
1788446935770756726,0,0.5708470313709595,0.5967667459038575,0.0,0.9386526419775177,0.0,0.0,0.34486405685229915
1788446935798202830,0,0.5708470313709595,0.5967667459038575,0.0,0.9384689924476739,0.0,0.0,0.3453635044619621
1788446935810745295,0,0.5708470313709595,0.5967667459038575,0.0,0.9382853146683384,0.0,0.0,0.34586220995901995
1788446935830757387,0,0.5708470313709595,0.5967667459038575,0.0,0.9380993287618651,0.0,0.0,0.34636635139190164
1788446935850727103,0,0.5708470313709595,0.5967667459038575,0.0,0.938007246837634,0.0,0.0,0.3466156443094885
1788446935870734327,0,0.5708470313709595,0.5967667459038575,0.0,0.9378248413626827,0.0,0.0,0.34710886897781645
1788446935898045907,0,0.5708470313709595,0.5967667459038575,0.0,0.9375506643470568,0.0,0.0,0.34784874842723307
1788446935910739802,0,0.5708470313709595,0.5967667459038575,0.0,0.937458549161002,0.0,0.0,0.3480969241532437
1788446935930763606,0,0.5708470313709595,0.5967667459038575,0.0,0.9372741116309874,0.0,0.0,0.3485932295187951
1788446935950737455,0,0.5708470313709595,0.5967667459038575,0.0,0.9370894198387621,0.0,0.0,0.3490894143715219
1788446935970751537,0,0.5708470313709595,0.5967667459038575,0.0,0.9369052364639147,0.0,0.0,0.34958343479990045
1788446935998069062,0,0.5708470313709595,0.5967667459038575,0.0,0.9366285364418091,0.0,0.0,0.35032411381872464
1788446936010721891,0,0.5708470313709595,0.5967667459038575,0.0,0.9365342391479834,0.0,0.0,0.3505761242633443
1788446936030723209,0,0.5708470313709595,0.5967667459038575,0.0,0.9363477026817651,0.0,0.0,0.3510740373234409
1788446936050736777,0,0.5708470313709595,0.5967667459038575,0.0,0.9361613638342353,0.0,0.0,0.35157062002394984
1788446936070755657,0,0.5708470313709595,0.5967667459038575,0.0,0.9359744283067317,0.0,0.0,0.3520679899620054
1788446936098033101,0,0.5708470313709595,0.5967667459038575,0.0,0.9356942171301793,0.0,0.0,0.3528120349834185
1788446936110695116,0,0.5708470313709595,0.5967667459038575,0.0,0.935601162092274,0.0,0.0,0.3530587281056602
1788446936130920481,0,0.5708470313709595,0.5967667459038575,0.0,0.9354148563752094,0.0,0.0,0.353552042099245
1788446936150767673,0,0.5708470313709595,0.5967667459038575,0.0,0.9352273543783912,0.0,0.0,0.35404773071211043
1788446936170771858,0,0.5708470313709595,0.5967667459038575,0.0,0.9350390012546167,0.0,0.0,0.35454487181846095
1788446936198915562,0,0.5708470313709595,0.5967667459038575,0.0,0.9347571319998614,0.0,0.0,0.3552873543702246
1788446936210746608,0,0.5708470313709595,0.5967667459038575,0.0,0.9346629524107055,0.0,0.0,0.35553504101692035
1788446936230750094,0,0.5708470313709595,0.5967667459038575,0.0,0.9344743691846716,0.0,0.0,0.3560304106911515
1788446936250726397,0,0.5708470313709595,0.5967667459038575,0.0,0.9342866146255091,0.0,0.0,0.35652282077253555
1788446936270746283,0,0.5708470313709595,0.5967667459038575,0.0,0.9340996693135811,0.0,0.0,0.35701233562477686
1788446936297871208,0,0.5708470313709595,0.5967667459038575,0.0,0.9338175772451397,0.0,0.0,0.35774953868316534
1788446936310748886,0,0.5708470313709595,0.5967667459038575,0.0,0.9337226513396782,0.0,0.0,0.357997221183631
1788446936330729201,0,0.5708470313709595,0.5967667459038575,0.0,0.9335311616208923,0.0,0.0,0.3584962625784923
1788446936350714948,0,0.5708470313709595,0.5967667459038575,0.0,0.9333396954380195,0.0,0.0,0.3589944469203737
1788446936370724959,0,0.5708470313709595,0.5967667459038575,0.0,0.933148403905661,0.0,0.0,0.35949138555508847
1788446936397960092,0,0.5708470313709595,0.5967667459038575,0.0,0.932861424855167,0.0,0.0,0.36023542582204154
1788446936410773787,0,0.5708470313709595,0.5967667459038575,0.0,0.9327662967521398,0.0,0.0,0.36048167171619006
1788446936430765280,0,0.5708470313709595,0.5967667459038575,0.0,0.9325758744946061,0.0,0.0,0.3609740133453109
1788446936450723593,0,0.5708470313709595,0.5967667459038575,0.0,0.9323849687261929,0.0,0.0,0.36146683124936413
1788446936470748543,0,0.5708470313709595,0.5967667459038575,0.0,0.932194333192232,0.0,0.0,0.3619581815131272
1788446936498145661,0,0.5708470313709595,0.5967667459038575,0.0,0.9319066515384268,0.0,0.0,0.3626982117662522
1788446936510752246,0,0.5708470313709595,0.5967667459038575,0.0,0.9318101531700683,0.0,0.0,0.362946054461505
1788446936530719833,0,0.5708470313709595,0.5967667459038575,0.0,0.9316169591488948,0.0,0.0,0.363441661654476
1788446936550715742,0,0.5708470313709595,0.5967667459038575,0.0,0.9314235131814258,0.0,0.0,0.36393713618256973
1788446936570747551,0,0.5708470313709595,0.5967667459038575,0.0,0.9312298472507563,0.0,0.0,0.36443239645966324
1788446936598195896,0,0.5708470313709595,0.5967667459038575,0.0,0.9309382442307522,0.0,0.0,0.36517664962119967
1788446936610883431,0,0.5708470313709595,0.5967667459038575,0.0,0.9308411928102525,0.0,0.0,0.36542396441337344
1788446936630809770,0,0.5708470313709595,0.5967667459038575,0.0,0.9306468522123235,0.0,0.0,0.365918620006271
1788446936650730898,0,0.5708470313709595,0.5967667459038575,0.0,0.9304539903520983,0.0,0.0,0.3664087496742638
1788446936670726729,0,0.5708470313709595,0.5967667459038575,0.0,0.9302624888119266,0.0,0.0,0.366894674136107
1788446936698124323,0,0.5708470313709595,0.5967667459038575,0.0,0.9299730028484993,0.0,0.0,0.3676278199115856
1788446936710725300,0,0.5708470313709595,0.5967667459038575,0.0,0.9298752137591761,0.0,0.0,0.36787509678738317
1788446936730775066,0,0.5708470313709595,0.5967667459038575,0.0,0.9296800812534654,0.0,0.0,0.3683679499095301
1788446936750726780,0,0.5708470313709595,0.5967667459038575,0.0,0.92948443031803,0.0,0.0,0.36886134765839507
1788446936770727775,0,0.5708470313709595,0.5967667459038575,0.0,0.9292884956067574,0.0,0.0,0.3693546966439301
1788446936798107459,0,0.5708470313709595,0.5967667459038575,0.0,0.9289948425292663,0.0,0.0,0.37009266752264036
1788446936810750017,0,0.5708470313709595,0.5967667459038575,0.0,0.9288977064010921,0.0,0.0,0.3703364025353036
1788446936830738681,0,0.5708470313709595,0.5967667459038575,0.0,0.9286992005459445,0.0,0.0,0.37083391822394507
1788446936850914005,0,0.5708470313709595,0.5967667459038575,0.0,0.9285045106001989,0.0,0.0,0.37132111951124624
1788446936870731582,0,0.5708470313709595,0.5967667459038575,0.0,0.9283095989289564,0.0,0.0,0.37180813403738244
1788446936898079049,0,0.5708470313709595,0.5967667459038575,0.0,0.9281143485435793,0.0,0.0,0.372295253834275
1788446936910859275,0,0.5708470313709595,0.5967667459038575,0.0,0.9279156165507906,0.0,0.0,0.3727903010556553
1788446936930751512,0,0.5708470313709595,0.5967667459038575,0.0,0.9277134537381048,0.0,0.0,0.3732931123839783
1788446936950720869,0,0.5708470313709595,0.5967667459038575,0.0,0.9275138196671356,0.0,0.0,0.37378886329916267
1788446936970721275,0,0.5708470313709595,0.5967667459038575,0.0,0.9273147762554599,0.0,0.0,0.3742823876944871
1788446936997905053,0,0.5708470313709595,0.5967667459038575,0.0,0.9271148143601563,0.0,0.0,0.3747774286078778
1788446937010764232,0,0.5708470313709595,0.5967667459038575,0.0,0.9269151387192528,0.0,0.0,0.3752710028939996
1788446937030799105,0,0.5708470313709595,0.5967667459038575,0.0,0.9267150640876938,0.0,0.0,0.37576480675143287
1788446937050727296,0,0.5708470313709595,0.5967667459038575,0.0,0.9265151057353003,0.0,0.0,0.3762575698166156
1788446937070713357,0,0.5708470313709595,0.5967667459038575,0.0,0.9264162322956644,0.0,0.0,0.3765009489219192
1788446937098341827,0,0.5708470313709595,0.5967667459038575,0.0,0.9261162861006337,0.0,0.0,0.37723815371614944
1788446937110734574,0,0.5708470313709595,0.5967667459038575,0.0,0.9260159590897096,0.0,0.0,0.37748436194253826
1788446937130736228,0,0.5708470313709595,0.5967667459038575,0.0,0.9258151234148748,0.0,0.0,0.37797666231700094
1788446937150732695,0,0.5708470313709595,0.5967667459038575,0.0,0.9256129682767549,0.0,0.0,0.3784714427244083
1788446937170734651,0,0.5708470313709595,0.5967667459038575,0.0,0.9254098016838398,0.0,0.0,0.3789679392078916
1788446937198469328,0,0.5708470313709595,0.5967667459038575,0.0,0.925108080552365,0.0,0.0,0.37970388369981
1788446937210742491,0,0.5708470313709595,0.5967667459038575,0.0,0.9250086042637697,0.0,0.0,0.3799461567617082
1788446937230803249,0,0.5708470313709595,0.5967667459038575,0.0,0.9248093429519267,0.0,0.0,0.38043091250426225
1788446937250739198,0,0.5708470313709595,0.5967667459038575,0.0,0.9246072076409486,0.0,0.0,0.380921923205278
1788446937270798750,0,0.5708470313709595,0.5967667459038575,0.0,0.9244057344307447,0.0,0.0,0.38141058998349214
1788446937298095123,0,0.5708470313709595,0.5967667459038575,0.0,0.9241017211753115,0.0,0.0,0.3821465804123161
1788446937310781958,0,0.5708470313709595,0.5967667459038575,0.0,0.9239993348773168,0.0,0.0,0.38239407572068396
1788446937330744388,0,0.5708470313709595,0.5967667459038575,0.0,0.9237943145957341,0.0,0.0,0.3828891018566575
1788446937350722936,0,0.5708470313709595,0.5967667459038575,0.0,0.9235879701886821,0.0,0.0,0.38338656904324403
1788446937370809163,0,0.5708470313709595,0.5967667459038575,0.0,0.9233850118344558,0.0,0.0,0.383875135844303
1788446937398446224,0,0.5708470313709595,0.5967667459038575,0.0,0.9230805750168609,0.0,0.0,0.3846066198423286
1788446937410825156,0,0.5708470313709595,0.5967667459038575,0.0,0.9229793717062001,0.0,0.0,0.3848494243270061
1788446937430789205,0,0.5708470313709595,0.5967667459038575,0.0,0.9227767502387247,0.0,0.0,0.3853350090750363
1788446937450716682,0,0.5708470313709595,0.5967667459038575,0.0,0.9225735831311074,0.0,0.0,0.38582118100051194
1788446937470742278,0,0.5708470313709595,0.5967667459038575,0.0,0.9223678481331814,0.0,0.0,0.38631276542481013
1788446937498906079,0,0.5708470313709595,0.5967667459038575,0.0,0.9220581758567373,0.0,0.0,0.38705131486115113
1788446937511093927,0,0.5708470313709595,0.5967667459038575,0.0,0.9219553162253743,0.0,0.0,0.3872962624190556
1788446937530959351,0,0.5708470313709595,0.5967667459038575,0.0,0.921749135407431,0.0,0.0,0.387786708611388
1788446937550983650,0,0.5708470313709595,0.5967667459038575,0.0,0.9215436392727366,0.0,0.0,0.3882748007738338
1788446937570896528,0,0.5708470313709595,0.5967667459038575,0.0,0.9213379307791114,0.0,0.0,0.38876267478715776
1788446937599152157,0,0.5708470313709595,0.5967667459038575,0.0,0.9210302087703364,0.0,0.0,0.3894911482081082
1788446937610764839,0,0.5708470313709595,0.5967667459038575,0.0,0.9209277140706574,0.0,0.0,0.3897334287132596
1788446937630807767,0,0.5708470313709595,0.5967667459038575,0.0,0.9207202395981473,0.0,0.0,0.3902233211820254
1788446937650733626,0,0.5708470313709595,0.5967667459038575,0.0,0.920513258157282,0.0,0.0,0.39071132765337757
1788446937670742446,0,0.5708470313709595,0.5967667459038575,0.0,0.9203053936078928,0.0,0.0,0.3912006933739019
1788446937698086260,0,0.5708470313709595,0.5967667459038575,0.0,0.9199907081004105,0.0,0.0,0.3919401701904326
1788446937710784675,0,0.5708470313709595,0.5967667459038575,0.0,0.9198862703696339,0.0,0.0,0.3921852235684624
1788446937730726419,0,0.5708470313709595,0.5967667459038575,0.0,0.9196764935214091,0.0,0.0,0.3926768993258523
1788446937750795176,0,0.5708470313709595,0.5967667459038575,0.0,0.9194684274802433,0.0,0.0,0.3931638473550292
1788446937771157676,0,0.5708470313709595,0.5967667459038575,0.0,0.919258880515021,0.0,0.0,0.3936535413206267
1788446937798508821,0,0.5708470313709595,0.5967667459038575,0.0,0.918945087456505,0.0,0.0,0.3943855046012165
1788446937810737409,0,0.5708470313709595,0.5967667459038575,0.0,0.9188402256129566,0.0,0.0,0.3946297502666658
1788446937830731224,0,0.5708470313709595,0.5967667459038575,0.0,0.9186308956335799,0.0,0.0,0.3951167898070732
1788446937850734034,0,0.5708470313709595,0.5967667459038575,0.0,0.9184217486654301,0.0,0.0,0.39560269409893234
1788446937870739810,0,0.5708470313709595,0.5967667459038575,0.0,0.9182114814054914,0.0,0.0,0.39609048892283827
1788446937898319665,0,0.5708470313709595,0.5967667459038575,0.0,0.9180007818184295,0.0,0.0,0.39657857302273936
1788446937910743538,0,0.5708470313709595,0.5967667459038575,0.0,0.9177907664253988,0.0,0.0,0.39706436388107047
1788446937930783035,0,0.5708470313709595,0.5967667459038575,0.0,0.9175777714245913,0.0,0.0,0.3975563273141058
1788446937950731470,0,0.5708470313709595,0.5967667459038575,0.0,0.9173678300647542,0.0,0.0,0.3980405310546708
1788446937970760935,0,0.5708470313709595,0.5967667459038575,0.0,0.9171579548336742,0.0,0.0,0.39852388370750363
1788446937998117035,0,0.5708470313709595,0.5967667459038575,0.0,0.9169480592526235,0.0,0.0,0.3990065872048322
1788446938010732904,0,0.5708470313709595,0.5967667459038575,0.0,0.9167371181309446,0.0,0.0,0.39949099644544006
1788446938030719891,0,0.5708470313709595,0.5967667459038575,0.0,0.9165238176381848,0.0,0.0,0.3999801141330996
1788446938050735897,0,0.5708470313709595,0.5967667459038575,0.0,0.9163096965304397,0.0,0.0,0.4004703984619755
1788446938070737764,0,0.5708470313709595,0.5967667459038575,0.0,0.9160972987248163,0.0,0.0,0.40095603159086496
1788446938098102653,0,0.5708470313709595,0.5967667459038575,0.0,0.915884692940863,0.0,0.0,0.4014414393614852
1788446938110728460,0,0.5708470313709595,0.5967667459038575,0.0,0.9157766756304502,0.0,0.0,0.40168778967158214
1788446938130723629,0,0.5708470313709595,0.5967667459038575,0.0,0.9155622812003991,0.0,0.0,0.4021762166552385
1788446938150721603,0,0.5708470313709595,0.5967667459038575,0.0,0.9153476068942704,0.0,0.0,0.40266457325289023
1788446938170820619,0,0.5708470313709595,0.5967667459038575,0.0,0.9151366710413644,0.0,0.0,0.4031437377850851
1788446938198353938,0,0.5708470313709595,0.5967667459038575,0.0,0.9148183121327956,0.0,0.0,0.40386564076002185
1788446938210747159,0,0.5708470313709595,0.5967667459038575,0.0,0.9147114051412704,0.0,0.0,0.4041077149776811
1788446938230730996,0,0.5708470313709595,0.5967667459038575,0.0,0.9144974549783931,0.0,0.0,0.4045916519628673
1788446938250722998,0,0.5708470313709595,0.5967667459038575,0.0,0.9142833225708955,0.0,0.0,0.40507530913241785
1788446938270745951,0,0.5708470313709595,0.5967667459038575,0.0,0.9140686709769791,0.0,0.0,0.4055594466146475
1788446938298074888,0,0.5708470313709595,0.5967667459038575,0.0,0.913745554385007,0.0,0.0,0.4062869205889307
1788446938311017444,0,0.5708470313709595,0.5967667459038575,0.0,0.9136384495674343,0.0,0.0,0.40652771550290967
1788446938330793066,0,0.5708470313709595,0.5967667459038575,0.0,0.9134226268117955,0.0,0.0,0.4070124136045968
1788446938350732172,0,0.5708470313709595,0.5967667459038575,0.0,0.9132087713870755,0.0,0.0,0.4074920120219636
1788446938370769437,0,0.5708470313709595,0.5967667459038575,0.0,0.9129939369050367,0.0,0.0,0.40797312555441906
1788446938398375341,0,0.5708470313709595,0.5967667459038575,0.0,0.9126703439674515,0.0,0.0,0.4086965172867683
1788446938410735125,0,0.5708470313709595,0.5967667459038575,0.0,0.912561708162401,0.0,0.0,0.40893902821291195
1788446938430756578,0,0.5708470313709595,0.5967667459038575,0.0,0.9123441855460257,0.0,0.0,0.40942409198819635
1788446938450730040,0,0.5708470313709595,0.5967667459038575,0.0,0.9121272842945826,0.0,0.0,0.40990708367310486
1788446938470734917,0,0.5708470313709595,0.5967667459038575,0.0,0.9119088265483296,0.0,0.0,0.4103928508919819
1788446938497885040,0,0.5708470313709595,0.5967667459038575,0.0,0.911581678776383,0.0,0.0,0.41111901308408416
1788446938510909012,0,0.5708470313709595,0.5967667459038575,0.0,0.9114727541588111,0.0,0.0,0.4113604483006983
1788446938530756123,0,0.5708470313709595,0.5967667459038575,0.0,0.9112546341388948,0.0,0.0,0.41184340684341275
1788446938550728909,0,0.5708470313709595,0.5967667459038575,0.0,0.9110340367768013,0.0,0.0,0.4123311579715579
1788446938570819075,0,0.5708470313709595,0.5967667459038575,0.0,0.9108145362034715,0.0,0.0,0.4128157950472039
1788446938598047228,0,0.5708470313709595,0.5967667459038575,0.0,0.910485396327489,0.0,0.0,0.41354122294443046
1788446938610770184,0,0.5708470313709595,0.5967667459038575,0.0,0.9103759239324926,0.0,0.0,0.413782161437707
1788446938631027800,0,0.5708470313709595,0.5967667459038575,0.0,0.9101562705309755,0.0,0.0,0.41426508809353685
1788446938650721804,0,0.5708470313709595,0.5967667459038575,0.0,0.9099371949744245,0.0,0.0,0.4147460683382981
1788446938670808252,0,0.5708470313709595,0.5967667459038575,0.0,0.9097181591278468,0.0,0.0,0.4152262888510812
1788446938698282475,0,0.5708470313709595,0.5967667459038575,0.0,0.9093878793249432,0.0,0.0,0.4159491374397625
1788446938710729536,0,0.5708470313709595,0.5967667459038575,0.0,0.9092782059355371,0.0,0.0,0.4161888323954055
1788446938730747530,0,0.5708470313709595,0.5967667459038575,0.0,0.9090588807471001,0.0,0.0,0.41666767493390916
1788446938750720109,0,0.5708470313709595,0.5967667459038575,0.0,0.9088386278529607,0.0,0.0,0.4171478736879139
1788446938770728574,0,0.5708470313709595,0.5967667459038575,0.0,0.9086176653965353,0.0,0.0,0.417628947906332
1788446938798203118,0,0.5708470313709595,0.5967667459038575,0.0,0.9082845400756506,0.0,0.0,0.4183529541661728
1788446938810733641,0,0.5708470313709595,0.5967667459038575,0.0,0.9081734191449216,0.0,0.0,0.4185941241329393
1788446938830756537,0,0.5708470313709595,0.5967667459038575,0.0,0.9079504418986839,0.0,0.0,0.4190775525555916
1788446938850722463,0,0.5708470313709595,0.5967667459038575,0.0,0.9077290385178892,0.0,0.0,0.41955690035010546
1788446938870789235,0,0.5708470313709595,0.5967667459038575,0.0,0.9075090054125421,0.0,0.0,0.42003262384621814
1788446938898062525,0,0.5708470313709595,0.5967667459038575,0.0,0.9072304032846409,0.0,0.0,0.4206340397019573
1788446938910759468,0,0.5708470313709595,0.5967667459038575,0.0,0.907172855046923,0.0,0.0,0.4207581384429948
1788446938930736408,0,0.5708470313709595,0.5967667459038575,0.0,0.9070582416945954,0.0,0.0,0.42100516169509017
1788446938950721706,0,0.5708470313709595,0.5967667459038575,0.0,0.9069949481632591,0.0,0.0,0.42114150116834476
1788446938970727516,0,0.5708470313709595,0.5967667459038575,0.0,0.9069830280642044,0.0,0.0,0.42116717203918763
1788446938998038869,0,0.5708470313709595,0.5967667459038575,0.0,0.9069997283415889,0.0,0.0,0.42113120614398053
1788446939010756754,0,0.5708470313709595,0.5967667459038575,0.0,0.9070282333287027,0.0,0.0,0.4210698088733177
1788446939030719188,0,0.5708470313709595,0.5967667459038575,0.0,0.9070852318992101,0.0,0.0,0.4209470062494284
1788446939050720684,0,0.5708470313709595,0.5967667459038575,0.0,0.907150573177895,0.0,0.0,0.4208061757900143
1788446939070722777,0,0.5708470313709595,0.5967667459038575,0.0,0.9072242743328306,0.0,0.0,0.4206472584734969
1788446939097944241,0,0.5708470313709595,0.5967667459038575,0.0,0.9072979308803514,0.0,0.0,0.42048836442906856
1788446939110783087,0,0.5708470313709595,0.5967667459038575,0.0,0.9073741379123975,0.0,0.0,0.42032389159757916
1788446939130725558,0,0.5708470313709595,0.5967667459038575,0.0,0.9074488469460722,0.0,0.0,0.4201625758872916
1788446939150725512,0,0.5708470313709595,0.5967667459038575,0.0,0.9075230605862568,0.0,0.0,0.4200022553560317
1788446939170731432,0,0.5708470313709595,0.5967667459038575,0.0,0.9075967700978295,0.0,0.0,0.4198429502897335
1788446939198458411,0,0.5708470313709595,0.5967667459038575,0.0,0.9076714742798012,0.0,0.0,0.4196814205784337
1788446939210711379,0,0.5708470313709595,0.5967667459038575,0.0,0.9077433793600578,0.0,0.0,0.41952587194114993
1788446939230715349,0,0.5708470313709595,0.5967667459038575,0.0,0.9078152868445494,0.0,0.0,0.419370248076027
1788446939250720854,0,0.5708470313709595,0.5967667459038575,0.0,0.9078879805228008,0.0,0.0,0.4192128514516586
1788446939270698700,0,0.5708470313709595,0.5967667459038575,0.0,0.9079615007751594,0.0,0.0,0.4190535921694508
1788446939298089137,0,0.5708470313709595,0.5967667459038575,0.0,0.9080357926548817,0.0,0.0,0.41889258677806746
1788446939310747357,0,0.5708470313709595,0.5967667459038575,0.0,0.9081084945421836,0.0,0.0,0.41873495452413445
1788446939330781215,0,0.5708470313709595,0.5967667459038575,0.0,0.9081811310192967,0.0,0.0,0.41857739219947276
1788446939350734868,0,0.5708470313709595,0.5967667459038575,0.0,0.9082898885438796,0.0,0.0,0.41834134193137873
1788446939370906338,0,0.5708470313709595,0.5967667459038575,0.0,0.9084347172029661,0.0,0.0,0.41802675103438885
1788446939398554961,0,0.5708470313709595,0.5967667459038575,0.0,0.9085797811249758,0.0,0.0,0.41771136126623476
1788446939410776433,0,0.5708470313709595,0.5967667459038575,0.0,0.908655300196937,0.0,0.0,0.4175470577360285
1788446939430735941,0,0.5708470313709595,0.5967667459038575,0.0,0.9088062322114557,0.0,0.0,0.4172184467321855
1788446939450732704,0,0.5708470313709595,0.5967667459038575,0.0,0.9089571070927651,0.0,0.0,0.4168896466279194
1788446939470734458,0,0.5708470313709595,0.5967667459038575,0.0,0.9091047028575322,0.0,0.0,0.4165676886681419
1788446939498068469,0,0.5708470313709595,0.5967667459038575,0.0,0.9093258615970315,0.0,0.0,0.41608469982783114
1788446939510824986,0,0.5708470313709595,0.5967667459038575,0.0,0.909434502684555,0.0,0.0,0.4158471898749541
1788446939530737935,0,0.5708470313709595,0.5967667459038575,0.0,0.9096516152355303,0.0,0.0,0.41537204877000433
1788446939550723786,0,0.5708470313709595,0.5967667459038575,0.0,0.9098709653708698,0.0,0.0,0.41489134285386275
1788446939570732067,0,0.5708470313709595,0.5967667459038575,0.0,0.9100950938347846,0.0,0.0,0.41439946932622224
1788446939597876269,0,0.5708470313709595,0.5967667459038575,0.0,0.9104300955908093,0.0,0.0,0.4136629558499404
1788446939610725342,0,0.5708470313709595,0.5967667459038575,0.0,0.9105391100223976,0.0,0.0,0.4134229421786122
1788446939630749065,0,0.5708470313709595,0.5967667459038575,0.0,0.9107569236881935,0.0,0.0,0.41294288461483153
1788446939650717979,0,0.5708470313709595,0.5967667459038575,0.0,0.9109742328546397,0.0,0.0,0.41246326754621504
1788446939670786722,0,0.5708470313709595,0.5967667459038575,0.0,0.91119064197437,0.0,0.0,0.41198496814609065
1788446939697900181,0,0.5708470313709595,0.5967667459038575,0.0,0.9115576457501837,0.0,0.0,0.41117229779544057
1788446939710741273,0,0.5708470313709595,0.5967667459038575,0.0,0.911707985435005,0.0,0.0,0.4108388361560343
1788446939730755597,0,0.5708470313709595,0.5967667459038575,0.0,0.9120104166518832,0.0,0.0,0.4101670390444097
1788446939750956836,0,0.5708470313709595,0.5967667459038575,0.0,0.9123051951781671,0.0,0.0,0.40951096548313126
1788446939770738633,0,0.5708470313709595,0.5967667459038575,0.0,0.9125936561854147,0.0,0.0,0.4088677276212164
1788446939798045623,0,0.5708470313709595,0.5967667459038575,0.0,0.9130253562320022,0.0,0.0,0.4079028056748636
1788446939810806946,0,0.5708470313709595,0.5967667459038575,0.0,0.9131689278476401,0.0,0.0,0.40758129154021705
1788446939830722760,0,0.5708470313709595,0.5967667459038575,0.0,0.913455182910648,0.0,0.0,0.40693934291694467
1788446939850774525,0,0.5708470313709595,0.5967667459038575,0.0,0.9137395930458222,0.0,0.0,0.4063003274678168
1788446939870735384,0,0.5708470313709595,0.5967667459038575,0.0,0.914021474928422,0.0,0.0,0.405665802563726
1788446939898091556,0,0.5708470313709595,0.5967667459038575,0.0,0.9144884111802968,0.0,0.0,0.4046120930186546
1788446939910773829,0,0.5708470313709595,0.5967667459038575,0.0,0.9146737246423625,0.0,0.0,0.4041929952991116
1788446939930733039,0,0.5708470313709595,0.5967667459038575,0.0,0.9150437943700113,0.0,0.0,0.40335450212552787
1788446939950760505,0,0.5708470313709595,0.5967667459038575,0.0,0.9154056577767287,0.0,0.0,0.4025325846566395
1788446939970785003,0,0.5708470313709595,0.5967667459038575,0.0,0.9157593010360287,0.0,0.0,0.40172739832628324
1788446939998451880,0,0.5708470313709595,0.5967667459038575,0.0,0.9162889416456333,0.0,0.0,0.4005178840175868
1788446940010768709,0,0.5708470313709595,0.5967667459038575,0.0,0.916465383697822,0.0,0.0,0.4001139843639608
1788446940030722219,0,0.5708470313709595,0.5967667459038575,0.0,0.9168177787310554,0.0,0.0,0.3993058484453409
1788446940050734655,0,0.5708470313709595,0.5967667459038575,0.0,0.9171687086546053,0.0,0.0,0.39849913408292836
1788446940070874849,0,0.5708470313709595,0.5967667459038575,0.0,0.917519847308847,0.0,0.0,0.3976899920721544
1788446940098070712,0,0.5708470313709595,0.5967667459038575,0.0,0.9180897781246147,0.0,0.0,0.39637250068981306
1788446940110741455,0,0.5708470313709595,0.5967667459038575,0.0,0.9183054757156552,0.0,0.0,0.39587252148973934
1788446940130747154,0,0.5708470313709595,0.5967667459038575,0.0,0.9187361794406518,0.0,0.0,0.39487191921785786
1788446940150731981,0,0.5708470313709595,0.5967667459038575,0.0,0.9191590381802721,0.0,0.0,0.3938866112620701
1788446940170732239,0,0.5708470313709595,0.5967667459038575,0.0,0.9195742030829148,0.0,0.0,0.3929163842656884
1788446940198011908,0,0.5708470313709595,0.5967667459038575,0.0,0.9201987245780128,0.0,0.0,0.3914515388716701
1788446940210744998,0,0.5708470313709595,0.5967667459038575,0.0,0.9204051485119026,0.0,0.0,0.39096593533552576
1788446940230728460,0,0.5708470313709595,0.5967667459038575,0.0,0.9208172703629127,0.0,0.0,0.38999430072937546
1788446940250724331,0,0.5708470313709595,0.5967667459038575,0.0,0.9212278093890788,0.0,0.0,0.3890235509685746
1788446940270751964,0,0.5708470313709595,0.5967667459038575,0.0,0.9216368680445975,0.0,0.0,0.38805345438604855
1788446940298115389,0,0.5708470313709595,0.5967667459038575,0.0,0.9222500903353884,0.0,0.0,0.38659380605018495
1788446940310794782,0,0.5708470313709595,0.5967667459038575,0.0,0.9224551510726924,0.0,0.0,0.38610425309682406
1788446940330748611,0,0.5708470313709595,0.5967667459038575,0.0,0.9228645601169742,0.0,0.0,0.3851246599220877
1788446940350734432,0,0.5708470313709595,0.5967667459038575,0.0,0.9232715673920509,0.0,0.0,0.3841479049082863
1788446940370774252,0,0.5708470313709595,0.5967667459038575,0.0,0.9236761493418072,0.0,0.0,0.3831740741974741
1788446940398108432,0,0.5708470313709595,0.5967667459038575,0.0,0.9242819821294967,0.0,0.0,0.3817103843370897
1788446940410744656,0,0.5708470313709595,0.5967667459038575,0.0,0.9244840512307504,0.0,0.0,0.38122072218070646
1788446940430753496,0,0.5708470313709595,0.5967667459038575,0.0,0.9248878633663817,0.0,0.0,0.3802399771165167
1788446940450722841,0,0.5708470313709595,0.5967667459038575,0.0,0.9252904236757892,0.0,0.0,0.37925932006198426
1788446940470726844,0,0.5708470313709595,0.5967667459038575,0.0,0.9256924329088372,0.0,0.0,0.3782770408778702
1788446940498059007,0,0.5708470313709595,0.5967667459038575,0.0,0.9260939954245762,0.0,0.0,0.37729287249899796
1788446940510725006,0,0.5708470313709595,0.5967667459038575,0.0,0.9264924040855728,0.0,0.0,0.37631346663617526
1788446940530716491,0,0.5708470313709595,0.5967667459038575,0.0,0.9268898941277217,0.0,0.0,0.37533335072159635
1788446940550712517,0,0.5708470313709595,0.5967667459038575,0.0,0.9272911626200065,0.0,0.0,0.37434088706262975
1788446940570730445,0,0.5708470313709595,0.5967667459038575,0.0,0.9276864312353483,0.0,0.0,0.3733602620818441
1788446940597972459,0,0.5708470313709595,0.5967667459038575,0.0,0.928080609408309,0.0,0.0,0.37237935286519536
1788446940610717659,0,0.5708470313709595,0.5967667459038575,0.0,0.9284745264456676,0.0,0.0,0.371396087407357
1788446940630967162,0,0.5708470313709595,0.5967667459038575,0.0,0.928867847119479,0.0,0.0,0.3704112884181908
1788446940650731222,0,0.5708470313709595,0.5967667459038575,0.0,0.9292629040664508,0.0,0.0,0.36941907791285794
1788446940670747378,0,0.5708470313709595,0.5967667459038575,0.0,0.9296540152654096,0.0,0.0,0.3684337279632547
1788446940698054403,0,0.5708470313709595,0.5967667459038575,0.0,0.9300439649732555,0.0,0.0,0.3674482592377135
1788446940710756646,0,0.5708470313709595,0.5967667459038575,0.0,0.930432130585066,0.0,0.0,0.3664642552486323
1788446940730724579,0,0.5708470313709595,0.5967667459038575,0.0,0.9308206576446958,0.0,0.0,0.36547626913644615
1788446940750728703,0,0.5708470313709595,0.5967667459038575,0.0,0.9312080647495934,0.0,0.0,0.3644880521297194
1788446940770746203,0,0.5708470313709595,0.5967667459038575,0.0,0.9315938131281715,0.0,0.0,0.3635009867129847
1788446940798024701,0,0.5708470313709595,0.5967667459038575,0.0,0.931978478283657,0.0,0.0,0.36251360804262117
1788446940810738140,0,0.5708470313709595,0.5967667459038575,0.0,0.9323627375902843,0.0,0.0,0.36152417008154597
1788446940830757636,0,0.5708470313709595,0.5967667459038575,0.0,0.9325552620196752,0.0,0.0,0.3610272611305342
1788446940850719254,0,0.5708470313709595,0.5967667459038575,0.0,0.932937214665321,0.0,0.0,0.36003909994959277
1788446940870738823,0,0.5708470313709595,0.5967667459038575,0.0,0.93331806518491,0.0,0.0,0.359050677759416
1788446940897881011,0,0.5708470313709595,0.5967667459038575,0.0,0.9338915484411382,0.0,0.0,0.3575563952025095
1788446940910726882,0,0.5708470313709595,0.5967667459038575,0.0,0.9340801680277115,0.0,0.0,0.357063355298919
1788446940930732750,0,0.5708470313709595,0.5967667459038575,0.0,0.9344564803517611,0.0,0.0,0.35607736003374146
1788446940950730038,0,0.5708470313709595,0.5967667459038575,0.0,0.9348316373919615,0.0,0.0,0.3550912695787721
1788446940970742530,0,0.5708470313709595,0.5967667459038575,0.0,0.9352100484537641,0.0,0.0,0.3540934414404032
1788446940998066095,0,0.5708470313709595,0.5967667459038575,0.0,0.9357701849836587,0.0,0.0,0.3526104945909143
1788446941010815776,0,0.5708470313709595,0.5967667459038575,0.0,0.9359567629633496,0.0,0.0,0.3521149497865267
1788446941030760074,0,0.5708470313709595,0.5967667459038575,0.0,0.9363291016670259,0.0,0.0,0.35112364399370816
1788446941050729577,0,0.5708470313709595,0.5967667459038575,0.0,0.936700278489662,0.0,0.0,0.35013224398416903
1788446941070734052,0,0.5708470313709595,0.5967667459038575,0.0,0.9370704472311717,0.0,0.0,0.34914033987205184
1788446941097998083,0,0.5708470313709595,0.5967667459038575,0.0,0.9376289491524554,0.0,0.0,0.3476376759087861
1788446941110772229,0,0.5708470313709595,0.5967667459038575,0.0,0.9378126725709885,0.0,0.0,0.34714174506282
1788446941130739189,0,0.5708470313709595,0.5967667459038575,0.0,0.9381786425292178,0.0,0.0,0.34615146208276254
1788446941150722704,0,0.5708470313709595,0.5967667459038575,0.0,0.9385445752801205,0.0,0.0,0.34515805106104414
1788446941170738935,0,0.5708470313709595,0.5967667459038575,0.0,0.938911273900099,0.0,0.0,0.3441592941405088
1788446941197863642,0,0.5708470313709595,0.5967667459038575,0.0,0.9394576531962064,0.0,0.0,0.34266502280080513
1788446941210759820,0,0.5708470313709595,0.5967667459038575,0.0,0.9396383535114085,0.0,0.0,0.34216920464935086
1788446941230941738,0,0.5708470313709595,0.5967667459038575,0.0,0.9399988917476793,0.0,0.0,0.3411774956135514
1788446941250724592,0,0.5708470313709595,0.5967667459038575,0.0,0.9403607071901572,0.0,0.0,0.34017898284995135
1788446941270725495,0,0.5708470313709595,0.5967667459038575,0.0,0.9407213575177307,0.0,0.0,0.33918037606854246
1788446941298092654,0,0.5708470313709595,0.5967667459038575,0.0,0.9412569177112882,0.0,0.0,0.3376913011326251
1788446941310745096,0,0.5708470313709595,0.5967667459038575,0.0,0.9414342958592431,0.0,0.0,0.33719648067560143
1788446941330751998,0,0.5708470313709595,0.5967667459038575,0.0,0.9417882237288556,0.0,0.0,0.336206694825738
1788446941350723583,0,0.5708470313709595,0.5967667459038575,0.0,0.9421428823214153,0.0,0.0,0.3352115590057953
1788446941370730940,0,0.5708470313709595,0.5967667459038575,0.0,0.9425016676962471,0.0,0.0,0.33420144582241545
1788446941398031437,0,0.5708470313709595,0.5967667459038575,0.0,0.9430359073573966,0.0,0.0,0.33269096386077535
1788446941410721781,0,0.5708470313709595,0.5967667459038575,0.0,0.9432121506499384,0.0,0.0,0.33219096746648297
1788446941430737123,0,0.5708470313709595,0.5967667459038575,0.0,0.9435633420580525,0.0,0.0,0.33119211875320753
1788446941450721680,0,0.5708470313709595,0.5967667459038575,0.0,0.9439128640735811,0.0,0.0,0.3301946471952707
1788446941470728463,0,0.5708470313709595,0.5967667459038575,0.0,0.9442608021757488,0.0,0.0,0.32919832544290273
1788446941498473484,0,0.5708470313709595,0.5967667459038575,0.0,0.9447812021072837,0.0,0.0,0.32770181590085223
1788446941510729546,0,0.5708470313709595,0.5967667459038575,0.0,0.9449545026162005,0.0,0.0,0.32720175425166825
1788446941530740294,0,0.5708470313709595,0.5967667459038575,0.0,0.9453006503538754,0.0,0.0,0.3262003685475234
1788446941550726607,0,0.5708470313709595,0.5967667459038575,0.0,0.9456502752283136,0.0,0.0,0.3251854193542737
1788446941570794175,0,0.5708470313709595,0.5967667459038575,0.0,0.945995151254081,0.0,0.0,0.3241807733406912
1788446941598208554,0,0.5708470313709595,0.5967667459038575,0.0,0.9465096877694144,0.0,0.0,0.32267539565118025
1788446941610734629,0,0.5708470313709595,0.5967667459038575,0.0,0.9466822340710492,0.0,0.0,0.3221688186250295
1788446941630727241,0,0.5708470313709595,0.5967667459038575,0.0,0.9470225449759886,0.0,0.0,0.32116708938993366
1788446941650720935,0,0.5708470313709595,0.5967667459038575,0.0,0.9473629418508556,0.0,0.0,0.3201616098280562
1788446941670746026,0,0.5708470313709595,0.5967667459038575,0.0,0.9477008302352192,0.0,0.0,0.31916004820697114
1788446941698307203,0,0.5708470313709595,0.5967667459038575,0.0,0.9482102363904517,0.0,0.0,0.31764342839788745
1788446941710750130,0,0.5708470313709595,0.5967667459038575,0.0,0.9483785358945261,0.0,0.0,0.31714058815382645
1788446941730764948,0,0.5708470313709595,0.5967667459038575,0.0,0.9487146321735348,0.0,0.0,0.31613374811910644
1788446941750735070,0,0.5708470313709595,0.5967667459038575,0.0,0.9490493800273914,0.0,0.0,0.3151273937150244
1788446941770727947,0,0.5708470313709595,0.5967667459038575,0.0,0.9493827363850657,0.0,0.0,0.3141216640953072
1788446941798141742,0,0.5708470313709595,0.5967667459038575,0.0,0.9497153071432181,0.0,0.0,0.31311473197194506
1788446941810752478,0,0.5708470313709595,0.5967667459038575,0.0,0.950045733864596,0.0,0.0,0.3121107232468651
1788446941830987988,0,0.5708470313709595,0.5967667459038575,0.0,0.9503759182150883,0.0,0.0,0.311103863808902
1788446941850729603,0,0.5708470313709595,0.5967667459038575,0.0,0.950733920093247,0.0,0.0,0.31000808567540206
1788446941870733561,0,0.5708470313709595,0.5967667459038575,0.0,0.9511218854570096,0.0,0.0,0.30881573632945425
1788446941898148588,0,0.5708470313709595,0.5967667459038575,0.0,0.9515070804025275,0.0,0.0,0.30762684529126855
1788446941910731077,0,0.5708470313709595,0.5967667459038575,0.0,0.9518883182713088,0.0,0.0,0.3064451493148806
1788446941930721969,0,0.5708470313709595,0.5967667459038575,0.0,0.952268243445736,0.0,0.0,0.30526249773723024
1788446941950717489,0,0.5708470313709595,0.5967667459038575,0.0,0.9526473405235846,0.0,0.0,0.30407736613128833
1788446941970742498,0,0.5708470313709595,0.5967667459038575,0.0,0.9530225515905086,0.0,0.0,0.30289934988361444
1788446941998519552,0,0.5708470313709595,0.5967667459038575,0.0,0.953396260021281,0.0,0.0,0.30172101580339733
1788446942010741378,0,0.5708470313709595,0.5967667459038575,0.0,0.9537672856979317,0.0,0.0,0.3005461108256104
1788446942030715600,0,0.5708470313709595,0.5967667459038575,0.0,0.9541367923336344,0.0,0.0,0.29937097640767224
1788446942050726623,0,0.5708470313709595,0.5967667459038575,0.0,0.9545066031498232,0.0,0.0,0.29818977940799063
1788446942070761126,0,0.5708470313709595,0.5967667459038575,0.0,0.9548770435120398,0.0,0.0,0.29700140028913313
1788446942098049354,0,0.5708470313709595,0.5967667459038575,0.0,0.9552449100182855,0.0,0.0,0.2958160947010114
1788446942110731375,0,0.5708470313709595,0.5967667459038575,0.0,0.955609027055786,0.0,0.0,0.2946377223124937
1788446942130781035,0,0.5708470313709595,0.5967667459038575,0.0,0.9559716845411147,0.0,0.0,0.2934589210700935
1788446942150727261,0,0.5708470313709595,0.5967667459038575,0.0,0.9563328783028834,0.0,0.0,0.2922797048666269
1788446942170724670,0,0.5708470313709595,0.5967667459038575,0.0,0.9565127332965676,0.0,0.0,0.2916905741389826
1788446942198048996,0,0.5708470313709595,0.5967667459038575,0.0,0.9570500680366416,0.0,0.0,0.2899226918870953
1788446942210723485,0,0.5708470313709595,0.5967667459038575,0.0,0.9572286985297267,0.0,0.0,0.28933236720264394
1788446942230757126,0,0.5708470313709595,0.5967667459038575,0.0,0.9575849970606396,0.0,0.0,0.2881509559317386
1788446942250727722,0,0.5708470313709595,0.5967667459038575,0.0,0.957939729285866,0.0,0.0,0.28696946711404986
1788446942270732909,0,0.5708470313709595,0.5967667459038575,0.0,0.958292495285698,0.0,0.0,0.28578924661209787
1788446942298088238,0,0.5708470313709595,0.5967667459038575,0.0,0.9588190552126902,0.0,0.0,0.28401763917236583
1788446942310720995,0,0.5708470313709595,0.5967667459038575,0.0,0.958994119243027,0.0,0.0,0.2834259678598466
1788446942330724353,0,0.5708470313709595,0.5967667459038575,0.0,0.9593432691001386,0.0,0.0,0.2822419033954015
1788446942350726702,0,0.5708470313709595,0.5967667459038575,0.0,0.9596905868483782,0.0,0.0,0.28105867272620433
1788446942370766500,0,0.5708470313709595,0.5967667459038575,0.0,0.9600368262689786,0.0,0.0,0.27987370760288854
1788446942398081259,0,0.5708470313709595,0.5967667459038575,0.0,0.9605530413458783,0.0,0.0,0.278096844212917
1788446942410718837,0,0.5708470313709595,0.5967667459038575,0.0,0.9607241507286638,0.0,0.0,0.27750514627063705
1788446942430795030,0,0.5708470313709595,0.5967667459038575,0.0,0.9610654632933147,0.0,0.0,0.276320783266128
1788446942450722840,0,0.5708470313709595,0.5967667459038575,0.0,0.9614052246141787,0.0,0.0,0.27513631909393704
1788446942470746094,0,0.5708470313709595,0.5967667459038575,0.0,0.9617432943366965,0.0,0.0,0.2739522509460335
1788446942498183936,0,0.5708470313709595,0.5967667459038575,0.0,0.962248458746052,0.0,0.0,0.2721725622483782
1788446942510713784,0,0.5708470313709595,0.5967667459038575,0.0,0.9624166237321604,0.0,0.0,0.2715773229928986
1788446942530737058,0,0.5708470313709595,0.5967667459038575,0.0,0.962751947428074,0.0,0.0,0.2703861825675473
1788446942550721794,0,0.5708470313709595,0.5967667459038575,0.0,0.9630850541262861,0.0,0.0,0.26919728549628535
1788446942570725278,0,0.5708470313709595,0.5967667459038575,0.0,0.9634159804391976,0.0,0.0,0.2680105382897835
1788446942598010555,0,0.5708470313709595,0.5967667459038575,0.0,0.963911058689293,0.0,0.0,0.2662244747135135
1788446942610727585,0,0.5708470313709595,0.5967667459038575,0.0,0.9640755305505292,0.0,0.0,0.2656282578976034
1788446942630757048,0,0.5708470313709595,0.5967667459038575,0.0,0.9644043973153392,0.0,0.0,0.2644317651849665
1788446942650727870,0,0.5708470313709595,0.5967667459038575,0.0,0.9647309447963882,0.0,0.0,0.26323792308911
1788446942670726531,0,0.5708470313709595,0.5967667459038575,0.0,0.965056098523235,0.0,0.0,0.2620433679815461
1788446942698038017,0,0.5708470313709595,0.5967667459038575,0.0,0.9655405319116523,0.0,0.0,0.2602527257028511
1788446942710791098,0,0.5708470313709595,0.5967667459038575,0.0,0.9657010119189966,0.0,0.0,0.25965661088950925
1788446942730728558,0,0.5708470313709595,0.5967667459038575,0.0,0.9660244684219668,0.0,0.0,0.2584506266389319
1788446942750722207,0,0.5708470313709595,0.5967667459038575,0.0,0.9663422794234896,0.0,0.0,0.25725978892670803
1788446942770793437,0,0.5708470313709595,0.5967667459038575,0.0,0.9666580039065399,0.0,0.0,0.2560708954243414
1788446942797993242,0,0.5708470313709595,0.5967667459038575,0.0,0.9671294506757074,0.0,0.0,0.2542845367608977
1788446942811181989,0,0.5708470313709595,0.5967667459038575,0.0,0.9672861122784616,0.0,0.0,0.253687952006435
1788446942830833076,0,0.5708470313709595,0.5967667459038575,0.0,0.9675984806246104,0.0,0.0,0.25249392129899956
1788446942850721602,0,0.5708470313709595,0.5967667459038575,0.0,0.9679089718788483,0.0,0.0,0.2513010588048345
1788446942870738100,0,0.5708470313709595,0.5967667459038575,0.0,0.9682183546301348,0.0,0.0,0.2501064128672321
1788446942898030856,0,0.5708470313709595,0.5967667459038575,0.0,0.9686791338056377,0.0,0.0,0.24831579838898568
1788446942910763870,0,0.5708470313709595,0.5967667459038575,0.0,0.9688317152883615,0.0,0.0,0.24771981642858357
1788446942930735381,0,0.5708470313709595,0.5967667459038575,0.0,0.9691356992816124,0.0,0.0,0.2465278815427176
1788446942950783709,0,0.5708470313709595,0.5967667459038575,0.0,0.9694389970726666,0.0,0.0,0.2453324906218952
1788446942970782110,0,0.5708470313709595,0.5967667459038575,0.0,0.9697425867713961,0.0,0.0,0.24412971019915036
1788446942998355281,0,0.5708470313709595,0.5967667459038575,0.0,0.9701963404391335,0.0,0.0,0.2423201621791159
1788446943010874799,0,0.5708470313709595,0.5967667459038575,0.0,0.9703461141641441,0.0,0.0,0.24171971108402784
1788446943030735114,0,0.5708470313709595,0.5967667459038575,0.0,0.9706445337929434,0.0,0.0,0.24051858351877836
1788446943050928538,0,0.5708470313709595,0.5967667459038575,0.0,0.9709445984987473,0.0,0.0,0.23930438074992802
1788446943070895186,0,0.5708470313709595,0.5967667459038575,0.0,0.9712432373981598,0.0,0.0,0.23808942397414842
1788446943099000527,0,0.5708470313709595,0.5967667459038575,0.0,0.9716859962789494,0.0,0.0,0.23627595018407102
1788446943110763705,0,0.5708470313709595,0.5967667459038575,0.0,0.9718319882006995,0.0,0.0,0.2356747477136136
1788446943130763501,0,0.5708470313709595,0.5967667459038575,0.0,0.9721229206402449,0.0,0.0,0.2344718046287872
1788446943150734912,0,0.5708470313709595,0.5967667459038575,0.0,0.9724122002712509,0.0,0.0,0.2332691851994703
1788446943170744431,0,0.5708470313709595,0.5967667459038575,0.0,0.9726997337608776,0.0,0.0,0.23206729183906535
1788446943198057858,0,0.5708470313709595,0.5967667459038575,0.0,0.9731271210250098,0.0,0.0,0.2302685526197096
1788446943210757777,0,0.5708470313709595,0.5967667459038575,0.0,0.9732733360760141,0.0,0.0,0.22964976221077643
1788446943230725989,0,0.5708470313709595,0.5967667459038575,0.0,0.9735560615677322,0.0,0.0,0.22844823261458155
1788446943250727223,0,0.5708470313709595,0.5967667459038575,0.0,0.9738413849507446,0.0,0.0,0.22722886470960438
1788446943270715620,0,0.5708470313709595,0.5967667459038575,0.0,0.9741222156069426,0.0,0.0,0.22602192163819257
1788446943298080921,0,0.5708470313709595,0.5967667459038575,0.0,0.9744009465198745,0.0,0.0,0.2248172489404955
1788446943310770301,0,0.5708470313709595,0.5967667459038575,0.0,0.9746785802833204,0.0,0.0,0.22361052107825963
1788446943330760568,0,0.5708470313709595,0.5967667459038575,0.0,0.9749547974234056,0.0,0.0,0.222403109198334
1788446943350731116,0,0.5708470313709595,0.5967667459038575,0.0,0.9752294395883537,0.0,0.0,0.2211957055645195
1788446943370724810,0,0.5708470313709595,0.5967667459038575,0.0,0.9755030943266335,0.0,0.0,0.21998571080677778
1788446943398092757,0,0.5708470313709595,0.5967667459038575,0.0,0.9757752881031567,0.0,0.0,0.21877519769663467
1788446943410741505,0,0.5708470313709595,0.5967667459038575,0.0,0.9760442043936478,0.0,0.0,0.21757231227702462
1788446943430766278,0,0.5708470313709595,0.5967667459038575,0.0,0.9763116689468415,0.0,0.0,0.21636895590225702
1788446943450738615,0,0.5708470313709595,0.5967667459038575,0.0,0.9765773855403747,0.0,0.0,0.21516647055507154
1788446943470716248,0,0.5708470313709595,0.5967667459038575,0.0,0.9768414741337426,0.0,0.0,0.21396432976600724
1788446943498129872,0,0.5708470313709595,0.5967667459038575,0.0,0.9771056419731049,0.0,0.0,0.2127547048230112
1788446943510989320,0,0.5708470313709595,0.5967667459038575,0.0,0.9773669885764861,0.0,0.0,0.2115508677385442
1788446943530755227,0,0.5708470313709595,0.5967667459038575,0.0,0.9775031352434962,0.0,0.0,0.21092088703856546
1788446943550732624,0,0.5708470313709595,0.5967667459038575,0.0,0.9777622766599838,0.0,0.0,0.2097163091909763
1788446943570708994,0,0.5708470313709595,0.5967667459038575,0.0,0.9780200090885394,0.0,0.0,0.20851105923296573
1788446943598273217,0,0.5708470313709595,0.5967667459038575,0.0,0.9784046670135511,0.0,0.0,0.20669859110816957
1788446943610791401,0,0.5708470313709595,0.5967667459038575,0.0,0.9785320427282317,0.0,0.0,0.20609473878319698
1788446943630727109,0,0.5708470313709595,0.5967667459038575,0.0,0.9787856047110405,0.0,0.0,0.2048871396902273
1788446943650727405,0,0.5708470313709595,0.5967667459038575,0.0,0.9790376329529901,0.0,0.0,0.2036794375036576
1788446943670743374,0,0.5708470313709595,0.5967667459038575,0.0,0.9792891428987093,0.0,0.0,0.2024667246752201
1788446943698526739,0,0.5708470313709595,0.5967667459038575,0.0,0.9796633295029474,0.0,0.0,0.20064835116989976
1788446943710744345,0,0.5708470313709595,0.5967667459038575,0.0,0.9797872814418707,0.0,0.0,0.20004220335906253
1788446943730828554,0,0.5708470313709595,0.5967667459038575,0.0,0.980034043616539,0.0,0.0,0.19882975972579078
1788446943750722932,0,0.5708470313709595,0.5967667459038575,0.0,0.9802788889259887,0.0,0.0,0.19761907783923355
1788446943770751548,0,0.5708470313709595,0.5967667459038575,0.0,0.9805218374434235,0.0,0.0,0.19641009723680874
1788446943798039475,0,0.5708470313709595,0.5967667459038575,0.0,0.9808899177148809,0.0,0.0,0.19456353544612137
1788446943810725057,0,0.5708470313709595,0.5967667459038575,0.0,0.9810098621202884,0.0,0.0,0.1939578573369298
1788446943830742215,0,0.5708470313709595,0.5967667459038575,0.0,0.9812484519778442,0.0,0.0,0.19274718024159146
1788446943850723083,0,0.5708470313709595,0.5967667459038575,0.0,0.9814868659639844,0.0,0.0,0.1915294544977239
1788446943870731961,0,0.5708470313709595,0.5967667459038575,0.0,0.9817227856979601,0.0,0.0,0.19031650491073318
1788446943898475088,0,0.5708470313709595,0.5967667459038575,0.0,0.9820735342837581,0.0,0.0,0.18849820492357028
1788446943910742178,0,0.5708470313709595,0.5967667459038575,0.0,0.9821892596013372,0.0,0.0,0.18789427432409186
1788446943930739560,0,0.5708470313709595,0.5967667459038575,0.0,0.9824244515550234,0.0,0.0,0.18666064659378911
1788446943950671032,0,0.5708470313709595,0.5967667459038575,0.0,0.9826547236398349,0.0,0.0,0.18544458500673414
1788446943970732046,0,0.5708470313709595,0.5967667459038575,0.0,0.9828836196117009,0.0,0.0,0.18422755032568097
1788446943998054908,0,0.5708470313709595,0.5967667459038575,0.0,0.9832240318484698,0.0,0.0,0.18240203725737042
1788446944010795309,0,0.5708470313709595,0.5967667459038575,0.0,0.9833368866865636,0.0,0.0,0.18179264914065252
1788446944030737518,0,0.5708470313709595,0.5967667459038575,0.0,0.9835612543679316,0.0,0.0,0.1805748014153162
1788446944050736229,0,0.5708470313709595,0.5967667459038575,0.0,0.9837852810498654,0.0,0.0,0.17935027401606432
1788446944070747685,0,0.5708470313709595,0.5967667459038575,0.0,0.98400574829983,0.0,0.0,0.17813670961621475
1788446944098080232,0,0.5708470313709595,0.5967667459038575,0.0,0.9843354466032772,0.0,0.0,0.1763057814149235
1788446944110810921,0,0.5708470313709595,0.5967667459038575,0.0,0.9844452415887042,0.0,0.0,0.1756916796930289
1788446944130739896,0,0.5708470313709595,0.5967667459038575,0.0,0.9846614558079289,0.0,0.0,0.17447583628173305
1788446944150737357,0,0.5708470313709595,0.5967667459038575,0.0,0.9848763475837963,0.0,0.0,0.17325870820827852
1788446944170792390,0,0.5708470313709595,0.5967667459038575,0.0,0.9850899437207845,0.0,0.0,0.1720401196819557
1788446944198865215,0,0.5708470313709595,0.5967667459038575,0.0,0.9854115501207644,0.0,0.0,0.17018835708882157
1788446944210735747,0,0.5708470313709595,0.5967667459038575,0.0,0.9855165349692713,0.0,0.0,0.16957935989430187
1788446944230727025,0,0.5708470313709595,0.5967667459038575,0.0,0.985729703320351,0.0,0.0,0.1683358309807295
1788446944250727773,0,0.5708470313709595,0.5967667459038575,0.0,0.9859382133279724,0.0,0.0,0.16711026150313363
1788446944270723034,0,0.5708470313709595,0.5967667459038575,0.0,0.9861434209753063,0.0,0.0,0.16589500675764754
1788446944297969828,0,0.5708470313709595,0.5967667459038575,0.0,0.986347136930375,0.0,0.0,0.16467946280350848
1788446944310740702,0,0.5708470313709595,0.5967667459038575,0.0,0.9865507199347391,0.0,0.0,0.16345542816391262
1788446944330731832,0,0.5708470313709595,0.5967667459038575,0.0,0.9867521466505339,0.0,0.0,0.16223501804654666
1788446944350946041,0,0.5708470313709595,0.5967667459038575,0.0,0.986952684353991,0.0,0.0,0.16101055507776935
1788446944370752816,0,0.5708470313709595,0.5967667459038575,0.0,0.9871516929414113,0.0,0.0,0.15978590401817594
1788446944398111483,0,0.5708470313709595,0.5967667459038575,0.0,0.987349153232661,0.0,0.0,0.15856118570049635
1788446944410786591,0,0.5708470313709595,0.5967667459038575,0.0,0.9875443434705845,0.0,0.0,0.15734093453152043
1788446944431013108,0,0.5708470313709595,0.5967667459038575,0.0,0.9877379995962241,0.0,0.0,0.15612060771611638
1788446944450726629,0,0.5708470313709595,0.5967667459038575,0.0,0.9879301741296437,0.0,0.0,0.15489987425486135
1788446944470749137,0,0.5708470313709595,0.5967667459038575,0.0,0.9881207671468837,0.0,0.0,0.1536793725034501
1788446944498323467,0,0.5708470313709595,0.5967667459038575,0.0,0.98830985914558,0.0,0.0,0.15245859213453275
1788446944510944043,0,0.5708470313709595,0.5967667459038575,0.0,0.9884990702876725,0.0,0.0,0.15122694217766577
1788446944530927622,0,0.5708470313709595,0.5967667459038575,0.0,0.9886851594331472,0.0,0.0,0.15000551828733633
1788446944550726843,0,0.5708470313709595,0.5967667459038575,0.0,0.9888692446311741,0.0,0.0,0.14878715341914134
1788446944570763379,0,0.5708470313709595,0.5967667459038575,0.0,0.9889607473280473,0.0,0.0,0.14817773194495232
1788446944598423056,0,0.5708470313709595,0.5967667459038575,0.0,0.9892371479284034,0.0,0.0,0.1463211029157384
1788446944610735786,0,0.5708470313709595,0.5967667459038575,0.0,0.9893269673281949,0.0,0.0,0.14571256540599659
1788446944630760855,0,0.5708470313709595,0.5967667459038575,0.0,0.9895054672637278,0.0,0.0,0.14449543333680748
1788446944650730067,0,0.5708470313709595,0.5967667459038575,0.0,0.9896823977120007,0.0,0.0,0.143278580600958
1788446944670728106,0,0.5708470313709595,0.5967667459038575,0.0,0.9898596261632464,0.0,0.0,0.14204900735998857
1788446944697977505,0,0.5708470313709595,0.5967667459038575,0.0,0.9901239865317439,0.0,0.0,0.14019447669037058
1788446944710742043,0,0.5708470313709595,0.5967667459038575,0.0,0.9902107168367625,0.0,0.0,0.1395805726511571
1788446944730743173,0,0.5708470313709595,0.5967667459038575,0.0,0.9903830143688115,0.0,0.0,0.1383527551216332
1788446944750727733,0,0.5708470313709595,0.5967667459038575,0.0,0.990555925537697,0.0,0.0,0.1371092935659592
1788446944770732431,0,0.5708470313709595,0.5967667459038575,0.0,0.9907238461524679,0.0,0.0,0.13589062022399154
1788446944798240270,0,0.5708470313709595,0.5967667459038575,0.0,0.9909745324395691,0.0,0.0,0.1340502743606944
1788446944810753205,0,0.5708470313709595,0.5967667459038575,0.0,0.991057189693872,0.0,0.0,0.13343780107632405
1788446944830722716,0,0.5708470313709595,0.5967667459038575,0.0,0.9912213591129507,0.0,0.0,0.13221277259884864
1788446944850716568,0,0.5708470313709595,0.5967667459038575,0.0,0.9913859255894499,0.0,0.0,0.13097307564209387
1788446944870764940,0,0.5708470313709595,0.5967667459038575,0.0,0.991548417795365,0.0,0.0,0.12973717727586156
1788446944898167232,0,0.5708470313709595,0.5967667459038575,0.0,0.9917884643350946,0.0,0.0,0.12788917863460814
1788446944910787908,0,0.5708470313709595,0.5967667459038575,0.0,0.9918672112304102,0.0,0.0,0.127277002188175
1788446944930763035,0,0.5708470313709595,0.5967667459038575,0.0,0.9920235561413663,0.0,0.0,0.1260526241719607
1788446944950720699,0,0.5708470313709595,0.5967667459038575,0.0,0.9921789010144054,0.0,0.0,0.12482398960875518
1788446944970771399,0,0.5708470313709595,0.5967667459038575,0.0,0.9923318498414763,0.0,0.0,0.12360218359800058
1788446944998094651,0,0.5708470313709595,0.5967667459038575,0.0,0.992559485303353,0.0,0.0,0.1217607002868449
1788446945010746100,0,0.5708470313709595,0.5967667459038575,0.0,0.9926345802994018,0.0,0.0,0.12114697682497289
1788446945030745490,0,0.5708470313709595,0.5967667459038575,0.0,0.9927836376648147,0.0,0.0,0.11991934283099606
1788446945050725238,0,0.5708470313709595,0.5967667459038575,0.0,0.9929310738280144,0.0,0.0,0.11869238655763195
1788446945070723566,0,0.5708470313709595,0.5967667459038575,0.0,0.993078305959061,0.0,0.0,0.11745415375150281
1788446945098281494,0,0.5708470313709595,0.5967667459038575,0.0,0.9932943239721178,0.0,0.0,0.11561308734210651
1788446945110730994,0,0.5708470313709595,0.5967667459038575,0.0,0.9933655591454144,0.0,0.0,0.11499941697121016
1788446945130757286,0,0.5708470313709595,0.5967667459038575,0.0,0.993506872410676,0.0,0.0,0.11377211641152125
1788446945150731620,0,0.5708470313709595,0.5967667459038575,0.0,0.9936465073027809,0.0,0.0,0.11254607289898927
1788446945170743262,0,0.5708470313709595,0.5967667459038575,0.0,0.9937845668772791,0.0,0.0,0.11132041428479651
1788446945198132963,0,0.5708470313709595,0.5967667459038575,0.0,0.9939887787232371,0.0,0.0,0.10948199748035117
1788446945210803435,0,0.5708470313709595,0.5967667459038575,0.0,0.9940561325830047,0.0,0.0,0.1088687525147586
1788446945230732221,0,0.5708470313709595,0.5967667459038575,0.0,0.9941896555834455,0.0,0.0,0.10764259719492973
1788446945250723549,0,0.5708470313709595,0.5967667459038575,0.0,0.994321642394488,0.0,0.0,0.10641649997029615
1788446945270748424,0,0.5708470313709595,0.5967667459038575,0.0,0.994452785315897,0.0,0.0,0.10518392356940566
1788446945298035739,0,0.5708470313709595,0.5967667459038575,0.0,0.9946472403502816,0.0,0.0,0.10332892752549584
1788446945310870930,0,0.5708470313709595,0.5967667459038575,0.0,0.9947121871817096,0.0,0.0,0.10270182409373016
1788446945330729717,0,0.5708470313709595,0.5967667459038575,0.0,0.99483846331639,0.0,0.0,0.10147133539223613
1788446945350720094,0,0.5708470313709595,0.5967667459038575,0.0,0.9949633679715258,0.0,0.0,0.10023919590039686
1788446945370763626,0,0.5708470313709595,0.5967667459038575,0.0,0.9950869926092585,0.0,0.0,0.09900442990018976
1788446945398516494,0,0.5708470313709595,0.5967667459038575,0.0,0.9952097800726897,0.0,0.0,0.09776243474703689
1788446945410720668,0,0.5708470313709595,0.5967667459038575,0.0,0.9953302948157989,0.0,0.0,0.09652773809581748
1788446945430753816,0,0.5708470313709595,0.5967667459038575,0.0,0.9954492388984256,0.0,0.0,0.09529329869694535
1788446945450721235,0,0.5708470313709595,0.5967667459038575,0.0,0.9955664437289652,0.0,0.0,0.0940609170743155
1788446945470721832,0,0.5708470313709595,0.5967667459038575,0.0,0.9956829734313524,0.0,0.0,0.09281926749819222
1788446945498102771,0,0.5708470313709595,0.5967667459038575,0.0,0.9957969773745928,0.0,0.0,0.09158809885364343
1788446945510723429,0,0.5708470313709595,0.5967667459038575,0.0,0.9959100920739544,0.0,0.0,0.0903498118716782
1788446945530747526,0,0.5708470313709595,0.5967667459038575,0.0,0.9960205777492989,0.0,0.0,0.0891235586136068
1788446945550724379,0,0.5708470313709595,0.5967667459038575,0.0,0.9961301222575665,0.0,0.0,0.08789072494368075
1788446945570721445,0,0.5708470313709595,0.5967667459038575,0.0,0.9962397096832394,0.0,0.0,0.08663971866444939
1788446945598398544,0,0.5708470313709595,0.5967667459038575,0.0,0.9963470916017606,0.0,0.0,0.08539597798908848
1788446945610760060,0,0.5708470313709595,0.5967667459038575,0.0,0.9963999711362027,0.0,0.0,0.08477675105696336
1788446945630722763,0,0.5708470313709595,0.5967667459038575,0.0,0.9965042813303937,0.0,0.0,0.08354170988312136
1788446945650722630,0,0.5708470313709595,0.5967667459038575,0.0,0.9966063637860733,0.0,0.0,0.08231497835206507
1788446945670758819,0,0.5708470313709595,0.5967667459038575,0.0,0.9967072756025681,0.0,0.0,0.08108394884874738
1788446945698503274,0,0.5708470313709595,0.5967667459038575,0.0,0.9968582560447922,0.0,0.0,0.07920616993224508
1788446945710772228,0,0.5708470313709595,0.5967667459038575,0.0,0.9969078170927201,0.0,0.0,0.07857992249568334
1788446945730719245,0,0.5708470313709595,0.5967667459038575,0.0,0.9970045212187977,0.0,0.0,0.07734329104244271
1788446945750713930,0,0.5708470313709595,0.5967667459038575,0.0,0.9971009184350383,0.0,0.0,0.07609046231955069
1788446945770726741,0,0.5708470313709595,0.5967667459038575,0.0,0.9971939692840205,0.0,0.0,0.07486112224365847
1788446945798073373,0,0.5708470313709595,0.5967667459038575,0.0,0.9973322455427025,0.0,0.0,0.0729958355027917
1788446945810757107,0,0.5708470313709595,0.5967667459038575,0.0,0.9973771283440581,0.0,0.0,0.07237999624316258
1788446945830773697,0,0.5708470313709595,0.5967667459038575,0.0,0.9974657666235419,0.0,0.0,0.07114804575046214
1788446945850713790,0,0.5708470313709595,0.5967667459038575,0.0,0.997552868291151,0.0,0.0,0.06991619958276926
1788446945870716980,0,0.5708470313709595,0.5967667459038575,0.0,0.9976395210026023,0.0,0.0,0.06866866922911855
1788446945897902944,0,0.5708470313709595,0.5967667459038575,0.0,0.9977647903947151,0.0,0.0,0.06682382096670472
1788446945910711886,0,0.5708470313709595,0.5967667459038575,0.0,0.9978058205396911,0.0,0.0,0.06620834159766992
1788446945930751850,0,0.5708470313709595,0.5967667459038575,0.0,0.9978883857504244,0.0,0.0,0.0649520560445342
1788446945950713100,0,0.5708470313709595,0.5967667459038575,0.0,0.9979679511451368,0.0,0.0,0.06371788200480179
1788446945970723037,0,0.5708470313709595,0.5967667459038575,0.0,0.9980464018947617,0.0,0.0,0.06247703309953127
1788446945998586162,0,0.5708470313709595,0.5967667459038575,0.0,0.998160410821146,0.0,0.0,0.06062832893426146
1788446946010741065,0,0.5708470313709595,0.5967667459038575,0.0,0.9981977460353724,0.0,0.0,0.060010497497540595
1788446946030725811,0,0.5708470313709595,0.5967667459038575,0.0,0.9982713828088945,0.0,0.0,0.058772836113443805
1788446946050722245,0,0.5708470313709595,0.5967667459038575,0.0,0.9983438032140385,0.0,0.0,0.05752956269718328
1788446946070741348,0,0.5708470313709595,0.5967667459038575,0.0,0.9984147052846524,0.0,0.0,0.056285666660000976
1788446946098397470,0,0.5708470313709595,0.5967667459038575,0.0,0.9985178344546911,0.0,0.0,0.05442549288627637
1788446946110754529,0,0.5708470313709595,0.5967667459038575,0.0,0.9985512326728919,0.0,0.0,0.05380925317682917
1788446946130721906,0,0.5708470313709595,0.5967667459038575,0.0,0.9986168756314409,0.0,0.0,0.05257695031189373
1788446946150723471,0,0.5708470313709595,0.5967667459038575,0.0,0.998680986996778,0.0,0.0,0.05134477783710154
1788446946170735657,0,0.5708470313709595,0.5967667459038575,0.0,0.9987438820784689,0.0,0.0,0.05010646675659205
1788446946197993152,0,0.5708470313709595,0.5967667459038575,0.0,0.9988351665393169,0.0,0.0,0.04825256557298291
1788446946210739606,0,0.5708470313709595,0.5967667459038575,0.0,0.9988647594568323,0.0,0.0,0.04763604008777965
1788446946230737789,0,0.5708470313709595,0.5967667459038575,0.0,0.9989227914343932,0.0,0.0,0.04640319765834885
1788446946250721356,0,0.5708470313709595,0.5967667459038575,0.0,0.998979350455717,0.0,0.0,0.04516920812980638
1788446946270731143,0,0.5708470313709595,0.5967667459038575,0.0,0.9990342312990101,0.0,0.0,0.043938646915852114
1788446946297953634,0,0.5708470313709595,0.5967667459038575,0.0,0.999087586756784,0.0,0.0,0.042708242629562104
1788446946310726671,0,0.5708470313709595,0.5967667459038575,0.0,0.9991398681963104,0.0,0.0,0.041467140975227613
1788446946330748248,0,0.5708470313709595,0.5967667459038575,0.0,0.9991904188141965,0.0,0.0,0.04023067175564813
1788446946350712100,0,0.5708470313709595,0.5967667459038575,0.0,0.9992394240767576,0.0,0.0,0.038994530010628095
1788446946370721339,0,0.5708470313709595,0.5967667459038575,0.0,0.9992870386931977,0.0,0.0,0.037754659312190006
1788446946397938476,0,0.5708470313709595,0.5967667459038575,0.0,0.999333021850279,0.0,0.0,0.036517275905931616
1788446946410734124,0,0.5708470313709595,0.5967667459038575,0.0,0.9993774048249539,0.0,0.0,0.03528176193645015
1788446946430750812,0,0.5708470313709595,0.5967667459038575,0.0,0.9994202745641257,0.0,0.0,0.034045774923881715
1788446946450713158,0,0.5708470313709595,0.5967667459038575,0.0,0.9994615291585752,0.0,0.0,0.03281237163026402
1788446946470838049,0,0.5708470313709595,0.5967667459038575,0.0,0.9995011249702106,0.0,0.0,0.03158324212748778
1788446946498046291,0,0.5708470313709595,0.5967667459038575,0.0,0.9995392873822886,0.0,0.0,0.030351490561530973
1788446946510785108,0,0.5708470313709595,0.5967667459038575,0.0,0.9995760001910787,0.0,0.0,0.029117346067327445
1788446946530727683,0,0.5708470313709595,0.5967667459038575,0.0,0.9996111885885245,0.0,0.0,0.027883178596375607
1788446946550702422,0,0.5708470313709595,0.5967667459038575,0.0,0.9996450379582501,0.0,0.0,0.0266420360604944
1788446946570745867,0,0.5708470313709595,0.5967667459038575,0.0,0.9996771800248276,0.0,0.0,0.025407395333018844
1788446946598167591,0,0.5708470313709595,0.5967667459038575,0.0,0.9997078364043159,0.0,0.0,0.02417109496488477
1788446946610742785,0,0.5708470313709595,0.5967667459038575,0.0,0.9997368778411335,0.0,0.0,0.022938506587449208
1788446946630752666,0,0.5708470313709595,0.5967667459038575,0.0,0.9997643610066512,0.0,0.0,0.02170765903920436
1788446946650722840,0,0.5708470313709595,0.5967667459038575,0.0,0.9997904770095627,0.0,0.0,0.020469540321927337
1788446946670734712,0,0.5708470313709595,0.5967667459038575,0.0,0.9998149369335341,0.0,0.0,0.01923777233967569
1788446946698073013,0,0.5708470313709595,0.5967667459038575,0.0,0.9998378750626804,0.0,0.0,0.018006209766183747
1788446946710738561,0,0.5708470313709595,0.5967667459038575,0.0,0.9998488067472047,0.0,0.0,0.017388606792698026
1788446946730791070,0,0.5708470313709595,0.5967667459038575,0.0,0.999869531039201,0.0,0.0,0.016153046135272794
1788446946750727908,0,0.5708470313709595,0.5967667459038575,0.0,0.9998887234096515,0.0,0.0,0.01491780138684813
1788446946770727127,0,0.5708470313709595,0.5967667459038575,0.0,0.9999063688508084,0.0,0.0,0.0136840612243259
1788446946798028521,0,0.5708470313709595,0.5967667459038575,0.0,0.9999299900900146,0.0,0.0,0.011832789974610182
1788446946810762740,0,0.5708470313709595,0.5967667459038575,0.0,0.9999371032447448,0.0,0.0,0.01121559425569662
1788446946830758951,0,0.5708470313709595,0.5967667459038575,0.0,0.9999501659055215,0.0,0.0,0.009983271283498952
1788446946850730434,0,0.5708470313709595,0.5967667459038575,0.0,0.9999617289800661,0.0,0.0,0.00874874706440117
1788446946870762833,0,0.5708470313709595,0.5967667459038575,0.0,0.999971743639898,0.0,0.0,0.007517441172498902
1788446946898073338,0,0.5708470313709595,0.5967667459038575,0.0,0.9999839445351566,0.0,0.0,0.005666627913387951
1788446946910735130,0,0.5708470313709595,0.5967667459038575,0.0,0.9999872536539138,0.0,0.0,0.00504901274537727
1788446946930725467,0,0.5708470313709595,0.5967667459038575,0.0,0.9999927285560843,0.0,0.0,0.00381350691064156
1788446946950726354,0,0.5708470313709595,0.5967667459038575,0.0,0.9999966704734502,0.0,0.0,0.0025805119673731414
1788446946970744780,0,0.5708470313709595,0.5967667459038575,0.0,0.999999084134975,0.0,0.0,0.001353413909853224
1788446946998060180,0,0.5708470313709595,0.5967667459038575,0.0,0.9999998793406121,0.0,0.0,-0.0004912420597065002
1788446947010736642,0,0.5708470313709595,0.5967667459038575,0.0,0.9999993860933866,0.0,0.0,-0.0011080671685469588
1788446947030770146,0,0.5708470313709595,0.5967667459038575,0.0,0.9999972568227713,0.0,0.0,-0.00234229522739524
1788446947050733338,0,0.5708470313709595,0.5967667459038575,0.0,0.9999935994167762,0.0,0.0,-0.003577866051158451
1788446947070776720,0,0.5708470313709595,0.5967667459038575,0.0,0.9999884052297261,0.0,0.0,-0.004815537987501174
1788446947098003880,0,0.5708470313709595,0.5967667459038575,0.0,0.9999777426481495,0.0,0.0,-0.0066718969050145824
1788446947110760654,0,0.5708470313709595,0.5967667459038575,0.0,0.9999734233207216,0.0,0.0,-0.007290586549583137
1788446947130758186,0,0.5708470313709595,0.5967667459038575,0.0,0.99996363608075,0.0,0.0,-0.008527984296738992
1788446947150726861,0,0.5708470313709595,0.5967667459038575,0.0,0.9999522717312698,0.0,0.0,-0.009770069573591588
1788446947170727708,0,0.5708470313709595,0.5967667459038575,0.0,0.9999394526499834,0.0,0.0,-0.0110041371334396
1788446947198303256,0,0.5708470313709595,0.5967667459038575,0.0,0.999917210678891,0.0,0.0,-0.012867470153309139
1788446947210745688,0,0.5708470313709595,0.5967667459038575,0.0,0.9999090823129055,0.0,0.0,-0.013484328242930303
1788446947230723360,0,0.5708470313709595,0.5967667459038575,0.0,0.9998916863352967,0.0,0.0,-0.01471786661023464
1788446947250722010,0,0.5708470313709595,0.5967667459038575,0.0,0.9998727552650445,0.0,0.0,-0.015952218613358788
1788446947270766697,0,0.5708470313709595,0.5967667459038575,0.0,0.999852288497717,0.0,0.0,-0.017187239041744875
1788446947298039632,0,0.5708470313709595,0.5967667459038575,0.0,0.9998185430125821,0.0,0.0,-0.01904943695224128
1788446947310742612,0,0.5708470313709595,0.5967667459038575,0.0,0.9998066453455202,0.0,0.0,-0.019663975257744437
1788446947330722627,0,0.5708470313709595,0.5967667459038575,0.0,0.9997817069191546,0.0,0.0,-0.020893504010136676
1788446947350724738,0,0.5708470313709595,0.5967667459038575,0.0,0.9997551854058864,0.0,0.0,-0.022126211922553853
1788446947370749868,0,0.5708470313709595,0.5967667459038575,0.0,0.9997267447679301,0.0,0.0,-0.023375966198596807
1788446947398048526,0,0.5708470313709595,0.5967667459038575,0.0,0.9996809204581881,0.0,0.0,-0.025259795562708458
1788446947410725921,0,0.5708470313709595,0.5967667459038575,0.0,0.9996650649218792,0.0,0.0,-0.025879682662950886
1788446947430753648,0,0.5708470313709595,0.5967667459038575,0.0,0.9996322158405208,0.0,0.0,-0.0271188689618607
1788446947450721293,0,0.5708470313709595,0.5967667459038575,0.0,0.9995978245237253,0.0,0.0,-0.028358229977130684
1788446947470732903,0,0.5708470313709595,0.5967667459038575,0.0,0.9995618788653085,0.0,0.0,-0.02959814722671607
1788446947498106369,0,0.5708470313709595,0.5967667459038575,0.0,0.999505205679717,0.0,0.0,-0.03145383631843036
1788446947510714420,0,0.5708470313709595,0.5967667459038575,0.0,0.9994856197670027,0.0,0.0,-0.03207017117152039
1788446947530740754,0,0.5708470313709595,0.5967667459038575,0.0,0.9994453005886764,0.0,0.0,-0.03330301985121358
1788446947550718938,0,0.5708470313709595,0.5967667459038575,0.0,0.9994033567767862,0.0,0.0,-0.03453882544748668
1788446947570728275,0,0.5708470313709595,0.5967667459038575,0.0,0.9993599093201793,0.0,0.0,-0.03577389611942164
1788446947597951051,0,0.5708470313709595,0.5967667459038575,0.0,0.9992920382606445,0.0,0.0,-0.037622098145725
1788446947610762816,0,0.5708470313709595,0.5967667459038575,0.0,0.9992679334316854,0.0,0.0,-0.03825698910223812
1788446947630711574,0,0.5708470313709595,0.5967667459038575,0.0,0.9992200525313251,0.0,0.0,-0.03948780342455221
1788446947650713537,0,0.5708470313709595,0.5967667459038575,0.0,0.999170590634922,0.0,0.0,-0.040720152385044894
1788446947670741339,0,0.5708470313709595,0.5967667459038575,0.0,0.9991195311804693,0.0,0.0,-0.04195428957471733
1788446947697998760,0,0.5708470313709595,0.5967667459038575,0.0,0.9990664421287998,0.0,0.0,-0.043200048751147455
1788446947710716466,0,0.5708470313709595,0.5967667459038575,0.0,0.9990121711949609,0.0,0.0,-0.044437391961389516
1788446947730712282,0,0.5708470313709595,0.5967667459038575,0.0,0.9989563877375209,0.0,0.0,-0.04567423122947728
1788446947750713639,0,0.5708470313709595,0.5967667459038575,0.0,0.9988984766166099,0.0,0.0,-0.046923697776455074
1788446947770751336,0,0.5708470313709595,0.5967667459038575,0.0,0.9988396522741672,0.0,0.0,-0.048159620480447696
1788446947798243470,0,0.5708470313709595,0.5967667459038575,0.0,0.9987792547121335,0.0,0.0,-0.049396359751252956
1788446947810765583,0,0.5708470313709595,0.5967667459038575,0.0,0.998717464505425,0.0,0.0,-0.05063028828532641
1788446947830758357,0,0.5708470313709595,0.5967667459038575,0.0,0.9986541435224776,0.0,0.0,-0.05186426154286472
1788446947850718195,0,0.5708470313709595,0.5967667459038575,0.0,0.99858938834218,0.0,0.0,-0.05309645459341688
1788446947870715329,0,0.5708470313709595,0.5967667459038575,0.0,0.9985227892436198,0.0,0.0,-0.054334513535520004
1788446947898054876,0,0.5708470313709595,0.5967667459038575,0.0,0.998454476649847,0.0,0.0,-0.05557569664772743
1788446947910768284,0,0.5708470313709595,0.5967667459038575,0.0,0.9983845494551227,0.0,0.0,-0.056818055310716646
1788446947930733921,0,0.5708470313709595,0.5967667459038575,0.0,0.9983135712461157,0.0,0.0,-0.05805181707600982
1788446947950734940,0,0.5708470313709595,0.5967667459038575,0.0,0.9982412234024842,0.0,0.0,-0.059282880327389154
1788446947970731845,0,0.5708470313709595,0.5967667459038575,0.0,0.99816741516464,0.0,0.0,-0.06051290195934317
1788446947998556428,0,0.5708470313709595,0.5967667459038575,0.0,0.9980909428856674,0.0,0.0,-0.06176139352054497
1788446948010773220,0,0.5708470313709595,0.5967667459038575,0.0,0.9980519700107177,0.0,0.0,-0.06238802094733785
1788446948030765262,0,0.5708470313709595,0.5967667459038575,0.0,0.9979742031069335,0.0,0.0,-0.06361988630201301
1788446948050750806,0,0.5708470313709595,0.5967667459038575,0.0,0.9978948938922299,0.0,0.0,-0.06485199105513514
1788446948070758470,0,0.5708470313709595,0.5967667459038575,0.0,0.9978137315083345,0.0,0.0,-0.06608900977782348
1788446948098898520,0,0.5708470313709595,0.5967667459038575,0.0,0.997688172020757,0.0,0.0,-0.06795815925906522
1788446948110780220,0,0.5708470313709595,0.5967667459038575,0.0,0.9976459170083721,0.0,0.0,-0.06857568283673345
1788446948130728906,0,0.5708470313709595,0.5967667459038575,0.0,0.9975602184938921,0.0,0.0,-0.06981124893896538
1788446948150722059,0,0.5708470313709595,0.5967667459038575,0.0,0.9974731734148298,0.0,0.0,-0.07104412936864604
1788446948170733563,0,0.5708470313709595,0.5967667459038575,0.0,0.997384630918773,0.0,0.0,-0.07227653842722949
1788446948198076505,0,0.5708470313709595,0.5967667459038575,0.0,0.9972493865706933,0.0,0.0,-0.07411923491493926
1788446948210907232,0,0.5708470313709595,0.5967667459038575,0.0,0.9972033298011429,0.0,0.0,-0.07473633007790155
1788446948230767527,0,0.5708470313709595,0.5967667459038575,0.0,0.9971101194744727,0.0,0.0,-0.07596979427116309
1788446948250717186,0,0.5708470313709595,0.5967667459038575,0.0,0.9970154893700467,0.0,0.0,-0.07720177430737124
1788446948270734739,0,0.5708470313709595,0.5967667459038575,0.0,0.9969195525095897,0.0,0.0,-0.07843089840158188
1788446948298106119,0,0.5708470313709595,0.5967667459038575,0.0,0.9967713746376173,0.0,0.0,-0.08029213350655662
1788446948310789071,0,0.5708470313709595,0.5967667459038575,0.0,0.9967216984378471,0.0,0.0,-0.08090646366745571
1788446948330737014,0,0.5708470313709595,0.5967667459038575,0.0,0.9966211952873264,0.0,0.0,-0.08213521232736166
1788446948350721292,0,0.5708470313709595,0.5967667459038575,0.0,0.9965191488403881,0.0,0.0,-0.08336417692527458
1788446948370721982,0,0.5708470313709595,0.5967667459038575,0.0,0.9964146696176345,0.0,0.0,-0.08460381889005023
1788446948398085271,0,0.5708470313709595,0.5967667459038575,0.0,0.996255893153315,0.0,0.0,-0.08645342883478208
1788446948410725882,0,0.5708470313709595,0.5967667459038575,0.0,0.9962020702766753,0.0,0.0,-0.08707143720225366
1788446948430747036,0,0.5708470313709595,0.5967667459038575,0.0,0.996091893833203,0.0,0.0,-0.0883229247691849
1788446948450731523,0,0.5708470313709595,0.5967667459038575,0.0,0.9959811459063292,0.0,0.0,-0.08956314531722977
1788446948470734992,0,0.5708470313709595,0.5967667459038575,0.0,0.9958692240543643,0.0,0.0,-0.09079916619307908
1788446948498548291,0,0.5708470313709595,0.5967667459038575,0.0,0.995698918691737,0.0,0.0,-0.09264806158849577
1788446948510825520,0,0.5708470313709595,0.5967667459038575,0.0,0.9956399501358888,0.0,0.0,-0.09327963171778077
1788446948530733316,0,0.5708470313709595,0.5967667459038575,0.0,0.9955237585907528,0.0,0.0,-0.09451161876372884
1788446948550733686,0,0.5708470313709595,0.5967667459038575,0.0,0.9954063191362795,0.0,0.0,-0.09574058608324486
1788446948570733395,0,0.5708470313709595,0.5967667459038575,0.0,0.9952861050079896,0.0,0.0,-0.09698231373825385
1788446948598132994,0,0.5708470313709595,0.5967667459038575,0.0,0.9951044307276327,0.0,0.0,-0.09882900356795138
1788446948610803749,0,0.5708470313709595,0.5967667459038575,0.0,0.9950431443662785,0.0,0.0,-0.09944415945478835
1788446948630744701,0,0.5708470313709595,0.5967667459038575,0.0,0.9949193695919929,0.0,0.0,-0.10067496218361033
1788446948650735556,0,0.5708470313709595,0.5967667459038575,0.0,0.9947943217461873,0.0,0.0,-0.10190317669995977
1788446948670881964,0,0.5708470313709595,0.5967667459038575,0.0,0.9946662379178312,0.0,0.0,-0.10314589253280332
1788446948698138725,0,0.5708470313709595,0.5967667459038575,0.0,0.994473698525303,0.0,0.0,-0.10498601307509833
1788446948710791702,0,0.5708470313709595,0.5967667459038575,0.0,0.9944087299956362,0.0,0.0,-0.10559961036133515
1788446948730743900,0,0.5708470313709595,0.5967667459038575,0.0,0.9942756361858104,0.0,0.0,-0.10684549259235057
1788446948750727071,0,0.5708470313709595,0.5967667459038575,0.0,0.9941428636182131,0.0,0.0,-0.1080738947062558
1788446948770726412,0,0.5708470313709595,0.5967667459038575,0.0,0.994008256031862,0.0,0.0,-0.10930501791087234
1788446948798132411,0,0.5708470313709595,0.5967667459038575,0.0,0.993870671005101,0.0,0.0,-0.11054903579801309
1788446948810735634,0,0.5708470313709595,0.5967667459038575,0.0,0.9937324763224318,0.0,0.0,-0.11178446002055738
1788446948830774149,0,0.5708470313709595,0.5967667459038575,0.0,0.9935936279548434,0.0,0.0,-0.11301195727679565
1788446948850735971,0,0.5708470313709595,0.5967667459038575,0.0,0.993453338355038,0.0,0.0,-0.11423862968028979
1788446948870741241,0,0.5708470313709595,0.5967667459038575,0.0,0.9933114088350478,0.0,0.0,-0.1154662075160196
1788446948897973431,0,0.5708470313709595,0.5967667459038575,0.0,0.9931681146514849,0.0,0.0,-0.1166923135412741
1788446948910776262,0,0.5708470313709595,0.5967667459038575,0.0,0.9930231007197707,0.0,0.0,-0.1179199789556124
1788446948930730430,0,0.5708470313709595,0.5967667459038575,0.0,0.9928759224840307,0.0,0.0,-0.11915285372782822
1788446948950740504,0,0.5708470313709595,0.5967667459038575,0.0,0.9927280946057516,0.0,0.0,-0.12037827952099064
1788446948970759836,0,0.5708470313709595,0.5967667459038575,0.0,0.9925780057243448,0.0,0.0,-0.12160963182364498
1788446948998333012,0,0.5708470313709595,0.5967667459038575,0.0,0.9924271294343883,0.0,0.0,-0.12283481901570084
1788446949011138103,0,0.5708470313709595,0.5967667459038575,0.0,0.992349659255134,0.0,0.0,-0.12345911783347398
1788446949030932442,0,0.5708470313709595,0.5967667459038575,0.0,0.9921930475873904,0.0,0.0,-0.12471149233028406
1788446949050714286,0,0.5708470313709595,0.5967667459038575,0.0,0.9920388268620413,0.0,0.0,-0.1259323866135515
1788446949070749282,0,0.5708470313709595,0.5967667459038575,0.0,0.9918824351426749,0.0,0.0,-0.127158306277794
1788446949097913660,0,0.5708470313709595,0.5967667459038575,0.0,0.9916426564090521,0.0,0.0,-0.12901489057468707
1788446949110790468,0,0.5708470313709595,0.5967667459038575,0.0,0.9915596831717667,0.0,0.0,-0.12965104977710612
1788446949130735673,0,0.5708470313709595,0.5967667459038575,0.0,0.9913987166666484,0.0,0.0,-0.13087621858734577
1788446949150728480,0,0.5708470313709595,0.5967667459038575,0.0,0.9912363802918005,0.0,0.0,-0.13210010744132297
1788446949170735626,0,0.5708470313709595,0.5967667459038575,0.0,0.9910715641049285,0.0,0.0,-0.13333099723099132
1788446949198049289,0,0.5708470313709595,0.5967667459038575,0.0,0.9908215597650889,0.0,0.0,-0.13517631709983974
1788446949210725922,0,0.5708470313709595,0.5967667459038575,0.0,0.9907378710276554,0.0,0.0,-0.13578833127919654
1788446949230731361,0,0.5708470313709595,0.5967667459038575,0.0,0.9905693247908546,0.0,0.0,-0.13701245484769073
1788446949250724603,0,0.5708470313709595,0.5967667459038575,0.0,0.990398815296761,0.0,0.0,-0.13823959873629638
1788446949270728831,0,0.5708470313709595,0.5967667459038575,0.0,0.9902270674361646,0.0,0.0,-0.13946452924228944
1788446949298019814,0,0.5708470313709595,0.5967667459038575,0.0,0.9899666317773007,0.0,0.0,-0.14130133745830684
1788446949310729176,0,0.5708470313709595,0.5967667459038575,0.0,0.9898792819412864,0.0,0.0,-0.14191196983835888
1788446949330731330,0,0.5708470313709595,0.5967667459038575,0.0,0.989702887871618,0.0,0.0,-0.14313697544163628
1788446949350724758,0,0.5708470313709595,0.5967667459038575,0.0,0.9895250045676303,0.0,0.0,-0.14436157845989117
1788446949370740915,0,0.5708470313709595,0.5967667459038575,0.0,0.9893461746465934,0.0,0.0,-0.14558209612501255
1788446949398079565,0,0.5708470313709595,0.5967667459038575,0.0,0.9890711406225858,0.0,0.0,-0.1474390680502867
1788446949410803267,0,0.5708470313709595,0.5967667459038575,0.0,0.9889778861792274,0.0,0.0,-0.1480632994650159
1788446949430737658,0,0.5708470313709595,0.5967667459038575,0.0,0.9887939683348401,0.0,0.0,-0.14928659747157194
1788446949450721432,0,0.5708470313709595,0.5967667459038575,0.0,0.9886082086445129,0.0,0.0,-0.15051182611571465
1788446949470760906,0,0.5708470313709595,0.5967667459038575,0.0,0.9884216132272786,0.0,0.0,-0.1517323779065763
1788446949498081886,0,0.5708470313709595,0.5967667459038575,0.0,0.9881380988549249,0.0,0.0,-0.15356789244947916
1788446949510756052,0,0.5708470313709595,0.5967667459038575,0.0,0.9880430324120646,0.0,0.0,-0.1541783580856011
1788446949530762165,0,0.5708470313709595,0.5967667459038575,0.0,0.9878517843031572,0.0,0.0,-0.15539900980723326
1788446949550736016,0,0.5708470313709595,0.5967667459038575,0.0,0.9876592194678744,0.0,0.0,-0.1566182179700342
1788446949570737585,0,0.5708470313709595,0.5967667459038575,0.0,0.9874651829088713,0.0,0.0,-0.15783698090989082
1788446949598080992,0,0.5708470313709595,0.5967667459038575,0.0,0.9871708339855856,0.0,0.0,-0.15966760638339686
1788446949610711661,0,0.5708470313709595,0.5967667459038575,0.0,0.987071671375101,0.0,0.0,-0.1602794920405124
1788446949630710797,0,0.5708470313709595,0.5967667459038575,0.0,0.9868717328385681,0.0,0.0,-0.16150598417458686
1788446949650719750,0,0.5708470313709595,0.5967667459038575,0.0,0.986671751214144,0.0,0.0,-0.16272324774295255
1788446949670794153,0,0.5708470313709595,0.5967667459038575,0.0,0.9864706325620874,0.0,0.0,-0.16393807090653198
1788446949697919247,0,0.5708470313709595,0.5967667459038575,0.0,0.9861656282240958,0.0,0.0,-0.1657629443192129
1788446949710750100,0,0.5708470313709595,0.5967667459038575,0.0,0.9860628375432321,0.0,0.0,-0.16637331641879813
1788446949730730244,0,0.5708470313709595,0.5967667459038575,0.0,0.9858562240003113,0.0,0.0,-0.16759327432760576
1788446949750740900,0,0.5708470313709595,0.5967667459038575,0.0,0.9856457965412547,0.0,0.0,-0.1688264308707482
1788446949770761563,0,0.5708470313709595,0.5967667459038575,0.0,0.985435804944344,0.0,0.0,-0.17004785895062824
1788446949797963691,0,0.5708470313709595,0.5967667459038575,0.0,0.9852243512797145,0.0,0.0,-0.17126872932752693
1788446949810751890,0,0.5708470313709595,0.5967667459038575,0.0,0.9850542863759023,0.0,0.0,-0.17224416649762608
1788446949830722075,0,0.5708470313709595,0.5967667459038575,0.0,0.984883956556074,0.0,0.0,-0.1732154499992811
1788446949850727660,0,0.5708470313709595,0.5967667459038575,0.0,0.9847352254640731,0.0,0.0,-0.17405900071590968
1788446949870742822,0,0.5708470313709595,0.5967667459038575,0.0,0.9846087835536205,0.0,0.0,-0.17477283355561832
1788446949898050862,0,0.5708470313709595,0.5967667459038575,0.0,0.9844818528701654,0.0,0.0,-0.17548641363172796
1788446949910755882,0,0.5708470313709595,0.5967667459038575,0.0,0.9843941419545947,0.0,0.0,-0.17597776361085296
1788446949930716000,0,0.5708470313709595,0.5967667459038575,0.0,0.9843070702471451,0.0,0.0,-0.1764641364739073
1788446949950724651,0,0.5708470313709595,0.5967667459038575,0.0,0.9842405029963534,0.0,0.0,-0.17683504251557564
1788446949970872497,0,0.5708470313709595,0.5967667459038575,0.0,0.9841944636246346,0.0,0.0,-0.17709110020161298
1788446949998204382,0,0.5708470313709595,0.5967667459038575,0.0,0.9841478825938483,0.0,0.0,-0.17734978202987706
1788446950010783124,0,0.5708470313709595,0.5967667459038575,0.0,0.9841437007190412,0.0,0.0,-0.17737298648619015
1788446950030749902,0,0.5708470313709595,0.5967667459038575,0.0,0.9841416103536933,0.0,0.0,-0.17738458436526894
1788446950050907272,0,0.5708470313709595,0.5967667459038575,0.0,0.9841374301581823,0.0,0.0,-0.17740777480609152
1788446950070718366,0,0.5708470313709595,0.5967667459038575,0.0,0.9841719193057912,0.0,0.0,-0.1772163458881693
1788446950098173730,0,0.5708470313709595,0.5967667459038575,0.0,0.984229060759696,0.0,0.0,-0.17689871666037238
1788446950110790118,0,0.5708470313709595,0.5967667459038575,0.0,0.9842583271530698,0.0,0.0,-0.1767358068695775
1788446950130751211,0,0.5708470313709595,0.5967667459038575,0.0,0.9843167790038019,0.0,0.0,-0.17640997299353753
1788446950150713340,0,0.5708470313709595,0.5967667459038575,0.0,0.9843783756174327,0.0,0.0,-0.1760659354241601
1788446950170703110,0,0.5708470313709595,0.5967667459038575,0.0,0.9844432026901769,0.0,0.0,-0.17570310377767126
1788446950198038417,0,0.5708470313709595,0.5967667459038575,0.0,0.9845384376695264,0.0,0.0,-0.1751686751426979
1788446950210966892,0,0.5708470313709595,0.5967667459038575,0.0,0.9845690754730048,0.0,0.0,-0.17499638745480642
1788446950230763758,0,0.5708470313709595,0.5967667459038575,0.0,0.984630146918404,0.0,0.0,-0.17465243708417638
1788446950250720297,0,0.5708470313709595,0.5967667459038575,0.0,0.9846908932568077,0.0,0.0,-0.1743096231913494
1788446950270728784,0,0.5708470313709595,0.5967667459038575,0.0,0.9847514624876513,0.0,0.0,-0.17396711507762552
1788446950298062421,0,0.5708470313709595,0.5967667459038575,0.0,0.9848587968678864,0.0,0.0,-0.17335844436294215
1788446950310772083,0,0.5708470313709595,0.5967667459038575,0.0,0.9849056112891187,0.0,0.0,-0.1730922784274543
1788446950330722366,0,0.5708470313709595,0.5967667459038575,0.0,0.984999038659273,0.0,0.0,-0.17255982684364302
1788446950350720053,0,0.5708470313709595,0.5967667459038575,0.0,0.9850916487912409,0.0,0.0,-0.17203035627979849
1788446950370721498,0,0.5708470313709595,0.5967667459038575,0.0,0.9851834664763359,0.0,0.0,-0.17150375325826023
1788446950398006720,0,0.5708470313709595,0.5967667459038575,0.0,0.9853200957785445,0.0,0.0,-0.1707170432468879
1788446950410768477,0,0.5708470313709595,0.5967667459038575,0.0,0.9853651522315718,0.0,0.0,-0.17045678856429033
1788446950430736865,0,0.5708470313709595,0.5967667459038575,0.0,0.9854555188602271,0.0,0.0,-0.16993357628179523
1788446950450719890,0,0.5708470313709595,0.5967667459038575,0.0,0.9855445410767705,0.0,0.0,-0.1694165208997574
1788446950470721943,0,0.5708470313709595,0.5967667459038575,0.0,0.9856327146608829,0.0,0.0,-0.16890278798829414
1788446950497868893,0,0.5708470313709595,0.5967667459038575,0.0,0.9857656628687511,0.0,0.0,-0.16812512575142285
1788446950510732244,0,0.5708470313709595,0.5967667459038575,0.0,0.9858106849422256,0.0,0.0,-0.16786093486496514
1788446950530731354,0,0.5708470313709595,0.5967667459038575,0.0,0.9859017475456725,0.0,0.0,-0.16732526463863437
1788446950550738002,0,0.5708470313709595,0.5967667459038575,0.0,0.9859908575389532,0.0,0.0,-0.1667993670539543
1788446950570725736,0,0.5708470313709595,0.5967667459038575,0.0,0.9860783676890924,0.0,0.0,-0.1662812460129379
1788446950598009069,0,0.5708470313709595,0.5967667459038575,0.0,0.9862097540011304,0.0,0.0,-0.16550021484285105
1788446950610765004,0,0.5708470313709595,0.5967667459038575,0.0,0.9862540320946062,0.0,0.0,-0.16523614670262574
1788446950630727544,0,0.5708470313709595,0.5967667459038575,0.0,0.9863420385968983,0.0,0.0,-0.16470999634665412
1788446950650724180,0,0.5708470313709595,0.5967667459038575,0.0,0.9864290185150419,0.0,0.0,-0.16418828043271275
1788446950670717710,0,0.5708470313709595,0.5967667459038575,0.0,0.9865154041060822,0.0,0.0,-0.16366843758468955
1788446950698041229,0,0.5708470313709595,0.5967667459038575,0.0,0.9866441315297918,0.0,0.0,-0.16289063115422878
1788446950710737583,0,0.5708470313709595,0.5967667459038575,0.0,0.9866871103345135,0.0,0.0,-0.16263009038836412
1788446950730812803,0,0.5708470313709595,0.5967667459038575,0.0,0.9867729044022293,0.0,0.0,-0.16210871394711884
1788446950750729184,0,0.5708470313709595,0.5967667459038575,0.0,0.9868584490898609,0.0,0.0,-0.16158713271778313
1788446950770729172,0,0.5708470313709595,0.5967667459038575,0.0,0.9869437574186144,0.0,0.0,-0.16106526531945753
1788446950798104782,0,0.5708470313709595,0.5967667459038575,0.0,0.9870712190934099,0.0,0.0,-0.16028227736543288
1788446950810809846,0,0.5708470313709595,0.5967667459038575,0.0,0.9871145557427412,0.0,0.0,-0.16001516753361458
1788446950830791001,0,0.5708470313709595,0.5967667459038575,0.0,0.9871992861997138,0.0,0.0,-0.1594915964142805
1788446950850762052,0,0.5708470313709595,0.5967667459038575,0.0,0.9872833896481229,0.0,0.0,-0.15897014979206875
1788446950870764855,0,0.5708470313709595,0.5967667459038575,0.0,0.9873666670622068,0.0,0.0,-0.1584520898393875
1788446950898540676,0,0.5708470313709595,0.5967667459038575,0.0,0.987491116408918,0.0,0.0,-0.15767464924162294
1788446950910739245,0,0.5708470313709595,0.5967667459038575,0.0,0.9875328740258249,0.0,0.0,-0.15741290518345108
1788446950930742228,0,0.5708470313709595,0.5967667459038575,0.0,0.987615405489533,0.0,0.0,-0.1568942664336253
1788446950950722855,0,0.5708470313709595,0.5967667459038575,0.0,0.9876981775535281,0.0,0.0,-0.15637234428580815
1788446950970725663,0,0.5708470313709595,0.5967667459038575,0.0,0.9877812194539854,0.0,0.0,-0.15584692006580494
1788446950998073026,0,0.5708470313709595,0.5967667459038575,0.0,0.9878639565454773,0.0,0.0,-0.15532161265682015
1788446951010760889,0,0.5708470313709595,0.5967667459038575,0.0,0.9879466136871401,0.0,0.0,-0.15479498862725727
1788446951030780010,0,0.5708470313709595,0.5967667459038575,0.0,0.9880290426604053,0.0,0.0,-0.154267983909699
1788446951050726879,0,0.5708470313709595,0.5967667459038575,0.0,0.988110790350374,0.0,0.0,-0.15374350715773102
1788446951070723396,0,0.5708470313709595,0.5967667459038575,0.0,0.9881911569330537,0.0,0.0,-0.1532260988190743
1788446951098082469,0,0.5708470313709595,0.5967667459038575,0.0,0.9882712110291739,0.0,0.0,-0.15270891739165043
1788446951110751988,0,0.5708470313709595,0.5967667459038575,0.0,0.9883813305134942,0.0,0.0,-0.15199455744326842
1788446951130770231,0,0.5708470313709595,0.5967667459038575,0.0,0.988490922485787,0.0,0.0,-0.15128019091473238
1788446951150752575,0,0.5708470313709595,0.5967667459038575,0.0,0.9885991405199588,0.0,0.0,-0.15057137630771267
1788446951170734806,0,0.5708470313709595,0.5967667459038575,0.0,0.9887058521086296,0.0,0.0,-0.1498690695445486
1788446951198054055,0,0.5708470313709595,0.5967667459038575,0.0,0.9888121529031544,0.0,0.0,-0.14916610295582874
1788446951210723069,0,0.5708470313709595,0.5967667459038575,0.0,0.9889164195180553,0.0,0.0,-0.1484732811235394
1788446951230729897,0,0.5708470313709595,0.5967667459038575,0.0,0.9890198646226153,0.0,0.0,-0.14778263558978677
1788446951250724106,0,0.5708470313709595,0.5967667459038575,0.0,0.9891228034397948,0.0,0.0,-0.1470920790369122
1788446951270760477,0,0.5708470313709595,0.5967667459038575,0.0,0.9892253289082852,0.0,0.0,-0.14640098581052968
1788446951298761615,0,0.5708470313709595,0.5967667459038575,0.0,0.9893273601210075,0.0,0.0,-0.1457098984832473
1788446951310721476,0,0.5708470313709595,0.5967667459038575,0.0,0.9894591513439688,0.0,0.0,-0.14481225024725344
1788446951330757044,0,0.5708470313709595,0.5967667459038575,0.0,0.9895260762997913,0.0,0.0,-0.14435423209154513
1788446951350751630,0,0.5708470313709595,0.5967667459038575,0.0,0.9896567177602955,0.0,0.0,-0.14345585032308275
1788446951370746296,0,0.5708470313709595,0.5967667459038575,0.0,0.9897817984781686,0.0,0.0,-0.1425902921005566
1788446951398340160,0,0.5708470313709595,0.5967667459038575,0.0,0.9899688847530103,0.0,0.0,-0.14128555205993687
1788446951410746846,0,0.5708470313709595,0.5967667459038575,0.0,0.9900312145187458,0.0,0.0,-0.14084812486695472
1788446951430743523,0,0.5708470313709595,0.5967667459038575,0.0,0.9901558096578474,0.0,0.0,-0.1399695416896572
1788446951450714523,0,0.5708470313709595,0.5967667459038575,0.0,0.9902804789788481,0.0,0.0,-0.1390847689483762
1788446951470737856,0,0.5708470313709595,0.5967667459038575,0.0,0.9904028314913922,0.0,0.0,-0.13821082220229014
1788446951498039630,0,0.5708470313709595,0.5967667459038575,0.0,0.9905851695989368,0.0,0.0,-0.13689785159251247
1788446951510767600,0,0.5708470313709595,0.5967667459038575,0.0,0.9906458069071116,0.0,0.0,-0.13645836455621851
1788446951530764781,0,0.5708470313709595,0.5967667459038575,0.0,0.9907665129994199,0.0,0.0,-0.13557918984479272
1788446951550723380,0,0.5708470313709595,0.5967667459038575,0.0,0.9908990634726528,0.0,0.0,-0.1346070057947191
1788446951570728105,0,0.5708470313709595,0.5967667459038575,0.0,0.9910431744858361,0.0,0.0,-0.1335418522600187
1788446951598068120,0,0.5708470313709595,0.5967667459038575,0.0,0.9912569522029412,0.0,0.0,-0.1319456505889302
1788446951610741768,0,0.5708470313709595,0.5967667459038575,0.0,0.9913274720689274,0.0,0.0,-0.13141477512604885
1788446951630798417,0,0.5708470313709595,0.5967667459038575,0.0,0.9914683546813806,0.0,0.0,-0.13034761856434557
1788446951650723836,0,0.5708470313709595,0.5967667459038575,0.0,0.9916059829712078,0.0,0.0,-0.12929645987305546
1788446951670726243,0,0.5708470313709595,0.5967667459038575,0.0,0.9917412018589349,0.0,0.0,-0.12825516962444605
1788446951698114787,0,0.5708470313709595,0.5967667459038575,0.0,0.9919425372963654,0.0,0.0,-0.12668860525733444
1788446951710957406,0,0.5708470313709595,0.5967667459038575,0.0,0.9920098232733492,0.0,0.0,-0.12616065364914134
1788446951730757021,0,0.5708470313709595,0.5967667459038575,0.0,0.9921428456895625,0.0,0.0,-0.1251102463710191
1788446951750721631,0,0.5708470313709595,0.5967667459038575,0.0,0.9922754106960984,0.0,0.0,-0.12405446113658862
1788446951770728506,0,0.5708470313709595,0.5967667459038575,0.0,0.9924064263310494,0.0,0.0,-0.12300197143475204
1788446951798028140,0,0.5708470313709595,0.5967667459038575,0.0,0.9926010129431982,0.0,0.0,-0.12142169947804506
1788446951810723470,0,0.5708470313709595,0.5967667459038575,0.0,0.9926654506851158,0.0,0.0,-0.12089376748251301
1788446951830758360,0,0.5708470313709595,0.5967667459038575,0.0,0.9927953566178691,0.0,0.0,-0.11982228456342407
1788446951850736239,0,0.5708470313709595,0.5967667459038575,0.0,0.9929241033401303,0.0,0.0,-0.11875068423465367
1788446951870732362,0,0.5708470313709595,0.5967667459038575,0.0,0.9930484019505575,0.0,0.0,-0.11770671766489786
1788446951898053097,0,0.5708470313709595,0.5967667459038575,0.0,0.9932336114717625,0.0,0.0,-0.11613351386555026
1788446951910757833,0,0.5708470313709595,0.5967667459038575,0.0,0.9932968925643983,0.0,0.0,-0.11559101704678486
1788446951931023253,0,0.5708470313709595,0.5967667459038575,0.0,0.9934203056214334,0.0,0.0,-0.11452552719380076
1788446951950721093,0,0.5708470313709595,0.5967667459038575,0.0,0.993541260625755,0.0,0.0,-0.11347142122219894
1788446951970735452,0,0.5708470313709595,0.5967667459038575,0.0,0.9936630453741743,0.0,0.0,-0.11239996555925524
1788446951998499308,0,0.5708470313709595,0.5967667459038575,0.0,0.9938427006599417,0.0,0.0,-0.1108002091376788
1788446952010742980,0,0.5708470313709595,0.5967667459038575,0.0,0.9939015279803008,0.0,0.0,-0.11027126859895678
1788446952030763825,0,0.5708470313709595,0.5967667459038575,0.0,0.9940178569696234,0.0,0.0,-0.1092176726794583
1788446952050734320,0,0.5708470313709595,0.5967667459038575,0.0,0.9941328316894413,0.0,0.0,-0.10816613590737613
1788446952070732961,0,0.5708470313709595,0.5967667459038575,0.0,0.9942469363092115,0.0,0.0,-0.10711222917924347
1788446952098722651,0,0.5708470313709595,0.5967667459038575,0.0,0.9944156778830794,0.0,0.0,-0.10553416309582318
1788446952110758886,0,0.5708470313709595,0.5967667459038575,0.0,0.9944716086012109,0.0,0.0,-0.10500580786851801
1788446952130756289,0,0.5708470313709595,0.5967667459038575,0.0,0.9945825339218564,0.0,0.0,-0.10394990725142339
1788446952150731512,0,0.5708470313709595,0.5967667459038575,0.0,0.9946920749777953,0.0,0.0,-0.10289643325386953
1788446952170756039,0,0.5708470313709595,0.5967667459038575,0.0,0.9948003226838049,0.0,0.0,-0.10184457760822402
1788446952198391269,0,0.5708470313709595,0.5967667459038575,0.0,0.9949072561945064,0.0,0.0,-0.10079460090460621
1788446952210735252,0,0.5708470313709595,0.5967667459038575,0.0,0.9950137589813871,0.0,0.0,-0.09973775332205044
1788446952230744407,0,0.5708470313709595,0.5967667459038575,0.0,0.9951200145518322,0.0,0.0,-0.098671964804403
1788446952250729927,0,0.5708470313709595,0.5967667459038575,0.0,0.9952241688116786,0.0,0.0,-0.09761584816567163
1788446952270726695,0,0.5708470313709595,0.5967667459038575,0.0,0.9953272796142325,0.0,0.0,-0.09655882381083285
1788446952297724384,0,0.5708470313709595,0.5967667459038575,0.0,0.9954292485422028,0.0,0.0,-0.09550189080172855
1788446952310861104,0,0.5708470313709595,0.5967667459038575,0.0,0.9955293597872754,0.0,0.0,-0.0944526008193398
1788446952330764339,0,0.5708470313709595,0.5967667459038575,0.0,0.9956291422972119,0.0,0.0,-0.09339491960764335
1788446952350714663,0,0.5708470313709595,0.5967667459038575,0.0,0.9957274251850977,0.0,0.0,-0.09234118655429732
1788446952370730246,0,0.5708470313709595,0.5967667459038575,0.0,0.9958249155595942,0.0,0.0,-0.09128382962347213
1788446952398060891,0,0.5708470313709595,0.5967667459038575,0.0,0.9959211736736768,0.0,0.0,-0.0902275779817123
1788446952410761662,0,0.5708470313709595,0.5967667459038575,0.0,0.9960157168145798,0.0,0.0,-0.0891778664150404
1788446952430722846,0,0.5708470313709595,0.5967667459038575,0.0,0.9960625885986769,0.0,0.0,-0.08865280364491017
1788446952450720224,0,0.5708470313709595,0.5967667459038575,0.0,0.9961558486539563,0.0,0.0,-0.0875986597643824
1788446952470748360,0,0.5708470313709595,0.5967667459038575,0.0,0.99624850642651,0.0,0.0,-0.08653850843958542
1788446952498082132,0,0.5708470313709595,0.5967667459038575,0.0,0.9963854724281539,0.0,0.0,-0.08494698543282443
1788446952510730230,0,0.5708470313709595,0.5967667459038575,0.0,0.9964300376188017,0.0,0.0,-0.08442262807442918
1788446952530771053,0,0.5708470313709595,0.5967667459038575,0.0,0.9965183266245242,0.0,0.0,-0.08337400495033265
1788446952550922056,0,0.5708470313709595,0.5967667459038575,0.0,0.9966055229449382,0.0,0.0,-0.08232515797522784
1788446952570732793,0,0.5708470313709595,0.5967667459038575,0.0,0.9966933463779193,0.0,0.0,-0.08125498929902723
1788446952598013393,0,0.5708470313709595,0.5967667459038575,0.0,0.9968218624039497,0.0,0.0,-0.07966288115252497
1788446952610724821,0,0.5708470313709595,0.5967667459038575,0.0,0.9968636906496331,0.0,0.0,-0.07913774235086984
1788446952630749406,0,0.5708470313709595,0.5967667459038575,0.0,0.9969465107574571,0.0,0.0,-0.0780874809974782
1788446952650710683,0,0.5708470313709595,0.5967667459038575,0.0,0.9970285886284818,0.0,0.0,-0.07703241822439268
1788446952670730553,0,0.5708470313709595,0.5967667459038575,0.0,0.9971099645371253,0.0,0.0,-0.07597182780987179
1788446952698060171,0,0.5708470313709595,0.5967667459038575,0.0,0.997230237186238,0.0,0.0,-0.07437643471879636
1788446952710887457,0,0.5708470313709595,0.5967667459038575,0.0,0.997269561194411,0.0,0.0,-0.07384729050619886
1788446952730728208,0,0.5708470313709595,0.5967667459038575,0.0,0.997346625909993,0.0,0.0,-0.07279909193082376
1788446952750739055,0,0.5708470313709595,0.5967667459038575,0.0,0.9974235170214193,0.0,0.0,-0.07173790973134478
1788446952770751757,0,0.5708470313709595,0.5967667459038575,0.0,0.9974990169042423,0.0,0.0,-0.07068034574809429
1788446952797959403,0,0.5708470313709595,0.5967667459038575,0.0,0.9976106323440131,0.0,0.0,-0.0690870916610211
1788446952810756165,0,0.5708470313709595,0.5967667459038575,0.0,0.9976469538156418,0.0,0.0,-0.06856059759344718
1788446952830731864,0,0.5708470313709595,0.5967667459038575,0.0,0.9977187974192959,0.0,0.0,-0.06750704612256349
1788446952850719455,0,0.5708470313709595,0.5967667459038575,0.0,0.9977898966103789,0.0,0.0,-0.06644789102935801
1788446952871285659,0,0.5708470313709595,0.5967667459038575,0.0,0.9978598091576912,0.0,0.0,-0.06538961131384805
1788446952898171897,0,0.5708470313709595,0.5967667459038575,0.0,0.997962571233426,0.0,0.0,-0.0638020878746861
1788446952910730133,0,0.5708470313709595,0.5967667459038575,0.0,0.9979962733009847,0.0,0.0,-0.06327273091424304
1788446952930739870,0,0.5708470313709595,0.5967667459038575,0.0,0.998062830530625,0.0,0.0,-0.062214036303691336
1788446952950726108,0,0.5708470313709595,0.5967667459038575,0.0,0.9981290651294555,0.0,0.0,-0.06114220591211169
1788446952970753703,0,0.5708470313709595,0.5967667459038575,0.0,0.9981930076202598,0.0,0.0,-0.060089263084349184
1788446952998785214,0,0.5708470313709595,0.5967667459038575,0.0,0.9982870710029933,0.0,0.0,-0.058505759274319134
1788446953010731254,0,0.5708470313709595,0.5967667459038575,0.0,0.998318021659817,0.0,0.0,-0.05797523289499658
1788446953030748335,0,0.5708470313709595,0.5967667459038575,0.0,0.9983790932841349,0.0,0.0,-0.0569138479910537
1788446953050732701,0,0.5708470313709595,0.5967667459038575,0.0,0.9984387924873238,0.0,0.0,-0.05585676016790355
1788446953070732822,0,0.5708470313709595,0.5967667459038575,0.0,0.998497150733613,0.0,0.0,-0.05480364930236444
1788446953098108477,0,0.5708470313709595,0.5967667459038575,0.0,0.9985830816483018,0.0,0.0,-0.05321493254511345
1788446953110736241,0,0.5708470313709595,0.5967667459038575,0.0,0.998611256095059,0.0,0.0,-0.05268357619076872
1788446953130750819,0,0.5708470313709595,0.5967667459038575,0.0,0.9986667867045781,0.0,0.0,-0.05162023956891999
1788446953150722035,0,0.5708470313709595,0.5967667459038575,0.0,0.9987207853505177,0.0,0.0,-0.05056473977828098
1788446953170728632,0,0.5708470313709595,0.5967667459038575,0.0,0.9987739670235395,0.0,0.0,-0.04950315945534753
1788446953197927078,0,0.5708470313709595,0.5967667459038575,0.0,0.9988517423770376,0.0,0.0,-0.04790821172154317
1788446953210779406,0,0.5708470313709595,0.5967667459038575,0.0,0.9988771352507039,0.0,0.0,-0.0473758237220951
1788446953230724221,0,0.5708470313709595,0.5967667459038575,0.0,0.9989271343805739,0.0,0.0,-0.046309612373834755
1788446953250710772,0,0.5708470313709595,0.5967667459038575,0.0,0.9989757737840458,0.0,0.0,-0.045248241872662014
1788446953270751309,0,0.5708470313709595,0.5967667459038575,0.0,0.9990231043094687,0.0,0.0,-0.0441909159881583
1788446953299054510,0,0.5708470313709595,0.5967667459038575,0.0,0.9990920039824529,0.0,0.0,-0.042604783514604574
1788446953310784424,0,0.5708470313709595,0.5967667459038575,0.0,0.9991145643014445,0.0,0.0,-0.04207240664300782
1788446953330731065,0,0.5708470313709595,0.5967667459038575,0.0,0.9991584486385217,0.0,0.0,-0.04101700274596732
1788446953350710254,0,0.5708470313709595,0.5967667459038575,0.0,0.9992011864403136,0.0,0.0,-0.039962344979612804
1788446953370728688,0,0.5708470313709595,0.5967667459038575,0.0,0.9992427860566522,0.0,0.0,-0.03890828335637113
1788446953398414760,0,0.5708470313709595,0.5967667459038575,0.0,0.9992831800670148,0.0,0.0,-0.03785665113495965
1788446953410732866,0,0.5708470313709595,0.5967667459038575,0.0,0.9993227950172604,0.0,0.0,-0.03679607803680427
1788446953430730781,0,0.5708470313709595,0.5967667459038575,0.0,0.9993612762699304,0.0,0.0,-0.03573568933343491
1788446953450676948,0,0.5708470313709595,0.5967667459038575,0.0,0.9993991984468111,0.0,0.0,-0.03465894031662573
1788446953470743459,0,0.5708470313709595,0.5967667459038575,0.0,0.9994354619293465,0.0,0.0,-0.033596985550400506
1788446953498383510,0,0.5708470313709595,0.5967667459038575,0.0,0.9994705782099075,0.0,0.0,-0.032535569654659445
1788446953510711067,0,0.5708470313709595,0.5967667459038575,0.0,0.9995042525821641,0.0,0.0,-0.031484108216200256
1788446953530747101,0,0.5708470313709595,0.5967667459038575,0.0,0.999536838747641,0.0,0.0,-0.030432022383871042
1788446953550720348,0,0.5708470313709595,0.5967667459038575,0.0,0.9995684367776845,0.0,0.0,-0.029375843780495837
1788446953570721579,0,0.5708470313709595,0.5967667459038575,0.0,0.9995991318615535,0.0,0.0,-0.02831211015852742
1788446953597923444,0,0.5708470313709595,0.5967667459038575,0.0,0.9996288918565728,0.0,0.0,-0.027241119022543583
1788446953610859278,0,0.5708470313709595,0.5967667459038575,0.0,0.9996571009411754,0.0,0.0,-0.026185502437123427
1788446953630721896,0,0.5708470313709595,0.5967667459038575,0.0,0.9996841946003391,0.0,0.0,-0.025129883928730144
1788446953650712966,0,0.5708470313709595,0.5967667459038575,0.0,0.9996973279741763,0.0,0.0,-0.02460187881630558
1788446953670750290,0,0.5708470313709595,0.5967667459038575,0.0,0.9997230123234984,0.0,0.0,-0.023535051111697913
1788446953698595634,0,0.5708470313709595,0.5967667459038575,0.0,0.999759556286119,0.0,0.0,-0.02192782740224071
1788446953710757458,0,0.5708470313709595,0.5967667459038575,0.0,0.9997709098558119,0.0,0.0,-0.02140392034376037
1788446953730711333,0,0.5708470313709595,0.5967667459038575,0.0,0.9997930422604266,0.0,0.0,-0.020343860195172748
1788446953750715213,0,0.5708470313709595,0.5967667459038575,0.0,0.9998138024350072,0.0,0.0,-0.01929664376134799
1788446953770733965,0,0.5708470313709595,0.5967667459038575,0.0,0.9998337518870034,0.0,0.0,-0.018233721165966155
1788446953798400263,0,0.5708470313709595,0.5967667459038575,0.0,0.9998619247999881,0.0,0.0,-0.016617199982632738
1788446953810733582,0,0.5708470313709595,0.5967667459038575,0.0,0.9998705627815971,0.0,0.0,-0.016089054751977232
1788446953830722585,0,0.5708470313709595,0.5967667459038575,0.0,0.9998869989992942,0.0,0.0,-0.015032938241922113
1788446953850723337,0,0.5708470313709595,0.5967667459038575,0.0,0.999902318973094,0.0,0.0,-0.013976856307085951
1788446953870730254,0,0.5708470313709595,0.5967667459038575,0.0,0.9999166291545513,0.0,0.0,-0.012912580694794139
1788446953898520496,0,0.5708470313709595,0.5967667459038575,0.0,0.9999358763503863,0.0,0.0,-0.011324450864608529
1788446953910721045,0,0.5708470313709595,0.5967667459038575,0.0,0.9999416787409994,0.0,0.0,-0.010799959103255402
1788446953930726670,0,0.5708470313709595,0.5967667459038575,0.0,0.9999524539408341,0.0,0.0,-0.009751402858255629
1788446953950727385,0,0.5708470313709595,0.5967667459038575,0.0,0.9999622136138917,0.0,0.0,-0.008693178038307067
1788446953970723072,0,0.5708470313709595,0.5967667459038575,0.0,0.9999709266997517,0.0,0.0,-0.007625336401744946
1788446953998418089,0,0.5708470313709595,0.5967667459038575,0.0,0.999981916958151,0.0,0.0,-0.006013797194925793
1788446954010712761,0,0.5708470313709595,0.5967667459038575,0.0,0.9999849607779325,0.0,0.0,-0.005484361216840048
1788446954030732404,0,0.5708470313709595,0.5967667459038575,0.0,0.9999902460067503,0.0,0.0,-0.004416773863225696
1788446954050714752,0,0.5708470313709595,0.5967667459038575,0.0,0.9999943567403109,0.0,0.0,-0.003359536803163474
1788446954070734118,0,0.5708470313709595,0.5967667459038575,0.0,0.9999973462756843,0.0,0.0,-0.0023037885296037747
1788446954098063905,0,0.5708470313709595,0.5967667459038575,0.0,0.999999803509033,0.0,0.0,-0.0006268826807990807
1788446954110762587,0,0.5708470313709595,0.5967667459038575,0.0,0.9999999999843154,0.0,0.0,-5.600824565102523e-06
1788446954130715021,0,0.5708470313709595,0.5967667459038575,0.0,0.9999992321899565,0.0,0.0,0.0012392011529687695
1788446954150712192,0,0.5708470313709595,0.5967667459038575,0.0,0.99999686383005,0.0,0.0,0.0025044620309146387
1788446954170738130,0,0.5708470313709595,0.5967667459038575,0.0,0.9999929483036344,0.0,0.0,0.0037554417855668576
1788446954198756220,0,0.5708470313709595,0.5967667459038575,0.0,0.9999841628362932,0.0,0.0,0.005627972689869634
1788446954210747769,0,0.5708470313709595,0.5967667459038575,0.0,0.999980480522702,0.0,0.0,0.006248085593670295
1788446954230742438,0,0.5708470313709595,0.5967667459038575,0.0,0.9999719649467081,0.0,0.0,0.0074879450197894125
1788446954250712353,0,0.5708470313709595,0.5967667459038575,0.0,0.9999619773461816,0.0,0.0,0.008720313177547172
1788446954270743493,0,0.5708470313709595,0.5967667459038575,0.0,0.999950556254637,0.0,0.0,0.009944096039457477
1788446954298301282,0,0.5708470313709595,0.5967667459038575,0.0,0.999930440374505,0.0,0.0,0.01179467729310987
1788446954310721636,0,0.5708470313709595,0.5967667459038575,0.0,0.9999228729908882,0.0,0.0,0.012419664635090933
1788446954330743366,0,0.5708470313709595,0.5967667459038575,0.0,0.9999065683175186,0.0,0.0,0.013669478244749329
1788446954350723313,0,0.5708470313709595,0.5967667459038575,0.0,0.9998888305045431,0.0,0.0,0.014910621457776446
1788446954370720431,0,0.5708470313709595,0.5967667459038575,0.0,0.9998696827302421,0.0,0.0,0.016143653766264646
1788446954398353355,0,0.5708470313709595,0.5967667459038575,0.0,0.9998380460824611,0.0,0.0,0.01799671097746352
1788446954410755284,0,0.5708470313709595,0.5967667459038575,0.0,0.9998268309155958,0.0,0.0,0.01860935735796906
1788446954430744464,0,0.5708470313709595,0.5967667459038575,0.0,0.9998031259133228,0.0,0.0,0.019842112134258308
1788446954450726379,0,0.5708470313709595,0.5967667459038575,0.0,0.9997776425926036,0.0,0.0,0.021087090173284757
1788446954470749598,0,0.5708470313709595,0.5967667459038575,0.0,0.9997504959030233,0.0,0.0,0.02233709787906292
1788446954497956860,0,0.5708470313709595,0.5967667459038575,0.0,0.9997220925336915,0.0,0.0,0.02357408959126846
1788446954510766738,0,0.5708470313709595,0.5967667459038575,0.0,0.9996918300147608,0.0,0.0,0.024824282501988416
1788446954530722303,0,0.5708470313709595,0.5967667459038575,0.0,0.999660092754049,0.0,0.0,0.02607103670677905
1788446954550721078,0,0.5708470313709595,0.5967667459038575,0.0,0.9996269710460152,0.0,0.0,0.027311513274977058
1788446954570744746,0,0.5708470313709595,0.5967667459038575,0.0,0.9995923580362214,0.0,0.0,0.028550267171895957
1788446954598621341,0,0.5708470313709595,0.5967667459038575,0.0,0.9995561749351487,0.0,0.0,0.02979015187967998
1788446954610746197,0,0.5708470313709595,0.5967667459038575,0.0,0.9995188400538434,0.0,0.0,0.031017549507004777
1788446954630722818,0,0.5708470313709595,0.5967667459038575,0.0,0.9994800211850315,0.0,0.0,0.03224418167621558
1788446954650730236,0,0.5708470313709595,0.5967667459038575,0.0,0.9994394826210644,0.0,0.0,0.03347716502541961
1788446954670737248,0,0.5708470313709595,0.5967667459038575,0.0,0.999397247547529,0.0,0.0,0.03471514935043441
1788446954698087746,0,0.5708470313709595,0.5967667459038575,0.0,0.9993534690956646,0.0,0.0,0.035953355983282566
1788446954710750156,0,0.5708470313709595,0.5967667459038575,0.0,0.9993083074815843,0.0,0.0,0.03718745216186997
1788446954730741612,0,0.5708470313709595,0.5967667459038575,0.0,0.999261430199524,0.0,0.0,0.03842647675238947
1788446954750725507,0,0.5708470313709595,0.5967667459038575,0.0,0.9992134000927252,0.0,0.0,0.039655782366956584
1788446954770725338,0,0.5708470313709595,0.5967667459038575,0.0,0.9991882896803708,0.0,0.0,0.040283517294491124
1788446954798034621,0,0.5708470313709595,0.5967667459038575,0.0,0.9991117534106074,0.0,0.0,0.04213910531539165
1788446954810724212,0,0.5708470313709595,0.5967667459038575,0.0,0.9990854949368557,0.0,0.0,0.04275714918908915
1788446954830722190,0,0.5708470313709595,0.5967667459038575,0.0,0.9990313763957471,0.0,0.0,0.04400351096013801
1788446954850719469,0,0.5708470313709595,0.5967667459038575,0.0,0.9989759079681347,0.0,0.0,0.045245279303378134
1788446954870717593,0,0.5708470313709595,0.5967667459038575,0.0,0.9989189898609881,0.0,0.0,0.046484962031855294
1788446954898020515,0,0.5708470313709595,0.5967667459038575,0.0,0.9988308046268296,0.0,0.0,0.048342773281227325
1788446954910760762,0,0.5708470313709595,0.5967667459038575,0.0,0.998800815209683,0.0,0.0,0.048958467464501616
1788446954930724902,0,0.5708470313709595,0.5967667459038575,0.0,0.9987395833806048,0.0,0.0,0.05019207695180701
1788446954950710985,0,0.5708470313709595,0.5967667459038575,0.0,0.9986770254565936,0.0,0.0,0.051421773843091934
1788446954970733454,0,0.5708470313709595,0.5967667459038575,0.0,0.9986130409877637,0.0,0.0,0.052649732849947714
1788446954997785609,0,0.5708470313709595,0.5967667459038575,0.0,0.9985135620773068,0.0,0.0,0.05450381956971903
1788446955010738824,0,0.5708470313709595,0.5967667459038575,0.0,0.998479711059827,0.0,0.0,0.055120473527396296
1788446955030757894,0,0.5708470313709595,0.5967667459038575,0.0,0.9984108634544046,0.0,0.0,0.05635377304342965
1788446955050711661,0,0.5708470313709595,0.5967667459038575,0.0,0.9983393814640349,0.0,0.0,0.057606244609487836
1788446955070752588,0,0.5708470313709595,0.5967667459038575,0.0,0.9982664162091582,0.0,0.0,0.058857134392728695
1788446955098142215,0,0.5708470313709595,0.5967667459038575,0.0,0.9981556696286004,0.0,0.0,0.06070633565189303
1788446955110714022,0,0.5708470313709595,0.5967667459038575,0.0,0.9981182661576133,0.0,0.0,0.06131824167831018
1788446955130726330,0,0.5708470313709595,0.5967667459038575,0.0,0.9980423117639382,0.0,0.0,0.06254233709171796
1788446955150716282,0,0.5708470313709595,0.5967667459038575,0.0,0.9979644174894007,0.0,0.0,0.06377320303263072
1788446955170731651,0,0.5708470313709595,0.5967667459038575,0.0,0.997884521790593,0.0,0.0,0.0650113926228282
1788446955198097356,0,0.5708470313709595,0.5967667459038575,0.0,0.9977617649720886,0.0,0.0,0.06686897905443706
1788446955210721446,0,0.5708470313709595,0.5967667459038575,0.0,0.9977200892237811,0.0,0.0,0.0674879512156821
1788446955230743638,0,0.5708470313709595,0.5967667459038575,0.0,0.9976355696912359,0.0,0.0,0.0687260510057374
1788446955250749355,0,0.5708470313709595,0.5967667459038575,0.0,0.9975497238609831,0.0,0.0,0.06996104934087609
1788446955270749571,0,0.5708470313709595,0.5967667459038575,0.0,0.9974625002557106,0.0,0.0,0.07119382405536634
1788446955298037092,0,0.5708470313709595,0.5967667459038575,0.0,0.9973276775399091,0.0,0.0,0.07305822070685099
1788446955310773867,0,0.5708470313709595,0.5967667459038575,0.0,0.9972809590779365,0.0,0.0,0.07369320633946676
1788446955330720882,0,0.5708470313709595,0.5967667459038575,0.0,0.9971889758853699,0.0,0.0,0.0749276075467993
1788446955350719080,0,0.5708470313709595,0.5967667459038575,0.0,0.9970952285184527,0.0,0.0,0.0761649871380189
1788446955370738201,0,0.5708470313709595,0.5967667459038575,0.0,0.996999705313875,0.0,0.0,0.0774053460947384
1788446955398062228,0,0.5708470313709595,0.5967667459038575,0.0,0.9968534152816578,0.0,0.0,0.07926707034635921
1788446955410755963,0,0.5708470313709595,0.5967667459038575,0.0,0.9968029241684289,0.0,0.0,0.07989950168348613
1788446955430761762,0,0.5708470313709595,0.5967667459038575,0.0,0.9967035233353848,0.0,0.0,0.08113005960080467
1788446955450724579,0,0.5708470313709595,0.5967667459038575,0.0,0.9966030231365246,0.0,0.0,0.08235541436444667
1788446955470733145,0,0.5708470313709595,0.5967667459038575,0.0,0.9965006454702214,0.0,0.0,0.08358506790947794
1788446955498077090,0,0.5708470313709595,0.5967667459038575,0.0,0.9963975986442389,0.0,0.0,0.0848046308640874
1788446955510731382,0,0.5708470313709595,0.5967667459038575,0.0,0.9962922106066253,0.0,0.0,0.08603389497496776
1788446955530751788,0,0.5708470313709595,0.5967667459038575,0.0,0.9961852755399632,0.0,0.0,0.08726337603695836
1788446955550722189,0,0.5708470313709595,0.5967667459038575,0.0,0.9960764045184004,0.0,0.0,0.0884974370346165
1788446955570730096,0,0.5708470313709595,0.5967667459038575,0.0,0.9959661712255414,0.0,0.0,0.0897295145107535
1788446955598387795,0,0.5708470313709595,0.5967667459038575,0.0,0.9958543808989839,0.0,0.0,0.09096181640832306
1788446955610724664,0,0.5708470313709595,0.5967667459038575,0.0,0.9957417009570988,0.0,0.0,0.09218711935549097
1788446955630757309,0,0.5708470313709595,0.5967667459038575,0.0,0.9956274511313393,0.0,0.0,0.09341294639241725
1788446955650719994,0,0.5708470313709595,0.5967667459038575,0.0,0.9955115138886591,0.0,0.0,0.09464050779190754
1788446955670728166,0,0.5708470313709595,0.5967667459038575,0.0,0.9955115138886591,0.0,0.0,0.09464050779190754
1788446955697998169,0,0.5708470313709595,0.5967667459038575,0.0,0.9955115138886591,0.0,0.0,0.09464050779190754
1788446955710753314,0,0.5708470313709595,0.5967667459038575,0.0,0.9955115138886591,0.0,0.0,0.09464050779190754
1788446955730750099,0,0.5708470313709595,0.5967667459038575,0.0,0.9955115138886591,0.0,0.0,0.09464050779190754
1788446955750723558,0,0.5708450484748393,0.5967663654483166,0.0,0.9955115138886591,0.0,0.0,0.09464050779190754
1788446955770946616,0,0.5708410802517446,0.5967656040708302,0.0,0.9955115138886591,0.0,0.0,0.09464050779190754
1788446955798086052,0,0.5708371130950078,0.5967648428979445,0.0,0.9955115138886591,0.0,0.0,0.09464050779190754
1788446955811067798,0,0.5708371130950078,0.5967648428979445,0.0,0.9955115138886591,0.0,0.0,0.09464050779190754
1788446955830773139,0,0.5708371130950078,0.5967648428979445,0.0,0.9955115138886591,0.0,0.0,0.09464050779190754
1788446955850726161,0,0.570832367697199,0.596763932405312,0.0,0.9955115138886591,0.0,0.0,0.09464050779190754
1788446955870775481,0,0.5708275433644061,0.596763006767538,0.0,0.9955115138886591,0.0,0.0,0.09464050779190754
1788446955898579418,0,0.5708132978778778,0.5967602735065866,0.0,0.9955115138886591,0.0,0.0,0.09464050779190754
1788446955910733708,0,0.5708132978778778,0.5967602735065866,0.0,0.9955115138886591,0.0,0.0,0.09464050779190754
1788446955930743061,0,0.5708132978778778,0.5967602735065866,0.0,0.9955115138886591,0.0,0.0,0.09464050779190754
1788446955950734575,0,0.5708132978778778,0.5967602735065866,0.0,0.9955115138886591,0.0,0.0,0.09464050779190754
1788446955970737441,0,0.5708132978778778,0.5967602735065866,0.0,0.9955115138886591,0.0,0.0,0.09464050779190754
1788446955998057897,0,0.5708132978778778,0.5967602735065866,0.0,0.9955115138886591,0.0,0.0,0.09464050779190754
1788446956010718886,0,0.5708132978778778,0.5967602735065866,0.0,0.9955115138886591,0.0,0.0,0.09464050779190754
1788446956030744696,0,0.5708132978778778,0.5967602735065866,0.0,0.9955115138886591,0.0,0.0,0.09464050779190754
1788446956050725842,0,0.5708132978778778,0.5967602735065866,0.0,0.9955115138886591,0.0,0.0,0.09464050779190754
1788446956070735886,0,0.5708132978778778,0.5967602735065866,0.0,0.9955115138886591,0.0,0.0,0.09464050779190754
1788446956098601480,0,0.5708132978778778,0.5967602735065866,0.0,0.9955115138886591,0.0,0.0,0.09464050779190754
1788446956110779201,0,0.5708132978778778,0.5967602735065866,0.0,0.9955115138886591,0.0,0.0,0.09464050779190754
1788446956130727002,0,0.5708132978778778,0.5967602735065866,0.0,0.9955115138886591,0.0,0.0,0.09464050779190754
1788446956150721626,0,0.5708132978778778,0.5967602735065866,0.0,0.9955115138886591,0.0,0.0,0.09464050779190754
1788446956170734328,0,0.5708132978778778,0.5967602735065866,0.0,0.9955115138886591,0.0,0.0,0.09464050779190754
1788446956198651024,0,0.5708132978778778,0.5967602735065866,0.0,0.9955115138886591,0.0,0.0,0.09464050779190754
1788446956210754326,0,0.5708132978778778,0.5967602735065866,0.0,0.9955115138886591,0.0,0.0,0.09464050779190754
1788446956230725194,0,0.5708132978778778,0.5967602735065866,0.0,0.9955115138886591,0.0,0.0,0.09464050779190754
1788446956250724709,0,0.5708132978778778,0.5967602735065866,0.0,0.9955115138886591,0.0,0.0,0.09464050779190754
1788446956270773686,0,0.5708132978778778,0.5967602735065866,0.0,0.9955115138886591,0.0,0.0,0.09464050779190754
1788446956298675371,0,0.5708132978778778,0.5967602735065866,0.0,0.9955115138886591,0.0,0.0,0.09464050779190754
1788446956310771913,0,0.5708132978778778,0.5967602735065866,0.0,0.9955115138886591,0.0,0.0,0.09464050779190754
1788446956330758798,0,0.5708132978778778,0.5967602735065866,0.0,0.9955115138886591,0.0,0.0,0.09464050779190754
1788446956350725499,0,0.5708132978778778,0.5967602735065866,0.0,0.9955115138886591,0.0,0.0,0.09464050779190754
1788446956370729046,0,0.5708132978778778,0.5967602735065866,0.0,0.9955115138886591,0.0,0.0,0.09464050779190754
1788446956399317569,0,0.5708132978778778,0.5967602735065866,0.0,0.9955115138886591,0.0,0.0,0.09464050779190754
1788446956410791570,0,0.5708132978778778,0.5967602735065866,0.0,0.9955115138886591,0.0,0.0,0.09464050779190754
1788446956430741482,0,0.5708132978778778,0.5967602735065866,0.0,0.9955115138886591,0.0,0.0,0.09464050779190754
1788446956450721607,0,0.5708132978778778,0.5967602735065866,0.0,0.9955115138886591,0.0,0.0,0.09464050779190754
1788446956470722032,0,0.5708132978778778,0.5967602735065866,0.0,0.9955115138886591,0.0,0.0,0.09464050779190754
1788446956498614719,0,0.5708132978778778,0.5967602735065866,0.0,0.9955115138886591,0.0,0.0,0.09464050779190754
1788446956510736409,0,0.5708132978778778,0.5967602735065866,0.0,0.9955115138886591,0.0,0.0,0.09464050779190754
1788446956530728610,0,0.5708132978778778,0.5967602735065866,0.0,0.9955115138886591,0.0,0.0,0.09464050779190754
1788446956550734921,0,0.5708132978778778,0.5967602735065866,0.0,0.9955115138886591,0.0,0.0,0.09464050779190754
1788446956570735154,0,0.5708132978778778,0.5967602735065866,0.0,0.9955115138886591,0.0,0.0,0.09464050779190754
1788446956598091396,0,0.5708132978778778,0.5967602735065866,0.0,0.9955115138886591,0.0,0.0,0.09464050779190754
1788446956610761334,0,0.5708132978778778,0.5967602735065866,0.0,0.9955115138886591,0.0,0.0,0.09464050779190754
1788446956630732189,0,0.5708132978778778,0.5967602735065866,0.0,0.9955115138886591,0.0,0.0,0.09464050779190754
1788446956650726323,0,0.5708132978778778,0.5967602735065866,0.0,0.9955115138886591,0.0,0.0,0.09464050779190754
1788446956670725027,0,0.5708132978778778,0.5967602735065866,0.0,0.9955115138886591,0.0,0.0,0.09464050779190754
1788446956698566494,0,0.5708132978778778,0.5967602735065866,0.0,0.9955115138886591,0.0,0.0,0.09464050779190754
1788446956710772083,0,0.5708132978778778,0.5967602735065866,0.0,0.9955115138886591,0.0,0.0,0.09464050779190754
1788446956730751246,0,0.5708132978778778,0.5967602735065866,0.0,0.9955115138886591,0.0,0.0,0.09464050779190754
1788446956750727960,0,0.5708132978778778,0.5967602735065866,0.0,0.9955115138886591,0.0,0.0,0.09464050779190754
1788446956770745422,0,0.5708132978778778,0.5967602735065866,0.0,0.9955115138886591,0.0,0.0,0.09464050779190754
1788446956798574328,0,0.5708132978778778,0.5967602735065866,0.0,0.9955115138886591,0.0,0.0,0.09464050779190754
1788446956810734271,0,0.5708132978778778,0.5967602735065866,0.0,0.9955115138886591,0.0,0.0,0.09464050779190754
1788446956830724789,0,0.5708132978778778,0.5967602735065866,0.0,0.9955115138886591,0.0,0.0,0.09464050779190754
1788446956850725509,0,0.5708132978778778,0.5967602735065866,0.0,0.9955115138886591,0.0,0.0,0.09464050779190754
1788446956870730099,0,0.5708132978778778,0.5967602735065866,0.0,0.9955115138886591,0.0,0.0,0.09464050779190754
1788446956898502729,0,0.5708132978778778,0.5967602735065866,0.0,0.9955115138886591,0.0,0.0,0.09464050779190754
1788446956910732538,0,0.5708132978778778,0.5967602735065866,0.0,0.9955115138886591,0.0,0.0,0.09464050779190754
1788446956930725628,0,0.5708132978778778,0.5967602735065866,0.0,0.9955115138886591,0.0,0.0,0.09464050779190754
1788446956950725738,0,0.5708132978778778,0.5967602735065866,0.0,0.9955115138886591,0.0,0.0,0.09464050779190754
1788446956970738004,0,0.5708132978778778,0.5967602735065866,0.0,0.9955115138886591,0.0,0.0,0.09464050779190754
1788446956998503541,0,0.5708132978778778,0.5967602735065866,0.0,0.9955115138886591,0.0,0.0,0.09464050779190754
1788446957010751085,0,0.5708132978778778,0.5967602735065866,0.0,0.9955115138886591,0.0,0.0,0.09464050779190754
1788446957030729469,0,0.5708132978778778,0.5967602735065866,0.0,0.9955115138886591,0.0,0.0,0.09464050779190754
1788446957050732609,0,0.5708132978778778,0.5967602735065866,0.0,0.9955115138886591,0.0,0.0,0.09464050779190754
1788446957070776405,0,0.5708132978778778,0.5967602735065866,0.0,0.9955115138886591,0.0,0.0,0.09464050779190754
1788446957098107429,0,0.5708132978778778,0.5967602735065866,0.0,0.9955115138886591,0.0,0.0,0.09464050779190754
1788446957110771693,0,0.5708132978778778,0.5967602735065866,0.0,0.9955115138886591,0.0,0.0,0.09464050779190754
1788446957130662130,0,0.5708132978778778,0.5967602735065866,0.0,0.9955115138886591,0.0,0.0,0.09464050779190754
1788446957150724023,0,0.5708132978778778,0.5967602735065866,0.0,0.9955115138886591,0.0,0.0,0.09464050779190754
1788446957170759541,0,0.5708132978778778,0.5967602735065866,0.0,0.9955115138886591,0.0,0.0,0.09464050779190754
1788446957198496375,0,0.5708132978778778,0.5967602735065866,0.0,0.9955115138886591,0.0,0.0,0.09464050779190754
1788446957210825619,0,0.5708132978778778,0.5967602735065866,0.0,0.9955115138886591,0.0,0.0,0.09464050779190754
1788446957230774615,0,0.5708132978778778,0.5967602735065866,0.0,0.9955115138886591,0.0,0.0,0.09464050779190754
1788446957250809715,0,0.5708132978778778,0.5967602735065866,0.0,0.9955115138886591,0.0,0.0,0.09464050779190754
1788446957270770820,0,0.5708132978778778,0.5967602735065866,0.0,0.9955115138886591,0.0,0.0,0.09464050779190754
1788446957298673370,0,0.5708132978778778,0.5967602735065866,0.0,0.9955115138886591,0.0,0.0,0.09464050779190754
1788446957310730298,0,0.5708132978778778,0.5967602735065866,0.0,0.9955115138886591,0.0,0.0,0.09464050779190754
1788446957330782234,0,0.5708132978778778,0.5967602735065866,0.0,0.9955115138886591,0.0,0.0,0.09464050779190754
1788446957350717834,0,0.5708132978778778,0.5967602735065866,0.0,0.9955115138886591,0.0,0.0,0.09464050779190754
1788446957370721403,0,0.5708132978778778,0.5967602735065866,0.0,0.9955115138886591,0.0,0.0,0.09464050779190754
1788446957398458918,0,0.5708132978778778,0.5967602735065866,0.0,0.9955115138886591,0.0,0.0,0.09464050779190754
1788446957410767661,0,0.5708132978778778,0.5967602735065866,0.0,0.9955115138886591,0.0,0.0,0.09464050779190754
1788446957430731369,0,0.5708132978778778,0.5967602735065866,0.0,0.9955115138886591,0.0,0.0,0.09464050779190754
1788446957450713179,0,0.5708132978778778,0.5967602735065866,0.0,0.9955115138886591,0.0,0.0,0.09464050779190754
1788446957470960139,0,0.5708132978778778,0.5967602735065866,0.0,0.9955115138886591,0.0,0.0,0.09464050779190754
1788446957498740147,0,0.5708132978778778,0.5967602735065866,0.0,0.9955115138886591,0.0,0.0,0.09464050779190754
1788446957510727818,0,0.5708132978778778,0.5967602735065866,0.0,0.9955115138886591,0.0,0.0,0.09464050779190754
1788446957530746602,0,0.5708132978778778,0.5967602735065866,0.0,0.9955115138886591,0.0,0.0,0.09464050779190754
1788446957550722964,0,0.5708132978778778,0.5967602735065866,0.0,0.9955115138886591,0.0,0.0,0.09464050779190754
1788446957570743666,0,0.5708132978778778,0.5967602735065866,0.0,0.9955115138886591,0.0,0.0,0.09464050779190754
1788446957598593026,0,0.5708132978778778,0.5967602735065866,0.0,0.9955115138886591,0.0,0.0,0.09464050779190754
1788446957611076287,0,0.5708132978778778,0.5967602735065866,0.0,0.9955115138886591,0.0,0.0,0.09464050779190754
1788446957630778543,0,0.5708132978778778,0.5967602735065866,0.0,0.9955115138886591,0.0,0.0,0.09464050779190754
1788446957650751678,0,0.5708132978778778,0.5967602735065866,0.0,0.9955115138886591,0.0,0.0,0.09464050779190754
1788446957670838365,0,0.5708132978778778,0.5967602735065866,0.0,0.9955115138886591,0.0,0.0,0.09464050779190754
1788446957698071540,0,0.5708132978778778,0.5967602735065866,0.0,0.9955115138886591,0.0,0.0,0.09464050779190754
1788446957710771236,0,0.5708132978778778,0.5967602735065866,0.0,0.9955115138886591,0.0,0.0,0.09464050779190754
1788446957730779021,0,0.5708132978778778,0.5967602735065866,0.0,0.9955115138886591,0.0,0.0,0.09464050779190754
1788446957750726555,0,0.5708132978778778,0.5967602735065866,0.0,0.9955115138886591,0.0,0.0,0.09464050779190754
1788446957770736174,0,0.5708132978778778,0.5967602735065866,0.0,0.9955115138886591,0.0,0.0,0.09464050779190754
1788446957798378291,0,0.5708132978778778,0.5967602735065866,0.0,0.9955115138886591,0.0,0.0,0.09464050779190754
1788446957810773143,0,0.5708132978778778,0.5967602735065866,0.0,0.9955115138886591,0.0,0.0,0.09464050779190754
1788446957830726814,0,0.5708132978778778,0.5967602735065866,0.0,0.9955115138886591,0.0,0.0,0.09464050779190754
1788446957850735788,0,0.5708132978778778,0.5967602735065866,0.0,0.9955115138886591,0.0,0.0,0.09464050779190754
1788446957870738051,0,0.5708132978778778,0.5967602735065866,0.0,0.9955115138886591,0.0,0.0,0.09464050779190754
1788446957898111901,0,0.5708132978778778,0.5967602735065866,0.0,0.9955115138886591,0.0,0.0,0.09464050779190754
1788446957910856484,0,0.5708132978778778,0.5967602735065866,0.0,0.9955115138886591,0.0,0.0,0.09464050779190754
1788446957930747565,0,0.5708132978778778,0.5967602735065866,0.0,0.9955115138886591,0.0,0.0,0.09464050779190754
1788446957950720651,0,0.5709022442445854,0.5967773394838287,0.0,0.9955115138886591,0.0,0.0,0.09464050779190754
1788446957970750117,0,0.571081983097424,0.5968118256498816,0.0,0.9955115138886591,0.0,0.0,0.09464050779190754
1788446957998064049,0,0.5712599412033523,0.5968459701472708,0.0,0.9955115138886591,0.0,0.0,0.09464050779190754
1788446958010804523,0,0.5717006108767514,0.5969305205289224,0.0,0.9955115138886591,0.0,0.0,0.09464050779190754
1788446958030790150,0,0.572142897331364,0.5970153811190518,0.0,0.9955115138886591,0.0,0.0,0.09464050779190754
1788446958050723810,0,0.5723635594034447,0.5970577190958555,0.0,0.9955115138886591,0.0,0.0,0.09464050779190754
1788446958070723754,0,0.5729752344987458,0.5971750800326643,0.0,0.9955115138886591,0.0,0.0,0.09464050779190754
1788446958098089883,0,0.5738752210728537,0.5973477587443923,0.0,0.9955115138886591,0.0,0.0,0.09464050779190754
1788446958110825023,0,0.5741766594888722,0.5974055950397317,0.0,0.9955115138886591,0.0,0.0,0.09464050779190754
1788446958130799583,0,0.5747793708895584,0.5975212358894778,0.0,0.9955115138886591,0.0,0.0,0.09464050779190754
1788446958150721686,0,0.575409018391051,0.5976420447761367,0.0,0.9955115138886591,0.0,0.0,0.09464050779190754
1788446958170724800,0,0.5762238193517305,0.5977983785670913,0.0,0.9955115138886591,0.0,0.0,0.09464050779190754
1788446958198812725,0,0.577449716195837,0.5980335882811282,0.0,0.9955115138886591,0.0,0.0,0.09464050779190754
1788446958210823391,0,0.5778507179692602,0.5981105274729603,0.0,0.9955115138886591,0.0,0.0,0.09464050779190754
1788446958230749169,0,0.5786549866907296,0.5982648404699266,0.0,0.9955115138886591,0.0,0.0,0.09464050779190754
1788446958250729101,0,0.5794449527201784,0.5984164092456997,0.0,0.9955115138886591,0.0,0.0,0.09464050779190754
1788446958270754830,0,0.5802244981063829,0.5985659787012101,0.0,0.9955115138886591,0.0,0.0,0.09464050779190754
1788446958298038540,0,0.5815104026171437,0.5988127020764562,0.0,0.9955115138886591,0.0,0.0,0.09464050779190754
1788446958310739022,0,0.5820150831194265,0.5989095339632728,0.0,0.9955115138886591,0.0,0.0,0.09464050779190754
1788446958330721403,0,0.5830242207116505,0.5991031548712942,0.0,0.9955115138886591,0.0,0.0,0.09464050779190754
1788446958350713356,0,0.5840287886502022,0.599295899010379,0.0,0.9955115138886591,0.0,0.0,0.09464050779190754
1788446958370716236,0,0.585029131583267,0.5994878325870595,0.0,0.9955115138886591,0.0,0.0,0.09464050779190754
1788446958397728672,0,0.5865221281035795,0.5997742906687648,0.0,0.9955115138886591,0.0,0.0,0.09464050779190754
1788446958410753539,0,0.5870099612184687,0.5998678902804043,0.0,0.9955115138886591,0.0,0.0,0.09464050779190754
1788446958430717417,0,0.5879864188766722,0.6000552413535497,0.0,0.9955115138886591,0.0,0.0,0.09464050779190754
1788446958450714557,0,0.5889794746616936,0.6002457770777092,0.0,0.9955115138886591,0.0,0.0,0.09464050779190754
1788446958470881707,0,0.5899901721963499,0.6004396976908073,0.0,0.9955115138886591,0.0,0.0,0.09464050779190754
1788446958497893486,0,0.5915167457535848,0.6007325985752318,0.0,0.9955115138886591,0.0,0.0,0.09464050779190754
1788446958510745525,0,0.5920103002470848,0.6008272960548355,0.0,0.9955115138886591,0.0,0.0,0.09464050779190754
1788446958530770667,0,0.59300200465268,0.6010175727293641,0.0,0.9955115138886591,0.0,0.0,0.09464050779190754
1788446958550712214,0,0.5939936852074795,0.601207844708984,0.0,0.9955115138886591,0.0,0.0,0.09464050779190754
1788446958570713729,0,0.5949866518339042,0.6013983633264532,0.0,0.9955115138886591,0.0,0.0,0.09464050779190754
1788446958597995031,0,0.5965917488126619,0.6017063303763561,0.0,0.9955115138886591,0.0,0.0,0.09464050779190754
1788446958610710896,0,0.5971876268825913,0.6018206605103466,0.0,0.9955115138886591,0.0,0.0,0.09464050779190754
1788446958630721957,0,0.5983793246819106,0.6020493095846252,0.0,0.9955115138886591,0.0,0.0,0.09464050779190754
1788446958650710988,0,0.5995872302817662,0.6022810684713676,0.0,0.9955115138886591,0.0,0.0,0.09464050779190754
1788446958670710950,0,0.6008088056357349,0.6025154501996522,0.0,0.9955115138886591,0.0,0.0,0.09464050779190754
1788446958698426604,0,0.6026135986871947,0.6028617330780519,0.0,0.9955115138886591,0.0,0.0,0.09464050779190754
1788446958710727061,0,0.6032054382684316,0.6029752884953558,0.0,0.9955115138886591,0.0,0.0,0.09464050779190754
1788446958730721304,0,0.6043888881472734,0.6032023553376397,0.0,0.9955115138886591,0.0,0.0,0.09464050779190754
1788446958750724622,0,0.6055822146142702,0.6034313171868225,0.0,0.9955115138886591,0.0,0.0,0.09464050779190754
1788446958770715443,0,0.6067948132207138,0.6036639767539455,0.0,0.9955115138886591,0.0,0.0,0.09464050779190754
1788446958798486830,0,0.6085892273501267,0.6040082682939957,0.0,0.9955115138886591,0.0,0.0,0.09464050779190754
1788446958810991414,0,0.6091863280341273,0.6041228330089141,0.0,0.9955115138886591,0.0,0.0,0.09464050779190754
1788446958830844765,0,0.6103803240370204,0.6043519230356893,0.0,0.9955115138886591,0.0,0.0,0.09464050779190754
1788446958850722086,0,0.6115691842887784,0.6045800277215856,0.0,0.9955115138886591,0.0,0.0,0.09464050779190754
1788446958870726192,0,0.6127595358023856,0.6048084185810761,0.0,0.9955115138886591,0.0,0.0,0.09464050779190754
1788446958898054524,0,0.6139485433643668,0.6050365515786968,0.0,0.9955115138886591,0.0,0.0,0.09464050779190754
1788446958910735728,0,0.6151411988374966,0.6052653844952517,0.0,0.9955115138886591,0.0,0.0,0.09464050779190754
1788446958930778739,0,0.6163305699253039,0.6054935872419969,0.0,0.9955115138886591,0.0,0.0,0.09464050779190754
1788446958950719399,0,0.6175275268308759,0.6057232454675813,0.0,0.9955115138886591,0.0,0.0,0.09464050779190754
1788446958970715211,0,0.6187184003764639,0.6059517364885211,0.0,0.9955115138886591,0.0,0.0,0.09464050779190754
1788446958998352370,0,0.6199093057052364,0.6061802336076502,0.0,0.9955115138886591,0.0,0.0,0.09464050779190754
1788446959010736284,0,0.6211100983883616,0.6064106280847283,0.0,0.9955115138886591,0.0,0.0,0.09464050779190754
1788446959030740075,0,0.6223078636318449,0.6066404416910344,0.0,0.9955115138886591,0.0,0.0,0.09464050779190754
1788446959050724974,0,0.6235034682376992,0.606869840596125,0.0,0.9955115138886591,0.0,0.0,0.09464050779190754
1788446959070716133,0,0.6246976744661785,0.6070989710536525,0.0,0.9955115138886591,0.0,0.0,0.09464050779190754
1788446959098526315,0,0.6258919770946102,0.6073281200072862,0.0,0.9955115138886591,0.0,0.0,0.09464050779190754
1788446959110741861,0,0.6270829114713574,0.6075566226998043,0.0,0.9955115138886591,0.0,0.0,0.09464050779190754
1788446959130783363,0,0.628274415162431,0.6077852346257603,0.0,0.9955115138886591,0.0,0.0,0.09464050779190754
1788446959150736511,0,0.6294793982681721,0.6080164328256582,0.0,0.9955115138886591,0.0,0.0,0.09464050779190754
1788446959170758675,0,0.6306692682394042,0.6082447312923759,0.0,0.9955115138886591,0.0,0.0,0.09464050779190754
1788446959198808782,0,0.6318592979828914,0.6084730604143431,0.0,0.9955115138886591,0.0,0.0,0.09464050779190754
1788446959210742710,0,0.6324533655758573,0.6085870433170834,0.0,0.9955115138886591,0.0,0.0,0.09464050779190754
1788446959230724511,0,0.6336420466705149,0.6088151138652933,0.0,0.9955115138886591,0.0,0.0,0.09464050779190754
1788446959250728141,0,0.6348407703131942,0.6090451112628853,0.0,0.9955115138886591,0.0,0.0,0.09464050779190754
1788446959270759522,0,0.6360337377627711,0.609274004132887,0.0,0.9955115138886591,0.0,0.0,0.09464050779190754
1788446959298047381,0,0.6378257165971969,0.6096178284162231,0.0,0.9955115138886591,0.0,0.0,0.09464050779190754
1788446959310761603,0,0.6384244948118426,0.6097327150438485,0.0,0.9955115138886591,0.0,0.0,0.09464050779190754
1788446959330740546,0,0.639622608313898,0.6099625951837682,0.0,0.9955115138886591,0.0,0.0,0.09464050779190754
1788446959350726896,0,0.6408189485458482,0.6101921350891616,0.0,0.9955115138886591,0.0,0.0,0.09464050779190754
1788446959370765384,0,0.6420104740790226,0.6104207512059269,0.0,0.9955115138886591,0.0,0.0,0.09464050779190754
1788446959398631438,0,0.6438080362298344,0.6107656466086029,0.0,0.9955115138886591,0.0,0.0,0.09464050779190754
1788446959410813730,0,0.6444014444027402,0.6108795028948254,0.0,0.9955115138886591,0.0,0.0,0.09464050779190754
1788446959430758501,0,0.645595684309581,0.6111086398141667,0.0,0.9955115138886591,0.0,0.0,0.09464050779190754
1788446959450725559,0,0.6467891276862581,0.6113376239045272,0.0,0.9955115138886591,0.0,0.0,0.09464050779190754
1788446959470725329,0,0.6479793360130287,0.6115659874805869,0.0,0.9955115138886591,0.0,0.0,0.09464050779190754
1788446959497952090,0,0.6497653818533782,0.6119086735515334,0.0,0.9955115138886591,0.0,0.0,0.09464050779190754
1788446959510724281,0,0.6503616513424557,0.6120230788814507,0.0,0.9955115138886591,0.0,0.0,0.09464050779190754
1788446959530727957,0,0.6515535924784389,0.6122517748342071,0.0,0.9955115138886591,0.0,0.0,0.09464050779190754
1788446959550925267,0,0.652746930334821,0.6124807387736054,0.0,0.9955115138886591,0.0,0.0,0.09464050779190754
1788446959570733448,0,0.6539417084413711,0.6127099789564725,0.0,0.9955115138886591,0.0,0.0,0.09464050779190754
1788446959598069932,0,0.6557337787188094,0.613053820642103,0.0,0.9955115138886591,0.0,0.0,0.09464050779190754
1788446959610782897,0,0.656330765090068,0.613168363519126,0.0,0.9955115138886591,0.0,0.0,0.09464050779190754
1788446959630720806,0,0.6575249393375459,0.6133974879356257,0.0,0.9955115138886591,0.0,0.0,0.09464050779190754
1788446959650722257,0,0.6587315113183098,0.6136289910865613,0.0,0.9955115138886591,0.0,0.0,0.09464050779190754
1788446959670753079,0,0.6599246717609191,0.6138579209858459,0.0,0.9955115138886591,0.0,0.0,0.09464050779190754
1788446959698094439,0,0.6617145571265073,0.6142013435510079,0.0,0.9955115138886591,0.0,0.0,0.09464050779190754
1788446959710804071,0,0.6623106403748706,0.6143157130997213,0.0,0.9955115138886591,0.0,0.0,0.09464050779190754
1788446959730764198,0,0.6635030845807537,0.6145445054807641,0.0,0.9955115138886591,0.0,0.0,0.09464050779190754
1788446959750725271,0,0.6647149263256187,0.6147770196368872,0.0,0.9955115138886591,0.0,0.0,0.09464050779190754
1788446959770855823,0,0.6659189915738163,0.6150080417289122,0.0,0.9955115138886591,0.0,0.0,0.09464050779190754
1788446959798217630,0,0.6677073421031305,0.615351169712362,0.0,0.9955115138886591,0.0,0.0,0.09464050779190754
1788446959810767429,0,0.6683040077788174,0.6154656510104834,0.0,0.9955115138886591,0.0,0.0,0.09464050779190754
1788446959830715231,0,0.6694974638172781,0.6156946375302402,0.0,0.9955115138886591,0.0,0.0,0.09464050779190754
1788446959850716678,0,0.6706913493631862,0.6159237064113565,0.0,0.9955115138886591,0.0,0.0,0.09464050779190754
1788446959870715801,0,0.6718944278349709,0.6161545390763286,0.0,0.9955115138886591,0.0,0.0,0.09464050779190754
1788446959897898646,0,0.6736853000978158,0.6164981508532753,0.0,0.9955115138886591,0.0,0.0,0.09464050779190754
1788446959910733937,0,0.6742938459709528,0.6166149116345351,0.0,0.9955115138886591,0.0,0.0,0.09464050779190754
1788446959930715152,0,0.6755036044765484,0.6168470261791967,0.0,0.9955115138886591,0.0,0.0,0.09464050779190754
1788446959950714735,0,0.6767119642162891,0.617078872344758,0.0,0.9955115138886591,0.0,0.0,0.09464050779190754
1788446959970731273,0,0.6779046560881119,0.6173077123400706,0.0,0.9955115138886591,0.0,0.0,0.09464050779190754
1788446959997891687,0,0.6796939185132556,0.6176510154775651,0.0,0.9955115138886591,0.0,0.0,0.09464050779190754
1788446960010757792,0,0.6802906464333066,0.6177655088134731,0.0,0.9955115138886591,0.0,0.0,0.09464050779190754
1788446960030712792,0,0.6814840983016724,0.617994494723238,0.0,0.9955115138886591,0.0,0.0,0.09464050779190754
1788446960050727848,0,0.6826909188539236,0.6182260455683481,0.0,0.9955115138886591,0.0,0.0,0.09464050779190754
1788446960070741699,0,0.6838829249583063,0.61845475389155,0.0,0.9955115138886591,0.0,0.0,0.09464050779190754
1788446960098070372,0,0.6850857531566822,0.618685538632785,0.0,0.9955115138886591,0.0,0.0,0.09464050779190754
1788446960110728489,0,0.6862855004163295,0.6189157322391861,0.0,0.9955115138886591,0.0,0.0,0.09464050779190754
1788446960130715697,0,0.6874889434415381,0.6191466349462715,0.0,0.9955115138886591,0.0,0.0,0.09464050779190754
1788446960150712521,0,0.6886806970238972,0.6193752948184728,0.0,0.9955115138886591,0.0,0.0,0.09464050779190754
1788446960170730260,0,0.6898751362738856,0.619604469985468,0.0,0.9955115138886591,0.0,0.0,0.09464050779190754
1788446960198095769,0,0.6910728781260724,0.6198342788175162,0.0,0.9955115138886591,0.0,0.0,0.09464050779190754
1788446960210741618,0,0.6922763989400578,0.6200651965456718,0.0,0.9955115138886591,0.0,0.0,0.09464050779190754
1788446960231025922,0,0.69346862470572,0.6202939471098965,0.0,0.9955115138886591,0.0,0.0,0.09464050779190754
1788446960250722596,0,0.6940645388213381,0.6204082842548427,0.0,0.9955115138886591,0.0,0.0,0.09464050779190754
1788446960270724716,0,0.6953018550852093,0.6206456862651304,0.0,0.9955115138886591,0.0,0.0,0.09464050779190754
1788446960298070023,0,0.6970908618041822,0.6209889402931456,0.0,0.9955115138886591,0.0,0.0,0.09464050779190754
1788446960310729753,0,0.697688017521132,0.6211035157098351,0.0,0.9955115138886591,0.0,0.0,0.09464050779190754
1788446960330797462,0,0.6988839696852975,0.621332981347793,0.0,0.9955115138886591,0.0,0.0,0.09464050779190754
1788446960350809797,0,0.7000900300703639,0.6215643864356948,0.0,0.9955115138886591,0.0,0.0,0.09464050779190754
1788446960370736721,0,0.7012986824530049,0.6217962886539397,0.0,0.9955115138886591,0.0,0.0,0.09464050779190754
1788446960398080805,0,0.7030848665587512,0.6221390009691309,0.0,0.9955115138886591,0.0,0.0,0.09464050779190754
1788446960410760563,0,0.7036809590610029,0.6222533723408521,0.0,0.9955115138886591,0.0,0.0,0.09464050779190754
1788446960430724285,0,0.7048720897140762,0.6224819127874717,0.0,0.9955115138886591,0.0,0.0,0.09464050779190754
1788446960450792990,0,0.7060650605331957,0.6227108063039826,0.0,0.9955115138886591,0.0,0.0,0.09464050779190754
1788446960470900595,0,0.7072727889095144,0.6229425313307938,0.0,0.9955115138886591,0.0,0.0,0.09464050779190754
1788446960498206047,0,0.7090645732561645,0.6232863182505828,0.0,0.9955115138886591,0.0,0.0,0.09464050779190754
1788446960510752369,0,0.7096607041322271,0.6234006969375474,0.0,0.9955115138886591,0.0,0.0,0.09464050779190754
1788446960530730104,0,0.7108530819430439,0.623629476579474,0.0,0.9955115138886591,0.0,0.0,0.09464050779190754
1788446960550716225,0,0.7120478757879009,0.6238587198774217,0.0,0.9955115138886591,0.0,0.0,0.09464050779190754
1788446960570734986,0,0.7132566431236746,0.6240906443440993,0.0,0.9955115138886591,0.0,0.0,0.09464050779190754
1788446960598094409,0,0.7150513767735294,0.6244349972852234,0.0,0.9955115138886591,0.0,0.0,0.09464050779190754
1788446960610803325,0,0.7156470778884357,0.6245492935620435,0.0,0.9955115138886591,0.0,0.0,0.09464050779190754
1788446960630744331,0,0.716837649072465,0.6247777266641793,0.0,0.9955115138886591,0.0,0.0,0.09464050779190754
1788446960650724403,0,0.7180287109846323,0.625006253874177,0.0,0.9955115138886591,0.0,0.0,0.09464050779190754
1788446960670729465,0,0.7192199417761652,0.6252348134393304,0.0,0.9955115138886591,0.0,0.0,0.09464050779190754
1788446960697957026,0,0.7210060367146544,0.6255775086935581,0.0,0.9955115138886591,0.0,0.0,0.09464050779190754
1788446960710741183,0,0.7216015786499963,0.6256917744288346,0.0,0.9955115138886591,0.0,0.0,0.09464050779190754
1788446960730753976,0,0.7227948323135317,0.6259207222142781,0.0,0.9955115138886591,0.0,0.0,0.09464050779190754
1788446960750724904,0,0.7239873300363524,0.6261495249585137,0.0,0.9955115138886591,0.0,0.0,0.09464050779190754
1788446960770731347,0,0.7251818220026731,0.6263787103352498,0.0,0.9955115138886591,0.0,0.0,0.09464050779190754
1788446960798133883,0,0.726973794993056,0.6267225334496801,0.0,0.9955115138886591,0.0,0.0,0.09464050779190754
1788446960810745555,0,0.7275717686266694,0.6268372657036172,0.0,0.9955115138886591,0.0,0.0,0.09464050779190754
1788446960830761058,0,0.728783636441182,0.6270697848616822,0.0,0.9955115138886591,0.0,0.0,0.09464050779190754
1788446960850726318,0,0.7299860750095328,0.6273004948930055,0.0,0.9955115138886591,0.0,0.0,0.09464050779190754
1788446960870737114,0,0.7311742776491165,0.6275284735460814,0.0,0.9955115138886591,0.0,0.0,0.09464050779190754
1788446960898005618,0,0.7329609875065486,0.6278712868787277,0.0,0.9955115138886591,0.0,0.0,0.09464050779190754
1788446960910761908,0,0.7335587930446771,0.6279859869280658,0.0,0.9955115138886591,0.0,0.0,0.09464050779190754
1788446960930967175,0,0.7347591675663292,0.6282163009818443,0.0,0.9955115138886591,0.0,0.0,0.09464050779190754
1788446960950725537,0,0.7359683894332973,0.6284483126111492,0.0,0.9955115138886591,0.0,0.0,0.09464050779190754
1788446960970764525,0,0.7371589413986624,0.6286767421206565,0.0,0.9955115138886591,0.0,0.0,0.09464050779190754
1788446960998121804,0,0.7389656749586466,0.6290233975148971,0.0,0.9955115138886591,0.0,0.0,0.09464050779190754
1788446961010816250,0,0.7395664174281938,0.6291386611166978,0.0,0.9955115138886591,0.0,0.0,0.09464050779190754
1788446961030733260,0,0.7407569313254381,0.629367083322129,0.0,0.9955115138886591,0.0,0.0,0.09464050779190754
1788446961050728034,0,0.7419514965218124,0.6295962828445527,0.0,0.9955115138886591,0.0,0.0,0.09464050779190754
1788446961070746256,0,0.7431485477721709,0.6298259593626127,0.0,0.9955115138886591,0.0,0.0,0.09464050779190754
1788446961097971121,0,0.7443574666104417,0.6300579128978586,0.0,0.9955115138886591,0.0,0.0,0.09464050779190754
1788446961110735319,0,0.7455489672123805,0.6302865243260106,0.0,0.9955115138886591,0.0,0.0,0.09464050779190754
1788446961130807071,0,0.7467389374544521,0.630514842126317,0.0,0.9955115138886591,0.0,0.0,0.09464050779190754
1788446961151057051,0,0.7479320424720929,0.6307437613912962,0.0,0.9955115138886591,0.0,0.0,0.09464050779190754
1788446961170746370,0,0.7491281162019306,0.6309732502586188,0.0,0.9955115138886591,0.0,0.0,0.09464050779190754
1788446961198478688,0,0.7503241464800574,0.6312027307889271,0.0,0.9955115138886591,0.0,0.0,0.09464050779190754
1788446961210739307,0,0.7515142007732328,0.6314310649055686,0.0,0.9955115138886591,0.0,0.0,0.09464050779190754
1788446961230755129,0,0.7527046983078064,0.6316594840663409,0.0,0.9955115138886591,0.0,0.0,0.09464050779190754
1788446961250939208,0,0.7538959108589796,0.6318880402739244,0.0,0.9955115138886591,0.0,0.0,0.09464050779190754
1788446961270729240,0,0.7550884686540335,0.6321168544491416,0.0,0.9955115138886591,0.0,0.0,0.09464050779190754
1788446961298050020,0,0.7562949535198736,0.6323483407893711,0.0,0.9955115138886591,0.0,0.0,0.09464050779190754
1788446961310760393,0,0.7575014273064505,0.6325798250999358,0.0,0.9955115138886591,0.0,0.0,0.09464050779190754
1788446961330754501,0,0.758696342120952,0.6328090916079163,0.0,0.9955115138886591,0.0,0.0,0.09464050779190754
1788446961350719769,0,0.7592987658840515,0.6329246777491325,0.0,0.9955115138886591,0.0,0.0,0.09464050779190754
1788446961370763131,0,0.7604998054450859,0.6331551192116908,0.0,0.9955115138886591,0.0,0.0,0.09464050779190754
1788446961398095059,0,0.7623108460373199,0.6335026005573239,0.0,0.9955115138886591,0.0,0.0,0.09464050779190754
1788446961410760655,0,0.7629088696148272,0.633617342536815,0.0,0.9955115138886591,0.0,0.0,0.09464050779190754
1788446961430729290,0,0.7641308826485868,0.6338518085340288,0.0,0.9955115138886591,0.0,0.0,0.09464050779190754
1788446961450724586,0,0.7653273630884503,0.6340813756267923,0.0,0.9955115138886591,0.0,0.0,0.09464050779190754
1788446961470775703,0,0.7665190340224298,0.6343100197362967,0.0,0.9955115138886591,0.0,0.0,0.09464050779190754
1788446961498103337,0,0.7683175956838398,0.634655107056744,0.0,0.9955115138886591,0.0,0.0,0.09464050779190754
1788446961510722587,0,0.7689159346018712,0.6347699094448817,0.0,0.9955115138886591,0.0,0.0,0.09464050779190754
1788446961530783403,0,0.7701118811648218,0.634999373912885,0.0,0.9955115138886591,0.0,0.0,0.09464050779190754
1788446961550730763,0,0.7713190154014742,0.6352309848955686,0.0,0.9955115138886591,0.0,0.0,0.09464050779190754
1788446961570762809,0,0.7725096772689937,0.6354594353021727,0.0,0.9955115138886591,0.0,0.0,0.09464050779190754
1788446961598525611,0,0.7743010248089154,0.6358031383651562,0.0,0.9955115138886591,0.0,0.0,0.09464050779190754
1788446961610749843,0,0.7748976915171152,0.6359176199089089,0.0,0.9955115138886591,0.0,0.0,0.09464050779190754
1788446961631055229,0,0.7760913993830846,0.6361466548414901,0.0,0.9955115138886591,0.0,0.0,0.09464050779190754
1788446961650719664,0,0.7773052903973727,0.6363795622843783,0.0,0.9955115138886591,0.0,0.0,0.09464050779190754
1788446961670772931,0,0.7785166875106105,0.6366119912262235,0.0,0.9955115138886591,0.0,0.0,0.09464050779190754
1788446961698285434,0,0.7802052239055518,0.6369359681643014,0.0,0.9955115138886591,0.0,0.0,0.09464050779190754
1788446961710740955,0,0.7806989058930107,0.6370306901846028,0.0,0.9955115138886591,0.0,0.0,0.09464050779190754
1788446961730713615,0,0.7816853819458383,0.6372199638609296,0.0,0.9955115138886591,0.0,0.0,0.09464050779190754
1788446961750763816,0,0.782574191132543,0.6373904983117492,0.0,0.9955115138886591,0.0,0.0,0.09464050779190754
1788446961770725624,0,0.7833442664204834,0.6375382514375062,0.0,0.9955115138886591,0.0,0.0,0.09464050779190754
1788446961798035536,0,0.7844076932519172,0.6377422894356954,0.0,0.9955115138886591,0.0,0.0,0.09464050779190754
1788446961810755266,0,0.784703747898569,0.6377990929482399,0.0,0.9955115138886591,0.0,0.0,0.09464050779190754
1788446961830724065,0,0.78529596154724,0.6379127199958196,0.0,0.9955115138886591,0.0,0.0,0.09464050779190754
1788446961850724122,0,0.7857817668367507,0.6380059306787861,0.0,0.9955115138886591,0.0,0.0,0.09464050779190754
1788446961870724972,0,0.7861614851795554,0.63807878666602,0.0,0.9955115138886591,0.0,0.0,0.09464050779190754
1788446961898033480,0,0.7866342869366386,0.6381695024205107,0.0,0.9955115138886591,0.0,0.0,0.09464050779190754
1788446961910755968,0,0.7867274697529517,0.6381873812598823,0.0,0.9955115138886591,0.0,0.0,0.09464050779190754
1788446961930741845,0,0.7869138285508617,0.6382231376272592,0.0,0.9955115138886591,0.0,0.0,0.09464050779190754
1788446961950725555,0,0.7870090694227395,0.6382414113424922,0.0,0.9955115138886591,0.0,0.0,0.09464050779190754
1788446961970738034,0,0.7870132761316913,0.6382422184770757,0.0,0.9955115138886591,0.0,0.0,0.09464050779190754
1788446961998003233,0,0.7869312698378322,0.6382264840524979,0.0,0.9955115138886591,0.0,0.0,0.09464050779190754
1788446962010723471,0,0.7868449603478005,0.6382099239804786,0.0,0.9955115138886591,0.0,0.0,0.09464050779190754
1788446962030747669,0,0.786672306862839,0.638176797216037,0.0,0.9955115138886591,0.0,0.0,0.09464050779190754
1788446962050726336,0,0.7864859116947015,0.638141033847542,0.0,0.9955115138886591,0.0,0.0,0.09464050779190754
1788446962070732167,0,0.786285662140683,0.6381026122508925,0.0,0.9955115138886591,0.0,0.0,0.09464050779190754
1788446962097970709,0,0.7860824262043683,0.6380636176613262,0.0,0.9955115138886591,0.0,0.0,0.09464050779190754
1788446962110804169,0,0.7858759831423339,0.638024007708674,0.0,0.9955115138886591,0.0,0.0,0.09464050779190754
1788446962130720977,0,0.7856699970225985,0.637984485428926,0.0,0.9955115138886591,0.0,0.0,0.09464050779190754
1788446962150723916,0,0.7854686767563938,0.637945858387973,0.0,0.9955115138886591,0.0,0.0,0.09464050779190754
1788446962170812276,0,0.7852734679425654,0.6379084039509627,0.0,0.9955115138886591,0.0,0.0,0.09464050779190754
1788446962198016369,0,0.7850770271454551,0.6378707131350752,0.0,0.9955115138886591,0.0,0.0,0.09464050779190754
1788446962210753407,0,0.7848766641541988,0.6378322697733845,0.0,0.9955115138886591,0.0,0.0,0.09464050779190754
1788446962230721762,0,0.7846777711648855,0.6377941084588724,0.0,0.9955115138886591,0.0,0.0,0.09464050779190754
1788446962250720505,0,0.7844793448701589,0.6377560366883859,0.0,0.9955115138886591,0.0,0.0,0.09464050779190754
1788446962270735647,0,0.784281488357701,0.6377180742412114,0.0,0.9955115138886591,0.0,0.0,0.09464050779190754
1788446962298015590,0,0.7840821305719248,0.6376798237468642,0.0,0.9955115138886591,0.0,0.0,0.09464050779190754
1788446962310798430,0,0.7838833832818375,0.6376416903716247,0.0,0.9955115138886591,0.0,0.0,0.09464050779190754
1788446962330747361,0,0.7836842972289269,0.6376034919984179,0.0,0.9955115138886591,0.0,0.0,0.09464050779190754
1788446962350723848,0,0.7834851283756475,0.6375652777463232,0.0,0.9955115138886591,0.0,0.0,0.09464050779190754
1788446962370727333,0,0.7832864730710357,0.6375271620360361,0.0,0.9955115138886591,0.0,0.0,0.09464050779190754
1788446962398486472,0,0.7830876611363522,0.6374890162733604,0.0,0.9955115138886591,0.0,0.0,0.09464050779190754
1788446962410723423,0,0.782890223413501,0.6374511341944772,0.0,0.9955115138886591,0.0,0.0,0.09464050779190754
1788446962430752268,0,0.7827917621087358,0.6374322425720446,0.0,0.9955115138886591,0.0,0.0,0.09464050779190754
1788446962450724142,0,0.782594775266705,0.6373944470029861,0.0,0.9955115138886591,0.0,0.0,0.09464050779190754
1788446962470728110,0,0.7823966974656874,0.6373564421132679,0.0,0.9955115138886591,0.0,0.0,0.09464050779190754
1788446962498081171,0,0.7820998220332184,0.6372994810706217,0.0,0.9955115138886591,0.0,0.0,0.09464050779190754
1788446962510723557,0,0.7820007670199643,0.6372804755342344,0.0,0.9955115138886591,0.0,0.0,0.09464050779190754
1788446962530727255,0,0.7818001117674656,0.6372419761127778,0.0,0.9955115138886591,0.0,0.0,0.09464050779190754
1788446962550714001,0,0.7816020400826981,0.6372039723965752,0.0,0.9955115138886591,0.0,0.0,0.09464050779190754
1788446962570747857,0,0.7814043947162452,0.6371660504774265,0.0,0.9955115138886591,0.0,0.0,0.09464050779190754
1788446962597905552,0,0.7811059708304614,0.6371087923353721,0.0,0.9955115138886591,0.0,0.0,0.09464050779190754
1788446962610786490,0,0.7810045756497097,0.6370893377945673,0.0,0.9955115138886591,0.0,0.0,0.09464050779190754
1788446962631019683,0,0.7808048797266721,0.6370510224382113,0.0,0.9955115138886591,0.0,0.0,0.09464050779190754
1788446962650720443,0,0.7806077314761901,0.6370131959077425,0.0,0.9955115138886591,0.0,0.0,0.09464050779190754
1788446962670746453,0,0.7804125051828658,0.6369757381480657,0.0,0.9955115138886591,0.0,0.0,0.09464050779190754
1788446962698070516,0,0.7801165696497636,0.6369189574504814,0.0,0.9955115138886591,0.0,0.0,0.09464050779190754
1788446962710795103,0,0.7800186800842827,0.6369001755190083,0.0,0.9955115138886591,0.0,0.0,0.09464050779190754
1788446962730747721,0,0.7798229398032975,0.6368626191101517,0.0,0.9955115138886591,0.0,0.0,0.09464050779190754
1788446962750723415,0,0.7796237705534748,0.6368244047978556,0.0,0.9955115138886591,0.0,0.0,0.09464050779190754
1788446962770736808,0,0.7794248533028614,0.6367862388442063,0.0,0.9955115138886591,0.0,0.0,0.09464050779190754
1788446962798105295,0,0.7791261306300686,0.6367289233505645,0.0,0.9955115138886591,0.0,0.0,0.09464050779190754
1788446962810723662,0,0.7790266223932935,0.6367098308310845,0.0,0.9955115138886591,0.0,0.0,0.09464050779190754
1788446962830762326,0,0.7788276137599083,0.6366716472964069,0.0,0.9955115138886591,0.0,0.0,0.09464050779190754
1788446962850736307,0,0.7786286777188305,0.6366334777057673,0.0,0.9955115138886591,0.0,0.0,0.09464050779190754
1788446962870743611,0,0.7784298015698086,0.6365953196223778,0.0,0.9955115138886591,0.0,0.0,0.09464050779190754
1788446962897986961,0,0.7781313627939467,0.6365380586234127,0.0,0.9955115138886591,0.0,0.0,0.09464050779190754
1788446962910727627,0,0.7780304513820971,0.6365186969186947,0.0,0.9955115138886591,0.0,0.0,0.09464050779190754
1788446962930755470,0,0.7778313084571805,0.6364804876969797,0.0,0.9955115138886591,0.0,0.0,0.09464050779190754
1788446962950723757,0,0.7776348332247539,0.6364427903132667,0.0,0.9955115138886591,0.0,0.0,0.09464050779190754
1788446962970720716,0,0.7774410328136664,0.6364056061353563,0.0,0.9955115138886591,0.0,0.0,0.09464050779190754
1788446962998069643,0,0.7771493416181556,0.636349639792111,0.0,0.9955115138886591,0.0,0.0,0.09464050779190754
1788446963010855188,0,0.7770466918995044,0.6363299445368306,0.0,0.9955115138886591,0.0,0.0,0.09464050779190754
1788446963030718377,0,0.7768510045753502,0.6362923982887256,0.0,0.9955115138886591,0.0,0.0,0.09464050779190754
1788446963050797626,0,0.776654732236658,0.636254739810398,0.0,0.9955115138886591,0.0,0.0,0.09464050779190754
1788446963070724179,0,0.7764577663554245,0.6362169482787446,0.0,0.9955115138886591,0.0,0.0,0.09464050779190754
1788446963098033812,0,0.7760641365336332,0.636141423179658,0.0,0.9955115138886591,0.0,0.0,0.09464050779190754
1788446963110744625,0,0.7758673460361234,0.6361036653299507,0.0,0.9955115138886591,0.0,0.0,0.09464050779190754
1788446963130725091,0,0.775469267263431,0.6360272866497745,0.0,0.9955115138886591,0.0,0.0,0.09464050779190754
1788446963150716854,0,0.7750665833159198,0.6359500243663407,0.0,0.9955115138886591,0.0,0.0,0.09464050779190754
1788446963170724945,0,0.7746540832509815,0.6358708786651052,0.0,0.9955115138886591,0.0,0.0,0.09464050779190754
1788446963197899567,0,0.7740444200870721,0.6357539035765274,0.0,0.9955115138886591,0.0,0.0,0.09464050779190754
1788446963210734106,0,0.7738481782582662,0.6357162509520357,0.0,0.9955115138886591,0.0,0.0,0.09464050779190754
1788446963230941258,0,0.7734586851802916,0.6356415195010685,0.0,0.9955115138886591,0.0,0.0,0.09464050779190754
1788446963250722107,0,0.7730630005793183,0.6355656001078452,0.0,0.9955115138886591,0.0,0.0,0.09464050779190754
1788446963270728255,0,0.7726624426297747,0.6354887456885193,0.0,0.9955115138886591,0.0,0.0,0.09464050779190754
1788446963297958669,0,0.77226199419176,0.635411912280997,0.0,0.9955115138886591,0.0,0.0,0.09464050779190754
1788446963310732109,0,0.7716534586257192,0.6352951534288743,0.0,0.9955115138886591,0.0,0.0,0.09464050779190754
1788446963330741139,0,0.7710381095356084,0.635177087275595,0.0,0.9955115138886591,0.0,0.0,0.09464050779190754
1788446963350722273,0,0.7704339752775036,0.6350611729200433,0.0,0.9955115138886591,0.0,0.0,0.09464050779190754
1788446963370722269,0,0.7698352580342916,0.6349462979432223,0.0,0.9955115138886591,0.0,0.0,0.09464050779190754
1788446963397951883,0,0.7692354270787634,0.6348312092800945,0.0,0.9955115138886591,0.0,0.0,0.09464050779190754
1788446963410778775,0,0.7686607444456566,0.6347209457877598,0.0,0.9955115138886591,0.0,0.0,0.09464050779190754
1788446963430720616,0,0.7680805956844685,0.6346096335176528,0.0,0.9955115138886591,0.0,0.0,0.09464050779190754
1788446963450714902,0,0.7674823141658035,0.6344948421183525,0.0,0.9955115138886591,0.0,0.0,0.09464050779190754
1788446963470725640,0,0.7668672977582003,0.6343768397963919,0.0,0.9955115138886591,0.0,0.0,0.09464050779190754
1788446963497873603,0,0.7662571372378948,0.6342597691666094,0.0,0.9955115138886591,0.0,0.0,0.09464050779190754
1788446963510750844,0,0.7658478072347751,0.6341812316346549,0.0,0.9955115138886591,0.0,0.0,0.09464050779190754
1788446963530715334,0,0.7650354384423954,0.6340253636564853,0.0,0.9955115138886591,0.0,0.0,0.09464050779190754
1788446963550725446,0,0.7642197140796788,0.6338688518500829,0.0,0.9955115138886591,0.0,0.0,0.09464050779190754
1788446963570738929,0,0.7633978758134364,0.633711166978208,0.0,0.9955115138886591,0.0,0.0,0.09464050779190754
1788446963598047499,0,0.7621859778138238,0.6334786419320476,0.0,0.9955115138886591,0.0,0.0,0.09464050779190754
1788446963610750062,0,0.7617982901138052,0.6334042568762331,0.0,0.9955115138886591,0.0,0.0,0.09464050779190754
1788446963630807589,0,0.7610225132400293,0.6332554097344419,0.0,0.9955115138886591,0.0,0.0,0.09464050779190754
1788446963650742470,0,0.7602267717774928,0.6331027320491188,0.0,0.9955115138886591,0.0,0.0,0.09464050779190754
1788446963670735263,0,0.7594229260807929,0.6329484995125493,0.0,0.9955115138886591,0.0,0.0,0.09464050779190754
1788446963698273368,0,0.758193818713454,0.6327126726618463,0.0,0.9955115138886591,0.0,0.0,0.09464050779190754
1788446963710724106,0,0.7577970701020872,0.6326365491026015,0.0,0.9955115138886591,0.0,0.0,0.09464050779190754
1788446963730744610,0,0.7570036888629241,0.6324843242377052,0.0,0.9955115138886591,0.0,0.0,0.09464050779190754
1788446963750725015,0,0.7562091423353177,0.6323318757906681,0.0,0.9955115138886591,0.0,0.0,0.09464050779190754
1788446963770723710,0,0.7554180984031,0.6321800993813393,0.0,0.9955115138886591,0.0,0.0,0.09464050779190754
1788446963798030064,0,0.7542303098439102,0.6319522001772457,0.0,0.9955115138886591,0.0,0.0,0.09464050779190754
1788446963810768401,0,0.7538345601488989,0.6318762682785795,0.0,0.9955115138886591,0.0,0.0,0.09464050779190754
1788446963830755401,0,0.7530410835089094,0.6317240251092701,0.0,0.9955115138886591,0.0,0.0,0.09464050779190754
1788446963850727557,0,0.752246247299593,0.631571521081439,0.0,0.9955115138886591,0.0,0.0,0.09464050779190754
1788446963870740576,0,0.7514442875567515,0.6314176502719463,0.0,0.9955115138886591,0.0,0.0,0.09464050779190754
1788446963898215182,0,0.7502413804109002,0.6311868502873723,0.0,0.9955115138886591,0.0,0.0,0.09464050779190754
1788446963910744391,0,0.7498448106737947,0.631110761048463,0.0,0.9955115138886591,0.0,0.0,0.09464050779190754
1788446963930726634,0,0.7490528026078559,0.6309587996522475,0.0,0.9955115138886591,0.0,0.0,0.09464050779190754
1788446963950720145,0,0.7482610775726367,0.6308068925291765,0.0,0.9955115138886591,0.0,0.0,0.09464050779190754
1788446963970959666,0,0.747458219997875,0.630652849390076,0.0,0.9955115138886591,0.0,0.0,0.09464050779190754
1788446963998058241,0,0.7462637270541386,0.6304236637947781,0.0,0.9955115138886591,0.0,0.0,0.09464050779190754
1788446964010726792,0,0.7458667335623808,0.6303474932823216,0.0,0.9955115138886591,0.0,0.0,0.09464050779190754
1788446964030738767,0,0.7450703594995055,0.630194694252273,0.0,0.9955115138886591,0.0,0.0,0.09464050779190754
1788446964050735908,0,0.7442725239987543,0.6300416147550608,0.0,0.9955115138886591,0.0,0.0,0.09464050779190754
1788446964070735309,0,0.7434743854494136,0.629888477048645,0.0,0.9955115138886591,0.0,0.0,0.09464050779190754
1788446964098485163,0,0.742281884039168,0.6296596735651114,0.0,0.9955115138886591,0.0,0.0,0.09464050779190754
1788446964110720154,0,0.7418869171907657,0.6295838919015057,0.0,0.9955115138886591,0.0,0.0,0.09464050779190754
1788446964130754359,0,0.7410874448562563,0.629430498410986,0.0,0.9955115138886591,0.0,0.0,0.09464050779190754
1788446964150723859,0,0.7402895853872503,0.6292774142833473,0.0,0.9955115138886591,0.0,0.0,0.09464050779190754
1788446964170725404,0,0.7394922270205546,0.6291244262059543,0.0,0.9955115138886591,0.0,0.0,0.09464050779190754
1788446964198053124,0,0.7386908841597831,0.6289706736290421,0.0,0.9955115138886591,0.0,0.0,0.09464050779190754
1788446964210887502,0,0.7378820140215621,0.628815476932383,0.0,0.9955115138886591,0.0,0.0,0.09464050779190754
1788446964230724895,0,0.7370857666527385,0.6286627021475002,0.0,0.9955115138886591,0.0,0.0,0.09464050779190754
1788446964250750884,0,0.7362921155716663,0.6285104254769115,0.0,0.9955115138886591,0.0,0.0,0.09464050779190754
1788446964270832193,0,0.735500514015036,0.6283585420139742,0.0,0.9955115138886591,0.0,0.0,0.09464050779190754
1788446964298056479,0,0.7346950823212489,0.6282040049823234,0.0,0.9955115138886591,0.0,0.0,0.09464050779190754
1788446964310811352,0,0.7342745430307418,0.6281233167412597,0.0,0.9955115138886591,0.0,0.0,0.09464050779190754
1788446964330724326,0,0.7334768736867135,0.6279702691241333,0.0,0.9955115138886591,0.0,0.0,0.09464050779190754
1788446964350728978,0,0.7326661397478968,0.6278147148228577,0.0,0.9955115138886591,0.0,0.0,0.09464050779190754
1788446964370755652,0,0.7318739499520699,0.6276627186215,0.0,0.9955115138886591,0.0,0.0,0.09464050779190754
1788446964397975391,0,0.7306884397925053,0.6274352566649414,0.0,0.9955115138886591,0.0,0.0,0.09464050779190754
1788446964410753351,0,0.7302913882326912,0.6273590749478085,0.0,0.9955115138886591,0.0,0.0,0.09464050779190754
1788446964430779232,0,0.72950304024985,0.6272078157434391,0.0,0.9955115138886591,0.0,0.0,0.09464050779190754
1788446964450731679,0,0.7287056101654293,0.6270548140009222,0.0,0.9955115138886591,0.0,0.0,0.09464050779190754
1788446964470727477,0,0.7279055255281208,0.6269013029651074,0.0,0.9955115138886591,0.0,0.0,0.09464050779190754
1788446964497976381,0,0.7267088379435922,0.6266716963184086,0.0,0.9955115138886591,0.0,0.0,0.09464050779190754
1788446964510728878,0,0.7263098486031845,0.6265951428020737,0.0,0.9955115138886591,0.0,0.0,0.09464050779190754
1788446964530753668,0,0.7255162469721954,0.6264428755877187,0.0,0.9955115138886591,0.0,0.0,0.09464050779190754
1788446964550725480,0,0.7247224308570811,0.6262905672206001,0.0,0.9955115138886591,0.0,0.0,0.09464050779190754
1788446964570723375,0,0.7239282249395258,0.6261381841259012,0.0,0.9955115138886591,0.0,0.0,0.09464050779190754
1788446964598137883,0,0.7227270044576167,0.6259077077272454,0.0,0.9955115138886591,0.0,0.0,0.09464050779190754
1788446964610732646,0,0.7223282767788373,0.6258312044473132,0.0,0.9955115138886591,0.0,0.0,0.09464050779190754
1788446964630737470,0,0.7215310792532265,0.6256782473572768,0.0,0.9955115138886591,0.0,0.0,0.09464050779190754
1788446964650734714,0,0.7207334892141142,0.6255252149244858,0.0,0.9955115138886591,0.0,0.0,0.09464050779190754
1788446964670739347,0,0.7199422238775806,0.6253733959085951,0.0,0.9955115138886591,0.0,0.0,0.09464050779190754
1788446964698129711,0,0.7187477853544397,0.6251442206271324,0.0,0.9955115138886591,0.0,0.0,0.09464050779190754
1788446964711118604,0,0.7183524498952302,0.6250683681757777,0.0,0.9955115138886591,0.0,0.0,0.09464050779190754
1788446964730762363,0,0.7175605789039496,0.624916433016798,0.0,0.9955115138886591,0.0,0.0,0.09464050779190754
1788446964750808906,0,0.7167653029921791,0.6247638445605747,0.0,0.9955115138886591,0.0,0.0,0.09464050779190754
1788446964770735068,0,0.7159630606097791,0.6246099194575562,0.0,0.9955115138886591,0.0,0.0,0.09464050779190754
1788446964798111558,0,0.7147627059864656,0.6243796091260334,0.0,0.9955115138886591,0.0,0.0,0.09464050779190754
1788446964810741698,0,0.7143647060152083,0.624303245438548,0.0,0.9955115138886591,0.0,0.0,0.09464050779190754
1788446964830743335,0,0.7135655453990684,0.6241499116296315,0.0,0.9955115138886591,0.0,0.0,0.09464050779190754
1788446964850722147,0,0.7127714899759686,0.6239975574099211,0.0,0.9955115138886591,0.0,0.0,0.09464050779190754
1788446964870752397,0,0.7119783104703018,0.6238453713145042,0.0,0.9955115138886591,0.0,0.0,0.09464050779190754
1788446964898010589,0,0.7107870826182593,0.6236168123133462,0.0,0.9955115138886591,0.0,0.0,0.09464050779190754
1788446964910762172,0,0.7103880792349316,0.6235402561661778,0.0,0.9955115138886591,0.0,0.0,0.09464050779190754
1788446964930754756,0,0.7095849311015565,0.623386157405952,0.0,0.9955115138886591,0.0,0.0,0.09464050779190754
1788446964950730666,0,0.7087887042272344,0.6232333865218121,0.0,0.9955115138886591,0.0,0.0,0.09464050779190754
1788446964970730793,0,0.7079942172632515,0.6230809493765957,0.0,0.9955115138886591,0.0,0.0,0.09464050779190754
1788446964998871674,0,0.7068048419081411,0.6228527456526977,0.0,0.9955115138886591,0.0,0.0,0.09464050779190754
1788446965010755251,0,0.7064099249349602,0.6227769735900268,0.0,0.9955115138886591,0.0,0.0,0.09464050779190754
1788446965030725203,0,0.7056196037224169,0.6226253359737334,0.0,0.9955115138886591,0.0,0.0,0.09464050779190754
1788446965050720317,0,0.7048188995415113,0.6224717061627362,0.0,0.9955115138886591,0.0,0.0,0.09464050779190754
1788446965070745845,0,0.7040201744490473,0.6223184560443642,0.0,0.9955115138886591,0.0,0.0,0.09464050779190754
1788446965098026894,0,0.7028265266962347,0.6220894327091134,0.0,0.9955115138886591,0.0,0.0,0.09464050779190754
1788446965110782412,0,0.7024253845395051,0.622012466166929,0.0,0.9955115138886591,0.0,0.0,0.09464050779190754
1788446965130732823,0,0.7016324617883426,0.6218603292714355,0.0,0.9955115138886591,0.0,0.0,0.09464050779190754
1788446965150720911,0,0.7007259319616959,0.6216863947572651,0.0,0.9955115138886591,0.0,0.0,0.09464050779190754
1788446965170753754,0,0.6997286334867201,0.6214950445990804,0.0,0.9955115138886591,0.0,0.0,0.09464050779190754
1788446965198984110,0,0.6982200690822087,0.6212055987382613,0.0,0.9955115138886591,0.0,0.0,0.09464050779190754
1788446965210762441,0,0.6977187265687697,0.6211094070241598,0.0,0.9955115138886591,0.0,0.0,0.09464050779190754
1788446965230814935,0,0.6967164303835136,0.6209170982023211,0.0,0.9955115138886591,0.0,0.0,0.09464050779190754
1788446965250719480,0,0.6957285451640083,0.6207275543098235,0.0,0.9955115138886591,0.0,0.0,0.09464050779190754
1788446965270724114,0,0.6947450660034273,0.6205388557210383,0.0,0.9955115138886591,0.0,0.0,0.09464050779190754
1788446965298022280,0,0.6937705954089801,0.6203518855915682,0.0,0.9955115138886591,0.0,0.0,0.09464050779190754
1788446965310725103,0,0.6927612274418585,0.6201582196780814,0.0,0.9955115138886591,0.0,0.0,0.09464050779190754
1788446965330749701,0,0.6917528822631203,0.6199647500054631,0.0,0.9955115138886591,0.0,0.0,0.09464050779190754
1788446965350728491,0,0.6907535040291806,0.6197730007676008,0.0,0.9955115138886591,0.0,0.0,0.09464050779190754
1788446965370722872,0,0.6897486182874525,0.6195801947719184,0.0,0.9955115138886591,0.0,0.0,0.09464050779190754
1788446965397998325,0,0.6887556454534656,0.6193896744888728,0.0,0.9955115138886591,0.0,0.0,0.09464050779190754
1788446965410776472,0,0.6877695924643281,0.6192004819851399,0.0,0.9955115138886591,0.0,0.0,0.09464050779190754
1788446965430767882,0,0.6867836438094438,0.619011309499863,0.0,0.9955115138886591,0.0,0.0,0.09464050779190754
1788446965450736870,0,0.686288019191236,0.6189162147499222,0.0,0.9955115138886591,0.0,0.0,0.09464050779190754
1788446965470772271,0,0.6852906177800362,0.6187248448415191,0.0,0.9955115138886591,0.0,0.0,0.09464050779190754
1788446965498102851,0,0.6838009381633062,0.6184390222543419,0.0,0.9955115138886591,0.0,0.0,0.09464050779190754
1788446965510762833,0,0.6833067740705292,0.6183442077332184,0.0,0.9955115138886591,0.0,0.0,0.09464050779190754
1788446965530732241,0,0.6823176902591047,0.6181544337101723,0.0,0.9955115138886591,0.0,0.0,0.09464050779190754
1788446965550724128,0,0.6813156000458269,0.6179621641683679,0.0,0.9955115138886591,0.0,0.0,0.09464050779190754
1788446965570748737,0,0.6803198499863609,0.6177711109437144,0.0,0.9955115138886591,0.0,0.0,0.09464050779190754
1788446965598055710,0,0.678808339532246,0.6174810994658232,0.0,0.9955115138886591,0.0,0.0,0.09464050779190754
1788446965610748823,0,0.6783094912038404,0.617385386187456,0.0,0.9955115138886591,0.0,0.0,0.09464050779190754
1788446965630754236,0,0.6773116574985377,0.6171939333354337,0.0,0.9955115138886591,0.0,0.0,0.09464050779190754
1788446965650721339,0,0.6763121556379749,0.6170021604169711,0.0,0.9955115138886591,0.0,0.0,0.09464050779190754
1788446965670733030,0,0.6753173956109443,0.6168112972277423,0.0,0.9955115138886591,0.0,0.0,0.09464050779190754
1788446965698264806,0,0.6738179961498586,0.6165236096295834,0.0,0.9955115138886591,0.0,0.0,0.09464050779190754
1788446965710735652,0,0.6733231495047699,0.6164286641481747,0.0,0.9955115138886591,0.0,0.0,0.09464050779190754
1788446965730758018,0,0.6723296569735745,0.616238044230698,0.0,0.9955115138886591,0.0,0.0,0.09464050779190754
1788446965750846545,0,0.6713408849694728,0.6160483300336539,0.0,0.9955115138886591,0.0,0.0,0.09464050779190754
1788446965770721527,0,0.6703524572323142,0.6158586818118618,0.0,0.9955115138886591,0.0,0.0,0.09464050779190754
1788446965797964336,0,0.6688569339255525,0.6155717379259058,0.0,0.9955115138886591,0.0,0.0,0.09464050779190754
1788446965810752065,0,0.668361728537656,0.6154767236130542,0.0,0.9955115138886591,0.0,0.0,0.09464050779190754
1788446965830725168,0,0.6673684493326337,0.6152861446261495,0.0,0.9955115138886591,0.0,0.0,0.09464050779190754
1788446965850719598,0,0.6663505553848186,0.615090842887193,0.0,0.9955115138886591,0.0,0.0,0.09464050779190754
1788446965870760533,0,0.6653580586797699,0.6149004141164338,0.0,0.9955115138886591,0.0,0.0,0.09464050779190754
1788446965898063957,0,0.6638668979603521,0.6146143074313801,0.0,0.9955115138886591,0.0,0.0,0.09464050779190754
1788446965910796983,0,0.6633684182481916,0.6145186648788574,0.0,0.9955115138886591,0.0,0.0,0.09464050779190754
1788446965930721595,0,0.6623714388043302,0.6143273759326929,0.0,0.9955115138886591,0.0,0.0,0.09464050779190754
1788446965950722382,0,0.661377478843847,0.6141366663697291,0.0,0.9955115138886591,0.0,0.0,0.09464050779190754
1788446965970747465,0,0.6603862356401872,0.6139464781062959,0.0,0.9955115138886591,0.0,0.0,0.09464050779190754
1788446965997804848,0,0.6588833557491807,0.6136581228814425,0.0,0.9955115138886591,0.0,0.0,0.09464050779190754
1788446966010762722,0,0.6583890711364819,0.613563285236343,0.0,0.9955115138886591,0.0,0.0,0.09464050779190754
1788446966030727884,0,0.6574005304968493,0.6133736154308514,0.0,0.9955115138886591,0.0,0.0,0.09464050779190754
1788446966050723309,0,0.6563973736038403,0.6131811412268116,0.0,0.9955115138886591,0.0,0.0,0.09464050779190754
1788446966070757695,0,0.6554045425287965,0.6129906482219317,0.0,0.9955115138886591,0.0,0.0,0.09464050779190754
1788446966098576830,0,0.6539032153422982,0.612702590833064,0.0,0.9955115138886591,0.0,0.0,0.09464050779190754
1788446966110737581,0,0.6534087043929396,0.6126077097610899,0.0,0.9955115138886591,0.0,0.0,0.09464050779190754
1788446966130728300,0,0.6524195750510472,0.6124179270021815,0.0,0.9955115138886591,0.0,0.0,0.09464050779190754
1788446966150713327,0,0.6514262385855919,0.6122273370288037,0.0,0.9955115138886591,0.0,0.0,0.09464050779190754
1788446966170726597,0,0.6504231559839051,0.612034877078928,0.0,0.9955115138886591,0.0,0.0,0.09464050779190754
1788446966198006617,0,0.6494294029197963,0.6118442071733932,0.0,0.9955115138886591,0.0,0.0,0.09464050779190754
1788446966210772409,0,0.6484206214494308,0.6116506537901568,0.0,0.9955115138886591,0.0,0.0,0.09464050779190754
1788446966230719387,0,0.6474232077732537,0.611459281528491,0.0,0.9955115138886591,0.0,0.0,0.09464050779190754
1788446966250707655,0,0.6464113417557205,0.6112651363586966,0.0,0.9955115138886591,0.0,0.0,0.09464050779190754
1788446966270749932,0,0.6454122639570213,0.6110734448839227,0.0,0.9955115138886591,0.0,0.0,0.09464050779190754
1788446966299108241,0,0.644417901662399,0.610882658165447,0.0,0.9955115138886591,0.0,0.0,0.09464050779190754
1788446966310826002,0,0.6434158510594276,0.6106903961437987,0.0,0.9955115138886591,0.0,0.0,0.09464050779190754
1788446966330737318,0,0.6424264870001077,0.6105005682712074,0.0,0.9955115138886591,0.0,0.0,0.09464050779190754
1788446966350724896,0,0.6414366463115879,0.6103106490272964,0.0,0.9955115138886591,0.0,0.0,0.09464050779190754
1788446966370759118,0,0.6404468630541565,0.6101207408814336,0.0,0.9955115138886591,0.0,0.0,0.09464050779190754
1788446966398109659,0,0.6394569952144629,0.6099308165069062,0.0,0.9955115138886591,0.0,0.0,0.09464050779190754
1788446966410847540,0,0.6384690627229083,0.6097412633858716,0.0,0.9955115138886591,0.0,0.0,0.09464050779190754
1788446966430765643,0,0.6379750262299392,0.6096464733471314,0.0,0.9955115138886591,0.0,0.0,0.09464050779190754
1788446966450725471,0,0.636987071345711,0.6094569159296482,0.0,0.9955115138886591,0.0,0.0,0.09464050779190754
1788446966470756754,0,0.6359935921444858,0.6092662984906421,0.0,0.9955115138886591,0.0,0.0,0.09464050779190754
1788446966497963461,0,0.6345034330083748,0.6089803837801109,0.0,0.9955115138886591,0.0,0.0,0.09464050779190754
1788446966510748451,0,0.6340051542894491,0.6088847797918578,0.0,0.9955115138886591,0.0,0.0,0.09464050779190754
1788446966530757154,0,0.6330083829507132,0.6086935307745106,0.0,0.9955115138886591,0.0,0.0,0.09464050779190754
1788446966550802908,0,0.632012242319958,0.608502402770155,0.0,0.9955115138886591,0.0,0.0,0.09464050779190754
1788446966570738427,0,0.631020506921981,0.6083121199911857,0.0,0.9955115138886591,0.0,0.0,0.09464050779190754
1788446966598331062,0,0.629532445463787,0.6080266078776526,0.0,0.9955115138886591,0.0,0.0,0.09464050779190754
1788446966610860207,0,0.6290358330681224,0.607931323604337,0.0,0.9955115138886591,0.0,0.0,0.09464050779190754
1788446966630757896,0,0.6280424362265133,0.6077407220466774,0.0,0.9955115138886591,0.0,0.0,0.09464050779190754
1788446966650726675,0,0.6270501882668481,0.6075503409232681,0.0,0.9955115138886591,0.0,0.0,0.09464050779190754
1788446966670760567,0,0.626061825104122,0.6073607052487271,0.0,0.9955115138886591,0.0,0.0,0.09464050779190754
1788446966698094396,0,0.6245789495478188,0.6070761882645,0.0,0.9955115138886591,0.0,0.0,0.09464050779190754
1788446966711159026,0,0.6240859408416363,0.6069815954256644,0.0,0.9955115138886591,0.0,0.0,0.09464050779190754
1788446966730740901,0,0.6230997910769275,0.6067923843537482,0.0,0.9955115138886591,0.0,0.0,0.09464050779190754
1788446966750734061,0,0.6221095289927637,0.606602384257284,0.0,0.9955115138886591,0.0,0.0,0.09464050779190754
1788446966770783719,0,0.6211148843419638,0.606411543284352,0.0,0.9955115138886591,0.0,0.0,0.09464050779190754
1788446966798156629,0,0.6196211060640026,0.6061249342932097,0.0,0.9955115138886591,0.0,0.0,0.09464050779190754
1788446966810774196,0,0.6191221518257126,0.6060292006940723,0.0,0.9955115138886591,0.0,0.0,0.09464050779190754
1788446966830739405,0,0.6181238645679977,0.605837660819631,0.0,0.9955115138886591,0.0,0.0,0.09464050779190754
1788446966850724349,0,0.6171309307024107,0.6056471480924842,0.0,0.9955115138886591,0.0,0.0,0.09464050779190754
1788446966870743396,0,0.6161390126654611,0.6054568302708501,0.0,0.9955115138886591,0.0,0.0,0.09464050779190754
1788446966898135622,0,0.6146511859853206,0.6051713632038289,0.0,0.9955115138886591,0.0,0.0,0.09464050779190754
1788446966910747130,0,0.6141556422663349,0.6050762840153703,0.0,0.9955115138886591,0.0,0.0,0.09464050779190754
1788446966930735380,0,0.6131645443856236,0.6048861236348211,0.0,0.9955115138886591,0.0,0.0,0.09464050779190754
1788446966950724886,0,0.6121727989635385,0.6046958390115341,0.0,0.9955115138886591,0.0,0.0,0.09464050779190754
1788446966970730196,0,0.6111803000923005,0.6045054097460989,0.0,0.9955115138886591,0.0,0.0,0.09464050779190754
1788446966998075766,0,0.6096932503845292,0.6042200916768229,0.0,0.9955115138886591,0.0,0.0,0.09464050779190754
1788446967010780736,0,0.6091982951515966,0.6041251252819813,0.0,0.9955115138886591,0.0,0.0,0.09464050779190754
1788446967030742201,0,0.6082089604546076,0.6039353029642979,0.0,0.9955115138886591,0.0,0.0,0.09464050779190754
1788446967050723928,0,0.6072170446949035,0.6037449854611995,0.0,0.9955115138886591,0.0,0.0,0.09464050779190754
1788446967070726918,0,0.6062224297648046,0.6035541501115124,0.0,0.9955115138886591,0.0,0.0,0.09464050779190754
1788446967098003805,0,0.6047306845014834,0.603267931152179,0.0,0.9955115138886591,0.0,0.0,0.09464050779190754
1788446967110735290,0,0.6042276296767773,0.6031714108197629,0.0,0.9955115138886591,0.0,0.0,0.09464050779190754
1788446967130721599,0,0.6032334426322945,0.6029806577262539,0.0,0.9955115138886591,0.0,0.0,0.09464050779190754
1788446967150725351,0,0.6022385856359916,0.6027897760901502,0.0,0.9955115138886591,0.0,0.0,0.09464050779190754
1788446967170746448,0,0.6012427341082303,0.6025987036348708,0.0,0.9955115138886591,0.0,0.0,0.09464050779190754
1788446967198049721,0,0.5997508212788096,0.6023124526044311,0.0,0.9955115138886591,0.0,0.0,0.09464050779190754
1788446967210715523,0,0.5992553921861229,0.6022173953302168,0.0,0.9955115138886591,0.0,0.0,0.09464050779190754
1788446967230727399,0,0.598264614139549,0.6020272961579054,0.0,0.9955115138886591,0.0,0.0,0.09464050779190754
1788446967250722484,0,0.5972747163958161,0.601837365888046,0.0,0.9955115138886591,0.0,0.0,0.09464050779190754
1788446967270786162,0,0.5962856526759871,0.601647595641165,0.0,0.9955115138886591,0.0,0.0,0.09464050779190754
1788446967298328547,0,0.5948013563501741,0.6013628058591347,0.0,0.9955115138886591,0.0,0.0,0.09464050779190754
1788446967310721173,0,0.5943060296913615,0.6012677682782148,0.0,0.9955115138886591,0.0,0.0,0.09464050779190754
1788446967330759992,0,0.593315386417961,0.6010776950435454,0.0,0.9955115138886591,0.0,0.0,0.09464050779190754
1788446967350735172,0,0.5923235441800151,0.6008873916466996,0.0,0.9955115138886591,0.0,0.0,0.09464050779190754
1788446967370743650,0,0.591330126453341,0.6006967858444761,0.0,0.9955115138886591,0.0,0.0,0.09464050779190754
1788446967398126142,0,0.589838581677564,0.6004106050753156,0.0,0.9955115138886591,0.0,0.0,0.09464050779190754
1788446967410753468,0,0.5893404458833433,0.6003150284304574,0.0,0.9955115138886591,0.0,0.0,0.09464050779190754
1788446967430740959,0,0.5883439479641119,0.6001238317149566,0.0,0.9955115138886591,0.0,0.0,0.09464050779190754
1788446967450726005,0,0.5873489109218616,0.5999329153751375,0.0,0.9955115138886591,0.0,0.0,0.09464050779190754
1788446967470726173,0,0.586354336650039,0.599742087905714,0.0,0.9955115138886591,0.0,0.0,0.09464050779190754
1788446967498627940,0,0.5848563532375054,0.5994546721218316,0.0,0.9955115138886591,0.0,0.0,0.09464050779190754
1788446967510762102,0,0.5843592091407782,0.5993592858714305,0.0,0.9955115138886591,0.0,0.0,0.09464050779190754
1788446967530780026,0,0.5833658875392799,0.5991686988290961,0.0,0.9955115138886591,0.0,0.0,0.09464050779190754
1788446967550742935,0,0.5823739527675641,0.5989783778361445,0.0,0.9955115138886591,0.0,0.0,0.09464050779190754
1788446967570766111,0,0.5813541225974903,0.5987827045555153,0.0,0.9955115138886591,0.0,0.0,0.09464050779190754
1788446967598080451,0,0.5803597844650107,0.5985919223937923,0.0,0.9955115138886591,0.0,0.0,0.09464050779190754
1788446967610767796,0,0.5793650490863292,0.5984010641715,0.0,0.9955115138886591,0.0,0.0,0.09464050779190754
1788446967630776028,0,0.5783754794674056,0.5982111970949388,0.0,0.9955115138886591,0.0,0.0,0.09464050779190754
1788446967650726987,0,0.577369665425251,0.5980182131078222,0.0,0.9955115138886591,0.0,0.0,0.09464050779190754
1788446967670742545,0,0.5763763408356297,0.5978276253339242,0.0,0.9955115138886591,0.0,0.0,0.09464050779190754
1788446967698057185,0,0.5753829448243314,0.5976370238564508,0.0,0.9955115138886591,0.0,0.0,0.09464050779190754
1788446967710785963,0,0.574384558783499,0.5974454650286413,0.0,0.9955115138886591,0.0,0.0,0.09464050779190754
1788446967730762428,0,0.5733824376120052,0.5972531895469304,0.0,0.9955115138886591,0.0,0.0,0.09464050779190754
1788446967750728918,0,0.5723852670129614,0.5970618639241085,0.0,0.9955115138886591,0.0,0.0,0.09464050779190754
1788446967770714861,0,0.5713727964051114,0.5968676027116124,0.0,0.9955115138886591,0.0,0.0,0.09464050779190754
1788446967798029424,0,0.5703767008965848,0.5966764833647908,0.0,0.9955115138886591,0.0,0.0,0.09464050779190754
1788446967810734211,0,0.5693858991530316,0.5964863798036091,0.0,0.9955115138886591,0.0,0.0,0.09464050779190754
1788446967830764670,0,0.568890528307931,0.596391333784189,0.0,0.9955115138886591,0.0,0.0,0.09464050779190754
1788446967850723877,0,0.567897774485875,0.5962008556807968,0.0,0.9955115138886591,0.0,0.0,0.09464050779190754
1788446967870723930,0,0.5669035687290868,0.5960100989177987,0.0,0.9955115138886591,0.0,0.0,0.09464050779190754
1788446967898146891,0,0.5653992870135026,0.5957214746478797,0.0,0.9955115138886591,0.0,0.0,0.09464050779190754
1788446967910764477,0,0.5649037506223872,0.595626396865408,0.0,0.9955115138886591,0.0,0.0,0.09464050779190754
1788446967930697465,0,0.5639125344265563,0.5954362137839242,0.0,0.9955115138886591,0.0,0.0,0.09464050779190754
1788446967950727408,0,0.5629214011663376,0.595246046615165,0.0,0.9955115138886591,0.0,0.0,0.09464050779190754
1788446967970729048,0,0.5619289985172754,0.5950556358117338,0.0,0.9955115138886591,0.0,0.0,0.09464050779190754
1788446967998033581,0,0.5604214752102316,0.5947663895825377,0.0,0.9955115138886591,0.0,0.0,0.09464050779190754
1788446968010783665,0,0.559922632625891,0.5946706774062757,0.0,0.9955115138886591,0.0,0.0,0.09464050779190754
1788446968030724876,0,0.5589244941459504,0.5944791660776021,0.0,0.9955115138886591,0.0,0.0,0.09464050779190754
1788446968050728405,0,0.5579291979216846,0.5942882000882492,0.0,0.9955115138886591,0.0,0.0,0.09464050779190754
1788446968070720877,0,0.5569357742488246,0.5940975934616443,0.0,0.9955115138886591,0.0,0.0,0.09464050779190754
1788446968098038172,0,0.5554356251940206,0.5938097622386198,0.0,0.9955115138886591,0.0,0.0,0.09464050779190754
1788446968110793736,0,0.5549257449262082,0.5937119323192458,0.0,0.9955115138886591,0.0,0.0,0.09464050779190754
1788446968130755673,0,0.5539341105566774,0.5935216690034365,0.0,0.9955115138886591,0.0,0.0,0.09464050779190754
1788446968150721930,0,0.5529414731981557,0.5933312132061427,0.0,0.9955115138886591,0.0,0.0,0.09464050779190754
1788446968170721234,0,0.5519357460836593,0.5931382457774658,0.0,0.9955115138886591,0.0,0.0,0.09464050779190754
1788446968198361780,0,0.5504314094479322,0.5928496108896774,0.0,0.9955115138886591,0.0,0.0,0.09464050779190754
1788446968210746379,0,0.5499368897768095,0.5927547281442715,0.0,0.9955115138886591,0.0,0.0,0.09464050779190754
1788446968230737777,0,0.5489477851367155,0.59256495012486,0.0,0.9955115138886591,0.0,0.0,0.09464050779190754
1788446968250728681,0,0.5479568207902701,0.5923748152468373,0.0,0.9955115138886591,0.0,0.0,0.09464050779190754
1788446968270712707,0,0.5469575272640355,0.5921830822215748,0.0,0.9955115138886591,0.0,0.0,0.09464050779190754
1788446968298058735,0,0.5454651371159877,0.591896739529478,0.0,0.9955115138886591,0.0,0.0,0.09464050779190754
1788446968310740340,0,0.5449659077990188,0.591800953191172,0.0,0.9955115138886591,0.0,0.0,0.09464050779190754
1788446968330727760,0,0.5439654375262541,0.5916089945446047,0.0,0.9955115138886591,0.0,0.0,0.09464050779190754
1788446968350722685,0,0.5429551992830737,0.5914151615702496,0.0,0.9955115138886591,0.0,0.0,0.09464050779190754
1788446968370758413,0,0.5419480296657408,0.591221917210166,0.0,0.9955115138886591,0.0,0.0,0.09464050779190754
1788446968398104261,0,0.5404577209017568,0.5909359736719949,0.0,0.9955115138886591,0.0,0.0,0.09464050779190754
1788446968410766998,0,0.5399611075425022,0.5908406892137967,0.0,0.9955115138886591,0.0,0.0,0.09464050779190754
1788446968430725831,0,0.5389650393095758,0.5906495751003035,0.0,0.9955115138886591,0.0,0.0,0.09464050779190754
1788446968450724638,0,0.5379684365843177,0.5904583583949283,0.0,0.9955115138886591,0.0,0.0,0.09464050779190754
1788446968470739807,0,0.5369756001789289,0.5902678642882435,0.0,0.9955115138886591,0.0,0.0,0.09464050779190754
1788446968497968251,0,0.5354717292503722,0.5899793186751063,0.0,0.9955115138886591,0.0,0.0,0.09464050779190754
1788446968510988847,0,0.5349754616712018,0.5898841004821571,0.0,0.9955115138886591,0.0,0.0,0.09464050779190754
1788446968531097505,0,0.5339854624225878,0.5896941506578471,0.0,0.9955115138886591,0.0,0.0,0.09464050779190754
1788446968550729214,0,0.5329926222390621,0.5895036558661007,0.0,0.9955115138886591,0.0,0.0,0.09464050779190754
1788446968570737837,0,0.5319945871693519,0.5893121644580862,0.0,0.9955115138886591,0.0,0.0,0.09464050779190754
1788446968598068054,0,0.5309997902811642,0.5891212943548314,0.0,0.9955115138886591,0.0,0.0,0.09464050779190754
1788446968610726576,0,0.5300048300915885,0.588930392919198,0.0,0.9955115138886591,0.0,0.0,0.09464050779190754
1788446968630732733,0,0.5290099427891887,0.5887395054683116,0.0,0.9955115138886591,0.0,0.0,0.09464050779190754
1788446968650714020,0,0.5280156695699624,0.5885487358801675,0.0,0.9955115138886591,0.0,0.0,0.09464050779190754
1788446968670736665,0,0.5270214021048489,0.5883579674356731,0.0,0.9955115138886591,0.0,0.0,0.09464050779190754
1788446968698404564,0,0.5260140647609776,0.5881646912952841,0.0,0.9955115138886591,0.0,0.0,0.09464050779190754
1788446968710763642,0,0.5250199959043259,0.587973960878287,0.0,0.9955115138886591,0.0,0.0,0.09464050779190754
1788446968730745825,0,0.5240115858331807,0.5877804788351805,0.0,0.9955115138886591,0.0,0.0,0.09464050779190754
1788446968750729066,0,0.5230124450796685,0.5875887752813662,0.0,0.9955115138886591,0.0,0.0,0.09464050779190754
1788446968770728519,0,0.5220183953151026,0.5873980485275374,0.0,0.9955115138886591,0.0,0.0,0.09464050779190754
1788446968798078242,0,0.5210102525318248,0.5872046177685305,0.0,0.9955115138886591,0.0,0.0,0.09464050779190754
1788446968810792727,0,0.5205150555341739,0.5871096051049453,0.0,0.9955115138886591,0.0,0.0,0.09464050779190754
1788446968830746855,0,0.5195101568395218,0.5869167967840846,0.0,0.9955115138886591,0.0,0.0,0.09464050779190754
1788446968850721581,0,0.5185181784056122,0.586726467453188,0.0,0.9955115138886591,0.0,0.0,0.09464050779190754
1788446968870749272,0,0.5175258606095683,0.5865360729303778,0.0,0.9955115138886591,0.0,0.0,0.09464050779190754
1788446968898025515,0,0.5160334368832425,0.5862497238350203,0.0,0.9955115138886591,0.0,0.0,0.09464050779190754
1788446968910810251,0,0.5155351400163786,0.5861541162853706,0.0,0.9955115138886591,0.0,0.0,0.09464050779190754
1788446968930753133,0,0.5145379956762978,0.585962795541971,0.0,0.9955115138886591,0.0,0.0,0.09464050779190754
1788446968950729959,0,0.5135345049095948,0.585770257118231,0.0,0.9955115138886591,0.0,0.0,0.09464050779190754
1788446968970819088,0,0.5125335211096155,0.5855781998622818,0.0,0.9955115138886591,0.0,0.0,0.09464050779190754
1788446968998140406,0,0.5110393033339364,0.5852915065453735,0.0,0.9955115138886591,0.0,0.0,0.09464050779190754
1788446969010825313,0,0.510539101895446,0.5851955335681275,0.0,0.9955115138886591,0.0,0.0,0.09464050779190754
1788446969030727037,0,0.5095472803411645,0.5850052341004801,0.0,0.9955115138886591,0.0,0.0,0.09464050779190754
1788446969050728347,0,0.5085553377899358,0.5848149114568255,0.0,0.9955115138886591,0.0,0.0,0.09464050779190754
1788446969070732653,0,0.5075628728302153,0.5846244887769921,0.0,0.9955115138886591,0.0,0.0,0.09464050779190754
1788446969098359758,0,0.5060761045514474,0.5843392248628825,0.0,0.9955115138886591,0.0,0.0,0.09464050779190754
1788446969110737260,0,0.5055815595732698,0.5842443373012408,0.0,0.9955115138886591,0.0,0.0,0.09464050779190754
1788446969130733765,0,0.5045924725162597,0.58405456273425,0.0,0.9955115138886591,0.0,0.0,0.09464050779190754
1788446969150738445,0,0.5035909797623473,0.5838624079058444,0.0,0.9955115138886591,0.0,0.0,0.09464050779190754
1788446969170771933,0,0.5025998910121044,0.5836722492771437,0.0,0.9955115138886591,0.0,0.0,0.09464050779190754
1788446969197997987,0,0.5010881701838446,0.583382197796275,0.0,0.9955115138886591,0.0,0.0,0.09464050779190754
1788446969210779795,0,0.5005897430978264,0.5832865653807509,0.0,0.9955115138886591,0.0,0.0,0.09464050779190754
1788446969230712252,0,0.49959361660311813,0.583095440167999,0.0,0.9955115138886591,0.0,0.0,0.09464050779190754
1788446969250722854,0,0.49859312720260296,0.5829034778514205,0.0,0.9955115138886591,0.0,0.0,0.09464050779190754
1788446969270761288,0,0.49759407360242136,0.5827117910195777,0.0,0.9955115138886591,0.0,0.0,0.09464050779190754
1788446969298070184,0,0.4960904303898812,0.5824232893780429,0.0,0.9955115138886591,0.0,0.0,0.09464050779190754
1788446969310827438,0,0.4955929750873328,0.5823278434170739,0.0,0.9955115138886591,0.0,0.0,0.09464050779190754
1788446969330728814,0,0.49459830689665946,0.5821369980068073,0.0,0.9955115138886591,0.0,0.0,0.09464050779190754
1788446969350722073,0,0.4936042569058708,0.5819462712095734,0.0,0.9955115138886591,0.0,0.0,0.09464050779190754
1788446969370756297,0,0.49260845236557416,0.5817552077697046,0.0,0.9955115138886591,0.0,0.0,0.09464050779190754
1788446969398367963,0,0.4911145894077341,0.5814685825311464,0.0,0.9955115138886591,0.0,0.0,0.09464050779190754
1788446969410749878,0,0.4906122015493347,0.5813721900484531,0.0,0.9955115138886591,0.0,0.0,0.09464050779190754
1788446969430740972,0,0.4896165741558254,0.5811811603595518,0.0,0.9955115138886591,0.0,0.0,0.09464050779190754
1788446969451066164,0,0.48862583450435654,0.5809910685540809,0.0,0.9955115138886591,0.0,0.0,0.09464050779190754
1788446969470738089,0,0.4876314233184179,0.5808002723757006,0.0,0.9955115138886591,0.0,0.0,0.09464050779190754
1788446969498031295,0,0.4861416864779573,0.5805144388487837,0.0,0.9955115138886591,0.0,0.0,0.09464050779190754
1788446969510723259,0,0.48564346595205143,0.5804188460656212,0.0,0.9955115138886591,0.0,0.0,0.09464050779190754
1788446969530755821,0,0.4846422016019787,0.5802267350606984,0.0,0.9955115138886591,0.0,0.0,0.09464050779190754
1788446969550750810,0,0.48364464250923034,0.5800353349776297,0.0,0.9955115138886591,0.0,0.0,0.09464050779190754
1788446969570755590,0,0.4826455982920151,0.5798436499460818,0.0,0.9955115138886591,0.0,0.0,0.09464050779190754
1788446969598039618,0,0.4811511544280412,0.5795569132901125,0.0,0.9955115138886591,0.0,0.0,0.09464050779190754
1788446969610757445,0,0.4806559070675743,0.5794618908846003,0.0,0.9955115138886591,0.0,0.0,0.09464050779190754
1788446969630745509,0,0.47966529843146427,0.5792718242168333,0.0,0.9955115138886591,0.0,0.0,0.09464050779190754
1788446969650721895,0,0.4786731489825562,0.5790814619550827,0.0,0.9955115138886591,0.0,0.0,0.09464050779190754
1788446969670768603,0,0.47768111947839875,0.5788911227464031,0.0,0.9955115138886591,0.0,0.0,0.09464050779190754
1788446969698052977,0,0.4766853556597799,0.5787000670404252,0.0,0.9955115138886591,0.0,0.0,0.09464050779190754
1788446969710951365,0,0.4756963970246581,0.5785103169559972,0.0,0.9955115138886591,0.0,0.0,0.09464050779190754
1788446969730735000,0,0.47470775816566646,0.5783206282265598,0.0,0.9955115138886591,0.0,0.0,0.09464050779190754
1788446969750723209,0,0.473718853377521,0.5781308884342881,0.0,0.9955115138886591,0.0,0.0,0.09464050779190754
1788446969770726830,0,0.4727299495669508,0.5779411487902022,0.0,0.9955115138886591,0.0,0.0,0.09464050779190754
1788446969798119738,0,0.4717405868049279,0.5777513210877184,0.0,0.9955115138886591,0.0,0.0,0.09464050779190754
1788446969810738872,0,0.4709297297642453,0.5775957433608278,0.0,0.9955115138886591,0.0,0.0,0.09464050779190754
1788446969830858914,0,0.47011896090022165,0.577440182552239,0.0,0.9955115138886591,0.0,0.0,0.09464050779190754
1788446969850719640,0,0.4694188898209774,0.5773058611577537,0.0,0.9955115138886591,0.0,0.0,0.09464050779190754
1788446969870727278,0,0.4688383961311788,0.5771944828916589,0.0,0.9955115138886591,0.0,0.0,0.09464050779190754
1788446969898080886,0,0.468257914240556,0.5770831068894503,0.0,0.9955115138886591,0.0,0.0,0.09464050779190754
1788446969910735052,0,0.4678610843015932,0.577006967726002,0.0,0.9955115138886591,0.0,0.0,0.09464050779190754
1788446969930734934,0,0.46746570950481003,0.5769311077584949,0.0,0.9955115138886591,0.0,0.0,0.09464050779190754
1788446969950722793,0,0.46717167871796994,0.5768746925137265,0.0,0.9955115138886591,0.0,0.0,0.09464050779190754
1788446969970723057,0,0.4669782026628813,0.5768375705540774,0.0,0.9955115138886591,0.0,0.0,0.09464050779190754
1788446969998620962,0,0.46678500756878627,0.5768005025019916,0.0,0.9955115138886591,0.0,0.0,0.09464050779190754
1788446970010744067,0,0.46678500756878627,0.5768005025019916,0.0,0.9955115138886591,0.0,0.0,0.09464050779190754
1788446970030719441,0,0.46678500756878627,0.5768005025019916,0.0,0.9955115138886591,0.0,0.0,0.09464050779190754
1788446970050679053,0,0.46678500756878627,0.5768005025019916,0.0,0.9955115138886591,0.0,0.0,0.09464050779190754
1788446970070734686,0,0.46678500756878627,0.5768005025019916,0.0,0.9955115138886591,0.0,0.0,0.09464050779190754
1788446970098076548,0,0.46678500756878627,0.5768005025019916,0.0,0.9955115138886591,0.0,0.0,0.09464050779190754
1788446970110802522,0,0.46678500756878627,0.5768005025019916,0.0,0.9955115138886591,0.0,0.0,0.09464050779190754
1788446970130734641,0,0.46678500756878627,0.5768005025019916,0.0,0.9955115138886591,0.0,0.0,0.09464050779190754
1788446970150723830,0,0.46678500756878627,0.5768005025019916,0.0,0.9955115138886591,0.0,0.0,0.09464050779190754
1788446970170738486,0,0.46678500756878627,0.5768005025019916,0.0,0.9955115138886591,0.0,0.0,0.09464050779190754
1788446970198972247,0,0.46678500756878627,0.5768005025019916,0.0,0.9955115138886591,0.0,0.0,0.09464050779190754
1788446970210748385,0,0.46678500756878627,0.5768005025019916,0.0,0.9955115138886591,0.0,0.0,0.09464050779190754
1788446970230771405,0,0.46678500756878627,0.5768005025019916,0.0,0.9955115138886591,0.0,0.0,0.09464050779190754
1788446970250720919,0,0.46678500756878627,0.5768005025019916,0.0,0.9955115138886591,0.0,0.0,0.09464050779190754
1788446970270725188,0,0.46678500756878627,0.5768005025019916,0.0,0.9955115138886591,0.0,0.0,0.09464050779190754
1788446970297843758,0,0.46678500756878627,0.5768005025019916,0.0,0.9955115138886591,0.0,0.0,0.09464050779190754
1788446970310728030,0,0.46678500756878627,0.5768005025019916,0.0,0.9955115138886591,0.0,0.0,0.09464050779190754
1788446970330746016,0,0.46678500756878627,0.5768005025019916,0.0,0.9955115138886591,0.0,0.0,0.09464050779190754
1788446970350931389,0,0.46678500756878627,0.5768005025019916,0.0,0.9955115138886591,0.0,0.0,0.09464050779190754
1788446970370739573,0,0.46678500756878627,0.5768005025019916,0.0,0.9955115138886591,0.0,0.0,0.09464050779190754
1788446970398536912,0,0.46678500756878627,0.5768005025019916,0.0,0.9955115138886591,0.0,0.0,0.09464050779190754
1788446970410752870,0,0.46678500756878627,0.5768005025019916,0.0,0.9955115138886591,0.0,0.0,0.09464050779190754
1788446970430746309,0,0.46678500756878627,0.5768005025019916,0.0,0.9955115138886591,0.0,0.0,0.09464050779190754
1788446970450730761,0,0.46678500756878627,0.5768005025019916,0.0,0.9955115138886591,0.0,0.0,0.09464050779190754
1788446970470805142,0,0.46678500756878627,0.5768005025019916,0.0,0.9955115138886591,0.0,0.0,0.09464050779190754
1788446970498787568,0,0.46678500756878627,0.5768005025019916,0.0,0.9955115138886591,0.0,0.0,0.09464050779190754
1788446970510768102,0,0.46678500756878627,0.5768005025019916,0.0,0.9955115138886591,0.0,0.0,0.09464050779190754
1788446970530732483,0,0.46678500756878627,0.5768005025019916,0.0,0.9955115138886591,0.0,0.0,0.09464050779190754
1788446970550744462,0,0.46678500756878627,0.5768005025019916,0.0,0.9955115138886591,0.0,0.0,0.09464050779190754
1788446970570721309,0,0.46678500756878627,0.5768005025019916,0.0,0.9955115138886591,0.0,0.0,0.09464050779190754
1788446970598312710,0,0.46678500756878627,0.5768005025019916,0.0,0.9955115138886591,0.0,0.0,0.09464050779190754
1788446970611058962,0,0.46678500756878627,0.5768005025019916,0.0,0.9955115138886591,0.0,0.0,0.09464050779190754
1788446970630734048,0,0.46678500756878627,0.5768005025019916,0.0,0.9955115138886591,0.0,0.0,0.09464050779190754
1788446970650724253,0,0.46678393274174557,0.5768002799779642,0.0,0.9955115138886591,0.0,0.0,0.09464050779190754
1788446970670729643,0,0.4667817796279091,0.5767998342136283,0.0,0.9955115138886591,0.0,0.0,0.09464050779190754
1788446970698407141,0,0.4667796298817044,0.5767993891465013,0.0,0.9955115138886591,0.0,0.0,0.09464050779190754
1788446970710731212,0,0.4667796298817044,0.5767993891465013,0.0,0.9955115138886591,0.0,0.0,0.09464050779190754
1788446970730761716,0,0.4667796298817044,0.5767993891465013,0.0,0.9955115138886591,0.0,0.0,0.09464050779190754
1788446970750732752,0,0.4667796298817044,0.5767993891465013,0.0,0.9955115138886591,0.0,0.0,0.09464050779190754
1788446970770734930,0,0.4667796298817044,0.5767993891465013,0.0,0.9955115138886591,0.0,0.0,0.09464050779190754
1788446970798287012,0,0.4667783410403806,0.5767990095042566,0.0,0.9955115138886591,0.0,0.0,0.09464050779190754
1788446970810715972,0,0.4667770520638622,0.5767986298221888,0.0,0.9955115138886591,0.0,0.0,0.09464050779190754
1788446970830735485,0,0.4667744742719056,0.576797870505501,0.0,0.9955115138886591,0.0,0.0,0.09464050779190754
1788446970850740192,0,0.46677202576196863,0.5767970979129775,0.0,0.9955115138886591,0.0,0.0,0.09464050779190754
1788446970870728629,0,0.4667697060191946,0.5767963118466812,0.0,0.9955115138886591,0.0,0.0,0.09464050779190754
1788446970898382528,0,0.4667673906964051,0.5767955272781375,0.0,0.9955115138886591,0.0,0.0,0.09464050779190754
1788446970910769742,0,0.4667673906964051,0.5767955272781375,0.0,0.9955115138886591,0.0,0.0,0.09464050779190754
1788446970930741941,0,0.4667673906964051,0.5767955272781375,0.0,0.9955115138886591,0.0,0.0,0.09464050779190754
1788446970950754329,0,0.4667673906964051,0.5767955272781375,0.0,0.9955115138886591,0.0,0.0,0.09464050779190754
1788446970970780334,0,0.4667673906964051,0.5767955272781375,0.0,0.9955115138886591,0.0,0.0,0.09464050779190754
1788446970998528846,0,0.4667673906964051,0.5767955272781375,0.0,0.9955115138886591,0.0,0.0,0.09464050779190754
1788446971010762447,0,0.4667673906964051,0.5767955272781375,0.0,0.9955115138886591,0.0,0.0,0.09464050779190754
1788446971030771860,0,0.4667673906964051,0.5767955272781375,0.0,0.9955115138886591,0.0,0.0,0.09464050779190754
1788446971050731660,0,0.4667673906964051,0.5767955272781375,0.0,0.9955115138886591,0.0,0.0,0.09464050779190754
1788446971070770846,0,0.4667673906964051,0.5767955272781375,0.0,0.9955115138886591,0.0,0.0,0.09464050779190754
1788446971099476840,0,0.4667673906964051,0.5767955272781375,0.0,0.9955115138886591,0.0,0.0,0.09464050779190754
1788446971110765594,0,0.4667673906964051,0.5767955272781375,0.0,0.9955115138886591,0.0,0.0,0.09464050779190754
1788446971130783314,0,0.4667673906964051,0.5767955272781375,0.0,0.9955115138886591,0.0,0.0,0.09464050779190754
1788446971150731509,0,0.4667673906964051,0.5767955272781375,0.0,0.9955115138886591,0.0,0.0,0.09464050779190754
1788446971170724714,0,0.4667673906964051,0.5767955272781375,0.0,0.9955115138886591,0.0,0.0,0.09464050779190754
1788446971198545906,0,0.4667673906964051,0.5767955272781375,0.0,0.9955115138886591,0.0,0.0,0.09464050779190754
1788446971210725490,0,0.4667673906964051,0.5767955272781375,0.0,0.9955115138886591,0.0,0.0,0.09464050779190754
1788446971230765396,0,0.4667673906964051,0.5767955272781375,0.0,0.9955115138886591,0.0,0.0,0.09464050779190754
1788446971250734455,0,0.4667673906964051,0.5767955272781375,0.0,0.9955115138886591,0.0,0.0,0.09464050779190754
1788446971270732229,0,0.4667673906964051,0.5767955272781375,0.0,0.9955115138886591,0.0,0.0,0.09464050779190754
1788446971298018317,0,0.4667673906964051,0.5767955272781375,0.0,0.9955115138886591,0.0,0.0,0.09464050779190754
1788446971310986945,0,0.4667673906964051,0.5767955272781375,0.0,0.9955115138886591,0.0,0.0,0.09464050779190754
1788446971330732642,0,0.4667673906964051,0.5767955272781375,0.0,0.9955115138886591,0.0,0.0,0.09464050779190754
1788446971350724463,0,0.4667673906964051,0.5767955272781375,0.0,0.9955115138886591,0.0,0.0,0.09464050779190754
1788446971370740204,0,0.4667673906964051,0.5767955272781375,0.0,0.9955115138886591,0.0,0.0,0.09464050779190754
1788446971398597374,0,0.4667673906964051,0.5767955272781375,0.0,0.9955115138886591,0.0,0.0,0.09464050779190754
1788446971410753276,0,0.4667673906964051,0.5767955272781375,0.0,0.9955115138886591,0.0,0.0,0.09464050779190754
1788446971430736084,0,0.4667673906964051,0.5767955272781375,0.0,0.9955115138886591,0.0,0.0,0.09464050779190754
1788446971450727110,0,0.4667673906964051,0.5767955272781375,0.0,0.9955115138886591,0.0,0.0,0.09464050779190754
1788446971470737521,0,0.4667673906964051,0.5767955272781375,0.0,0.9955115138886591,0.0,0.0,0.09464050779190754
1788446971498367493,0,0.4667673906964051,0.5767955272781375,0.0,0.9955115138886591,0.0,0.0,0.09464050779190754
1788446971510737942,0,0.4667673906964051,0.5767955272781375,0.0,0.9955115138886591,0.0,0.0,0.09464050779190754
1788446971530759909,0,0.4667673906964051,0.5767955272781375,0.0,0.9955115138886591,0.0,0.0,0.09464050779190754
1788446971551262468,0,0.4667673906964051,0.5767955272781375,0.0,0.9955115138886591,0.0,0.0,0.09464050779190754
1788446971570729741,0,0.4667673906964051,0.5767955272781375,0.0,0.9955115138886591,0.0,0.0,0.09464050779190754
1788446971598068869,0,0.4667673906964051,0.5767955272781375,0.0,0.9955115138886591,0.0,0.0,0.09464050779190754
1788446971610734249,0,0.4667673906964051,0.5767955272781375,0.0,0.9955115138886591,0.0,0.0,0.09464050779190754
1788446971630752428,0,0.4667673906964051,0.5767955272781375,0.0,0.9955115138886591,0.0,0.0,0.09464050779190754
1788446971650729888,0,0.4667673906964051,0.5767955272781375,0.0,0.9955115138886591,0.0,0.0,0.09464050779190754
1788446971670722659,0,0.4667673906964051,0.5767955272781375,0.0,0.9955115138886591,0.0,0.0,0.09464050779190754
1788446971698530548,0,0.4667673906964051,0.5767955272781375,0.0,0.9955115138886591,0.0,0.0,0.09464050779190754
1788446971710764863,0,0.4667673906964051,0.5767955272781375,0.0,0.9955115138886591,0.0,0.0,0.09464050779190754
1788446971731049883,0,0.4667673906964051,0.5767955272781375,0.0,0.9955115138886591,0.0,0.0,0.09464050779190754
1788446971750729580,0,0.4667673906964051,0.5767955272781375,0.0,0.9955115138886591,0.0,0.0,0.09464050779190754
1788446971770718837,0,0.4667673906964051,0.5767955272781375,0.0,0.9955115138886591,0.0,0.0,0.09464050779190754
1788446971798677359,0,0.4667673906964051,0.5767955272781375,0.0,0.9955115138886591,0.0,0.0,0.09464050779190754
1788446971810832845,0,0.4667673906964051,0.5767955272781375,0.0,0.9955115138886591,0.0,0.0,0.09464050779190754
1788446971830728659,0,0.4667673906964051,0.5767955272781375,0.0,0.9955115138886591,0.0,0.0,0.09464050779190754
1788446971850722810,0,0.4667673906964051,0.5767955272781375,0.0,0.9955115138886591,0.0,0.0,0.09464050779190754
1788446971870790250,0,0.4667673906964051,0.5767955272781375,0.0,0.9955115138886591,0.0,0.0,0.09464050779190754
1788446971898684218,0,0.4667673906964051,0.5767955272781375,0.0,0.9955115138886591,0.0,0.0,0.09464050779190754
1788446971910768416,0,0.4667673906964051,0.5767955272781375,0.0,0.9955115138886591,0.0,0.0,0.09464050779190754
1788446971930732515,0,0.4667673906964051,0.5767955272781375,0.0,0.9955115138886591,0.0,0.0,0.09464050779190754
1788446971950763169,0,0.4667673906964051,0.5767955272781375,0.0,0.9955115138886591,0.0,0.0,0.09464050779190754
1788446971970736491,0,0.4667673906964051,0.5767955272781375,0.0,0.9955115138886591,0.0,0.0,0.09464050779190754
1788446971998127659,0,0.4667673906964051,0.5767955272781375,0.0,0.9955115138886591,0.0,0.0,0.09464050779190754
1788446972010725953,0,0.4667673906964051,0.5767955272781375,0.0,0.9955115138886591,0.0,0.0,0.09464050779190754
1788446972030742614,0,0.4667673906964051,0.5767955272781375,0.0,0.9955115138886591,0.0,0.0,0.09464050779190754
1788446972050748259,0,0.4667673906964051,0.5767955272781375,0.0,0.9955115138886591,0.0,0.0,0.09464050779190754
1788446972070757429,0,0.4667673906964051,0.5767955272781375,0.0,0.9955115138886591,0.0,0.0,0.09464050779190754
1788446972098562516,0,0.4667673906964051,0.5767955272781375,0.0,0.9955115138886591,0.0,0.0,0.09464050779190754
1788446972110822626,0,0.4667673906964051,0.5767955272781375,0.0,0.9955115138886591,0.0,0.0,0.09464050779190754
1788446972130738176,0,0.4667673906964051,0.5767955272781375,0.0,0.9955115138886591,0.0,0.0,0.09464050779190754
1788446972150730853,0,0.4667673906964051,0.5767955272781375,0.0,0.9955115138886591,0.0,0.0,0.09464050779190754
1788446972170734486,0,0.4667673906964051,0.5767955272781375,0.0,0.9955115138886591,0.0,0.0,0.09464050779190754
1788446972198739324,0,0.4667673906964051,0.5767955272781375,0.0,0.9955115138886591,0.0,0.0,0.09464050779190754
1788446972210801976,0,0.4667673906964051,0.5767955272781375,0.0,0.9955115138886591,0.0,0.0,0.09464050779190754
1788446972230730443,0,0.4667673906964051,0.5767955272781375,0.0,0.9955115138886591,0.0,0.0,0.09464050779190754
1788446972250721217,0,0.4667673906964051,0.5767955272781375,0.0,0.9955115138886591,0.0,0.0,0.09464050779190754
1788446972270748058,0,0.4667673906964051,0.5767955272781375,0.0,0.9955115138886591,0.0,0.0,0.09464050779190754
1788446972298136556,0,0.4667673906964051,0.5767955272781375,0.0,0.9955115138886591,0.0,0.0,0.09464050779190754
1788446972310743886,0,0.4667673906964051,0.5767955272781375,0.0,0.9955115138886591,0.0,0.0,0.09464050779190754
1788446972331155531,0,0.4667673906964051,0.5767955272781375,0.0,0.9955115138886591,0.0,0.0,0.09464050779190754
1788446972350721330,0,0.4667673906964051,0.5767955272781375,0.0,0.9955115138886591,0.0,0.0,0.09464050779190754
1788446972370751101,0,0.4667673906964051,0.5767955272781375,0.0,0.9955115138886591,0.0,0.0,0.09464050779190754
1788446972398680129,0,0.4667673906964051,0.5767955272781375,0.0,0.9955115138886591,0.0,0.0,0.09464050779190754
1788446972410762292,0,0.4667673906964051,0.5767955272781375,0.0,0.9955115138886591,0.0,0.0,0.09464050779190754
1788446972430894352,0,0.4667673906964051,0.5767955272781375,0.0,0.9955115138886591,0.0,0.0,0.09464050779190754
1788446972450748104,0,0.4667673906964051,0.5767955272781375,0.0,0.9955115138886591,0.0,0.0,0.09464050779190754
1788446972470729587,0,0.4667673906964051,0.5767955272781375,0.0,0.9955115138886591,0.0,0.0,0.09464050779190754
1788446972498739827,0,0.4667673906964051,0.5767955272781375,0.0,0.9955115138886591,0.0,0.0,0.09464050779190754
1788446972510736691,0,0.4667673906964051,0.5767955272781375,0.0,0.9955115138886591,0.0,0.0,0.09464050779190754
1788446972530724304,0,0.4667673906964051,0.5767955272781375,0.0,0.9955115138886591,0.0,0.0,0.09464050779190754
1788446972550723736,0,0.4667673906964051,0.5767955272781375,0.0,0.9955115138886591,0.0,0.0,0.09464050779190754
1788446972570741222,0,0.4667673906964051,0.5767955272781375,0.0,0.9955115138886591,0.0,0.0,0.09464050779190754
1788446972598495097,0,0.4667673906964051,0.5767955272781375,0.0,0.9955115138886591,0.0,0.0,0.09464050779190754
1788446972610779317,0,0.4667673906964051,0.5767955272781375,0.0,0.9955115138886591,0.0,0.0,0.09464050779190754
1788446972630727435,0,0.4667673906964051,0.5767955272781375,0.0,0.9955115138886591,0.0,0.0,0.09464050779190754
1788446972650715376,0,0.4667673906964051,0.5767955272781375,0.0,0.9955115138886591,0.0,0.0,0.09464050779190754
1788446972670748481,0,0.4667673906964051,0.5767955272781375,0.0,0.9955115138886591,0.0,0.0,0.09464050779190754
1788446972698021544,0,0.4667673906964051,0.5767955272781375,0.0,0.9955115138886591,0.0,0.0,0.09464050779190754
1788446972710759260,0,0.4667673906964051,0.5767955272781375,0.0,0.9955115138886591,0.0,0.0,0.09464050779190754
1788446972730727363,0,0.4667673906964051,0.5767955272781375,0.0,0.9955115138886591,0.0,0.0,0.09464050779190754
1788446972750728284,0,0.4667673906964051,0.5767955272781375,0.0,0.9955115138886591,0.0,0.0,0.09464050779190754
1788446972770738052,0,0.4667673906964051,0.5767955272781375,0.0,0.9955115138886591,0.0,0.0,0.09464050779190754
1788446972798550283,0,0.4667673906964051,0.5767955272781375,0.0,0.9955115138886591,0.0,0.0,0.09464050779190754
1788446972810735683,0,0.4667673906964051,0.5767955272781375,0.0,0.9955115138886591,0.0,0.0,0.09464050779190754
1788446972830711591,0,0.4667673906964051,0.5767955272781375,0.0,0.9955115138886591,0.0,0.0,0.09464050779190754
1788446972850719661,0,0.46675115902684067,0.576880124492477,0.0,0.9955115138886591,0.0,0.0,0.09464050779190754
1788446972870734772,0,0.4667182813418568,0.5770514784343825,0.0,0.9955115138886591,0.0,0.0,0.09464050779190754
1788446972898452307,0,0.46666425219991087,0.5773330716911051,0.0,0.9955115138886591,0.0,0.0,0.09464050779190754
1788446972910747536,0,0.4666427773476231,0.5774449964949948,0.0,0.9955115138886591,0.0,0.0,0.09464050779190754
1788446972930942942,0,0.4665996707937525,0.5776696635857705,0.0,0.9955115138886591,0.0,0.0,0.09464050779190754
1788446972950725957,0,0.4665593565968391,0.5778797771885573,0.0,0.9955115138886591,0.0,0.0,0.09464050779190754
1788446972970731096,0,0.4665223667772154,0.5780725644660583,0.0,0.9955115138886591,0.0,0.0,0.09464050779190754
1788446972998083969,0,0.4664849804616337,0.5782674182412352,0.0,0.9955115138886591,0.0,0.0,0.09464050779190754
1788446973010822179,0,0.46644704424654804,0.5784651383247574,0.0,0.9955115138886591,0.0,0.0,0.09464050779190754
1788446973030769942,0,0.46640909030258626,0.5786629508095603,0.0,0.9955115138886591,0.0,0.0,0.09464050779190754
1788446973050724971,0,0.46635141499164845,0.5789635488980055,0.0,0.9955115138886591,0.0,0.0,0.09464050779190754
1788446973070814164,0,0.466273997168046,0.5793670427994889,0.0,0.9955115138886591,0.0,0.0,0.09464050779190754
1788446973098081372,0,0.46619657525014,0.5797705580400702,0.0,0.9955115138886591,0.0,0.0,0.09464050779190754
1788446973110742930,0,0.46611473525648467,0.5801970990909904,0.0,0.9955115138886591,0.0,0.0,0.09464050779190754
1788446973130743216,0,0.4660345252263541,0.580615144951188,0.0,0.9955115138886591,0.0,0.0,0.09464050779190754
1788446973150965357,0,0.4659563626910383,0.5810225190861857,0.0,0.9955115138886591,0.0,0.0,0.09464050779190754
1788446973170725874,0,0.46588168915545075,0.5814117085306081,0.0,0.9955115138886591,0.0,0.0,0.09464050779190754
1788446973197904609,0,0.4658067035691844,0.5818025243454623,0.0,0.9955115138886591,0.0,0.0,0.09464050779190754
1788446973210729430,0,0.46573162090277587,0.5821938458782068,0.0,0.9955115138886591,0.0,0.0,0.09464050779190754
1788446973230739621,0,0.4656565041915469,0.5825853448483271,0.0,0.9955115138886591,0.0,0.0,0.09464050779190754
1788446973250722464,0,0.46558061890699415,0.5829808490767233,0.0,0.9955115138886591,0.0,0.0,0.09464050779190754
1788446973270723886,0,0.4655421091714447,0.5831815565833333,0.0,0.9955115138886591,0.0,0.0,0.09464050779190754
1788446973298033786,0,0.46542707182952536,0.5837811155710596,0.0,0.9955115138886591,0.0,0.0,0.09464050779190754
1788446973310723873,0,0.46538837168870373,0.583982815379099,0.0,0.9955115138886591,0.0,0.0,0.09464050779190754
1788446973330768593,0,0.4653109934713283,0.5843860999992505,0.0,0.9955115138886591,0.0,0.0,0.09464050779190754
1788446973350723329,0,0.4652335869598194,0.5847895320845315,0.0,0.9955115138886591,0.0,0.0,0.09464050779190754
1788446973370736492,0,0.46515896827795084,0.5851784343853892,0.0,0.9955115138886591,0.0,0.0,0.09464050779190754
1788446973397974174,0,0.46504680208643534,0.585763029139229,0.0,0.9955115138886591,0.0,0.0,0.09464050779190754
1788446973410778193,0,0.46500833451796225,0.5859635169736309,0.0,0.9955115138886591,0.0,0.0,0.09464050779190754
1788446973430749304,0,0.46493111443541285,0.5863659777409006,0.0,0.9955115138886591,0.0,0.0,0.09464050779190754
1788446973450720896,0,0.46485352686065184,0.5867703538285451,0.0,0.9955115138886591,0.0,0.0,0.09464050779190754
1788446973470801649,0,0.464776826423142,0.5871701065327125,0.0,0.9955115138886591,0.0,0.0,0.09464050779190754
1788446973497966249,0,0.4646624617671201,0.587766160244923,0.0,0.9955115138886591,0.0,0.0,0.09464050779190754
1788446973510785929,0,0.4646247981422495,0.5879624585067234,0.0,0.9955115138886591,0.0,0.0,0.09464050779190754
1788446973530677751,0,0.4645494469846873,0.5883551796349985,0.0,0.9955115138886591,0.0,0.0,0.09464050779190754
1788446973550785870,0,0.4644735311419145,0.5887508439306863,0.0,0.9955115138886591,0.0,0.0,0.09464050779190754
1788446973570720616,0,0.46439726695163636,0.5891483236751519,0.0,0.9955115138886591,0.0,0.0,0.09464050779190754
1788446973598022023,0,0.4642617899211483,0.5898544131996609,0.0,0.9955115138886591,0.0,0.0,0.09464050779190754
1788446973610734913,0,0.4642039622772453,0.5901558035038731,0.0,0.9955115138886591,0.0,0.0,0.09464050779190754
1788446973630745214,0,0.4640883142617413,0.5907585462099869,0.0,0.9955115138886591,0.0,0.0,0.09464050779190754
1788446973650732694,0,0.463970987301261,0.5913700397625533,0.0,0.9955115138886591,0.0,0.0,0.09464050779190754
1788446973670726121,0,0.46385309280783193,0.5919844919135714,0.0,0.9955115138886591,0.0,0.0,0.09464050779190754
1788446973698087563,0,0.4636773620644293,0.5929003795148535,0.0,0.9955115138886591,0.0,0.0,0.09464050779190754
1788446973710754053,0,0.46362030639461227,0.593197746532261,0.0,0.9955115138886591,0.0,0.0,0.09464050779190754
1788446973731012246,0,0.4635061915690231,0.593792498735438,0.0,0.9955115138886591,0.0,0.0,0.09464050779190754
1788446973750724870,0,0.4633914859806341,0.5943903301624858,0.0,0.9955115138886591,0.0,0.0,0.09464050779190754
1788446973770735839,0,0.4632777411507425,0.5949831544717024,0.0,0.9955115138886591,0.0,0.0,0.09464050779190754
1788446973798009004,0,0.46308617283081716,0.5959815853420127,0.0,0.9955115138886591,0.0,0.0,0.09464050779190754
1788446973810827073,0,0.46300840375810254,0.5963869082866221,0.0,0.9955115138886591,0.0,0.0,0.09464050779190754
1788446973830749864,0,0.46285235731878777,0.597200203341727,0.0,0.9955115138886591,0.0,0.0,0.09464050779190754
1788446973850724432,0,0.46269539171614454,0.5980182893631482,0.0,0.9955115138886591,0.0,0.0,0.09464050779190754
1788446973870728058,0,0.46253697845923025,0.5988439207813835,0.0,0.9955115138886591,0.0,0.0,0.09464050779190754
1788446973898052292,0,0.4623031353131755,0.6000626838574179,0.0,0.9955115138886591,0.0,0.0,0.09464050779190754
1788446973910767819,0,0.4622278596411416,0.6004550117537872,0.0,0.9955115138886591,0.0,0.0,0.09464050779190754
1788446973930721733,0,0.46207770469994375,0.601237601541668,0.0,0.9955115138886591,0.0,0.0,0.09464050779190754
1788446973950717581,0,0.4619263477717826,0.6020264567699942,0.0,0.9955115138886591,0.0,0.0,0.09464050779190754
1788446973970736486,0,0.46177483571850503,0.6028161213186902,0.0,0.9955115138886591,0.0,0.0,0.09464050779190754
1788446973998130374,0,0.46154390881573965,0.604019687663167,0.0,0.9955115138886591,0.0,0.0,0.09464050779190754
1788446974010802229,0,0.4614648966818068,0.6044314905516504,0.0,0.9955115138886591,0.0,0.0,0.09464050779190754
1788446974030744822,0,0.461309992715448,0.6052388336470576,0.0,0.9955115138886591,0.0,0.0,0.09464050779190754
1788446974050728718,0,0.4611560956025467,0.6060409288070804,0.0,0.9955115138886591,0.0,0.0,0.09464050779190754
1788446974070733205,0,0.4610025650247382,0.6068411133022378,0.0,0.9955115138886591,0.0,0.0,0.09464050779190754
1788446974098320836,0,0.4607730888002712,0.6080371183524579,0.0,0.9955115138886591,0.0,0.0,0.09464050779190754
1788446974110721890,0,0.46069769384065157,0.6084300687842819,0.0,0.9955115138886591,0.0,0.0,0.09464050779190754
1788446974130745043,0,0.46054687809247014,0.6092161042656026,0.0,0.9955115138886591,0.0,0.0,0.09464050779190754
1788446974150731543,0,0.4603942687946999,0.6100114877292675,0.0,0.9955115138886591,0.0,0.0,0.09464050779190754
1788446974170785817,0,0.460241030337522,0.6108101504955302,0.0,0.9955115138886591,0.0,0.0,0.09464050779190754
1788446974198500089,0,0.4600878229109062,0.6116086515337579,0.0,0.9955115138886591,0.0,0.0,0.09464050779190754
1788446974210979297,0,0.4599323278536612,0.6124190750713419,0.0,0.9955115138886591,0.0,0.0,0.09464050779190754
1788446974230731287,0,0.4597777700474193,0.6132246137573618,0.0,0.9955115138886591,0.0,0.0,0.09464050779190754
1788446974250728561,0,0.4596255719661794,0.6140178538101153,0.0,0.9955115138886591,0.0,0.0,0.09464050779190754
1788446974270727069,0,0.4594743502377632,0.6148060052168159,0.0,0.9955115138886591,0.0,0.0,0.09464050779190754
1788446974298019385,0,0.45932315630513953,0.615594011754831,0.0,0.9955115138886591,0.0,0.0,0.09464050779190754
1788446974310744017,0,0.45916985645532427,0.6163929941070649,0.0,0.9955115138886591,0.0,0.0,0.09464050779190754
1788446974330725275,0,0.459016435281868,0.6171926087850853,0.0,0.9955115138886591,0.0,0.0,0.09464050779190754
1788446974350727260,0,0.45886336170897174,0.6179904114856946,0.0,0.9955115138886591,0.0,0.0,0.09464050779190754
1788446974370744656,0,0.4587108455622369,0.6187853086215764,0.0,0.9955115138886591,0.0,0.0,0.09464050779190754
1788446974398063544,0,0.4585583341005805,0.6195801813393526,0.0,0.9955115138886591,0.0,0.0,0.09464050779190754
1788446974410782086,0,0.4584066161411175,0.6203709186669398,0.0,0.9955115138886591,0.0,0.0,0.09464050779190754
1788446974430739873,0,0.4583307439379099,0.6207663562500372,0.0,0.9955115138886591,0.0,0.0,0.09464050779190754
1788446974450723334,0,0.4581790700642416,0.6215568638073085,0.0,0.9955115138886591,0.0,0.0,0.09464050779190754
1788446974470780149,0,0.45802586643894044,0.6223553443905276,0.0,0.9955115138886591,0.0,0.0,0.09464050779190754
1788446974498288383,0,0.4577962741352127,0.6235519544330302,0.0,0.9955115138886591,0.0,0.0,0.09464050779190754
1788446974510744166,0,0.4577201485547996,0.6239487124624794,0.0,0.9955115138886591,0.0,0.0,0.09464050779190754
1788446974530771281,0,0.45756792210910296,0.624742099708881,0.0,0.9955115138886591,0.0,0.0,0.09464050779190754
1788446974550740546,0,0.4574156816183113,0.6255355601567504,0.0,0.9955115138886591,0.0,0.0,0.09464050779190754
1788446974570733510,0,0.45726424597220866,0.6263248260981357,0.0,0.9955115138886591,0.0,0.0,0.09464050779190754
1788446974598316104,0,0.457037144457027,0.627508454231821,0.0,0.9955115138886591,0.0,0.0,0.09464050779190754
1788446974610932681,0,0.45696073485779776,0.627906692856314,0.0,0.9955115138886591,0.0,0.0,0.09464050779190754
1788446974630757281,0,0.4568078943433275,0.6287032812020639,0.0,0.9955115138886591,0.0,0.0,0.09464050779190754
1788446974651026887,0,0.45665506193441135,0.6294998273025368,0.0,0.9955115138886591,0.0,0.0,0.09464050779190754
1788446974670738595,0,0.4565030534132676,0.630292079005665,0.0,0.9955115138886591,0.0,0.0,0.09464050779190754
1788446974698180563,0,0.45627381003341255,0.63148687030259,0.0,0.9955115138886591,0.0,0.0,0.09464050779190754
1788446974710867125,0,0.45619745097276465,0.6318848455254252,0.0,0.9955115138886591,0.0,0.0,0.09464050779190754
1788446974730781548,0,0.4560446712710241,0.6326811169217595,0.0,0.9955115138886591,0.0,0.0,0.09464050779190754
1788446974750761613,0,0.45589189145350584,0.633477388921515,0.0,0.9955115138886591,0.0,0.0,0.09464050779190754
1788446974770744566,0,0.455739117175634,0.6342736320492283,0.0,0.9955115138886591,0.0,0.0,0.09464050779190754
1788446974798179699,0,0.4554899005675284,0.6355725222438364,0.0,0.9955115138886591,0.0,0.0,0.09464050779190754
1788446974810936146,0,0.4553935382282163,0.6360747524066391,0.0,0.9955115138886591,0.0,0.0,0.09464050779190754
1788446974830757104,0,0.4552014452891674,0.6370759201734294,0.0,0.9955115138886591,0.0,0.0,0.09464050779190754
1788446974850720987,0,0.4550079223642381,0.6380845408730423,0.0,0.9955115138886591,0.0,0.0,0.09464050779190754
1788446974870735615,0,0.454812857402741,0.6391011985016256,0.0,0.9955115138886591,0.0,0.0,0.09464050779190754
1788446974898146717,0,0.45452426046782335,0.6406053349651211,0.0,0.9955115138886591,0.0,0.0,0.09464050779190754
1788446974910732597,0,0.45443084246424387,0.6410922198015492,0.0,0.9955115138886591,0.0,0.0,0.09464050779190754
1788446974930736963,0,0.4542439607949141,0.64206622746085,0.0,0.9955115138886591,0.0,0.0,0.09464050779190754
1788446974950721015,0,0.4540557793650245,0.6430470090177695,0.0,0.9955115138886591,0.0,0.0,0.09464050779190754
1788446974970729378,0,0.45386621839955804,0.6440349802510844,0.0,0.9955115138886591,0.0,0.0,0.09464050779190754
1788446974998483754,0,0.4535799561321468,0.6455269485275638,0.0,0.9955115138886591,0.0,0.0,0.09464050779190754
1788446975010746001,0,0.45348319865423525,0.6460312383539469,0.0,0.9955115138886591,0.0,0.0,0.09464050779190754
1788446975030736867,0,0.4532896637519959,0.6470399219653424,0.0,0.9955115138886591,0.0,0.0,0.09464050779190754
1788446975050729423,0,0.45309784319838015,0.6480396702523185,0.0,0.9955115138886591,0.0,0.0,0.09464050779190754
1788446975070733000,0,0.4529077288309337,0.649030525756851,0.0,0.9955115138886591,0.0,0.0,0.09464050779190754
1788446975098130684,0,0.4526227088536976,0.6505160191060371,0.0,0.9955115138886591,0.0,0.0,0.09464050779190754
1788446975110815609,0,0.4525282370012301,0.6510083962544512,0.0,0.9955115138886591,0.0,0.0,0.09464050779190754
1788446975130734536,0,0.4523391547445785,0.6519938726679461,0.0,0.9955115138886591,0.0,0.0,0.09464050779190754
1788446975150721953,0,0.45214882585839117,0.6529858463806876,0.0,0.9955115138886591,0.0,0.0,0.09464050779190754
1788446975170745329,0,0.4519577903019421,0.6539815031829346,0.0,0.9955115138886591,0.0,0.0,0.09464050779190754
1788446975197994481,0,0.45167226008424033,0.6554696560105345,0.0,0.9955115138886591,0.0,0.0,0.09464050779190754
1788446975210739749,0,0.4515777140382443,0.6559624198476507,0.0,0.9955115138886591,0.0,0.0,0.09464050779190754
1788446975230726596,0,0.4513885394450278,0.656948377509404,0.0,0.9955115138886591,0.0,0.0,0.09464050779190754
1788446975250728141,0,0.45119903272965695,0.6579360663952288,0.0,0.9955115138886591,0.0,0.0,0.09464050779190754
1788446975270756603,0,0.45100713182601665,0.6589362337773094,0.0,0.9955115138886591,0.0,0.0,0.09464050779190754
1788446975298065619,0,0.45072043574258447,0.6604304634512352,0.0,0.9955115138886591,0.0,0.0,0.09464050779190754
1788446975310736905,0,0.45062404424743346,0.660932845571139,0.0,0.9955115138886591,0.0,0.0,0.09464050779190754
1788446975330751890,0,0.4504313469493456,0.6619371631923295,0.0,0.9955115138886591,0.0,0.0,0.09464050779190754
1788446975350770656,0,0.45023945386594466,0.662937289573483,0.0,0.9955115138886591,0.0,0.0,0.09464050779190754
1788446975370727474,0,0.4500484952972303,0.6639325456047671,0.0,0.9955115138886591,0.0,0.0,0.09464050779190754
1788446975398088204,0,0.4497625008053465,0.6654231186601339,0.0,0.9955115138886591,0.0,0.0,0.09464050779190754
1788446975410744753,0,0.44966744385122287,0.6659185452955377,0.0,0.9955115138886591,0.0,0.0,0.09464050779190754
1788446975430744577,0,0.4494731832094227,0.6669310108962477,0.0,0.9955115138886591,0.0,0.0,0.09464050779190754
1788446975450737244,0,0.4492799878911586,0.6679379243921002,0.0,0.9955115138886591,0.0,0.0,0.09464050779190754
1788446975470736754,0,0.44908815385788287,0.6689377432528544,0.0,0.9955115138886591,0.0,0.0,0.09464050779190754
1788446975498017577,0,0.44889390006224966,0.6699501736612169,0.0,0.9955115138886591,0.0,0.0,0.09464050779190754
1788446975510742505,0,0.44870307587232916,0.6709447288438184,0.0,0.9955115138886591,0.0,0.0,0.09464050779190754
1788446975530718186,0,0.44851259132416565,0.6719375138500615,0.0,0.9955115138886591,0.0,0.0,0.09464050779190754
1788446975550716257,0,0.448320559206961,0.6729383643791824,0.0,0.9955115138886591,0.0,0.0,0.09464050779190754
1788446975570744972,0,0.44813010812081894,0.6739309745054002,0.0,0.9955115138886591,0.0,0.0,0.09464050779190754
1788446975598084672,0,0.4479370720849675,0.6749370571053603,0.0,0.9955115138886591,0.0,0.0,0.09464050779190754
1788446975610766783,0,0.44784074769577414,0.6754390896379197,0.0,0.9955115138886591,0.0,0.0,0.09464050779190754
1788446975630713914,0,0.4476421870726415,0.6764739666128228,0.0,0.9955115138886591,0.0,0.0,0.09464050779190754
1788446975650721675,0,0.4474448582066565,0.6775024237996996,0.0,0.9955115138886591,0.0,0.0,0.09464050779190754
1788446975670750196,0,0.4472546226774027,0.6784939104671099,0.0,0.9955115138886591,0.0,0.0,0.09464050779190754
1788446975698145516,0,0.4469692430672772,0.6799812776256006,0.0,0.9955115138886591,0.0,0.0,0.09464050779190754
1788446975710738031,0,0.44687404051365337,0.6804774628702376,0.0,0.9955115138886591,0.0,0.0,0.09464050779190754
1788446975730747296,0,0.4466835723177674,0.6814701621705596,0.0,0.9955115138886591,0.0,0.0,0.09464050779190754
1788446975750715102,0,0.4464930965426715,0.6824629009728905,0.0,0.9955115138886591,0.0,0.0,0.09464050779190754
1788446975770740964,0,0.4463026926092983,0.6834552663029502,0.0,0.9955115138886591,0.0,0.0,0.09464050779190754
1788446975798380105,0,0.44601786114210573,0.6849397780351626,0.0,0.9955115138886591,0.0,0.0,0.09464050779190754
1788446975810723268,0,0.44592352337919433,0.6854314564815766,0.0,0.9955115138886591,0.0,0.0,0.09464050779190754
1788446975830752366,0,0.4457348582839459,0.6864147590113538,0.0,0.9955115138886591,0.0,0.0,0.09464050779190754
1788446975850728491,0,0.44554527814261446,0.6874028307445016,0.0,0.9955115138886591,0.0,0.0,0.09464050779190754
1788446975870725476,0,0.4453548722418483,0.688395205848957,0.0,0.9955115138886591,0.0,0.0,0.09464050779190754
1788446975897990262,0,0.44506754789784786,0.6898927094701292,0.0,0.9955115138886591,0.0,0.0,0.09464050779190754
1788446975910808172,0,0.44497129058937124,0.6903943922234982,0.0,0.9955115138886591,0.0,0.0,0.09464050779190754
1788446975930783147,0,0.4447790675013661,0.6913962383126698,0.0,0.9955115138886591,0.0,0.0,0.09464050779190754
1788446975950726743,0,0.4445858938685046,0.6924030385395404,0.0,0.9955115138886591,0.0,0.0,0.09464050779190754
1788446975970759396,0,0.44439532687168226,0.6933962532593381,0.0,0.9955115138886591,0.0,0.0,0.09464050779190754
1788446975998527448,0,0.444109982818722,0.6948834355765602,0.0,0.9955115138886591,0.0,0.0,0.09464050779190754
1788446976010758616,0,0.44401478139275985,0.6953796149439485,0.0,0.9955115138886591,0.0,0.0,0.09464050779190754
1788446976030726492,0,0.443824296381311,0.6963724018851358,0.0,0.9955115138886591,0.0,0.0,0.09464050779190754
1788446976050725304,0,0.4436338559405085,0.6973649567687455,0.0,0.9955115138886591,0.0,0.0,0.09464050779190754
1788446976070751302,0,0.44344345127141693,0.6983573254538452,0.0,0.9955115138886591,0.0,0.0,0.09464050779190754
1788446976097880654,0,0.4431563852769662,0.6998534825849121,0.0,0.9955115138886591,0.0,0.0,0.09464050779190754
1788446976110814699,0,0.4430613074120208,0.7003490182052731,0.0,0.9955115138886591,0.0,0.0,0.09464050779190754
1788446976130769441,0,0.44287160069235076,0.70133774925295,0.0,0.9955115138886591,0.0,0.0,0.09464050779190754
1788446976150721855,0,0.4426817443302879,0.7023272602207061,0.0,0.9955115138886591,0.0,0.0,0.09464050779190754
1788446976170748205,0,0.4424883540163928,0.7033351897658516,0.0,0.9955115138886591,0.0,0.0,0.09464050779190754
1788446976198135047,0,0.442201043638003,0.7048326210025501,0.0,0.9955115138886591,0.0,0.0,0.09464050779190754
1788446976210732522,0,0.44210491013670106,0.7053336588896693,0.0,0.9955115138886591,0.0,0.0,0.09464050779190754
1788446976230740425,0,0.44191097777871835,0.7063444143242652,0.0,0.9955115138886591,0.0,0.0,0.09464050779190754
1788446976250790968,0,0.44171969182437504,0.7073413768164999,0.0,0.9955115138886591,0.0,0.0,0.09464050779190754
1788446976270731267,0,0.4415289140634909,0.7083356904963375,0.0,0.9955115138886591,0.0,0.0,0.09464050779190754
1788446976297911391,0,0.4412427548743076,0.7098271221763064,0.0,0.9955115138886591,0.0,0.0,0.09464050779190754
1788446976310746473,0,0.4411473395753932,0.7103244167065318,0.0,0.9955115138886591,0.0,0.0,0.09464050779190754
1788446976330735739,0,0.44095664002773843,0.7113183227472213,0.0,0.9955115138886591,0.0,0.0,0.09464050779190754
1788446976350732608,0,0.4407662197299911,0.7123107733666826,0.0,0.9955115138886591,0.0,0.0,0.09464050779190754
1788446976370759215,0,0.4405763751463409,0.7133002234246536,0.0,0.9955115138886591,0.0,0.0,0.09464050779190754
1788446976398121891,0,0.44028932641647545,0.7147962914581436,0.0,0.9955115138886591,0.0,0.0,0.09464050779190754
1788446976410756443,0,0.44019468510321175,0.7152895522152118,0.0,0.9955115138886591,0.0,0.0,0.09464050779190754
1788446976430851669,0,0.4400055301554873,0.7162754082806048,0.0,0.9955115138886591,0.0,0.0,0.09464050779190754
1788446976450733371,0,0.4398120260891075,0.7172839310965444,0.0,0.9955115138886591,0.0,0.0,0.09464050779190754
1788446976470761961,0,0.439621340119687,0.7182777658887455,0.0,0.9955115138886591,0.0,0.0,0.09464050779190754
1788446976498362855,0,0.4394306231039476,0.7192717624910259,0.0,0.9955115138886591,0.0,0.0,0.09464050779190754
1788446976510765908,0,0.4392377716125461,0.7202768842368145,0.0,0.9955115138886591,0.0,0.0,0.09464050779190754
1788446976530781175,0,0.439046268975407,0.7212749758956637,0.0,0.9955115138886591,0.0,0.0,0.09464050779190754
1788446976550722017,0,0.43885414363913683,0.7222763129170992,0.0,0.9955115138886591,0.0,0.0,0.09464050779190754
1788446976570725037,0,0.438663023504053,0.7232724108549387,0.0,0.9955115138886591,0.0,0.0,0.09464050779190754
1788446976598154876,0,0.4384679927515281,0.7242888905174304,0.0,0.9955115138886591,0.0,0.0,0.09464050779190754
1788446976610724001,0,0.4382761317639988,0.7252888488946991,0.0,0.9955115138886591,0.0,0.0,0.09464050779190754
1788446976630738060,0,0.4380851293546756,0.7262843324567344,0.0,0.9955115138886591,0.0,0.0,0.09464050779190754
1788446976650721236,0,0.4378947414488332,0.7272766135335004,0.0,0.9955115138886591,0.0,0.0,0.09464050779190754
1788446976670727087,0,0.43779959539952723,0.7277725045234255,0.0,0.9955115138886591,0.0,0.0,0.09464050779190754
1788446976697885808,0,0.437512114156744,0.7292708258842021,0.0,0.9955115138886591,0.0,0.0,0.09464050779190754
1788446976710759006,0,0.43741807990684506,0.7297609226896669,0.0,0.9955115138886591,0.0,0.0,0.09464050779190754
1788446976730722909,0,0.43722664179711207,0.7307586783598099,0.0,0.9955115138886591,0.0,0.0,0.09464050779190754
1788446976750723654,0,0.4370376527722007,0.7317436696526256,0.0,0.9955115138886591,0.0,0.0,0.09464050779190754
1788446976770765180,0,0.4368469550374511,0.732737565764458,0.0,0.9955115138886591,0.0,0.0,0.09464050779190754
1788446976797958656,0,0.4365560251850924,0.7342538609079478,0.0,0.9955115138886591,0.0,0.0,0.09464050779190754
1788446976810798926,0,0.43645983667695804,0.7347551850813222,0.0,0.9955115138886591,0.0,0.0,0.09464050779190754
1788446976830721216,0,0.43626734766872144,0.7357584171181794,0.0,0.9955115138886591,0.0,0.0,0.09464050779190754
1788446976850720954,0,0.4360745992761161,0.7367630012815106,0.0,0.9955115138886591,0.0,0.0,0.09464050779190754
1788446976870747808,0,0.43588237929579937,0.7377648316577619,0.0,0.9955115138886591,0.0,0.0,0.09464050779190754
1788446976898343313,0,0.43559391463077757,0.739268279154597,0.0,0.9955115138886591,0.0,0.0,0.09464050779190754
1788446976910767853,0,0.4354985587197488,0.7397652640813549,0.0,0.9955115138886591,0.0,0.0,0.09464050779190754
1788446976930990486,0,0.43530690825392654,0.740764126046934,0.0,0.9955115138886591,0.0,0.0,0.09464050779190754
1788446976950718785,0,0.43511606346652415,0.7417587889818833,0.0,0.9955115138886591,0.0,0.0,0.09464050779190754
1788446976970741674,0,0.43492543261294214,0.7427523369962705,0.0,0.9955115138886591,0.0,0.0,0.09464050779190754
1788446976997986599,0,0.4346400138928575,0.7442399091903883,0.0,0.9955115138886591,0.0,0.0,0.09464050779190754
1788446977010736362,0,0.4345452506002575,0.7447338052934714,0.0,0.9955115138886591,0.0,0.0,0.09464050779190754
1788446977030753309,0,0.4343556342880855,0.7457220651469787,0.0,0.9955115138886591,0.0,0.0,0.09464050779190754
1788446977050724233,0,0.43416573641750644,0.746711792612335,0.0,0.9955115138886591,0.0,0.0,0.09464050779190754
1788446977070724371,0,0.43397563012183055,0.7477026065263689,0.0,0.9955115138886591,0.0,0.0,0.09464050779190754
1788446977098002464,0,0.43368829447588986,0.7492001696148798,0.0,0.9955115138886591,0.0,0.0,0.09464050779190754
1788446977110747338,0,0.43359234174766403,0.7497002651703079,0.0,0.9955115138886591,0.0,0.0,0.09464050779190754
1788446977130744077,0,0.43339802284286244,0.7507130349208272,0.0,0.9955115138886591,0.0,0.0,0.09464050779190754
1788446977150718978,0,0.43320497548773257,0.751719177243435,0.0,0.9955115138886591,0.0,0.0,0.09464050779190754
1788446977170749048,0,0.43301325970920884,0.7527183792900765,0.0,0.9955115138886591,0.0,0.0,0.09464050779190754
1788446977198319824,0,0.43272745998697065,0.7542079371469528,0.0,0.9955115138886591,0.0,0.0,0.09464050779190754
1788446977210765922,0,0.43263223202067985,0.7547042554790517,0.0,0.9955115138886591,0.0,0.0,0.09464050779190754
1788446977230722804,0,0.43244185922154793,0.7556964588602895,0.0,0.9955115138886591,0.0,0.0,0.09464050779190754
1788446977250712805,0,0.4322512943828493,0.7566896628917623,0.0,0.9955115138886591,0.0,0.0,0.09464050779190754
1788446977270763126,0,0.43205954821323356,0.7576890236553947,0.0,0.9955115138886591,0.0,0.0,0.09464050779190754
1788446977298296437,0,0.43177357400567545,0.7591794915473866,0.0,0.9955115138886591,0.0,0.0,0.09464050779190754
1788446977310760558,0,0.4316787473357698,0.7596737186825135,0.0,0.9955115138886591,0.0,0.0,0.09464050779190754
1788446977330795120,0,0.431489168667353,0.7606617837729147,0.0,0.9955115138886591,0.0,0.0,0.09464050779190754
1788446977350747740,0,0.43129919638526876,0.7616519000189018,0.0,0.9955115138886591,0.0,0.0,0.09464050779190754
1788446977370736580,0,0.4311071873491301,0.7626526312985474,0.0,0.9955115138886591,0.0,0.0,0.09464050779190754
1788446977398411155,0,0.4308202726637898,0.7641480008656463,0.0,0.9955115138886591,0.0,0.0,0.09464050779190754
1788446977410735366,0,0.4307241950332169,0.7646487473990067,0.0,0.9955115138886591,0.0,0.0,0.09464050779190754
1788446977430746956,0,0.4305320174003685,0.7656503570646951,0.0,0.9955115138886591,0.0,0.0,0.09464050779190754
1788446977450723654,0,0.4303409834120185,0.7666460061752103,0.0,0.9955115138886591,0.0,0.0,0.09464050779190754
1788446977470726267,0,0.4301510166366812,0.7676360930834383,0.0,0.9955115138886591,0.0,0.0,0.09464050779190754
1788446977498490124,0,0.4299574711642653,0.7686448317854854,0.0,0.9955115138886591,0.0,0.0,0.09464050779190754
1788446977510742506,0,0.42976613745813264,0.7696420425118607,0.0,0.9955115138886591,0.0,0.0,0.09464050779190754
1788446977530743961,0,0.4295746271608029,0.7706401736125886,0.0,0.9955115138886591,0.0,0.0,0.09464050779190754
1788446977550716404,0,0.42938430659804505,0.7716321041836872,0.0,0.9955115138886591,0.0,0.0,0.09464050779190754
1788446977570743682,0,0.42919170961210956,0.7726358994736815,0.0,0.9955115138886591,0.0,0.0,0.09464050779190754
1788446977597887877,0,0.4290003024997192,0.773633493267559,0.0,0.9955115138886591,0.0,0.0,0.09464050779190754
1788446977610756085,0,0.4288108268536302,0.7746210199845498,0.0,0.9955115138886591,0.0,0.0,0.09464050779190754
1788446977630768647,0,0.4286215086009523,0.7756077263839866,0.0,0.9955115138886591,0.0,0.0,0.09464050779190754
1788446977650714744,0,0.42852693634394,0.7761006268301042,0.0,0.9955115138886591,0.0,0.0,0.09464050779190754
1788446977670734089,0,0.42833652778867626,0.7770930157695157,0.0,0.9955115138886591,0.0,0.0,0.09464050779190754
1788446977698313646,0,0.42805112501733306,0.7785805043603831,0.0,0.9955115138886591,0.0,0.0,0.09464050779190754
1788446977710734481,0,0.4279553172920473,0.7790798439344483,0.0,0.9955115138886591,0.0,0.0,0.09464050779190754
1788446977730737266,0,0.42776156242796415,0.7800896734760198,0.0,0.9955115138886591,0.0,0.0,0.09464050779190754
1788446977750723636,0,0.42756708231039464,0.7811032829608671,0.0,0.9955115138886591,0.0,0.0,0.09464050779190754
1788446977770744164,0,0.4273758981187588,0.7820997152360938,0.0,0.9955115138886591,0.0,0.0,0.09464050779190754
1788446977798257348,0,0.42708954165685187,0.783592175561513,0.0,0.9955115138886591,0.0,0.0,0.09464050779190754
1788446977810725031,0,0.4269943267402057,0.7840884254806183,0.0,0.9955115138886591,0.0,0.0,0.09464050779190754
1788446977830748054,0,0.42680361609951223,0.7850823888568441,0.0,0.9955115138886591,0.0,0.0,0.09464050779190754
1788446977850724668,0,0.42661338392807685,0.7860738585026864,0.0,0.9955115138886591,0.0,0.0,0.09464050779190754
1788446977870722967,0,0.42642319305411847,0.7870651133894229,0.0,0.9955115138886591,0.0,0.0,0.09464050779190754
1788446977897998056,0,0.4261385380268062,0.7885487055354856,0.0,0.9955115138886591,0.0,0.0,0.09464050779190754
1788446977910737846,0,0.42604413846887507,0.7890407060510091,0.0,0.9955115138886591,0.0,0.0,0.09464050779190754
1788446977930737498,0,0.42585320030125273,0.7900358555936781,0.0,0.9955115138886591,0.0,0.0,0.09464050779190754
1788446977950734352,0,0.4256620636815116,0.7910320394478086,0.0,0.9955115138886591,0.0,0.0,0.09464050779190754
1788446977970729148,0,0.42547195173369673,0.7920228829797634,0.0,0.9955115138886591,0.0,0.0,0.09464050779190754
1788446977998252272,0,0.4251833514389815,0.7935270374457271,0.0,0.9955115138886591,0.0,0.0,0.09464050779190754
1788446978010729310,0,0.4250874158981398,0.7940270434223116,0.0,0.9955115138886591,0.0,0.0,0.09464050779190754
1788446978030891695,0,0.42489554336685703,0.7950270629306408,0.0,0.9955115138886591,0.0,0.0,0.09464050779190754
1788446978050722350,0,0.4247026391039206,0.7960324594720285,0.0,0.9955115138886591,0.0,0.0,0.09464050779190754
1788446978070762422,0,0.4245122091895817,0.7970249597326453,0.0,0.9955115138886591,0.0,0.0,0.09464050779190754
1788446978098011124,0,0.42422652997905846,0.7985138890948285,0.0,0.9955115138886591,0.0,0.0,0.09464050779190754
1788446978110736101,0,0.4241313310327649,0.7990100557781715,0.0,0.9955115138886591,0.0,0.0,0.09464050779190754
1788446978130729604,0,0.4239410088435301,0.8000019945871162,0.0,0.9955115138886591,0.0,0.0,0.09464050779190754
1788446978150725245,0,0.42375085486057684,0.8009930567229873,0.0,0.9955115138886591,0.0,0.0,0.09464050779190754
1788446978170739476,0,0.4235607444926274,0.8019838915421431,0.0,0.9955115138886591,0.0,0.0,0.09464050779190754
1788446978198293427,0,0.42327570019368427,0.8034695118133623,0.0,0.9955115138886591,0.0,0.0,0.09464050779190754
1788446978210813451,0,0.4231808970321759,0.8039636157089141,0.0,0.9955115138886591,0.0,0.0,0.09464050779190754
1788446978230999071,0,0.42299126025017875,0.8049519822489513,0.0,0.9955115138886591,0.0,0.0,0.09464050779190754
1788446978250726711,0,0.42280145181953555,0.805941243403296,0.0,0.9955115138886591,0.0,0.0,0.09464050779190754
1788446978270724171,0,0.42261170254308883,0.8069301962523223,0.0,0.9955115138886591,0.0,0.0,0.09464050779190754
1788446978298036922,0,0.42232566698190344,0.808420982875883,0.0,0.9955115138886591,0.0,0.0,0.09464050779190754
1788446978310731394,0,0.42222977091985514,0.8089207828516667,0.0,0.9955115138886591,0.0,0.0,0.09464050779190754
1788446978330752330,0,0.4220379243919198,0.8099206663501987,0.0,0.9955115138886591,0.0,0.0,0.09464050779190754
1788446978350738166,0,0.42184666445450414,0.8109174928419858,0.0,0.9955115138886591,0.0,0.0,0.09464050779190754
1788446978370751770,0,0.42165571548168806,0.8119126988604547,0.0,0.9955115138886591,0.0,0.0,0.09464050779190754
1788446978398143766,0,0.421369961076275,0.813402021169242,0.0,0.9955115138886591,0.0,0.0,0.09464050779190754
1788446978410733508,0,0.421274829158849,0.8138978390642682,0.0,0.9955115138886591,0.0,0.0,0.09464050779190754
1788446978430780477,0,0.4210844353891719,0.8148901520614367,0.0,0.9955115138886591,0.0,0.0,0.09464050779190754
1788446978450737719,0,0.420889953476542,0.8159037718780572,0.0,0.9955115138886591,0.0,0.0,0.09464050779190754
1788446978470808318,0,0.4206994480583557,0.8168966664561194,0.0,0.9955115138886591,0.0,0.0,0.09464050779190754
1788446978498262882,0,0.42041435607333244,0.8183825362998349,0.0,0.9955115138886591,0.0,0.0,0.09464050779190754
1788446978511032847,0,0.4203197616488863,0.8188755525184301,0.0,0.9955115138886591,0.0,0.0,0.09464050779190754
1788446978530951086,0,0.42013077178557345,0.8198605478636513,0.0,0.9955115138886591,0.0,0.0,0.09464050779190754
1788446978550720445,0,0.4199384793059532,0.820862756098669,0.0,0.9955115138886591,0.0,0.0,0.09464050779190754
1788446978570738313,0,0.41974905856026196,0.8218499971576527,0.0,0.9955115138886591,0.0,0.0,0.09464050779190754
1788446978597910481,0,0.4195595868530544,0.8228375038227143,0.0,0.9955115138886591,0.0,0.0,0.09464050779190754
1788446978610748543,0,0.4193676150095503,0.8238380409359247,0.0,0.9955115138886591,0.0,0.0,0.09464050779190754
1788446978630728727,0,0.41917563228720744,0.8248386347485016,0.0,0.9955115138886591,0.0,0.0,0.09464050779190754
1788446978650725558,0,0.4189839859550753,0.8258374753305827,0.0,0.9955115138886591,0.0,0.0,0.09464050779190754
1788446978670736456,0,0.4187928623851061,0.8268335913311009,0.0,0.9955115138886591,0.0,0.0,0.09464050779190754
1788446978698148740,0,0.41860169938432645,0.8278299128408673,0.0,0.9955115138886591,0.0,0.0,0.09464050779190754
1788446978710739057,0,0.4184111970388304,0.8288227910845889,0.0,0.9955115138886591,0.0,0.0,0.09464050779190754
1788446978730738711,0,0.4182206782676758,0.8298157549371201,0.0,0.9955115138886591,0.0,0.0,0.09464050779190754
1788446978750729786,0,0.41803035676901074,0.8308076906261269,0.0,0.9955115138886591,0.0,0.0,0.09464050779190754
1788446978770717312,0,0.4178396361480178,0.8318017064988446,0.0,0.9955115138886591,0.0,0.0,0.09464050779190754
1788446978798944107,0,0.4176494330506675,0.8327930250926174,0.0,0.9955115138886591,0.0,0.0,0.09464050779190754
1788446978810725474,0,0.41746036727850216,0.8337784155907401,0.0,0.9955115138886591,0.0,0.0,0.09464050779190754
1788446978830743023,0,0.41727160595120927,0.8347622193548859,0.0,0.9955115138886591,0.0,0.0,0.09464050779190754
1788446978850972279,0,0.41708235155195367,0.8357485936739255,0.0,0.9955115138886591,0.0,0.0,0.09464050779190754
1788446978870744195,0,0.4169874254027469,0.8362433392852368,0.0,0.9955115138886591,0.0,0.0,0.09464050779190754
1788446978898508786,0,0.41670083623180504,0.8377370134283223,0.0,0.9955115138886591,0.0,0.0,0.09464050779190754
1788446978910783424,0,0.41660483818499294,0.8382373451794687,0.0,0.9955115138886591,0.0,0.0,0.09464050779190754
1788446978930733279,0,0.4164112073365394,0.8392465288524691,0.0,0.9955115138886591,0.0,0.0,0.09464050779190754
1788446978950736469,0,0.4162191132639562,0.8402477030108193,0.0,0.9955115138886591,0.0,0.0,0.09464050779190754
1788446978971109521,0,0.41602818844543155,0.841242783139655,0.0,0.9955115138886591,0.0,0.0,0.09464050779190754
1788446978998746617,0,0.4157418823263462,0.8427349806028624,0.0,0.9955115138886591,0.0,0.0,0.09464050779190754
1788446979010897432,0,0.41564687656982735,0.8432301406410776,0.0,0.9955115138886591,0.0,0.0,0.09464050779190754
1788446979030968478,0,0.4154567816517721,0.8442208954157115,0.0,0.9955115138886591,0.0,0.0,0.09464050779190754
1788446979050724122,0,0.4152670287321447,0.8452098677304098,0.0,0.9955115138886591,0.0,0.0,0.09464050779190754
1788446979070727635,0,0.41507480706512045,0.8462117068976042,0.0,0.9955115138886591,0.0,0.0,0.09464050779190754
1788446979097985988,0,0.4147880787005933,0.8477061050597665,0.0,0.9955115138886591,0.0,0.0,0.09464050779190754
1788446979110744182,0,0.4146938472728302,0.8481972295359088,0.0,0.9955115138886591,0.0,0.0,0.09464050779190754
1788446979130768292,0,0.41450431280451117,0.8491850636234717,0.0,0.9955115138886591,0.0,0.0,0.09464050779190754
1788446979150728449,0,0.4143138217126754,0.8501778835340733,0.0,0.9955115138886591,0.0,0.0,0.09464050779190754
1788446979170719313,0,0.4141240464485769,0.8511669726243866,0.0,0.9955115138886591,0.0,0.0,0.09464050779190754
1788446979198819319,0,0.41383615671834895,0.8526674240212729,0.0,0.9955115138886591,0.0,0.0,0.09464050779190754
1788446979210719804,0,0.4137401602571263,0.8531677475084934,0.0,0.9955115138886591,0.0,0.0,0.09464050779190754
1788446979230739315,0,0.41354646565785075,0.8541772634440917,0.0,0.9955115138886591,0.0,0.0,0.09464050779190754
1788446979250727422,0,0.4133549712741033,0.855175312247427,0.0,0.9955115138886591,0.0,0.0,0.09464050779190754
1788446979270728869,0,0.4131630931850345,0.8561753610444591,0.0,0.9955115138886591,0.0,0.0,0.09464050779190754
1788446979298321129,0,0.41287703583179564,0.8576662624463706,0.0,0.9955115138886591,0.0,0.0,0.09464050779190754
1788446979310730500,0,0.41278197340485556,0.8581617180044582,0.0,0.9955115138886591,0.0,0.0,0.09464050779190754
1788446979330728202,0,0.4125919084314064,0.8591523170300074,0.0,0.9955115138886591,0.0,0.0,0.09464050779190754
1788446979350761189,0,0.4124016340799097,0.8601440071525112,0.0,0.9955115138886591,0.0,0.0,0.09464050779190754
1788446979370909871,0,0.4122100015499732,0.861142775798996,0.0,0.9955115138886591,0.0,0.0,0.09464050779190754
1788446979398027233,0,0.41192413012028883,0.8626327076274247,0.0,0.9955115138886591,0.0,0.0,0.09464050779190754
1788446979411092528,0,0.41182974753996876,0.8631246196574344,0.0,0.9955115138886591,0.0,0.0,0.09464050779190754
1788446979430737015,0,0.4116409168710898,0.8641087851394688,0.0,0.9955115138886591,0.0,0.0,0.09464050779190754
1788446979450721856,0,0.4114518185527833,0.8650943454229931,0.0,0.9955115138886591,0.0,0.0,0.09464050779190754
1788446979470780678,0,0.4112623776303942,0.8660816911637893,0.0,0.9955115138886591,0.0,0.0,0.09464050779190754
1788446979498140707,0,0.4109703297041622,0.8676038138366368,0.0,0.9955115138886591,0.0,0.0,0.09464050779190754
1788446979510798421,0,0.410874281313355,0.868104407975405,0.0,0.9955115138886591,0.0,0.0,0.09464050779190754
1788446979530746159,0,0.4106821331485389,0.8691058640567998,0.0,0.9955115138886591,0.0,0.0,0.09464050779190754
1788446979550719434,0,0.41049003013114316,0.8701070845945343,0.0,0.9955115138886591,0.0,0.0,0.09464050779190754
1788446979570749157,0,0.4102991811739215,0.8711017688616496,0.0,0.9955115138886591,0.0,0.0,0.09464050779190754
1788446979598698931,0,0.41001314969057195,0.872592534631618,0.0,0.9955115138886591,0.0,0.0,0.09464050779190754
1788446979610725482,0,0.4099179865145006,0.8730885152837798,0.0,0.9955115138886591,0.0,0.0,0.09464050779190754
1788446979630722737,0,0.40972699453813066,0.8740839457528787,0.0,0.9955115138886591,0.0,0.0,0.09464050779190754
1788446979650734261,0,0.4095366053718059,0.8750762340385524,0.0,0.9955115138886591,0.0,0.0,0.09464050779190754
1788446979670721766,0,0.40934610702352126,0.8760690909695446,0.0,0.9955115138886591,0.0,0.0,0.09464050779190754
1788446979698510350,0,0.40906050171593294,0.87755763555405,0.0,0.9955115138886591,0.0,0.0,0.09464050779190754
1788446979710760129,0,0.4089658451707273,0.8780509756984275,0.0,0.9955115138886591,0.0,0.0,0.09464050779190754
1788446979730721137,0,0.4087769085709716,0.8790356937567426,0.0,0.9955115138886591,0.0,0.0,0.09464050779190754
1788446979750728310,0,0.40858710741077164,0.8800249175747352,0.0,0.9955115138886591,0.0,0.0,0.09464050779190754
1788446979770777720,0,0.40839780043819757,0.881011565501271,0.0,0.9955115138886591,0.0,0.0,0.09464050779190754
1788446979797897768,0,0.40820844753175983,0.8819984528302478,0.0,0.9955115138886591,0.0,0.0,0.09464050779190754
1788446979810760320,0,0.4080166403463223,0.8829981312799066,0.0,0.9955115138886591,0.0,0.0,0.09464050779190754
1788446979830740907,0,0.4078246742006977,0.8839986382129874,0.0,0.9955115138886591,0.0,0.0,0.09464050779190754
1788446979850712596,0,0.4076332375854841,0.8849963856912042,0.0,0.9955115138886591,0.0,0.0,0.09464050779190754
1788446979870748927,0,0.4074423132158379,0.8859914638010361,0.0,0.9955115138886591,0.0,0.0,0.09464050779190754
1788446979898035522,0,0.40725134396328916,0.886986775835924,0.0,0.9955115138886591,0.0,0.0,0.09464050779190754
1788446979910967170,0,0.4070614302921466,0.8879765859706591,0.0,0.9955115138886591,0.0,0.0,0.09464050779190754
1788446979930724157,0,0.4068715762821707,0.8889660851576513,0.0,0.9955115138886591,0.0,0.0,0.09464050779190754
1788446979950724989,0,0.4066812967096328,0.8899578023320807,0.0,0.9955115138886591,0.0,0.0,0.09464050779190754
1788446979970725747,0,0.406490783624129,0.8909507365515966,0.0,0.9955115138886591,0.0,0.0,0.09464050779190754
1788446979998038950,0,0.406300562486064,0.8919421491716825,0.0,0.9955115138886591,0.0,0.0,0.09464050779190754
1788446980010739372,0,0.406111398881968,0.8929280503531905,0.0,0.9955115138886591,0.0,0.0,0.09464050779190754
1788446980030713815,0,0.4059221644518981,0.8939143206723649,0.0,0.9955115138886591,0.0,0.0,0.09464050779190754
1788446980050725815,0,0.4057329746221588,0.8949003583804697,0.0,0.9955115138886591,0.0,0.0,0.09464050779190754
1788446980070725303,0,0.4055438160692939,0.8958862329179429,0.0,0.9955115138886591,0.0,0.0,0.09464050779190754
1788446980098370468,0,0.4053546801398603,0.8968719895444648,0.0,0.9955115138886591,0.0,0.0,0.09464050779190754
1788446980110720131,0,0.405258893319605,0.897371220887343,0.0,0.9955115138886591,0.0,0.0,0.09464050779190754
1788446980130765480,0,0.40506735874056127,0.8983694799886348,0.0,0.9955115138886591,0.0,0.0,0.09464050779190754
1788446980150728614,0,0.4048757827765505,0.8993679547842425,0.0,0.9955115138886591,0.0,0.0,0.09464050779190754
1788446980170744858,0,0.40468436680481296,0.9003655945914439,0.0,0.9955115138886591,0.0,0.0,0.09464050779190754
1788446980198091674,0,0.4043973975918234,0.9018612477896638,0.0,0.9955115138886591,0.0,0.0,0.09464050779190754
1788446980210756607,0,0.4043023711579478,0.9023565153568129,0.0,0.9955115138886591,0.0,0.0,0.09464050779190754
1788446980230722923,0,0.404112279233524,0.903347254050294,0.0,0.9955115138886591,0.0,0.0,0.09464050779190754
1788446980250724075,0,0.40392222656417387,0.904337788150547,0.0,0.9955115138886591,0.0,0.0,0.09464050779190754
1788446980270741234,0,0.40373207215357476,0.9053288520364459,0.0,0.9955115138886591,0.0,0.0,0.09464050779190754
1788446980297944218,0,0.40344673901363765,0.9068159769974229,0.0,0.9955115138886591,0.0,0.0,0.09464050779190754
1788446980310756748,0,0.4033522592939117,0.9073083953870471,0.0,0.9955115138886591,0.0,0.0,0.09464050779190754
1788446980330721990,0,0.40316253083491643,0.9082972402154966,0.0,0.9955115138886591,0.0,0.0,0.09464050779190754
1788446980350714156,0,0.40297306555306356,0.9092847133922833,0.0,0.9955115138886591,0.0,0.0,0.09464050779190754
1788446980370758988,0,0.40278383305565396,0.9102709733209676,0.0,0.9955115138886591,0.0,0.0,0.09464050779190754
1788446980397961780,0,0.4024986306541728,0.9117574183237863,0.0,0.9955115138886591,0.0,0.0,0.09464050779190754
1788446980410786775,0,0.4024027167463832,0.9122573113096568,0.0,0.9955115138886591,0.0,0.0,0.09464050779190754
1788446980430753975,0,0.4022108432323795,0.9132573354566789,0.0,0.9955115138886591,0.0,0.0,0.09464050779190754
1788446980450723858,0,0.40201937228806756,0.9142552614537047,0.0,0.9955115138886591,0.0,0.0,0.09464050779190754
1788446980470723656,0,0.40182786280141625,0.9152533888114931,0.0,0.9955115138886591,0.0,0.0,0.09464050779190754
1788446980498025580,0,0.40154148197237916,0.916745975814779,0.0,0.9955115138886591,0.0,0.0,0.09464050779190754
1788446980510722483,0,0.40144634619632585,0.9172418136608746,0.0,0.9955115138886591,0.0,0.0,0.09464050779190754
1788446980530748748,0,0.401256100583221,0.9182333541616658,0.0,0.9955115138886591,0.0,0.0,0.09464050779190754
1788446980550726993,0,0.4010657496727959,0.919225443301348,0.0,0.9955115138886591,0.0,0.0,0.09464050779190754
1788446980570727983,0,0.4008752492190122,0.9202183116856636,0.0,0.9955115138886591,0.0,0.0,0.09464050779190754
1788446980598032682,0,0.4005901738614523,0.9217040943109108,0.0,0.9955115138886591,0.0,0.0,0.09464050779190754
1788446980610784249,0,0.4004955993856858,0.9221970063209373,0.0,0.9955115138886591,0.0,0.0,0.09464050779190754
1788446980630733774,0,0.40030578751915796,0.9231862853827436,0.0,0.9955115138886591,0.0,0.0,0.09464050779190754
1788446980650740839,0,0.4001155128553994,0.9241779764940103,0.0,0.9955115138886591,0.0,0.0,0.09464050779190754
1788446980670857267,0,0.39992599786173716,0.9251657082863267,0.0,0.9955115138886591,0.0,0.0,0.09464050779190754
1788446980698133627,0,0.3996406872977227,0.9266527163025,0.0,0.9955115138886591,0.0,0.0,0.09464050779190754
1788446980710774927,0,0.39954482662614854,0.9271523318269336,0.0,0.9955115138886591,0.0,0.0,0.09464050779190754
1788446980731015371,0,0.3993530526824451,0.9281518370242446,0.0,0.9955115138886591,0.0,0.0,0.09464050779190754
1788446980750750051,0,0.39916170155795727,0.9291491390942709,0.0,0.9955115138886591,0.0,0.0,0.09464050779190754
1788446980770740435,0,0.3989706530187784,0.930144864683605,0.0,0.9955115138886591,0.0,0.0,0.09464050779190754
1788446980799121217,0,0.3986845816635196,0.9316358393832211,0.0,0.9955115138886591,0.0,0.0,0.09464050779190754
1788446980810733721,0,0.3985894816787316,0.932131490688936,0.0,0.9955115138886591,0.0,0.0,0.09464050779190754
1788446980831008359,0,0.39839927366552436,0.9331228352229416,0.0,0.9955115138886591,0.0,0.0,0.09464050779190754
1788446980850721890,0,0.3982089718059076,0.9341146688747476,0.0,0.9955115138886591,0.0,0.0,0.09464050779190754
1788446980870735391,0,0.39801849215852925,0.9351074291380183,0.0,0.9955115138886591,0.0,0.0,0.09464050779190754
1788446980898787908,0,0.39773347084225996,0.9365929308221708,0.0,0.9955115138886591,0.0,0.0,0.09464050779190754
1788446980910725265,0,0.39763893202466355,0.9370856573823996,0.0,0.9955115138886591,0.0,0.0,0.09464050779190754
1788446980930750687,0,0.3974496915709209,0.9380719590963346,0.0,0.9955115138886591,0.0,0.0,0.09464050779190754
1788446980950735670,0,0.39726032628473507,0.9390589114240802,0.0,0.9955115138886591,0.0,0.0,0.09464050779190754
1788446980970767308,0,0.39707099480068475,0.9400456875785836,0.0,0.9955115138886591,0.0,0.0,0.09464050779190754
1788446980998039672,0,0.39678501516555653,0.94153618375929,0.0,0.9955115138886591,0.0,0.0,0.09464050779190754
1788446981010751742,0,0.3966893157295038,0.9420349591824788,0.0,0.9955115138886591,0.0,0.0,0.09464050779190754
1788446981030744673,0,0.3964979085931013,0.943032553101505,0.0,0.9955115138886591,0.0,0.0,0.09464050779190754
1788446981050721886,0,0.3963047894284457,0.9440390700927468,0.0,0.9955115138886591,0.0,0.0,0.09464050779190754
1788446981070739533,0,0.3961137652926923,0.9450346681732328,0.0,0.9955115138886591,0.0,0.0,0.09464050779190754
1788446981098026975,0,0.3958274893845612,0.9465267082620029,0.0,0.9955115138886591,0.0,0.0,0.09464050779190754
1788446981110821897,0,0.39573244006386216,0.9470220951128177,0.0,0.9955115138886591,0.0,0.0,0.09464050779190754
1788446981130728128,0,0.39554179018452923,0.9480157418073584,0.0,0.9955115138886591,0.0,0.0,0.09464050779190754
1788446981150725038,0,0.395350556736274,0.9490124307211426,0.0,0.9955115138886591,0.0,0.0,0.09464050779190754
1788446981170749246,0,0.39515975699786143,0.9500068599064383,0.0,0.9955115138886591,0.0,0.0,0.09464050779190754
1788446981198060178,0,0.3949689622563423,0.9510012630484244,0.0,0.9955115138886591,0.0,0.0,0.09464050779190754
1788446981210766873,0,0.39477706056567086,0.9520014343713565,0.0,0.9955115138886591,0.0,0.0,0.09464050779190754
1788446981230776836,0,0.39458704020751073,0.9529918003881438,0.0,0.9955115138886591,0.0,0.0,0.09464050779190754
1788446981250722252,0,0.39439722474776423,0.9539810985757482,0.0,0.9955115138886591,0.0,0.0,0.09464050779190754
1788446981270738112,0,0.39420693026301323,0.9549728934710686,0.0,0.9955115138886591,0.0,0.0,0.09464050779190754
1788446981298096666,0,0.3940160014436994,0.9559679944515976,0.0,0.9955115138886591,0.0,0.0,0.09464050779190754
1788446981310734732,0,0.3938247516918006,0.9569647676175231,0.0,0.9955115138886591,0.0,0.0,0.09464050779190754
1788446981330742149,0,0.3936334632482661,0.9579617424400984,0.0,0.9955115138886591,0.0,0.0,0.09464050779190754
1788446981350738269,0,0.3934413940042399,0.9589627869526737,0.0,0.9955115138886591,0.0,0.0,0.09464050779190754
1788446981370742032,0,0.3932501333521241,0.9599596174109621,0.0,0.9955115138886591,0.0,0.0,0.09464050779190754
1788446981398104216,0,0.3930555068610967,0.9609739902686288,0.0,0.9955115138886591,0.0,0.0,0.09464050779190754
1788446981410824315,0,0.3928635201734351,0.9619746045868873,0.0,0.9955115138886591,0.0,0.0,0.09464050779190754
1788446981430750864,0,0.392768498641138,0.962469846767048,0.0,0.9955115138886591,0.0,0.0,0.09464050779190754
1788446981450733105,0,0.3925784899136705,0.9634601521658953,0.0,0.9955115138886591,0.0,0.0,0.09464050779190754
1788446981470748476,0,0.3923825731251113,0.9644812502478485,0.0,0.9955115138886591,0.0,0.0,0.09464050779190754
1788446981498072654,0,0.3920961662523251,0.9659739733095679,0.0,0.9955115138886591,0.0,0.0,0.09464050779190754
1788446981510765994,0,0.3920012232445906,0.9664688060686297,0.0,0.9955115138886591,0.0,0.0,0.09464050779190754
1788446981530732170,0,0.39181018786969535,0.9674644619246374,0.0,0.9955115138886591,0.0,0.0,0.09464050779190754
1788446981550725804,0,0.391619727742598,0.9684571196509065,0.0,0.9955115138886591,0.0,0.0,0.09464050779190754
1788446981570756883,0,0.39143030656311917,0.9694443629707455,0.0,0.9955115138886591,0.0,0.0,0.09464050779190754
1788446981599239491,0,0.3911432373505765,0.9709405373559891,0.0,0.9955115138886591,0.0,0.0,0.09464050779190754
1788446981610775442,0,0.39104748765297387,0.9714395744960022,0.0,0.9955115138886591,0.0,0.0,0.09464050779190754
1788446981630757169,0,0.3908547254611657,0.9724442303362935,0.0,0.9955115138886591,0.0,0.0,0.09464050779190754
1788446981650713955,0,0.3906632792989786,0.9734420274125134,0.0,0.9955115138886591,0.0,0.0,0.09464050779190754
1788446981670759771,0,0.39047118477757553,0.9744432042325344,0.0,0.9955115138886591,0.0,0.0,0.09464050779190754
1788446981699195655,0,0.39017943871829,0.9759637545832457,0.0,0.9955115138886591,0.0,0.0,0.09464050779190754
1788446981710739815,0,0.3900844548981325,0.9764588004508954,0.0,0.9955115138886591,0.0,0.0,0.09464050779190754
1788446981730749198,0,0.38989217564662104,0.9774609400651756,0.0,0.9955115138886591,0.0,0.0,0.09464050779190754
1788446981750691399,0,0.3897020917531367,0.9784516370612814,0.0,0.9955115138886591,0.0,0.0,0.09464050779190754
1788446981770762178,0,0.3895097847764264,0.9794539198851373,0.0,0.9955115138886591,0.0,0.0,0.09464050779190754
1788446981798561121,0,0.3892245585547326,0.9809404880782521,0.0,0.9955115138886591,0.0,0.0,0.09464050779190754
1788446981810756570,0,0.38912952394174083,0.9814357985133775,0.0,0.9955115138886591,0.0,0.0,0.09464050779190754
1788446981830750661,0,0.38893959659491384,0.9824256799243454,0.0,0.9955115138886591,0.0,0.0,0.09464050779190754
1788446981850715320,0,0.38875008554868506,0.9834133913821257,0.0,0.9955115138886591,0.0,0.0,0.09464050779190754
1788446981870729486,0,0.38855875875862783,0.9844105660626589,0.0,0.9955115138886591,0.0,0.0,0.09464050779190754
1788446981898058199,0,0.38827302303956895,0.9858997899412605,0.0,0.9955115138886591,0.0,0.0,0.09464050779190754
1788446981910793241,0,0.3881766213969018,0.9864022249489285,0.0,0.9955115138886591,0.0,0.0,0.09464050779190754
1788446981930728941,0,0.3879851896170789,0.9873999468248438,0.0,0.9955115138886591,0.0,0.0,0.09464050779190754
1788446981950739794,0,0.3877937443297406,0.9883977392612647,0.0,0.9955115138886591,0.0,0.0,0.09464050779190754
1788446981970832084,0,0.3876022647875722,0.9893957103908307,0.0,0.9955115138886591,0.0,0.0,0.09464050779190754
1788446981997905127,0,0.3873134995220249,0.9909007245066328,0.0,0.9955115138886591,0.0,0.0,0.09464050779190754
1788446982010786548,0,0.38721861331685625,0.9913952614557496,0.0,0.9955115138886591,0.0,0.0,0.09464050779190754
1788446982030846171,0,0.38702879942351803,0.9923845515590339,0.0,0.9955115138886591,0.0,0.0,0.09464050779190754
1788446982050724281,0,0.3868370598119922,0.9933838778233306,0.0,0.9955115138886591,0.0,0.0,0.09464050779190754
1788446982070758222,0,0.3866404843530014,0.9944084075076325,0.0,0.9955115138886591,0.0,0.0,0.09464050779190754
1788446982098192021,0,0.38644983797411714,0.9954020354781554,0.0,0.9955115138886591,0.0,0.0,0.09464050779190754
1788446982110748260,0,0.38626031635517366,0.9963898025960988,0.0,0.9955115138886591,0.0,0.0,0.09464050779190754
1788446982130744145,0,0.38607083533007563,0.9973773581431093,0.0,0.9955115138886591,0.0,0.0,0.09464050779190754
1788446982150725981,0,0.3858814774246948,0.9983642713667177,0.0,0.9955115138886591,0.0,0.0,0.09464050779190754
1788446982170733362,0,0.3856918770320392,0.9993524477719937,0.0,0.9955115138886591,0.0,0.0,0.09464050779190754
1788446982197930372,0,0.3855023346175335,1.0003403220015255,0.0,0.9955115138886591,0.0,0.0,0.09464050779190754
1788446982210725480,0,0.38531043351637106,1.001340490413071,0.0,0.9955115138886591,0.0,0.0,0.09464050779190754
1788446982230737923,0,0.3851185997729842,1.0023403077629551,0.0,0.9955115138886591,0.0,0.0,0.09464050779190754
1788446982250736441,0,0.3849270298157218,1.0033387502069584,0.0,0.9955115138886591,0.0,0.0,0.09464050779190754
1788446982270726677,0,0.38473567758905686,1.0043360577815812,0.0,0.9955115138886591,0.0,0.0,0.09464050779190754
1788446982298080651,0,0.384542398717201,1.0053434068272438,0.0,0.9955115138886591,0.0,0.0,0.09464050779190754
1788446982310738124,0,0.384388460861071,1.006145715045903,0.0,0.9955115138886591,0.0,0.0,0.09464050779190754
1788446982330748327,0,0.38423602098673976,1.0069402159380296,0.0,0.9955115138886591,0.0,0.0,0.09464050779190754
1788446982350728270,0,0.38410451918990046,1.0076255894992123,0.0,0.9955115138886591,0.0,0.0,0.09464050779190754
1788446982370723749,0,0.384049231194724,1.007913744591925,0.0,0.9955115138886591,0.0,0.0,0.09464050779190754
1788446982397976818,0,0.3838833603878613,1.00877824542212,0.0,0.9955115138886591,0.0,0.0,0.09464050779190754
1788446982410741003,0,0.38384732324584925,1.008966067347491,0.0,0.9955115138886591,0.0,0.0,0.09464050779190754
1788446982430722060,0,0.38377545785041595,1.0093406224921055,0.0,0.9955115138886591,0.0,0.0,0.09464050779190754
1788446982450725330,0,0.38370253154850226,1.0097207069735836,0.0,0.9955115138886591,0.0,0.0,0.09464050779190754
1788446982470804584,0,0.3836656590907576,1.009912882417847,0.0,0.9955115138886591,0.0,0.0,0.09464050779190754
1788446982498096320,0,0.3836101481337566,1.0102021997966073,0.0,0.9955115138886591,0.0,0.0,0.09464050779190754
1788446982510725907,0,0.3836097484842617,1.0102042827268507,0.0,0.9955115138886591,0.0,0.0,0.09464050779190754
1788446982530773379,0,0.3836089505125547,1.0102084416696824,0.0,0.9955115138886591,0.0,0.0,0.09464050779190754
1788446982550723848,0,0.38362142956533996,1.0101434021868647,0.0,0.9955115138886591,0.0,0.0,0.09464050779190754
1788446982570788906,0,0.3836548185468074,1.0099693822614388,0.0,0.9955115138886591,0.0,0.0,0.09464050779190754
1788446982598061145,0,0.3837272450484246,1.009591902809944,0.0,0.9955115138886591,0.0,0.0,0.09464050779190754
1788446982610732036,0,0.38376543536787744,1.0093928588705805,0.0,0.9955115138886591,0.0,0.0,0.09464050779190754
1788446982630741002,0,0.38384205384324843,1.008993531413142,0.0,0.9955115138886591,0.0,0.0,0.09464050779190754
1788446982650723202,0,0.3839195415394216,1.0085896737670146,0.0,0.9955115138886591,0.0,0.0,0.09464050779190754
1788446982670735262,0,0.3839980797714032,1.0081803409372396,0.0,0.9955115138886591,0.0,0.0,0.09464050779190754
1788446982697985652,0,0.38411464070561957,1.0075728378038933,0.0,0.9955115138886591,0.0,0.0,0.09464050779190754
1788446982710764183,0,0.3841523737788757,1.0073761770154197,0.0,0.9955115138886591,0.0,0.0,0.09464050779190754
1788446982730730449,0,0.38422795992156933,1.0069822300310616,0.0,0.9955115138886591,0.0,0.0,0.09464050779190754
1788446982750728402,0,0.38430351067280727,1.0065884675032286,0.0,0.9955115138886591,0.0,0.0,0.09464050779190754
1788446982770726329,0,0.38437916956616847,1.0061941413500828,0.0,0.9955115138886591,0.0,0.0,0.09464050779190754
1788446982797917168,0,0.3844923860629466,1.0056040690017616,0.0,0.9955115138886591,0.0,0.0,0.09464050779190754
1788446982810716174,0,0.3845304859114141,1.0054054966836217,0.0,0.9955115138886591,0.0,0.0,0.09464050779190754
1788446982830725368,0,0.38460561870717586,1.0050139126216673,0.0,0.9955115138886591,0.0,0.0,0.09464050779190754
1788446982850727021,0,0.3847021784828233,1.0045106534418904,0.0,0.9955115138886591,0.0,0.0,0.09464050779190754
1788446982870792703,0,0.3848202134830542,1.0038954676981076,0.0,0.9955115138886591,0.0,0.0,0.09464050779190754
1788446982898144686,0,0.3849966674851712,1.0029758082930442,0.0,0.9955115138886591,0.0,0.0,0.09464050779190754
1788446982910882479,0,0.38505638179504703,1.0026645836232795,0.0,0.9955115138886591,0.0,0.0,0.09464050779190754
1788446982930746769,0,0.3851730579512081,1.0020564798329799,0.0,0.9955115138886591,0.0,0.0,0.09464050779190754
1788446982950734807,0,0.3852881036637107,1.0014568736950415,0.0,0.9955115138886591,0.0,0.0,0.09464050779190754
1788446982970732240,0,0.38540153653195997,1.000865673483231,0.0,0.9955115138886591,0.0,0.0,0.09464050779190754
1788446982998275927,0,0.38557180576166283,0.9999782481168554,0.0,0.9955115138886591,0.0,0.0,0.09464050779190754
1788446983010726268,0,0.3856279953539549,0.9996853938553231,0.0,0.9955115138886591,0.0,0.0,0.09464050779190754
1788446983030760111,0,0.385740378731944,0.9990996634766721,0.0,0.9955115138886591,0.0,0.0,0.09464050779190754
1788446983050736835,0,0.3858544861255,0.9985049480001761,0.0,0.9955115138886591,0.0,0.0,0.09464050779190754
1788446983070730939,0,0.385969907556187,0.9979033841907844,0.0,0.9955115138886591,0.0,0.0,0.09464050779190754
1788446983098489257,0,0.38614259125774186,0.9970033755760667,0.0,0.9955115138886591,0.0,0.0,0.09464050779190754
1788446983110731660,0,0.3861997599992741,0.9967054182353471,0.0,0.9955115138886591,0.0,0.0,0.09464050779190754
1788446983130743967,0,0.3863140680470715,0.996109656967358,0.0,0.9955115138886591,0.0,0.0,0.09464050779190754
1788446983150727880,0,0.38644834530976835,0.9954098181018772,0.0,0.9955115138886591,0.0,0.0,0.09464050779190754
1788446983170733221,0,0.3866026563500643,0.9946055651449017,0.0,0.9955115138886591,0.0,0.0,0.09464050779190754
1788446983198097922,0,0.38683737112186245,0.9933822562417798,0.0,0.9955115138886591,0.0,0.0,0.09464050779190754
1788446983210988348,0,0.3869156149030741,0.9929744577294238,0.0,0.9955115138886591,0.0,0.0,0.09464050779190754
1788446983230780087,0,0.3870720988820289,0.9921588793813795,0.0,0.9955115138886591,0.0,0.0,0.09464050779190754
1788446983250731276,0,0.3872265118345293,0.9913540950094715,0.0,0.9955115138886591,0.0,0.0,0.09464050779190754
1788446983270812307,0,0.3873769320884379,0.9905701201705485,0.0,0.9955115138886591,0.0,0.0,0.09464050779190754
1788446983298261473,0,0.3876040968431372,0.989386161042948,0.0,0.9955115138886591,0.0,0.0,0.09464050779190754
1788446983310777880,0,0.3876797940352147,0.9889916352174056,0.0,0.9955115138886591,0.0,0.0,0.09464050779190754
1788446983330756242,0,0.38783200688312447,0.9881983178190764,0.0,0.9955115138886591,0.0,0.0,0.09464050779190754
1788446983350727393,0,0.38798482041082316,0.9874018696115493,0.0,0.9955115138886591,0.0,0.0,0.09464050779190754
1788446983370731461,0,0.3881387262429912,0.9865997282984745,0.0,0.9955115138886591,0.0,0.0,0.09464050779190754
1788446983398329386,0,0.38829261057165737,0.9857976990594326,0.0,0.9955115138886591,0.0,0.0,0.09464050779190754
1788446983410725143,0,0.38848556399000156,0.984792045757199,0.0,0.9955115138886591,0.0,0.0,0.09464050779190754
1788446983430752032,0,0.3886780757036505,0.9837886945742497,0.0,0.9955115138886591,0.0,0.0,0.09464050779190754
1788446983450726052,0,0.388870596375099,0.9827852967041735,0.0,0.9955115138886591,0.0,0.0,0.09464050779190754
1788446983470733684,0,0.3890632052590074,0.9817814390798606,0.0,0.9955115138886591,0.0,0.0,0.09464050779190754
1788446983497981216,0,0.38925668046432427,0.9807730662777774,0.0,0.9955115138886591,0.0,0.0,0.09464050779190754
1788446983510724953,0,0.3894472502879105,0.9797798360254182,0.0,0.9955115138886591,0.0,0.0,0.09464050779190754
1788446983530730462,0,0.38963777843558944,0.9787868229835863,0.0,0.9955115138886591,0.0,0.0,0.09464050779190754
1788446983550724487,0,0.389828486617211,0.9777928716234264,0.0,0.9955115138886591,0.0,0.0,0.09464050779190754
1788446983570728516,0,0.3900200220550788,0.97679460868909,0.0,0.9955115138886591,0.0,0.0,0.09464050779190754
1788446983597999237,0,0.3902110363325454,0.975799061988977,0.0,0.9955115138886591,0.0,0.0,0.09464050779190754
1788446983610758585,0,0.3903098653683141,0.9752839755032717,0.0,0.9955115138886591,0.0,0.0,0.09464050779190754
1788446983630772305,0,0.3905006110931057,0.9742898289522907,0.0,0.9955115138886591,0.0,0.0,0.09464050779190754
1788446983650721686,0,0.390691297032131,0.9732959939984027,0.0,0.9955115138886591,0.0,0.0,0.09464050779190754
1788446983670779610,0,0.3908824300695173,0.9722998278525633,0.0,0.9955115138886591,0.0,0.0,0.09464050779190754
1788446983698072971,0,0.3911692680320686,0.9708048572732089,0.0,0.9955115138886591,0.0,0.0,0.09464050779190754
1788446983710718331,0,0.39126379716880805,0.9703121813272931,0.0,0.9955115138886591,0.0,0.0,0.09464050779190754
1788446983730734486,0,0.39145581046460504,0.9693114281690803,0.0,0.9955115138886591,0.0,0.0,0.09464050779190754
1788446983750727453,0,0.3916448781967128,0.9683260269798677,0.0,0.9955115138886591,0.0,0.0,0.09464050779190754
1788446983770768979,0,0.39183597136875437,0.9673300695705536,0.0,0.9955115138886591,0.0,0.0,0.09464050779190754
1788446983798273963,0,0.39212431582890456,0.9658272487295307,0.0,0.9955115138886591,0.0,0.0,0.09464050779190754
1788446983810727605,0,0.3922204216121817,0.9653263559512255,0.0,0.9955115138886591,0.0,0.0,0.09464050779190754
1788446983830742237,0,0.3924117291361091,0.9643292821654121,0.0,0.9955115138886591,0.0,0.0,0.09464050779190754
1788446983850814098,0,0.3926046838863771,0.9633236230566236,0.0,0.9955115138886591,0.0,0.0,0.09464050779190754
1788446983870732884,0,0.39279546304384305,0.9623293022580784,0.0,0.9955115138886591,0.0,0.0,0.09464050779190754
1788446983898009216,0,0.3930829761213733,0.9608308142523222,0.0,0.9955115138886591,0.0,0.0,0.09464050779190754
1788446983911030998,0,0.3931784638487412,0.9603331422325935,0.0,0.9955115138886591,0.0,0.0,0.09464050779190754
1788446983930775000,0,0.3933692944750179,0.959338553023875,0.0,0.9955115138886591,0.0,0.0,0.09464050779190754
1788446983950726803,0,0.39356096947518504,0.9583395632669272,0.0,0.9955115138886591,0.0,0.0,0.09464050779190754
1788446983970729084,0,0.3937519615542259,0.9573441330642621,0.0,0.9955115138886591,0.0,0.0,0.09464050779190754
1788446983998085976,0,0.39403992459386683,0.9558433006300101,0.0,0.9955115138886591,0.0,0.0,0.09464050779190754
1788446984010721698,0,0.3941349693976551,0.9553479373208493,0.0,0.9955115138886591,0.0,0.0,0.09464050779190754
1788446984030729599,0,0.3943252709100242,0.9543561062775082,0.0,0.9955115138886591,0.0,0.0,0.09464050779190754
1788446984050722352,0,0.3945153314719289,0.9533655306435275,0.0,0.9955115138886591,0.0,0.0,0.09464050779190754
1788446984070746541,0,0.3947052341271229,0.952375777603972,0.0,0.9955115138886591,0.0,0.0,0.09464050779190754
1788446984098497330,0,0.3949909561077485,0.9508866242901866,0.0,0.9955115138886591,0.0,0.0,0.09464050779190754
1788446984110765520,0,0.3950866085363343,0.9503880938649851,0.0,0.9955115138886591,0.0,0.0,0.09464050779190754
1788446984130725939,0,0.39527762883513773,0.9493925161029514,0.0,0.9955115138886591,0.0,0.0,0.09464050779190754
1788446984150740921,0,0.39546920556186715,0.9483940385384338,0.0,0.9955115138886591,0.0,0.0,0.09464050779190754
1788446984170730927,0,0.39566099876934263,0.9473944329404118,0.0,0.9955115138886591,0.0,0.0,0.09464050779190754
1788446984198143107,0,0.3959485525698789,0.9458957330171732,0.0,0.9955115138886591,0.0,0.0,0.09464050779190754
1788446984210818663,0,0.39604373702194295,0.9453996414767332,0.0,0.9955115138886591,0.0,0.0,0.09464050779190754
1788446984230774044,0,0.3962341365381254,0.9444072988489856,0.0,0.9955115138886591,0.0,0.0,0.09464050779190754
1788446984250779821,0,0.39642498574929397,0.9434126126979533,0.0,0.9955115138886591,0.0,0.0,0.09464050779190754
1788446984270721997,0,0.3966162875345663,0.9424155680185364,0.0,0.9955115138886591,0.0,0.0,0.09464050779190754
1788446984298038193,0,0.39690302665939486,0.9409211137760005,0.0,0.9955115138886591,0.0,0.0,0.09464050779190754
1788446984310735783,0,0.39699811053222683,0.9404255464441377,0.0,0.9955115138886591,0.0,0.0,0.09464050779190754
1788446984330724184,0,0.3971883798481383,0.9394338824067647,0.0,0.9955115138886591,0.0,0.0,0.09464050779190754
1788446984350739756,0,0.3973785235002899,0.9384428739538471,0.0,0.9955115138886591,0.0,0.0,0.09464050779190754
1788446984370740760,0,0.3975686085468583,0.9374521715856515,0.0,0.9955115138886591,0.0,0.0,0.09464050779190754
1788446984398018249,0,0.3978540804851259,0.9359643232230335,0.0,0.9955115138886591,0.0,0.0,0.09464050779190754
1788446984410755828,0,0.39794935038604295,0.9354677869717071,0.0,0.9955115138886591,0.0,0.0,0.09464050779190754
1788446984430725498,0,0.39814458886706805,0.9344502254695988,0.0,0.9955115138886591,0.0,0.0,0.09464050779190754
1788446984450724336,0,0.39833590336652075,0.933453114846024,0.0,0.9955115138886591,0.0,0.0,0.09464050779190754
1788446984470729157,0,0.39853013645668883,0.9324407923523738,0.0,0.9955115138886591,0.0,0.0,0.09464050779190754
1788446984498152972,0,0.39872155954883043,0.9314431152737088,0.0,0.9955115138886591,0.0,0.0,0.09464050779190754
1788446984511141433,0,0.39891204672174196,0.930450316587561,0.0,0.9955115138886591,0.0,0.0,0.09464050779190754
1788446984530723242,0,0.3991026070260036,0.9294571367486713,0.0,0.9955115138886591,0.0,0.0,0.09464050779190754
1788446984550725528,0,0.39929419951004347,0.928458577299637,0.0,0.9955115138886591,0.0,0.0,0.09464050779190754
1788446984570724108,0,0.399485481236287,0.9274616374868607,0.0,0.9955115138886591,0.0,0.0,0.09464050779190754
1788446984598105702,0,0.3996778708234607,0.9264589236219054,0.0,0.9955115138886591,0.0,0.0,0.09464050779190754
1788446984610827079,0,0.39986852368917486,0.9254652613626663,0.0,0.9955115138886591,0.0,0.0,0.09464050779190754
1788446984630785968,0,0.40006087674826724,0.9244627378781474,0.0,0.9955115138886591,0.0,0.0,0.09464050779190754
1788446984650726866,0,0.40025316693706775,0.923460542066837,0.0,0.9955115138886591,0.0,0.0,0.09464050779190754
1788446984670718686,0,0.4004468684624706,0.9224509905207385,0.0,0.9955115138886591,0.0,0.0,0.09464050779190754
1788446984698111769,0,0.40063658927772,0.9214621860084158,0.0,0.9955115138886591,0.0,0.0,0.09464050779190754
1788446984710729806,0,0.40073255133227187,0.9209620420867914,0.0,0.9955115138886591,0.0,0.0,0.09464050779190754
1788446984730752999,0,0.4009259056690294,0.9199543000506227,0.0,0.9955115138886591,0.0,0.0,0.09464050779190754
1788446984750726838,0,0.40111774437199266,0.918954457335005,0.0,0.9955115138886591,0.0,0.0,0.09464050779190754
1788446984770736497,0,0.4013121089534602,0.9179414495224938,0.0,0.9955115138886591,0.0,0.0,0.09464050779190754
1788446984798477540,0,0.40160216900476,0.9164296869583193,0.0,0.9955115138886591,0.0,0.0,0.09464050779190754
1788446984810774909,0,0.401697455816884,0.9159330620877687,0.0,0.9955115138886591,0.0,0.0,0.09464050779190754
1788446984830725221,0,0.40189014032053916,0.9149288106645991,0.0,0.9955115138886591,0.0,0.0,0.09464050779190754
1788446984850725387,0,0.40208103339740753,0.9139338959699468,0.0,0.9955115138886591,0.0,0.0,0.09464050779190754
1788446984870764749,0,0.4022722071207025,0.9129375182546323,0.0,0.9955115138886591,0.0,0.0,0.09464050779190754
1788446984898039031,0,0.4025583763377229,0.9114460340695514,0.0,0.9955115138886591,0.0,0.0,0.09464050779190754
1788446984910827356,0,0.4026534245701854,0.9109506527309518,0.0,0.9955115138886591,0.0,0.0,0.09464050779190754
1788446984930727273,0,0.4028467292385878,0.909943169236416,0.0,0.9955115138886591,0.0,0.0,0.09464050779190754
1788446984950714943,0,0.40303957107632643,0.9089380978842602,0.0,0.9955115138886591,0.0,0.0,0.09464050779190754
1788446984971083847,0,0.403232509422444,0.9079325234608011,0.0,0.9955115138886591,0.0,0.0,0.09464050779190754
1788446984998086519,0,0.4035178121933989,0.9064455555832757,0.0,0.9955115138886591,0.0,0.0,0.09464050779190754
1788446985010796033,0,0.4036133318492624,0.9059477173960996,0.0,0.9955115138886591,0.0,0.0,0.09464050779190754
1788446985030803441,0,0.4038044051580526,0.9049518638327056,0.0,0.9955115138886591,0.0,0.0,0.09464050779190754
1788446985050724110,0,0.403996191015307,0.9039522965432466,0.0,0.9955115138886591,0.0,0.0,0.09464050779190754
1788446985070763127,0,0.4041878133800738,0.9029535813590731,0.0,0.9955115138886591,0.0,0.0,0.09464050779190754
1788446985097953374,0,0.4044745856637879,0.9014589550168198,0.0,0.9955115138886591,0.0,0.0,0.09464050779190754
1788446985110805091,0,0.404569828186087,0.9009625612200163,0.0,0.9955115138886591,0.0,0.0,0.09464050779190754
1788446985130760574,0,0.4047616095013381,0.8999630176029905,0.0,0.9955115138886591,0.0,0.0,0.09464050779190754
1788446985150735871,0,0.4049539293738775,0.8989606668389029,0.0,0.9955115138886591,0.0,0.0,0.09464050779190754
1788446985170738921,0,0.40514459005240755,0.8979669633800148,0.0,0.9955115138886591,0.0,0.0,0.09464050779190754
1788446985198455159,0,0.4054355071017026,0.8964507344718088,0.0,0.9955115138886591,0.0,0.0,0.09464050779190754
1788446985210779843,0,0.40553529212973916,0.8959306656229844,0.0,0.9955115138886591,0.0,0.0,0.09464050779190754
1788446985230729136,0,0.4057255615483968,0.8949390018486205,0.0,0.9955115138886591,0.0,0.0,0.09464050779190754
1788446985250803105,0,0.40591577441797144,0.8939476328020032,0.0,0.9955115138886591,0.0,0.0,0.09464050779190754
1788446985270761849,0,0.4061066098988607,0.892953018772085,0.0,0.9955115138886591,0.0,0.0,0.09464050779190754
1788446985298095477,0,0.40639214689753683,0.891464830362949,0.0,0.9955115138886591,0.0,0.0,0.09464050779190754
1788446985310789253,0,0.4064900762148825,0.8909544330323447,0.0,0.9955115138886591,0.0,0.0,0.09464050779190754
1788446985330935201,0,0.4066806063624514,0.889961409887135,0.0,0.9955115138886591,0.0,0.0,0.09464050779190754
1788446985350731223,0,0.4068717414307823,0.888965233797496,0.0,0.9955115138886591,0.0,0.0,0.09464050779190754
1788446985370752228,0,0.40706345855177173,0.8879660239494807,0.0,0.9955115138886591,0.0,0.0,0.09464050779190754
1788446985398037278,0,0.40725511576197637,0.8869671263502923,0.0,0.9955115138886591,0.0,0.0,0.09464050779190754
1788446985410737879,0,0.4074477456972723,0.8859631598167378,0.0,0.9955115138886591,0.0,0.0,0.09464050779190754
1788446985430730143,0,0.40763949983173087,0.8849637578630837,0.0,0.9955115138886591,0.0,0.0,0.09464050779190754
1788446985450736790,0,0.4078301407542194,0.883970158330261,0.0,0.9955115138886591,0.0,0.0,0.09464050779190754
1788446985470758433,0,0.40802068617530707,0.8829770570204774,0.0,0.9955115138886591,0.0,0.0,0.09464050779190754
1788446985498818475,0,0.408211203068381,0.8819841043954937,0.0,0.9955115138886591,0.0,0.0,0.09464050779190754
1788446985510724146,0,0.4084020310069071,0.8809895296755623,0.0,0.9955115138886591,0.0,0.0,0.09464050779190754
1788446985530714636,0,0.40859276425885616,0.8799954484519008,0.0,0.9955115138886591,0.0,0.0,0.09464050779190754
1788446985550722546,0,0.40878330706027904,0.8790023595956798,0.0,0.9955115138886591,0.0,0.0,0.09464050779190754
1788446985570734730,0,0.40897511719639434,0.8780026652844191,0.0,0.9955115138886591,0.0,0.0,0.09464050779190754
1788446985598536894,0,0.40916552744884566,0.877010267019987,0.0,0.9955115138886591,0.0,0.0,0.09464050779190754
1788446985610737081,0,0.40935652408137624,0.8760148126040849,0.0,0.9955115138886591,0.0,0.0,0.09464050779190754
1788446985630715599,0,0.4094517548577908,0.8755184797857747,0.0,0.9955115138886591,0.0,0.0,0.09464050779190754
1788446985650723702,0,0.4096426845899362,0.8745233740476632,0.0,0.9955115138886591,0.0,0.0,0.09464050779190754
1788446985670743309,0,0.4098342353829089,0.8735250310841046,0.0,0.9955115138886591,0.0,0.0,0.09464050779190754
1788446985698046101,0,0.41012179109969316,0.8720263203660367,0.0,0.9955115138886591,0.0,0.0,0.09464050779190754
1788446985710739497,0,0.41021734754852646,0.8715282904178536,0.0,0.9955115138886591,0.0,0.0,0.09464050779190754
1788446985730788435,0,0.41041114784197325,0.8705182241033184,0.0,0.9955115138886591,0.0,0.0,0.09464050779190754
1788446985750723041,0,0.41060305511639156,0.8695180240006417,0.0,0.9955115138886591,0.0,0.0,0.09464050779190754
1788446985770748457,0,0.4107932826994444,0.8685265774706207,0.0,0.9955115138886591,0.0,0.0,0.09464050779190754
1788446985799091762,0,0.4110789550175561,0.8670376828320536,0.0,0.9955115138886591,0.0,0.0,0.09464050779190754
1788446985810726431,0,0.4111740632981426,0.8665419882894931,0.0,0.9955115138886591,0.0,0.0,0.09464050779190754
1788446985830735143,0,0.41136428192964075,0.8655505884140511,0.0,0.9955115138886591,0.0,0.0,0.09464050779190754
1788446985850732256,0,0.41155810402989673,0.8645404077910451,0.0,0.9955115138886591,0.0,0.0,0.09464050779190754
1788446985870727086,0,0.41174944046193257,0.8635431828575553,0.0,0.9955115138886591,0.0,0.0,0.09464050779190754
1788446985897986462,0,0.41203521097282375,0.8620537776476604,0.0,0.9955115138886591,0.0,0.0,0.09464050779190754
1788446985910723897,0,0.4121305045292093,0.8615571176267262,0.0,0.9955115138886591,0.0,0.0,0.09464050779190754
1788446985930752590,0,0.4123216897124349,0.8605606805043781,0.0,0.9955115138886591,0.0,0.0,0.09464050779190754
1788446985950726005,0,0.4125142438352896,0.8595571088537494,0.0,0.9955115138886591,0.0,0.0,0.09464050779190754
1788446985970741547,0,0.4127060660468086,0.858557352089768,0.0,0.9955115138886591,0.0,0.0,0.09464050779190754
1788446985998108491,0,0.4129933965433865,0.8570598160012635,0.0,0.9955115138886591,0.0,0.0,0.09464050779190754
1788446986010772449,0,0.4130887566289309,0.8565628090772507,0.0,0.9955115138886591,0.0,0.0,0.09464050779190754
1788446986030726283,0,0.413279505282325,0.8555686467823894,0.0,0.9955115138886591,0.0,0.0,0.09464050779190754
1788446986050722249,0,0.41347011855923915,0.8545751898158982,0.0,0.9955115138886591,0.0,0.0,0.09464050779190754
1788446986070820656,0,0.4136606427933558,0.8535821966914002,0.0,0.9955115138886591,0.0,0.0,0.09464050779190754
1788446986098088300,0,0.41394650565921365,0.8520923084577974,0.0,0.9955115138886591,0.0,0.0,0.09464050779190754
1788446986110747916,0,0.4140418098525536,0.8515955928381854,0.0,0.9955115138886591,0.0,0.0,0.09464050779190754
1788446986130721197,0,0.41423242833250895,0.8506021089938521,0.0,0.9955115138886591,0.0,0.0,0.09464050779190754
1788446986150713203,0,0.41442288682132566,0.8496094588471437,0.0,0.9955115138886591,0.0,0.0,0.09464050779190754
1788446986170766569,0,0.41461313891033147,0.8486178842752492,0.0,0.9955115138886591,0.0,0.0,0.09464050779190754
1788446986198502435,0,0.41489869387077494,0.8471296013734073,0.0,0.9955115138886591,0.0,0.0,0.09464050779190754
1788446986210747323,0,0.4149940245158465,0.8466327482901783,0.0,0.9955115138886591,0.0,0.0,0.09464050779190754
1788446986230762654,0,0.4151847458671106,0.8456387290916082,0.0,0.9955115138886591,0.0,0.0,0.09464050779190754
1788446986250731866,0,0.41537584966075664,0.8446427166444198,0.0,0.9955115138886591,0.0,0.0,0.09464050779190754
1788446986270765864,0,0.41556740358621286,0.8436443581585825,0.0,0.9955115138886591,0.0,0.0,0.09464050779190754
1788446986298077075,0,0.41585446941089343,0.8421482016718345,0.0,0.9955115138886591,0.0,0.0,0.09464050779190754
1788446986310796858,0,0.41594996132420137,0.8416505078354257,0.0,0.9955115138886591,0.0,0.0,0.09464050779190754
1788446986330756651,0,0.41614104146607983,0.8406546181775614,0.0,0.9955115138886591,0.0,0.0,0.09464050779190754
1788446986350725844,0,0.4163323793699269,0.8396573853326893,0.0,0.9955115138886591,0.0,0.0,0.09464050779190754
1788446986370731110,0,0.4165228907909703,0.8386644602678821,0.0,0.9955115138886591,0.0,0.0,0.09464050779190754
1788446986398066496,0,0.4168089144944207,0.8371737352049609,0.0,0.9955115138886591,0.0,0.0,0.09464050779190754
1788446986410759258,0,0.4169052162549004,0.8366718205300343,0.0,0.9955115138886591,0.0,0.0,0.09464050779190754
1788446986430725293,0,0.4170962800337535,0.8356760161545419,0.0,0.9955115138886591,0.0,0.0,0.09464050779190754
1788446986450726770,0,0.41728774855455597,0.8346781021470615,0.0,0.9955115138886591,0.0,0.0,0.09464050779190754
1788446986470747008,0,0.4174776809429256,0.833688194141263,0.0,0.9955115138886591,0.0,0.0,0.09464050779190754
1788446986498079495,0,0.4177630587553975,0.8322008345958415,0.0,0.9955115138886591,0.0,0.0,0.09464050779190754
1788446986510784765,0,0.4178584893764567,0.8317034602082042,0.0,0.9955115138886591,0.0,0.0,0.09464050779190754
1788446986530741705,0,0.4180492962409319,0.8307089948435028,0.0,0.9955115138886591,0.0,0.0,0.09464050779190754
1788446986550725441,0,0.4182405636353359,0.8297121292451155,0.0,0.9955115138886591,0.0,0.0,0.09464050779190754
1788446986570754455,0,0.4184322486862885,0.8287130868646031,0.0,0.9955115138886591,0.0,0.0,0.09464050779190754
1788446986598168209,0,0.41871943580690085,0.8272162977138415,0.0,0.9955115138886591,0.0,0.0,0.09464050779190754
1788446986610760977,0,0.4188150690408695,0.8267178673289713,0.0,0.9955115138886591,0.0,0.0,0.09464050779190754
1788446986630786672,0,0.4190062460030118,0.8257214730540471,0.0,0.9955115138886591,0.0,0.0,0.09464050779190754
1788446986650788186,0,0.41920098592865684,0.8247065089870508,0.0,0.9955115138886591,0.0,0.0,0.09464050779190754
1788446986670740565,0,0.41939224203335845,0.8237097022294082,0.0,0.9955115138886591,0.0,0.0,0.09464050779190754
1788446986698071751,0,0.41958571732908767,0.8227013292808917,0.0,0.9955115138886591,0.0,0.0,0.09464050779190754
1788446986710724149,0,0.41977562916155736,0.8217115287291267,0.0,0.9955115138886591,0.0,0.0,0.09464050779190754
1788446986730747924,0,0.41996558243390647,0.8207215121970568,0.0,0.9955115138886591,0.0,0.0,0.09464050779190754
1788446986750731887,0,0.4201560770664201,0.8197286746337498,0.0,0.9955115138886591,0.0,0.0,0.09464050779190754
1788446986770736307,0,0.42034784792364066,0.818729186005743,0.0,0.9955115138886591,0.0,0.0,0.09464050779190754
1788446986798188773,0,0.42053729701681963,0.8177417981567081,0.0,0.9955115138886591,0.0,0.0,0.09464050779190754
1788446986810761017,0,0.42072894797205584,0.8167429334794936,0.0,0.9955115138886591,0.0,0.0,0.09464050779190754
1788446986830735061,0,0.42091939812363033,0.8157503272650166,0.0,0.9955115138886591,0.0,0.0,0.09464050779190754
1788446986850721887,0,0.42111057065687296,0.8147539560730528,0.0,0.9955115138886591,0.0,0.0,0.09464050779190754
1788446986870727947,0,0.4212065163386316,0.8142538972430728,0.0,0.9955115138886591,0.0,0.0,0.09464050779190754
1788446986898080550,0,0.4214943757633797,0.8127536041136709,0.0,0.9955115138886591,0.0,0.0,0.09464050779190754
1788446986910752925,0,0.4215926733523935,0.812241287884794,0.0,0.9955115138886591,0.0,0.0,0.09464050779190754
1788446986930780608,0,0.42178460255024663,0.811240974002815,0.0,0.9955115138886591,0.0,0.0,0.09464050779190754
1788446986950720349,0,0.42197938625046644,0.8102257827682738,0.0,0.9955115138886591,0.0,0.0,0.09464050779190754
1788446986970821485,0,0.4221702279677117,0.809231136235138,0.0,0.9955115138886591,0.0,0.0,0.09464050779190754
1788446986997957281,0,0.4224594857731664,0.8077235556205276,0.0,0.9955115138886591,0.0,0.0,0.09464050779190754
1788446987010763138,0,0.42255487209917875,0.8072264123342155,0.0,0.9955115138886591,0.0,0.0,0.09464050779190754
1788446987030751525,0,0.422746100614378,0.8062297498516873,0.0,0.9955115138886591,0.0,0.0,0.09464050779190754
1788446987050721841,0,0.4229384475179433,0.8052272584491142,0.0,0.9955115138886591,0.0,0.0,0.09464050779190754
1788446987070744764,0,0.4231282630749363,0.804237959675036,0.0,0.9955115138886591,0.0,0.0,0.09464050779190754
1788446987098019580,0,0.42341439107190826,0.8027466905656012,0.0,0.9955115138886591,0.0,0.0,0.09464050779190754
1788446987110740795,0,0.42350976412078173,0.8022496162381574,0.0,0.9955115138886591,0.0,0.0,0.09464050779190754
1788446987130751375,0,0.4237005843527121,0.8012550812036818,0.0,0.9955115138886591,0.0,0.0,0.09464050779190754
1788446987150717421,0,0.42389360856395675,0.8002490590962811,0.0,0.9955115138886591,0.0,0.0,0.09464050779190754
1788446987170724663,0,0.42408546202769276,0.7992491386439421,0.0,0.9955115138886591,0.0,0.0,0.09464050779190754
1788446987198095295,0,0.42437494183904534,0.7977404001533884,0.0,0.9955115138886591,0.0,0.0,0.09464050779190754
1788446987210736704,0,0.4244703516429089,0.7972431345030373,0.0,0.9955115138886591,0.0,0.0,0.09464050779190754
1788446987230737422,0,0.4246612362894415,0.7962482642270666,0.0,0.9955115138886591,0.0,0.0,0.09464050779190754
1788446987250850829,0,0.4248529311975455,0.7952491707931076,0.0,0.9955115138886591,0.0,0.0,0.09464050779190754
1788446987270727469,0,0.42504599892903394,0.7942429221887173,0.0,0.9955115138886591,0.0,0.0,0.09464050779190754
1788446987297955925,0,0.4253348488357662,0.7927374670135471,0.0,0.9955115138886591,0.0,0.0,0.09464050779190754
1788446987310780541,0,0.4254321837987909,0.7922301674770225,0.0,0.9955115138886591,0.0,0.0,0.09464050779190754
1788446987330729211,0,0.4256234917337953,0.7912330907458519,0.0,0.9955115138886591,0.0,0.0,0.09464050779190754
1788446987350726265,0,0.4258145650457271,0.7902372368453304,0.0,0.9955115138886591,0.0,0.0,0.09464050779190754
1788446987370759646,0,0.4260044403290005,0.7892476269435147,0.0,0.9955115138886591,0.0,0.0,0.09464050779190754
1788446987398208222,0,0.42629293185517453,0.7877440397751292,0.0,0.9955115138886591,0.0,0.0,0.09464050779190754
1788446987410759762,0,0.42638800386460596,0.7872485346730782,0.0,0.9955115138886591,0.0,0.0,0.09464050779190754
1788446987430974464,0,0.42657803159931434,0.7862581305294998,0.0,0.9955115138886591,0.0,0.0,0.09464050779190754
1788446987450714060,0,0.4267690256151061,0.7852626900716445,0.0,0.9955115138886591,0.0,0.0,0.09464050779190754
1788446987470760375,0,0.4269643535456619,0.784244661548675,0.0,0.9955115138886591,0.0,0.0,0.09464050779190754
1788446987497965431,0,0.42715621135041876,0.7832447189544899,0.0,0.9955115138886591,0.0,0.0,0.09464050779190754
1788446987510769976,0,0.42734753703730627,0.7822475497023815,0.0,0.9955115138886591,0.0,0.0,0.09464050779190754
1788446987530759923,0,0.4275423777243791,0.7812320606409315,0.0,0.9955115138886591,0.0,0.0,0.09464050779190754
1788446987550721211,0,0.42773457126540226,0.780230367981578,0.0,0.9955115138886591,0.0,0.0,0.09464050779190754
1788446987570724674,0,0.42792569312432616,0.7792342605780128,0.0,0.9955115138886591,0.0,0.0,0.09464050779190754
1788446987597891281,0,0.4281167689675734,0.7782383930034051,0.0,0.9955115138886591,0.0,0.0,0.09464050779190754
1788446987610739306,0,0.4283075887387036,0.7772438610112281,0.0,0.9955115138886591,0.0,0.0,0.09464050779190754
1788446987630756032,0,0.4284978166441977,0.7762524137586809,0.0,0.9955115138886591,0.0,0.0,0.09464050779190754
1788446987650722142,0,0.42868769274283586,0.7752627997671654,0.0,0.9955115138886591,0.0,0.0,0.09464050779190754
1788446987670730429,0,0.4288775341183952,0.7742733664294275,0.0,0.9955115138886591,0.0,0.0,0.09464050779190754
1788446987697961672,0,0.42906682777512783,0.7732867877447663,0.0,0.9955115138886591,0.0,0.0,0.09464050779190754
1788446987710775334,0,0.4292571485769641,0.7722948556875578,0.0,0.9955115138886591,0.0,0.0,0.09464050779190754
1788446987730732334,0,0.4294474182256807,0.7713031902350437,0.0,0.9955115138886591,0.0,0.0,0.09464050779190754
1788446987750869407,0,0.4296385306334557,0.7703071322495421,0.0,0.9955115138886591,0.0,0.0,0.09464050779190754
1788446987770753758,0,0.42983050980006876,0.7693065566467813,0.0,0.9955115138886591,0.0,0.0,0.09464050779190754
1788446987798037422,0,0.4300225387541418,0.7683057215569176,0.0,0.9955115138886591,0.0,0.0,0.09464050779190754
1788446987810773467,0,0.43011792670332405,0.7678085695706274,0.0,0.9955115138886591,0.0,0.0,0.09464050779190754
1788446987830725969,0,0.4303087921299339,0.7668137989862224,0.0,0.9955115138886591,0.0,0.0,0.09464050779190754
1788446987850742057,0,0.43049963934547997,0.7658191233159718,0.0,0.9955115138886591,0.0,0.0,0.09464050779190754
1788446987870752357,0,0.4306920824452091,0.7648161297416911,0.0,0.9955115138886591,0.0,0.0,0.09464050779190754
1788446987898080578,0,0.4309782323154366,0.7633247461507838,0.0,0.9955115138886591,0.0,0.0,0.09464050779190754
1788446987911048018,0,0.4310733910574655,0.7628287887681361,0.0,0.9955115138886591,0.0,0.0,0.09464050779190754
1788446987930752181,0,0.43126378975967655,0.761836450702345,0.0,0.9955115138886591,0.0,0.0,0.09464050779190754
1788446987950720614,0,0.431454674162339,0.7608415812167441,0.0,0.9955115138886591,0.0,0.0,0.09464050779190754
1788446987970738856,0,0.43164415793855776,0.7598540113311762,0.0,0.9955115138886591,0.0,0.0,0.09464050779190754
1788446987998099843,0,0.43192840339241756,0.758372553361828,0.0,0.9955115138886591,0.0,0.0,0.09464050779190754
1788446988010732813,0,0.43202341298798463,0.7578773733148961,0.0,0.9955115138886591,0.0,0.0,0.09464050779190754
1788446988030739953,0,0.43221342142267977,0.7568870692824645,0.0,0.9955115138886591,0.0,0.0,0.09464050779190754
1788446988050726196,0,0.43240417922482,0.7558928596255069,0.0,0.9955115138886591,0.0,0.0,0.09464050779190754
1788446988070729374,0,0.4325957320642271,0.7548945064784824,0.0,0.9955115138886591,0.0,0.0,0.09464050779190754
1788446988098077798,0,0.4328830671433455,0.7533969464246802,0.0,0.9955115138886591,0.0,0.0,0.09464050779190754
1788446988110801802,0,0.43297927090205546,0.7528955427669438,0.0,0.9955115138886591,0.0,0.0,0.09464050779190754
1788446988130800303,0,0.43317293495810044,0.7518861865071141,0.0,0.9955115138886591,0.0,0.0,0.09464050779190754
1788446988150732259,0,0.43336697769394983,0.7508748566088154,0.0,0.9955115138886591,0.0,0.0,0.09464050779190754
1788446988170736066,0,0.43355762304090883,0.7498812332164853,0.0,0.9955115138886591,0.0,0.0,0.09464050779190754
1788446988198050642,0,0.43384378085157826,0.7483898089613723,0.0,0.9955115138886591,0.0,0.0,0.09464050779190754
1788446988210731543,0,0.43393929074367915,0.7478920216618782,0.0,0.9955115138886591,0.0,0.0,0.09464050779190754
1788446988231014112,0,0.4341304580692786,0.7468956780929723,0.0,0.9955115138886591,0.0,0.0,0.09464050779190754
1788446988250739436,0,0.4343209935072932,0.745902627615871,0.0,0.9955115138886591,0.0,0.0,0.09464050779190754
1788446988270764427,0,0.43451026819490834,0.7449161477962605,0.0,0.9955115138886591,0.0,0.0,0.09464050779190754
1788446988298063584,0,0.43479448902405077,0.7434348187250386,0.0,0.9955115138886591,0.0,0.0,0.09464050779190754
1788446988310736804,0,0.43488923709726585,0.7429410017847019,0.0,0.9955115138886591,0.0,0.0,0.09464050779190754
1788446988330812863,0,0.4350787836128557,0.7419531053852938,0.0,0.9955115138886591,0.0,0.0,0.09464050779190754
1788446988350734972,0,0.43526940269898445,0.7409596187812095,0.0,0.9955115138886591,0.0,0.0,0.09464050779190754
1788446988370851263,0,0.4354609874792943,0.7399610990007703,0.0,0.9955115138886591,0.0,0.0,0.09464050779190754
1788446988398763457,0,0.4357515501990154,0.7384467165815068,0.0,0.9955115138886591,0.0,0.0,0.09464050779190754
1788446988410718201,0,0.43584705967373455,0.7379489312168647,0.0,0.9955115138886591,0.0,0.0,0.09464050779190754
1788446988430776277,0,0.4360406360816972,0.7369400312819928,0.0,0.9955115138886591,0.0,0.0,0.09464050779190754
1788446988450726859,0,0.43623120734103144,0.7359467938665742,0.0,0.9955115138886591,0.0,0.0,0.09464050779190754
1788446988470757482,0,0.43642301255693233,0.7349471251989549,0.0,0.9955115138886591,0.0,0.0,0.09464050779190754
1788446988498162226,0,0.4367089625126114,0.7334567845021853,0.0,0.9955115138886591,0.0,0.0,0.09464050779190754
1788446988510753293,0,0.4368042672607399,0.7329600666310233,0.0,0.9955115138886591,0.0,0.0,0.09464050779190754
1788446988530768786,0,0.436994884498956,0.7319665905384597,0.0,0.9955115138886591,0.0,0.0,0.09464050779190754
1788446988550731721,0,0.43718665529215417,0.7309671015963588,0.0,0.9955115138886591,0.0,0.0,0.09464050779190754
1788446988570730611,0,0.4373764427926421,0.7299779487312464,0.0,0.9955115138886591,0.0,0.0,0.09464050779190754
1788446988598898957,0,0.43766233652696535,0.7284879002536809,0.0,0.9955115138886591,0.0,0.0,0.09464050779190754
1788446988610775231,0,0.43775735937342475,0.7279926511444881,0.0,0.9955115138886591,0.0,0.0,0.09464050779190754
1788446988630760232,0,0.4379473154092896,0.7270026202092638,0.0,0.9955115138886591,0.0,0.0,0.09464050779190754
1788446988650732999,0,0.4381380007656382,0.7260087879714717,0.0,0.9955115138886591,0.0,0.0,0.09464050779190754
1788446988670762564,0,0.43833002276167976,0.7250079891461497,0.0,0.9955115138886591,0.0,0.0,0.09464050779190754
1788446988698113078,0,0.4386170119929736,0.7235122308919923,0.0,0.9955115138886591,0.0,0.0,0.09464050779190754
1788446988710756484,0,0.43871210820462647,0.7230165992514686,0.0,0.9955115138886591,0.0,0.0,0.09464050779190754
1788446988731199944,0,0.4389029240105417,0.7220220869645976,0.0,0.9955115138886591,0.0,0.0,0.09464050779190754
1788446988750751293,0,0.4390939025841739,0.7210267265095267,0.0,0.9955115138886591,0.0,0.0,0.09464050779190754
1788446988770824128,0,0.4392849017927679,0.7200312586674522,0.0,0.9955115138886591,0.0,0.0,0.09464050779190754
1788446988798046302,0,0.4394760045530293,0.719035251124948,0.0,0.9955115138886591,0.0,0.0,0.09464050779190754
1788446988810741286,0,0.43967160252882503,0.7180158146622144,0.0,0.9955115138886591,0.0,0.0,0.09464050779190754
1788446988830766340,0,0.43986411337772063,0.7170124679862702,0.0,0.9955115138886591,0.0,0.0,0.09464050779190754
1788446988850734958,0,0.4400541287840805,0.7160221272992748,0.0,0.9955115138886591,0.0,0.0,0.09464050779190754
1788446988870728360,0,0.4402433040097973,0.7150361655470785,0.0,0.9955115138886591,0.0,0.0,0.09464050779190754
1788446988898110298,0,0.4404321870930723,0.7140517264111376,0.0,0.9955115138886591,0.0,0.0,0.09464050779190754
1788446988910741671,0,0.44062234299598063,0.7130606542686669,0.0,0.9955115138886591,0.0,0.0,0.09464050779190754
1788446988930751710,0,0.44081158241378043,0.7120743587481476,0.0,0.9955115138886591,0.0,0.0,0.09464050779190754
1788446988950731482,0,0.44100218371954575,0.7110809654549229,0.0,0.9955115138886591,0.0,0.0,0.09464050779190754
1788446988970731217,0,0.44119345614029953,0.7100840746229918,0.0,0.9955115138886591,0.0,0.0,0.09464050779190754
1788446988998561938,0,0.4413849376782422,0.7090860938952586,0.0,0.9955115138886591,0.0,0.0,0.09464050779190754
1788446989010815986,0,0.4415766092294053,0.7080871218742336,0.0,0.9955115138886591,0.0,0.0,0.09464050779190754
1788446989031015676,0,0.4417698389951964,0.7070800286020016,0.0,0.9955115138886591,0.0,0.0,0.09464050779190754
1788446989050727100,0,0.44186755971810193,0.7065707184437406,0.0,0.9955115138886591,0.0,0.0,0.09464050779190754
1788446989070734680,0,0.4420582707635305,0.7055767529580791,0.0,0.9955115138886591,0.0,0.0,0.09464050779190754
1788446989098640009,0,0.4423442978862676,0.7040860103148044,0.0,0.9955115138886591,0.0,0.0,0.09464050779190754
1788446989110935647,0,0.4424394728250963,0.7035899685161351,0.0,0.9955115138886591,0.0,0.0,0.09464050779190754
1788446989130776230,0,0.442629860576166,0.7025976875265441,0.0,0.9955115138886591,0.0,0.0,0.09464050779190754
1788446989150722408,0,0.442819878724267,0.7016073331085889,0.0,0.9955115138886591,0.0,0.0,0.09464050779190754
1788446989170723295,0,0.4430092399923708,0.7006204025173722,0.0,0.9955115138886591,0.0,0.0,0.09464050779190754
1788446989198066748,0,0.44329463898749094,0.6991329336077742,0.0,0.9955115138886591,0.0,0.0,0.09464050779190754
1788446989210843419,0,0.4433894482913671,0.6986387973009713,0.0,0.9955115138886591,0.0,0.0,0.09464050779190754
1788446989230757377,0,0.4435790876541468,0.6976504165143056,0.0,0.9955115138886591,0.0,0.0,0.09464050779190754
1788446989250727313,0,0.443769465385568,0.6966581874264851,0.0,0.9955115138886591,0.0,0.0,0.09464050779190754
1788446989270769463,0,0.44396062919540014,0.6956618618604749,0.0,0.9955115138886591,0.0,0.0,0.09464050779190754
1788446989298029628,0,0.4442495566734434,0.6941560021456071,0.0,0.9955115138886591,0.0,0.0,0.09464050779190754
1788446989310730442,0,0.44434514875249276,0.6936577860953899,0.0,0.9955115138886591,0.0,0.0,0.09464050779190754
1788446989330782790,0,0.44453639686251867,0.692661020684111,0.0,0.9955115138886591,0.0,0.0,0.09464050779190754
1788446989350723457,0,0.44470819639987896,0.691765619226333,0.0,0.9955115138886591,0.0,0.0,0.09464050779190754
1788446989370754439,0,0.4448605834874328,0.6909713937092541,0.0,0.9955115138886591,0.0,0.0,0.09464050779190754
1788446989398111079,0,0.44506770188576844,0.6898919142490895,0.0,0.9955115138886591,0.0,0.0,0.09464050779190754
1788446989410726816,0,0.4451224229603106,0.6896067136561829,0.0,0.9955115138886591,0.0,0.0,0.09464050779190754
1788446989430765903,0,0.44523186892174954,0.6890362926007711,0.0,0.9955115138886591,0.0,0.0,0.09464050779190754
1788446989450725606,0,0.4453227192093751,0.6885627903387322,0.0,0.9955115138886591,0.0,0.0,0.09464050779190754
1788446989470758433,0,0.4453950120165435,0.6881860076889064,0.0,0.9955115138886591,0.0,0.0,0.09464050779190754
1788446989498004936,0,0.4454859227140576,0.6877121905942575,0.0,0.9955115138886591,0.0,0.0,0.09464050779190754
1788446989510719985,0,0.4455045511329839,0.6876151012755789,0.0,0.9955115138886591,0.0,0.0,0.09464050779190754
1788446989530734283,0,0.4455418065914291,0.6874209298275441,0.0,0.9955115138886591,0.0,0.0,0.09464050779190754
1788446989550748158,0,0.44556068245935204,0.6873225508302022,0.0,0.9955115138886591,0.0,0.0,0.09464050779190754
1788446989570726875,0,0.44556119231475466,0.6873198935164647,0.0,0.9955115138886591,0.0,0.0,0.09464050779190754
1788446989598459112,0,0.44556170271363577,0.6873172333701734,0.0,0.9955115138886591,0.0,0.0,0.09464050779190754
1788446989610748273,0,0.44556170271363577,0.6873172333701734,0.0,0.9955115138886591,0.0,0.0,0.09464050779190754
1788446989630771492,0,0.44556170271363577,0.6873172333701734,0.0,0.9955115138886591,0.0,0.0,0.09464050779190754
1788446989650795040,0,0.44556170271363577,0.6873172333701734,0.0,0.9955115138886591,0.0,0.0,0.09464050779190754
1788446989670726786,0,0.44556170271363577,0.6873172333701734,0.0,0.9955115138886591,0.0,0.0,0.09464050779190754
1788446989698703872,0,0.44556170271363577,0.6873172333701734,0.0,0.9955115138886591,0.0,0.0,0.09464050779190754
1788446989710739707,0,0.44556170271363577,0.6873172333701734,0.0,0.9955115138886591,0.0,0.0,0.09464050779190754
1788446989730744592,0,0.44556170271363577,0.6873172333701734,0.0,0.9955115138886591,0.0,0.0,0.09464050779190754
1788446989750731913,0,0.44556170271363577,0.6873172333701734,0.0,0.9955115138886591,0.0,0.0,0.09464050779190754
1788446989770735253,0,0.44556170271363577,0.6873172333701734,0.0,0.9955115138886591,0.0,0.0,0.09464050779190754
1788446989798448225,0,0.44556170271363577,0.6873172333701734,0.0,0.9955115138886591,0.0,0.0,0.09464050779190754
1788446989810771001,0,0.44556170271363577,0.6873172333701734,0.0,0.9955115138886591,0.0,0.0,0.09464050779190754
1788446989830725547,0,0.44556170271363577,0.6873172333701734,0.0,0.9955115138886591,0.0,0.0,0.09464050779190754
1788446989850720638,0,0.44556170271363577,0.6873172333701734,0.0,0.9955115138886591,0.0,0.0,0.09464050779190754
1788446989870768815,0,0.44556170271363577,0.6873172333701734,0.0,0.9955115138886591,0.0,0.0,0.09464050779190754
1788446989897949900,0,0.44556170271363577,0.6873172333701734,0.0,0.9955115138886591,0.0,0.0,0.09464050779190754
1788446989910770999,0,0.44556170271363577,0.6873172333701734,0.0,0.9955115138886591,0.0,0.0,0.09464050779190754
1788446989930759215,0,0.44556170271363577,0.6873172333701734,0.0,0.9955115138886591,0.0,0.0,0.09464050779190754
1788446989950719068,0,0.44556170271363577,0.6873172333701734,0.0,0.9955115138886591,0.0,0.0,0.09464050779190754
1788446989970720383,0,0.44556170271363577,0.6873172333701734,0.0,0.9955115138886591,0.0,0.0,0.09464050779190754
1788446989997992131,0,0.44556170271363577,0.6873172333701734,0.0,0.9955115138886591,0.0,0.0,0.09464050779190754
1788446990010784526,0,0.44556170271363577,0.6873172333701734,0.0,0.9955115138886591,0.0,0.0,0.09464050779190754
1788446990030730555,0,0.44556170271363577,0.6873172333701734,0.0,0.9955115138886591,0.0,0.0,0.09464050779190754
1788446990050722820,0,0.44556170271363577,0.6873172333701734,0.0,0.9955115138886591,0.0,0.0,0.09464050779190754
1788446990070724485,0,0.44556170271363577,0.6873172333701734,0.0,0.9955115138886591,0.0,0.0,0.09464050779190754
1788446990098476819,0,0.44556170271363577,0.6873172333701734,0.0,0.9955115138886591,0.0,0.0,0.09464050779190754
1788446990110724938,0,0.44556170271363577,0.6873172333701734,0.0,0.9955115138886591,0.0,0.0,0.09464050779190754
1788446990130731659,0,0.44556170271363577,0.6873172333701734,0.0,0.9955115138886591,0.0,0.0,0.09464050779190754
1788446990150724732,0,0.44556170271363577,0.6873172333701734,0.0,0.9955115138886591,0.0,0.0,0.09464050779190754
1788446990170721528,0,0.44556170271363577,0.6873172333701734,0.0,0.9955115138886591,0.0,0.0,0.09464050779190754
1788446990198119648,0,0.44556170271363577,0.6873172333701734,0.0,0.9955115138886591,0.0,0.0,0.09464050779190754
1788446990210745604,0,0.4455619787693082,0.6873142244482195,0.0,0.9955115138886591,0.0,0.0,0.09464050779190754
1788446990230711329,0,0.445562254883051,0.687311214893316,0.0,0.9955115138886591,0.0,0.0,0.09464050779190754
1788446990250722953,0,0.4455623929285265,0.6873097102400761,0.0,0.9955115138886591,0.0,0.0,0.09464050779190754
1788446990270764341,0,0.4455623929285265,0.6873097102400761,0.0,0.9955115138886591,0.0,0.0,0.09464050779190754
1788446990298646621,0,0.4455623929285265,0.6873097102400761,0.0,0.9955115138886591,0.0,0.0,0.09464050779190754
1788446990310761315,0,0.4455623929285265,0.6873097102400761,0.0,0.9955115138886591,0.0,0.0,0.09464050779190754
1788446990330720269,0,0.4455623929285265,0.6873097102400761,0.0,0.9955115138886591,0.0,0.0,0.09464050779190754
1788446990350721562,0,0.4455623929285265,0.6873097102400761,0.0,0.9955115138886591,0.0,0.0,0.09464050779190754
1788446990370754668,0,0.4455623929285265,0.6873097102400761,0.0,0.9955115138886591,0.0,0.0,0.09464050779190754
1788446990398559690,0,0.4455623929285265,0.6873097102400761,0.0,0.9955115138886591,0.0,0.0,0.09464050779190754
1788446990410817579,0,0.4455623929285265,0.6873097102400761,0.0,0.9955115138886591,0.0,0.0,0.09464050779190754
1788446990430773470,0,0.4455623929285265,0.6873097102400761,0.0,0.9955115138886591,0.0,0.0,0.09464050779190754
1788446990450704126,0,0.4455623929285265,0.6873097102400761,0.0,0.9955115138886591,0.0,0.0,0.09464050779190754
1788446990470731609,0,0.4455623929285265,0.6873097102400761,0.0,0.9955115138886591,0.0,0.0,0.09464050779190754
1788446990498698268,0,0.4455623929285265,0.6873097102400761,0.0,0.9955115138886591,0.0,0.0,0.09464050779190754
1788446990510780435,0,0.4455623929285265,0.6873097102400761,0.0,0.9955115138886591,0.0,0.0,0.09464050779190754
1788446990530753470,0,0.4455623929285265,0.6873097102400761,0.0,0.9955115138886591,0.0,0.0,0.09464050779190754
1788446990550727207,0,0.4455623929285265,0.6873097102400761,0.0,0.9955115138886591,0.0,0.0,0.09464050779190754
1788446990570730391,0,0.4455623929285265,0.6873097102400761,0.0,0.9955115138886591,0.0,0.0,0.09464050779190754
1788446990598530899,0,0.4455623929285265,0.6873097102400761,0.0,0.9955115138886591,0.0,0.0,0.09464050779190754
1788446990610746345,0,0.4455623929285265,0.6873097102400761,0.0,0.9955115138886591,0.0,0.0,0.09464050779190754
1788446990630749324,0,0.4455623929285265,0.6873097102400761,0.0,0.9955115138886591,0.0,0.0,0.09464050779190754
1788446990650720560,0,0.4455623929285265,0.6873097102400761,0.0,0.9955115138886591,0.0,0.0,0.09464050779190754
1788446990670756403,0,0.4455623929285265,0.6873097102400761,0.0,0.9955115138886591,0.0,0.0,0.09464050779190754
1788446990698712360,0,0.4455623929285265,0.6873097102400761,0.0,0.9955115138886591,0.0,0.0,0.09464050779190754
1788446990710743767,0,0.4455623929285265,0.6873097102400761,0.0,0.9955115138886591,0.0,0.0,0.09464050779190754
1788446990730724827,0,0.4455623929285265,0.6873097102400761,0.0,0.9955115138886591,0.0,0.0,0.09464050779190754
1788446990750722825,0,0.4455623929285265,0.6873097102400761,0.0,0.9955115138886591,0.0,0.0,0.09464050779190754
1788446990770761502,0,0.4455623929285265,0.6873097102400761,0.0,0.9955115138886591,0.0,0.0,0.09464050779190754
1788446990798070027,0,0.4455623929285265,0.6873097102400761,0.0,0.9955115138886591,0.0,0.0,0.09464050779190754
1788446990810763531,0,0.4455623929285265,0.6873097102400761,0.0,0.9955115138886591,0.0,0.0,0.09464050779190754
1788446990830764260,0,0.4455623929285265,0.6873097102400761,0.0,0.9955115138886591,0.0,0.0,0.09464050779190754
1788446990850770460,0,0.4455623929285265,0.6873097102400761,0.0,0.9955115138886591,0.0,0.0,0.09464050779190754
1788446990870737506,0,0.4455623929285265,0.6873097102400761,0.0,0.9955115138886591,0.0,0.0,0.09464050779190754
1788446990898554326,0,0.4455623929285265,0.6873097102400761,0.0,0.9955115138886591,0.0,0.0,0.09464050779190754
1788446990910725501,0,0.4455623929285265,0.6873097102400761,0.0,0.9955115138886591,0.0,0.0,0.09464050779190754
1788446990930742889,0,0.4455623929285265,0.6873097102400761,0.0,0.9955115138886591,0.0,0.0,0.09464050779190754
1788446990950732006,0,0.4455623929285265,0.6873097102400761,0.0,0.9955115138886591,0.0,0.0,0.09464050779190754
1788446990970739938,0,0.4455623929285265,0.6873097102400761,0.0,0.9955115138886591,0.0,0.0,0.09464050779190754
1788446990997952777,0,0.4455623929285265,0.6873097102400761,0.0,0.9955115138886591,0.0,0.0,0.09464050779190754
1788446991010730656,0,0.4455623929285265,0.6873097102400761,0.0,0.9955115138886591,0.0,0.0,0.09464050779190754
1788446991030761014,0,0.4455623929285265,0.6873097102400761,0.0,0.9955115138886591,0.0,0.0,0.09464050779190754
1788446991050734981,0,0.4455623929285265,0.6873097102400761,0.0,0.9955115138886591,0.0,0.0,0.09464050779190754
1788446991070736385,0,0.4455623929285265,0.6873097102400761,0.0,0.9955115138886591,0.0,0.0,0.09464050779190754
1788446991098168384,0,0.4455623929285265,0.6873097102400761,0.0,0.9955115138886591,0.0,0.0,0.09464050779190754
1788446991110762116,0,0.4455623929285265,0.6873097102400761,0.0,0.9955115138886591,0.0,0.0,0.09464050779190754
1788446991130763392,0,0.4455623929285265,0.6873097102400761,0.0,0.9955115138886591,0.0,0.0,0.09464050779190754
1788446991150728683,0,0.4455623929285265,0.6873097102400761,0.0,0.9955115138886591,0.0,0.0,0.09464050779190754
1788446991170830685,0,0.4455623929285265,0.6873097102400761,0.0,0.9955115138886591,0.0,0.0,0.09464050779190754
1788446991198165483,0,0.4455623929285265,0.6873097102400761,0.0,0.9955115138886591,0.0,0.0,0.09464050779190754
1788446991210737280,0,0.4455623929285265,0.6873097102400761,0.0,0.9955115138886591,0.0,0.0,0.09464050779190754
1788446991230736048,0,0.4455623929285265,0.6873097102400761,0.0,0.9955115138886591,0.0,0.0,0.09464050779190754
1788446991250732069,0,0.4455623929285265,0.6873097102400761,0.0,0.9955115138886591,0.0,0.0,0.09464050779190754
1788446991270767896,0,0.4455623929285265,0.6873097102400761,0.0,0.9955115138886591,0.0,0.0,0.09464050779190754
1788446991297950055,0,0.4455623929285265,0.6873097102400761,0.0,0.9955115138886591,0.0,0.0,0.09464050779190754
1788446991310731056,0,0.4455623929285265,0.6873097102400761,0.0,0.9955115138886591,0.0,0.0,0.09464050779190754
1788446991330757509,0,0.4455623929285265,0.6873097102400761,0.0,0.9955115138886591,0.0,0.0,0.09464050779190754
1788446991350724811,0,0.4455623929285265,0.6873097102400761,0.0,0.9955115138886591,0.0,0.0,0.09464050779190754
1788446991370732393,0,0.4455623929285265,0.6873097102400761,0.0,0.9955115138886591,0.0,0.0,0.09464050779190754
1788446991398529386,0,0.4455623929285265,0.6873097102400761,0.0,0.9955115138886591,0.0,0.0,0.09464050779190754
1788446991410721341,0,0.4455623929285265,0.6873097102400761,0.0,0.9955115138886591,0.0,0.0,0.09464050779190754
1788446991430735120,0,0.4455623929285265,0.6873097102400761,0.0,0.9955115138886591,0.0,0.0,0.09464050779190754
1788446991450722587,0,0.4455623929285265,0.6873097102400761,0.0,0.9955115138886591,0.0,0.0,0.09464050779190754
1788446991470772793,0,0.4455623929285265,0.6873097102400761,0.0,0.9955115138886591,0.0,0.0,0.09464050779190754
1788446991498627185,0,0.4455623929285265,0.6873097102400761,0.0,0.9955115138886591,0.0,0.0,0.09464050779190754
1788446991510767867,0,0.4455623929285265,0.6873097102400761,0.0,0.9955115138886591,0.0,0.0,0.09464050779190754
1788446991530724251,0,0.4455623929285265,0.6873097102400761,0.0,0.9955115138886591,0.0,0.0,0.09464050779190754
1788446991550719634,0,0.4455623929285265,0.6873097102400761,0.0,0.9955115138886591,0.0,0.0,0.09464050779190754
1788446991570723971,0,0.4455623929285265,0.6873097102400761,0.0,0.9955115138886591,0.0,0.0,0.09464050779190754
1788446991598663595,0,0.4455623929285265,0.6873097102400761,0.0,0.9955115138886591,0.0,0.0,0.09464050779190754
1788446991610738623,0,0.4455623929285265,0.6873097102400761,0.0,0.9955115138886591,0.0,0.0,0.09464050779190754
1788446991630724318,0,0.4455623929285265,0.6873097102400761,0.0,0.9955115138886591,0.0,0.0,0.09464050779190754
1788446991650721125,0,0.4455623929285265,0.6873097102400761,0.0,0.9955115138886591,0.0,0.0,0.09464050779190754
1788446991670725885,0,0.4455623929285265,0.6873097102400761,0.0,0.9955115138886591,0.0,0.0,0.09464050779190754
1788446991697929324,0,0.4455623929285265,0.6873097102400761,0.0,0.9955115138886591,0.0,0.0,0.09464050779190754
1788446991710727782,0,0.4455623929285265,0.6873097102400761,0.0,0.9955115138886591,0.0,0.0,0.09464050779190754
1788446991730751199,0,0.4455623929285265,0.6873097102400761,0.0,0.9955115138886591,0.0,0.0,0.09464050779190754
1788446991750719678,0,0.4455623929285265,0.6873097102400761,0.0,0.9955115138886591,0.0,0.0,0.09464050779190754
1788446991770732012,0,0.4455623929285265,0.6873097102400761,0.0,0.9955115138886591,0.0,0.0,0.09464050779190754
1788446991798483744,0,0.4455623929285265,0.6873097102400761,0.0,0.9955115138886591,0.0,0.0,0.09464050779190754
1788446991810725454,0,0.4455623929285265,0.6873097102400761,0.0,0.9955115138886591,0.0,0.0,0.09464050779190754
1788446991830755900,0,0.4455623929285265,0.6873097102400761,0.0,0.9955115138886591,0.0,0.0,0.09464050779190754
1788446991850737202,0,0.4455623929285265,0.6873097102400761,0.0,0.9955115138886591,0.0,0.0,0.09464050779190754
1788446991870730755,0,0.4455623929285265,0.6873097102400761,0.0,0.9955115138886591,0.0,0.0,0.09464050779190754
1788446991898734729,0,0.4455623929285265,0.6873097102400761,0.0,0.9955115138886591,0.0,0.0,0.09464050779190754
1788446991910738579,0,0.4455623929285265,0.6873097102400761,0.0,0.9955115138886591,0.0,0.0,0.09464050779190754
1788446991930728143,0,0.4455623929285265,0.6873097102400761,0.0,0.9955115138886591,0.0,0.0,0.09464050779190754
1788446991950722993,0,0.4455623929285265,0.6873097102400761,0.0,0.9955115138886591,0.0,0.0,0.09464050779190754
1788446991970771162,0,0.4455623929285265,0.6873097102400761,0.0,0.9955115138886591,0.0,0.0,0.09464050779190754
1788446991998006778,0,0.4455623929285265,0.6873097102400761,0.0,0.9955115138886591,0.0,0.0,0.09464050779190754
1788446992010750676,0,0.4455623929285265,0.6873097102400761,0.0,0.9955115138886591,0.0,0.0,0.09464050779190754
1788446992030739298,0,0.4455623929285265,0.6873097102400761,0.0,0.9955115138886591,0.0,0.0,0.09464050779190754
1788446992050714029,0,0.4455623929285265,0.6873097102400761,0.0,0.9955115138886591,0.0,0.0,0.09464050779190754
1788446992070772409,0,0.4455623929285265,0.6873097102400761,0.0,0.9955115138886591,0.0,0.0,0.09464050779190754
1788446992098098822,0,0.4455623929285265,0.6873097102400761,0.0,0.9955115138886591,0.0,0.0,0.09464050779190754
1788446992110750594,0,0.4455623929285265,0.6873097102400761,0.0,0.9955115138886591,0.0,0.0,0.09464050779190754
1788446992130743052,0,0.4455623929285265,0.6873097102400761,0.0,0.9955115138886591,0.0,0.0,0.09464050779190754
1788446992150895061,0,0.4455623929285265,0.6873097102400761,0.0,0.9955114611242515,0.0,0.0,0.09464106281238528
1788446992170763442,0,0.4455623929285265,0.6873097102400761,0.0,0.995511354637715,0.0,0.0,0.09464218291745806
1788446992198083106,0,0.4455623929285265,0.6873097102400761,0.0,0.9955112490241749,0.0,0.0,0.0946432938264898
1788446992210740433,0,0.4455623929285265,0.6873097102400761,0.0,0.9955112490241749,0.0,0.0,0.0946432938264898
1788446992230746527,0,0.4455623929285265,0.6873097102400761,0.0,0.9955112490241749,0.0,0.0,0.0946432938264898
1788446992250729243,0,0.4455623929285265,0.6873097102400761,0.0,0.9955111264268297,0.0,0.0,0.09464458336526499
1788446992270734554,0,0.4455623929285265,0.6873097102400761,0.0,0.9955108810213565,0.0,0.0,0.09464716460667195
1788446992298475589,0,0.4455623929285265,0.6873097102400761,0.0,0.9955105299449406,0.0,0.0,0.09465085720025752
1788446992310761322,0,0.4455623929285265,0.6873097102400761,0.0,0.9955104249873663,0.0,0.0,0.09465196110738162
1788446992330728542,0,0.4455623929285265,0.6873097102400761,0.0,0.9955102110664539,0.0,0.0,0.09465421101263567
1788446992350725212,0,0.4455623929285265,0.6873097102400761,0.0,0.9955100369521528,0.0,0.0,0.09465604221349691
1788446992370754434,0,0.4455623929285265,0.6873097102400761,0.0,0.9955099017505697,0.0,0.0,0.09465746413553967
1788446992398669726,0,0.4455623929285265,0.6873097102400761,0.0,0.995509765233371,0.0,0.0,0.09465889987211241
1788446992410884694,0,0.4455623929285265,0.6873097102400761,0.0,0.9955096192566768,0.0,0.0,0.09466043506886226
1788446992430724001,0,0.4455623929285265,0.6873097102400761,0.0,0.995509474138534,0.0,0.0,0.09466196121156353
1788446992450724897,0,0.4455623929285265,0.6873097102400761,0.0,0.9955092748487094,0.0,0.0,0.09466405701319161
1788446992470755620,0,0.4455623929285265,0.6873097102400761,0.0,0.995509021431721,0.0,0.0,0.09466672196742248
1788446992498048718,0,0.4455623929285265,0.6873097102400761,0.0,0.9955087669428638,0.0,0.0,0.09466939811733742
1788446992510744875,0,0.4455623929285265,0.6873097102400761,0.0,0.9955086166027407,0.0,0.0,0.09467097902576761
1788446992530725158,0,0.4455623929285265,0.6873097102400761,0.0,0.9955084660200842,0.0,0.0,0.09467256245786755
1788446992550726616,0,0.4455623929285265,0.6873097102400761,0.0,0.9955083048231372,0.0,0.0,0.09467425747352747
1788446992570753691,0,0.4455623929285265,0.6873097102400761,0.0,0.9955081325207686,0.0,0.0,0.09467606923088744
1788446992598512733,0,0.4455623929285265,0.6873097102400761,0.0,0.9955079600186336,0.0,0.0,0.09467788305374529
1788446992610737552,0,0.4455623929285265,0.6873097102400761,0.0,0.9955078437666173,0.0,0.0,0.09467910539892242
1788446992630741901,0,0.4455623929285265,0.6873097102400761,0.0,0.995507785492372,0.0,0.0,0.09467971812417712
1788446992650729403,0,0.4455623929285265,0.6873097102400761,0.0,0.9955076692441933,0.0,0.0,0.094680940405099
1788446992670771471,0,0.4455623929285265,0.6873097102400761,0.0,0.9955076692441933,0.0,0.0,0.094680940405099
1788446992698006646,0,0.4455623929285265,0.6873097102400761,0.0,0.9955076692441933,0.0,0.0,0.094680940405099
1788446992710750558,0,0.4455623929285265,0.6873097102400761,0.0,0.9955076692441933,0.0,0.0,0.094680940405099
1788446992730750620,0,0.4455623929285265,0.6873097102400761,0.0,0.9955076692441933,0.0,0.0,0.094680940405099
1788446992750730936,0,0.4455623929285265,0.6873097102400761,0.0,0.9955076692441933,0.0,0.0,0.094680940405099
1788446992770737245,0,0.4455623929285265,0.6873097102400761,0.0,0.9955076692441933,0.0,0.0,0.094680940405099
1788446992798726730,0,0.4455623929285265,0.6873097102400761,0.0,0.9955076692441933,0.0,0.0,0.094680940405099
1788446992810726276,0,0.4455623929285265,0.6873097102400761,0.0,0.9955076692441933,0.0,0.0,0.094680940405099
1788446992830725327,0,0.4455623929285265,0.6873097102400761,0.0,0.9955076692441933,0.0,0.0,0.094680940405099
1788446992850721812,0,0.4455623929285265,0.6873097102400761,0.0,0.9955076692441933,0.0,0.0,0.094680940405099
1788446992870755048,0,0.4455623929285265,0.6873097102400761,0.0,0.9955076692441933,0.0,0.0,0.094680940405099
1788446992898559969,0,0.4455623929285265,0.6873097102400761,0.0,0.9955076692441933,0.0,0.0,0.094680940405099
1788446992910728890,0,0.4455623929285265,0.6873097102400761,0.0,0.9955076692441933,0.0,0.0,0.094680940405099
1788446992930727736,0,0.4455623929285265,0.6873097102400761,0.0,0.9955076692441933,0.0,0.0,0.094680940405099
1788446992950736081,0,0.4455623929285265,0.6873097102400761,0.0,0.9955076692441933,0.0,0.0,0.094680940405099
1788446992970761424,0,0.4455623929285265,0.6873097102400761,0.0,0.9955076692441933,0.0,0.0,0.094680940405099
1788446992997973378,0,0.4455623929285265,0.6873097102400761,0.0,0.9955076692441933,0.0,0.0,0.094680940405099
1788446993010726907,0,0.4455623929285265,0.6873097102400761,0.0,0.9955076692441933,0.0,0.0,0.094680940405099
1788446993030750098,0,0.4455623929285265,0.6873097102400761,0.0,0.9955076692441933,0.0,0.0,0.094680940405099
1788446993050719431,0,0.4455623929285265,0.6873097102400761,0.0,0.9955076692441933,0.0,0.0,0.094680940405099
1788446993070724350,0,0.4455623929285265,0.6873097102400761,0.0,0.9955076692441933,0.0,0.0,0.094680940405099
1788446993098488921,0,0.4455623929285265,0.6873097102400761,0.0,0.9955076692441933,0.0,0.0,0.094680940405099
1788446993110729189,0,0.4455623929285265,0.6873097102400761,0.0,0.9955076692441933,0.0,0.0,0.094680940405099
1788446993130742823,0,0.4455623929285265,0.6873097102400761,0.0,0.9955076692441933,0.0,0.0,0.094680940405099
1788446993150725826,0,0.4455623929285265,0.6873097102400761,0.0,0.9955076692441933,0.0,0.0,0.094680940405099
1788446993170721255,0,0.4455623929285265,0.6873097102400761,0.0,0.9955076692441933,0.0,0.0,0.094680940405099
1788446993197907493,0,0.4455623929285265,0.6873097102400761,0.0,0.9955076692441933,0.0,0.0,0.094680940405099
1788446993210731593,0,0.4455623929285265,0.6873097102400761,0.0,0.9955076692441933,0.0,0.0,0.094680940405099
1788446993230723714,0,0.4455623929285265,0.6873097102400761,0.0,0.9955076692441933,0.0,0.0,0.094680940405099
1788446993250723150,0,0.4455623929285265,0.6873097102400761,0.0,0.9955076692441933,0.0,0.0,0.094680940405099
1788446993270764523,0,0.4455623929285265,0.6873097102400761,0.0,0.9955076692441933,0.0,0.0,0.094680940405099
1788446993298652911,0,0.4455623929285265,0.6873097102400761,0.0,0.9955076692441933,0.0,0.0,0.094680940405099
1788446993310795822,0,0.4455623929285265,0.6873097102400761,0.0,0.9955076692441933,0.0,0.0,0.094680940405099
1788446993330723050,0,0.4455623929285265,0.6873097102400761,0.0,0.9955076692441933,0.0,0.0,0.094680940405099
1788446993350723521,0,0.4455623929285265,0.6873097102400761,0.0,0.9955076692441933,0.0,0.0,0.094680940405099
1788446993370745801,0,0.4455623929285265,0.6873097102400761,0.0,0.9955076692441933,0.0,0.0,0.094680940405099
1788446993397716699,0,0.4455623929285265,0.6873097102400761,0.0,0.9955076692441933,0.0,0.0,0.094680940405099
1788446993410769560,0,0.4455623929285265,0.6873097102400761,0.0,0.9955076692441933,0.0,0.0,0.094680940405099
1788446993430804186,0,0.4455623929285265,0.6873097102400761,0.0,0.9955076692441933,0.0,0.0,0.094680940405099
1788446993450759422,0,0.4455623929285265,0.6873097102400761,0.0,0.9955000123039371,0.0,0.0,0.09476141357567991
1788446993470792979,0,0.4455623929285265,0.6873097102400761,0.0,0.9954846317227647,0.0,0.0,0.09492285290588111
1788446993498290642,0,0.4455623929285265,0.6873097102400761,0.0,0.9954597932189105,0.0,0.0,0.09518298211636317
1788446993510762800,0,0.4455623929285265,0.6873097102400761,0.0,0.9954503051591246,0.0,0.0,0.09528215970792138
1788446993530739630,0,0.4455623929285265,0.6873097102400761,0.0,0.9954313689414014,0.0,0.0,0.0954797870098569
1788446993550728767,0,0.4455623929285265,0.6873097102400761,0.0,0.9954050561672257,0.0,0.0,0.0957537161509781
1788446993570772976,0,0.4455623929285265,0.6873097102400761,0.0,0.995371196846139,0.0,0.0,0.09610504923824187
1788446993598542267,0,0.4455623929285265,0.6873097102400761,0.0,0.9953372190075436,0.0,0.0,0.09645631372973602
1788446993610968340,0,0.4455623929285265,0.6873097102400761,0.0,0.995302522407552,0.0,0.0,0.09681368131191166
1788446993630726878,0,0.4455623929285265,0.6873097102400761,0.0,0.9952675406756715,0.0,0.0,0.09717264263876287
1788446993650730224,0,0.4455623929285265,0.6873097102400761,0.0,0.995232709091607,0.0,0.0,0.09752873809386042
1788446993670729603,0,0.4455623929285265,0.6873097102400761,0.0,0.9951978582307938,0.0,0.0,0.09788372169488148
1788446993698108738,0,0.4455623929285265,0.6873097102400761,0.0,0.9951628139503982,0.0,0.0,0.09823936955378469
1788446993710778822,0,0.4455623929285265,0.6873097102400761,0.0,0.9951278592745886,0.0,0.0,0.0985928176672856
1788446993730722645,0,0.4455623929285265,0.6873097102400761,0.0,0.9950927688846395,0.0,0.0,0.09894635573633585
1788446993750724438,0,0.4455623929285265,0.6873097102400761,0.0,0.9950491406221187,0.0,0.0,0.0993841423325833
1788446993770721927,0,0.4455623929285265,0.6873097102400761,0.0,0.9949968476134203,0.0,0.0,0.09990632231924043
1788446993797871583,0,0.4455623929285265,0.6873097102400761,0.0,0.9949442732739393,0.0,0.0,0.10042854713373453
1788446993810755194,0,0.4455623929285265,0.6873097102400761,0.0,0.9948896185561001,0.0,0.0,0.10096854405852092
1788446993830833275,0,0.4455623929285265,0.6873097102400761,0.0,0.9948345750397861,0.0,0.0,0.10150944934048378
1788446993850723111,0,0.4455623929285265,0.6873097102400761,0.0,0.994779384862282,0.0,0.0,0.10204888756385212
1788446993870718695,0,0.4455623929285265,0.6873097102400761,0.0,0.9947520582559712,0.0,0.0,0.10231491873382295
1788446993898013586,0,0.4455623929285265,0.6873097102400761,0.0,0.9946696955364435,0.0,0.0,0.10311254424869426
1788446993910722978,0,0.4455623929285265,0.6873097102400761,0.0,0.9946427620667974,0.0,0.0,0.10337202652619527
1788446993930730405,0,0.4455623929285265,0.6873097102400761,0.0,0.9945875817544834,0.0,0.0,0.10390159873538447
1788446993950720014,0,0.4455623929285265,0.6873097102400761,0.0,0.9945331964432652,0.0,0.0,0.10442088475176614
1788446993970715487,0,0.4455623929285265,0.6873097102400761,0.0,0.9944772703795217,0.0,0.0,0.10495217338624162
1788446993998177690,0,0.4455623929285265,0.6873097102400761,0.0,0.9943926121338632,0.0,0.0,0.10575127863809602
1788446994010788285,0,0.4455623929285265,0.6873097102400761,0.0,0.9943643966397037,0.0,0.0,0.10601625675035915
1788446994030741675,0,0.4455623929285265,0.6873097102400761,0.0,0.9943068814024583,0.0,0.0,0.10655433166097844
1788446994050716126,0,0.4455623929285265,0.6873097102400761,0.0,0.9942387982141587,0.0,0.0,0.10718774242265426
1788446994070722303,0,0.4455623929285265,0.6873097102400761,0.0,0.9941616626097096,0.0,0.0,0.1079008276015426
1788446994097838909,0,0.4455623929285265,0.6873097102400761,0.0,0.9940445086697759,0.0,0.0,0.10897483555144175
1788446994110737435,0,0.4455623929285265,0.6873097102400761,0.0,0.9940052141015345,0.0,0.0,0.10933267736117404
1788446994130717649,0,0.4455623929285265,0.6873097102400761,0.0,0.9939262267872911,0.0,0.0,0.11004842436117931
1788446994150721521,0,0.4455623929285265,0.6873097102400761,0.0,0.9938477058403591,0.0,0.0,0.11075530504610169
1788446994170719855,0,0.4455623929285265,0.6873097102400761,0.0,0.9937696838445407,0.0,0.0,0.11145319857017005
1788446994197943048,0,0.4455623929285265,0.6873097102400761,0.0,0.9936505083991751,0.0,0.0,0.11251074241182847
1788446994210732931,0,0.4455623929285265,0.6873097102400761,0.0,0.9936106361922724,0.0,0.0,0.11286232163830237
1788446994230720753,0,0.4455623929285265,0.6873097102400761,0.0,0.9935305607522071,0.0,0.0,0.11356506879936668
1788446994250719161,0,0.4455623929285265,0.6873097102400761,0.0,0.9934381609854256,0.0,0.0,0.11437053946666337
1788446994270731081,0,0.4455623929285265,0.6873097102400761,0.0,0.993332945494233,0.0,0.0,0.11528078502400589
1788446994298052270,0,0.4455623929285265,0.6873097102400761,0.0,0.9931760430038242,0.0,0.0,0.11662481555512089
1788446994310731112,0,0.4455623929285265,0.6873097102400761,0.0,0.9931247688147444,0.0,0.0,0.11706064055292247
1788446994330723971,0,0.4455623929285265,0.6873097102400761,0.0,0.9930216635406794,0.0,0.0,0.11793208104202056
1788446994350714954,0,0.4455623929285265,0.6873097102400761,0.0,0.9929181308408048,0.0,0.0,0.11880061215163185
1788446994370721376,0,0.4455623929285265,0.6873097102400761,0.0,0.9928144372011417,0.0,0.0,0.11966408519259338
1788446994397996581,0,0.4455623929285265,0.6873097102400761,0.0,0.992657152745755,0.0,0.0,0.12096188285030507
1788446994410718560,0,0.4455623929285265,0.6873097102400761,0.0,0.9926041406618833,0.0,0.0,0.12139612819560658
1788446994430727020,0,0.4455623929285265,0.6873097102400761,0.0,0.9924974931998747,0.0,0.0,0.12226498268909548
1788446994450722981,0,0.4455623929285265,0.6873097102400761,0.0,0.9923887667673433,0.0,0.0,0.12314436890898223
1788446994470720622,0,0.4455623929285265,0.6873097102400761,0.0,0.9922776489103019,0.0,0.0,0.12403655700253693
1788446994497951694,0,0.4455623929285265,0.6873097102400761,0.0,0.9921107385561715,0.0,0.0,0.12536459803919117
1788446994510744995,0,0.4455623929285265,0.6873097102400761,0.0,0.9920552866843505,0.0,0.0,0.12580265562233228
1788446994530725359,0,0.4455623929285265,0.6873097102400761,0.0,0.9919443930302023,0.0,0.0,0.1266740744428141
1788446994550725837,0,0.4455623929285265,0.6873097102400761,0.0,0.9918329242715797,0.0,0.0,0.12754391530326703
1788446994570757903,0,0.4455623929285265,0.6873097102400761,0.0,0.9917208060475126,0.0,0.0,0.12841278305710854
1788446994598128841,0,0.4455623929285265,0.6873097102400761,0.0,0.9915507168506068,0.0,0.0,0.1297196049679762
1788446994610722910,0,0.4455623929285265,0.6873097102400761,0.0,0.9914930808098521,0.0,0.0,0.13015940498553355
1788446994630712050,0,0.4455623929285265,0.6873097102400761,0.0,0.9913777349669719,0.0,0.0,0.1310350587123781
1788446994650726464,0,0.4455623929285265,0.6873097102400761,0.0,0.9912617975043939,0.0,0.0,0.13190924459020248
1788446994670721832,0,0.4455623929285265,0.6873097102400761,0.0,0.9911451908987207,0.0,0.0,0.132782568729252
1788446994697894801,0,0.4455623929285265,0.6873097102400761,0.0,0.9909686031649168,0.0,0.0,0.13409409957702748
1788446994710972158,0,0.4455623929285265,0.6873097102400761,0.0,0.9909091273575248,0.0,0.0,0.13453290050968497
1788446994730774014,0,0.4455623929285265,0.6873097102400761,0.0,0.9907889146140554,0.0,0.0,0.1354153856764514
1788446994750735048,0,0.4455623929285265,0.6873097102400761,0.0,0.9906684397192638,0.0,0.0,0.13629395637444616
1788446994770750653,0,0.4455623929285265,0.6873097102400761,0.0,0.9905474819507488,0.0,0.0,0.13717028104159765
1788446994799435806,0,0.4455623929285265,0.6873097102400761,0.0,0.9903642115706603,0.0,0.0,0.13848728620355155
1788446994810759810,0,0.4455623929285265,0.6873097102400761,0.0,0.9903035561167494,0.0,0.0,0.13892036115170545
1788446994830771665,0,0.4455623929285265,0.6873097102400761,0.0,0.9901817125135817,0.0,0.0,0.13978618030288545
1788446994850723572,0,0.4455623929285265,0.6873097102400761,0.0,0.9900588544057269,0.0,0.0,0.14065370529360277
1788446994870761219,0,0.4455623929285265,0.6873097102400761,0.0,0.9899342522291638,0.0,0.0,0.14152800522683237
1788446994898337674,0,0.4455623929285265,0.6873097102400761,0.0,0.989809606524977,0.0,0.0,0.14239713069746301
1788446994910809869,0,0.4455623929285265,0.6873097102400761,0.0,0.9896836415102026,0.0,0.0,0.14326998892686799
1788446994930727741,0,0.4455623929285265,0.6873097102400761,0.0,0.9895568467497212,0.0,0.0,0.14414314777591294
1788446994950734358,0,0.4455623929285265,0.6873097102400761,0.0,0.9894288617863627,0.0,0.0,0.14501905896861553
1788446994970723842,0,0.4455623929285265,0.6873097102400761,0.0,0.9893001550693645,0.0,0.0,0.14589449331531085
1788446994998099809,0,0.4455623929285265,0.6873097102400761,0.0,0.9891700810947711,0.0,0.0,0.14677380783697053
1788446995010745933,0,0.4455623929285265,0.6873097102400761,0.0,0.9890400453690233,0.0,0.0,0.14764751490099703
1788446995030726748,0,0.4455623929285265,0.6873097102400761,0.0,0.9889092749302393,0.0,0.0,0.1485208603427423
1788446995050722983,0,0.4455623929285265,0.6873097102400761,0.0,0.9888436882019169,0.0,0.0,0.14895690753781807
1788446995070721014,0,0.4455623929285265,0.6873097102400761,0.0,0.9887110572280237,0.0,0.0,0.14983472666589584
1788446995098098989,0,0.4455623929285265,0.6873097102400761,0.0,0.9885114067003135,0.0,0.0,0.15114628286321632
1788446995110726887,0,0.4455623929285265,0.6873097102400761,0.0,0.9884444060595781,0.0,0.0,0.1515838254218702
1788446995130764973,0,0.4455623929285265,0.6873097102400761,0.0,0.9883097687956484,0.0,0.0,0.1524591778250561
1788446995150721651,0,0.4455623929285265,0.6873097102400761,0.0,0.9881747651576637,0.0,0.0,0.15333177591613648
1788446995170747344,0,0.4455623929285265,0.6873097102400761,0.0,0.9880372202063984,0.0,0.0,0.15421560065963802
1788446995197970257,0,0.4455623929285265,0.6873097102400761,0.0,0.9878312779142567,0.0,0.0,0.15552931033823358
1788446995210725589,0,0.4455623929285265,0.6873097102400761,0.0,0.9877623668619605,0.0,0.0,0.1559663637174943
1788446995230756030,0,0.4455623929285265,0.6873097102400761,0.0,0.9876240197986824,0.0,0.0,0.15684003161403554
1788446995250724465,0,0.4455623929285265,0.6873097102400761,0.0,0.9874851171855794,0.0,0.0,0.15771221682857184
1788446995270729697,0,0.4455623929285265,0.6873097102400761,0.0,0.9873456969770433,0.0,0.0,0.15858270605875224
1788446995298057609,0,0.4455623929285265,0.6873097102400761,0.0,0.9871359141606967,0.0,0.0,0.15988335427468855
1788446995310784341,0,0.4455623929285265,0.6873097102400761,0.0,0.9870660930749307,0.0,0.0,0.16031384189081213
1788446995330764562,0,0.4455623929285265,0.6873097102400761,0.0,0.9869258546869757,0.0,0.0,0.1611749277970445
1788446995350740196,0,0.4455623929285265,0.6873097102400761,0.0,0.986783391530657,0.0,0.0,0.16204486477285865
1788446995370779875,0,0.4455623929285265,0.6873097102400761,0.0,0.9866387425768328,0.0,0.0,0.16292326919874373
1788446995398240451,0,0.4455623929285265,0.6873097102400761,0.0,0.9864188796134169,0.0,0.0,0.1642491824704506
1788446995410848841,0,0.4455623929285265,0.6873097102400761,0.0,0.9863453364275261,0.0,0.0,0.16469024654687503
1788446995430724217,0,0.4455623929285265,0.6873097102400761,0.0,0.9861992163739455,0.0,0.0,0.16556299593633822
1788446995450733578,0,0.4455623929285265,0.6873097102400761,0.0,0.986052782341,0.0,0.0,0.16643290070647837
1788446995470728251,0,0.4455623929285265,0.6873097102400761,0.0,0.9859059712620888,0.0,0.0,0.16730037605982048
1788446995498062346,0,0.4455623929285265,0.6873097102400761,0.0,0.985683715173576,0.0,0.0,0.1686049039666897
1788446995510742850,0,0.4455623929285265,0.6873097102400761,0.0,0.9856093444912906,0.0,0.0,0.1690391080532801
1788446995530901081,0,0.4455623929285265,0.6873097102400761,0.0,0.9854594139613598,0.0,0.0,0.16991098679877428
1788446995550724710,0,0.4455623929285265,0.6873097102400761,0.0,0.9853089250907636,0.0,0.0,0.17078150408192339
1788446995570745650,0,0.4455623929285265,0.6873097102400761,0.0,0.9851584195040223,0.0,0.0,0.17164757056345692
1788446995598021257,0,0.4455623929285265,0.6873097102400761,0.0,0.9849302334024912,0.0,0.0,0.1729521186042955
1788446995610727861,0,0.4455623929285265,0.6873097102400761,0.0,0.9848530951880057,0.0,0.0,0.17339083279863748
1788446995630764769,0,0.4455623929285265,0.6873097102400761,0.0,0.984698998272234,0.0,0.0,0.17426383101968976
1788446995650731282,0,0.4455623929285265,0.6873097102400761,0.0,0.9845429738822901,0.0,0.0,0.17514317736930607
1788446995670738406,0,0.4455623929285265,0.6873097102400761,0.0,0.9843880480269461,0.0,0.0,0.1760118487537097
1788446995698060156,0,0.4455623929285265,0.6873097102400761,0.0,0.9841544584538942,0.0,0.0,0.17731328744716876
1788446995710810211,0,0.4455623929285265,0.6873097102400761,0.0,0.9840764046720597,0.0,0.0,0.17774596976503487
1788446995730725759,0,0.4455623929285265,0.6873097102400761,0.0,0.9839197278753794,0.0,0.0,0.17861122332496188
1788446995750833947,0,0.4455623929285265,0.6873097102400761,0.0,0.9837620877350731,0.0,0.0,0.1794774490991284
1788446995770730931,0,0.4455623929285265,0.6873097102400761,0.0,0.9836030893974336,0.0,0.0,0.1803467840795181
1788446995798051026,0,0.4455623929285265,0.6873097102400761,0.0,0.9833634985883288,0.0,0.0,0.18164864338640616
1788446995810797092,0,0.4455623929285265,0.6873097102400761,0.0,0.9832834657424577,0.0,0.0,0.18208137191239773
1788446995830720873,0,0.4455623929285265,0.6873097102400761,0.0,0.9831225271092929,0.0,0.0,0.182948344322209
1788446995850719650,0,0.4455623929285265,0.6873097102400761,0.0,0.9829603339742133,0.0,0.0,0.18381779520302977
1788446995870723140,0,0.4455623929285265,0.6873097102400761,0.0,0.9827965034978304,0.0,0.0,0.18469172345408177
1788446995898030429,0,0.4455623929285265,0.6873097102400761,0.0,0.982549765228556,0.0,0.0,0.1859998893798312
1788446995910856595,0,0.4455623929285265,0.6873097102400761,0.0,0.9824674269589991,0.0,0.0,0.1864343180977249
1788446995930761962,0,0.4455623929285265,0.6873097102400761,0.0,0.9823019543775963,0.0,0.0,0.1873042189219315
1788446995950719577,0,0.4455623929285265,0.6873097102400761,0.0,0.9821360255722945,0.0,0.0,0.18817233397356045
1788446995970738513,0,0.4455623929285265,0.6873097102400761,0.0,0.9819675346767585,0.0,0.0,0.18904962533908706
1788446995998128091,0,0.4455623929285265,0.6873097102400761,0.0,0.9817985982553642,0.0,0.0,0.18992501800395345
1788446996010725246,0,0.4455623929285265,0.6873097102400761,0.0,0.9816306518271704,0.0,0.0,0.1907911512449274
1788446996030727500,0,0.4455623929285265,0.6873097102400761,0.0,0.9814610730070434,0.0,0.0,0.19166158240988979
1788446996050725932,0,0.4455623929285265,0.6873097102400761,0.0,0.9812914262793097,0.0,0.0,0.19252827509412254
1788446996070737204,0,0.4455623929285265,0.6873097102400761,0.0,0.9811206262393591,0.0,0.0,0.1933967858256384
1788446996098040170,0,0.4455623929285265,0.6873097102400761,0.0,0.9809491164320356,0.0,0.0,0.1942648474923052
1788446996110721167,0,0.4455623929285265,0.6873097102400761,0.0,0.9807761347517439,0.0,0.0,0.19513629467997262
1788446996131054284,0,0.4455623929285265,0.6873097102400761,0.0,0.9806026337075598,0.0,0.0,0.19600631307638336
1788446996150725041,0,0.4455623929285265,0.6873097102400761,0.0,0.9804286732263472,0.0,0.0,0.19687462181709595
1788446996170719725,0,0.4455623929285265,0.6873097102400761,0.0,0.980254810062815,0.0,0.0,0.19773848221505733
1788446996198019358,0,0.4455623929285265,0.6873097102400761,0.0,0.9800796819125396,0.0,0.0,0.19860467542889104
1788446996210774823,0,0.4455623929285265,0.6873097102400761,0.0,0.9799054505389444,0.0,0.0,0.19946254787319925
1788446996230720281,0,0.4455623929285265,0.6873097102400761,0.0,0.9797305051126667,0.0,0.0,0.20032008723959494
1788446996250721319,0,0.4455623929285265,0.6873097102400761,0.0,0.9795540348832281,0.0,0.0,0.20118124351933864
1788446996270727486,0,0.4455623929285265,0.6873097102400761,0.0,0.9794650817597687,0.0,0.0,0.20161387257163058
1788446996298035857,0,0.4455623929285265,0.6873097102400761,0.0,0.9791972122456715,0.0,0.0,0.20291086597396765
1788446996310779704,0,0.4455623929285265,0.6873097102400761,0.0,0.9791076315834871,0.0,0.0,0.20334268065257324
1788446996330748186,0,0.4455623929285265,0.6873097102400761,0.0,0.9789279437537496,0.0,0.0,0.20420597674420723
1788446996350723293,0,0.4455623929285265,0.6873097102400761,0.0,0.9787461105289963,0.0,0.0,0.20507572046529968
1788446996370735771,0,0.4455623929285265,0.6873097102400761,0.0,0.9785639227519369,0.0,0.0,0.20594331523101475
1788446996398539233,0,0.4455623929285265,0.6873097102400761,0.0,0.978289096781149,0.0,0.0,0.20724488683469086
1788446996410719257,0,0.4455623929285265,0.6873097102400761,0.0,0.978197775937855,0.0,0.0,0.20767549482361697
1788446996430758720,0,0.4455623929285265,0.6873097102400761,0.0,0.9780140007587536,0.0,0.0,0.20853923928090087
1788446996450723388,0,0.4455623929285265,0.6873097102400761,0.0,0.9778308182960291,0.0,0.0,0.20939649182953873
1788446996470726895,0,0.4455623929285265,0.6873097102400761,0.0,0.977647435229028,0.0,0.0,0.21025102232831966
1788446996498347760,0,0.4455623929285265,0.6873097102400761,0.0,0.977370180036199,0.0,0.0,0.21153612262686486
1788446996510744415,0,0.4455623929285265,0.6873097102400761,0.0,0.9772762068633501,0.0,0.0,0.21196984572995836
1788446996530737261,0,0.4455623929285265,0.6873097102400761,0.0,0.9770870503420815,0.0,0.0,0.21284007154154666
1788446996550723287,0,0.4455623929285265,0.6873097102400761,0.0,0.9768972798546376,0.0,0.0,0.21370939289748117
1788446996570742244,0,0.4455623929285265,0.6873097102400761,0.0,0.9767073176213549,0.0,0.0,0.2145758973065192
1788446996598187138,0,0.4455623929285265,0.6873097102400761,0.0,0.9764220128094928,0.0,0.0,0.2158704539789051
1788446996610767252,0,0.4455623929285265,0.6873097102400761,0.0,0.9763267655563054,0.0,0.0,0.21630082491373695
1788446996630722595,0,0.4455623929285265,0.6873097102400761,0.0,0.9761353605271469,0.0,0.0,0.2171629755012052
1788446996650717878,0,0.4455623929285265,0.6873097102400761,0.0,0.9759433969812843,0.0,0.0,0.21802404887679577
1788446996670733479,0,0.4455623929285265,0.6873097102400761,0.0,0.9757512445382849,0.0,0.0,0.2188824085713335
1788446996698054544,0,0.4455623929285265,0.6873097102400761,0.0,0.9754614249791246,0.0,0.0,0.22017040758852133
1788446996710913855,0,0.4455623929285265,0.6873097102400761,0.0,0.9753643907953348,0.0,0.0,0.22059987572173645
1788446996730972453,0,0.4455623929285265,0.6873097102400761,0.0,0.9751698535631363,0.0,0.0,0.22145825047094342
1788446996750723532,0,0.4455623929285265,0.6873097102400761,0.0,0.9749735173321945,0.0,0.0,0.22232103027129263
1788446996770747374,0,0.4455623929285265,0.6873097102400761,0.0,0.9747755130853581,0.0,0.0,0.2231875872202052
1788446996797956155,0,0.4455623929285265,0.6873097102400761,0.0,0.9744774113933644,0.0,0.0,0.22448557789775175
1788446996810737011,0,0.4455623929285265,0.6873097102400761,0.0,0.9743779221578116,0.0,0.0,0.22491701761188623
1788446996830765484,0,0.4455623929285265,0.6873097102400761,0.0,0.9741783931917458,0.0,0.0,0.2257796674600003
1788446996850724651,0,0.4455623929285265,0.6873097102400761,0.0,0.9739790190423432,0.0,0.0,0.22663819286544562
1788446996870736058,0,0.4455623929285265,0.6873097102400761,0.0,0.9737797555234875,0.0,0.0,0.22749283006859133
1788446996897974966,0,0.4455623929285265,0.6873097102400761,0.0,0.9734792131525989,0.0,0.0,0.22877548286430718
1788446996910776405,0,0.4455623929285265,0.6873097102400761,0.0,0.9733789122318783,0.0,0.0,0.2292018612976023
1788446996930713845,0,0.4455623929285265,0.6873097102400761,0.0,0.9731749553594549,0.0,0.0,0.23006630840069356
1788446996950722205,0,0.4455623929285265,0.6873097102400761,0.0,0.972971765527357,0.0,0.0,0.23092410763404017
1788446996970720880,0,0.4455623929285265,0.6873097102400761,0.0,0.9727671637777886,0.0,0.0,0.23178447979905148
1788446996998051735,0,0.4455623929285265,0.6873097102400761,0.0,0.9724586476689717,0.0,0.0,0.23307547827653335
1788446997010757554,0,0.4455623929285265,0.6873097102400761,0.0,0.9723554134492136,0.0,0.0,0.23350578137598388
1788446997030721244,0,0.4455623929285265,0.6873097102400761,0.0,0.9721482607043883,0.0,0.0,0.234366719500514
1788446997050728642,0,0.4455623929285265,0.6873097102400761,0.0,0.9719412650152418,0.0,0.0,0.23522367517019108
1788446997070727571,0,0.4455623929285265,0.6873097102400761,0.0,0.9717335257325088,0.0,0.0,0.23608039937162872
1788446997098056824,0,0.4455623929285265,0.6873097102400761,0.0,0.9714189154023076,0.0,0.0,0.2373716301469159
1788446997110732623,0,0.4455623929285265,0.6873097102400761,0.0,0.9713144557259293,0.0,0.0,0.23779871340661543
1788446997130760688,0,0.4455623929285265,0.6873097102400761,0.0,0.9711049425184544,0.0,0.0,0.23865286634823712
1788446997150712186,0,0.4455623929285265,0.6873097102400761,0.0,0.9708939098716362,0.0,0.0,0.23950994921749547
1788446997170714528,0,0.4455623929285265,0.6873097102400761,0.0,0.9706798468616923,0.0,0.0,0.2403760281237743
1788446997198565084,0,0.4455623929285265,0.6873097102400761,0.0,0.9703598389821435,0.0,0.0,0.24166460827052946
1788446997210736614,0,0.4455623929285265,0.6873097102400761,0.0,0.9702530479748246,0.0,0.0,0.2420930046398752
1788446997230729907,0,0.4455623929285265,0.6873097102400761,0.0,0.9700389184047449,0.0,0.0,0.24294957662064906
1788446997250712280,0,0.4455623929285265,0.6873097102400761,0.0,0.9698238297314971,0.0,0.0,0.24380676628209536
1788446997270734009,0,0.4455623929285265,0.6873097102400761,0.0,0.9696076916823799,0.0,0.0,0.24466492235375092
1788446997297862359,0,0.4455623929285265,0.6873097102400761,0.0,0.969388929798118,0.0,0.0,0.2455302482075469
1788446997310759690,0,0.4455623929285265,0.6873097102400761,0.0,0.9691722581312319,0.0,0.0,0.24638411894602488
1788446997330760102,0,0.4455623929285265,0.6873097102400761,0.0,0.968949695569014,0.0,0.0,0.24725793709548569
1788446997350714094,0,0.4455623929285265,0.6873097102400761,0.0,0.9687319139840408,0.0,0.0,0.2481098120365599
1788446997370721189,0,0.4455623929285265,0.6873097102400761,0.0,0.9685137925869605,0.0,0.0,0.248959903536337
1788446997397829986,0,0.4455623929285265,0.6873097102400761,0.0,0.9682946772010725,0.0,0.0,0.2498107645880593
1788446997410682895,0,0.4455623929285265,0.6873097102400761,0.0,0.9680722061001323,0.0,0.0,0.25067150571300056
1788446997430717636,0,0.4455623929285265,0.6873097102400761,0.0,0.9678499107900497,0.0,0.0,0.2515284281819707
1788446997450715533,0,0.4455623929285265,0.6873097102400761,0.0,0.9676274223224985,0.0,0.0,0.25238298589547803
1788446997470758883,0,0.4455623929285265,0.6873097102400761,0.0,0.9674046415860221,0.0,0.0,0.2532355809080154
1788446997498103388,0,0.4455623929285265,0.6873097102400761,0.0,0.9671810208543256,0.0,0.0,0.2540883171245477
1788446997510731332,0,0.4455623929285265,0.6873097102400761,0.0,0.9669561459125768,0.0,0.0,0.2549427619719677
1788446997530791957,0,0.4455623929285265,0.6873097102400761,0.0,0.9667307601856108,0.0,0.0,0.25579608540974785
1788446997550712693,0,0.4455623929285265,0.6873097102400761,0.0,0.9665061661615293,0.0,0.0,0.2566433922230268
1788446997570757987,0,0.4455623929285265,0.6873097102400761,0.0,0.9662814351077544,0.0,0.0,0.25748822917970166
1788446997597910330,0,0.4455623929285265,0.6873097102400761,0.0,0.9660559233898457,0.0,0.0,0.2583330270859548
1788446997610711066,0,0.4455623929285265,0.6873097102400761,0.0,0.9658287814352305,0.0,0.0,0.2591809502091883
1788446997630742481,0,0.4455623929285265,0.6873097102400761,0.0,0.9656008693490429,0.0,0.0,0.2600287697782162
1788446997650722907,0,0.4455623929285265,0.6873097102400761,0.0,0.9654856551142372,0.0,0.0,0.2604562338832228
1788446997670719168,0,0.4455623929285265,0.6873097102400761,0.0,0.9652552576717301,0.0,0.0,0.26130879728222295
1788446997698159175,0,0.4455623929285265,0.6873097102400761,0.0,0.9649078239660777,0.0,0.0,0.262588825445884
1788446997710788016,0,0.4455623929285265,0.6873097102400761,0.0,0.9647917643221848,0.0,0.0,0.2630149263750741
1788446997730765226,0,0.4455623929285265,0.6873097102400761,0.0,0.9645592661237782,0.0,0.0,0.263866295943151
1788446997750765213,0,0.4455623929285265,0.6873097102400761,0.0,0.9643259137845657,0.0,0.0,0.2647178346911338
1788446997770733973,0,0.4455623929285265,0.6873097102400761,0.0,0.9640915095078538,0.0,0.0,0.26557025679632834
1788446997798146100,0,0.4455623929285265,0.6873097102400761,0.0,0.9637384030142708,0.0,0.0,0.2668488159154972
1788446997810682525,0,0.4455623929285265,0.6873097102400761,0.0,0.963620911952368,0.0,0.0,0.26727277835216723
1788446997830731624,0,0.4455623929285265,0.6873097102400761,0.0,0.963385362694466,0.0,0.0,0.2681205753873663
1788446997850735052,0,0.4455623929285265,0.6873097102400761,0.0,0.9631493785549916,0.0,0.0,0.2689670511217565
1788446997870810999,0,0.4455623929285265,0.6873097102400761,0.0,0.9629126689272388,0.0,0.0,0.26981325397285744
1788446997898332755,0,0.4455623929285265,0.6873097102400761,0.0,0.9625543050259462,0.0,0.0,0.2710889335181682
1788446997910746680,0,0.4455623929285265,0.6873097102400761,0.0,0.9624334122301864,0.0,0.0,0.2715178208202181
1788446997930721779,0,0.4455623929285265,0.6873097102400761,0.0,0.9621911043284668,0.0,0.0,0.27237525355869885
1788446997951029098,0,0.4455623929285265,0.6873097102400761,0.0,0.9619488191660135,0.0,0.0,0.2732297006277179
1788446997970751203,0,0.4455623929285265,0.6873097102400761,0.0,0.9617066287989201,0.0,0.0,0.27408093717771775
1788446997998064160,0,0.4455623929285265,0.6873097102400761,0.0,0.9613420815282566,0.0,0.0,0.2753568635115509
1788446998010738721,0,0.4455623929285265,0.6873097102400761,0.0,0.9612204127411165,0.0,0.0,0.27578128676506986
1788446998030763417,0,0.4455623929285265,0.6873097102400761,0.0,0.9609740979916516,0.0,0.0,0.2766383613838321
1788446998050903598,0,0.4455623929285265,0.6873097102400761,0.0,0.9607296437500527,0.0,0.0,0.27748612869816913
1788446998070725852,0,0.4455623929285265,0.6873097102400761,0.0,0.9604846531623478,0.0,0.0,0.27833294997108143
1788446998098524519,0,0.4455623929285265,0.6873097102400761,0.0,0.9601161761951956,0.0,0.0,0.2796013737597081
1788446998110732907,0,0.4455623929285265,0.6873097102400761,0.0,0.9599933554696655,0.0,0.0,0.28002278024134475
1788446998130766129,0,0.4455623929285265,0.6873097102400761,0.0,0.959746970164023,0.0,0.0,0.28086607709187306
1788446998150730701,0,0.4455623929285265,0.6873097102400761,0.0,0.9594981865535065,0.0,0.0,0.2817148025939222
1788446998170750184,0,0.4455623929285265,0.6873097102400761,0.0,0.9592477206413084,0.0,0.0,0.2825664708426222
1788446998198076919,0,0.4455623929285265,0.6873097102400761,0.0,0.9588713666620474,0.0,0.0,0.28384098047261835
1788446998210868567,0,0.4455623929285265,0.6873097102400761,0.0,0.9587462380684828,0.0,0.0,0.28426334795314734
1788446998230767499,0,0.4455623929285265,0.6873097102400761,0.0,0.958495247228509,0.0,0.0,0.28510850748506156
1788446998250720929,0,0.4455623929285265,0.6873097102400761,0.0,0.9582445968432882,0.0,0.0,0.2859498078695701
1788446998270725539,0,0.4455623929285265,0.6873097102400761,0.0,0.9579941279514073,0.0,0.0,0.28678781496190314
1788446998298054055,0,0.4455623929285265,0.6873097102400761,0.0,0.957616388859093,0.0,0.0,0.28804661391599523
1788446998310831485,0,0.4455623929285265,0.6873097102400761,0.0,0.9574896630216126,0.0,0.0,0.2884675808591991
1788446998330726317,0,0.4455623929285265,0.6873097102400761,0.0,0.9572356057934077,0.0,0.0,0.289309514190819
1788446998350722928,0,0.4455623929285265,0.6873097102400761,0.0,0.9569803159199592,0.0,0.0,0.29015284755062304
1788446998370730785,0,0.4455623929285265,0.6873097102400761,0.0,0.9567235395999442,0.0,0.0,0.2909983999532543
1788446998398760417,0,0.4455623929285265,0.6873097102400761,0.0,0.9563363925196431,0.0,0.0,0.29226820617801585
1788446998410784685,0,0.4455623929285265,0.6873097102400761,0.0,0.9562064027998285,0.0,0.0,0.2926932101101975
1788446998430770066,0,0.4455623929285265,0.6873097102400761,0.0,0.9559458150771272,0.0,0.0,0.2935431801907974
1788446998450732844,0,0.4455623929285265,0.6873097102400761,0.0,0.9556859232831463,0.0,0.0,0.2943882063507982
1788446998470725921,0,0.4455623929285265,0.6873097102400761,0.0,0.9554266467588239,0.0,0.0,0.29522859391188644
1788446998498608395,0,0.4455623929285265,0.6873097102400761,0.0,0.9550369583202918,0.0,0.0,0.2964867758304327
1788446998510723066,0,0.4455623929285265,0.6873097102400761,0.0,0.9549071278611868,0.0,0.0,0.2969046600508301
1788446998530773048,0,0.4455623929285265,0.6873097102400761,0.0,0.954646550222688,0.0,0.0,0.2977414384124602
1788446998550724473,0,0.4455623929285265,0.6873097102400761,0.0,0.954383262801914,0.0,0.0,0.29858430582261486
1788446998570722085,0,0.4455623929285265,0.6873097102400761,0.0,0.9541175834499946,0.0,0.0,0.2994321909072947
1788446998598277439,0,0.4455623929285265,0.6873097102400761,0.0,0.953717349582973,0.0,0.0,0.30070453455914026
1788446998610772805,0,0.4455623929285265,0.6873097102400761,0.0,0.9535845448222391,0.0,0.0,0.3011254155267586
1788446998630727456,0,0.4455623929285265,0.6873097102400761,0.0,0.9533183749613247,0.0,0.0,0.30196701137889076
1788446998650723801,0,0.4455623929285265,0.6873097102400761,0.0,0.9530510637934675,0.0,0.0,0.30280962633664726
1788446998670715965,0,0.4455623929285265,0.6873097102400761,0.0,0.9527833029926641,0.0,0.0,0.3036510786056739
1788446998697949201,0,0.4455623929285265,0.6873097102400761,0.0,0.9523802140173658,0.0,0.0,0.3049129842237558
1788446998710739486,0,0.4455623929285265,0.6873097102400761,0.0,0.9522458792966635,0.0,0.0,0.3053322540488052
1788446998730721037,0,0.4455623929285265,0.6873097102400761,0.0,0.9519766451740898,0.0,0.0,0.30617065019868445
1788446998750725973,0,0.4455623929285265,0.6873097102400761,0.0,0.9517072853466702,0.0,0.0,0.30700691037511146
1788446998770716537,0,0.4455623929285265,0.6873097102400761,0.0,0.9514377749689916,0.0,0.0,0.3078411284446157
1788446998797975572,0,0.4455623929285265,0.6873097102400761,0.0,0.9510302913345903,0.0,0.0,0.30909769485398025
1788446998810729909,0,0.4455623929285265,0.6873097102400761,0.0,0.9508928834201684,0.0,0.0,0.30952015162324725
1788446998830758389,0,0.4455623929285265,0.6873097102400761,0.0,0.9506173841422069,0.0,0.0,0.31036525090065714
1788446998850717291,0,0.4455623929285265,0.6873097102400761,0.0,0.9503417077501785,0.0,0.0,0.311208352250505
1788446998870750650,0,0.4455623929285265,0.6873097102400761,0.0,0.9500658258889915,0.0,0.0,0.3120495577274041
1788446998898058572,0,0.4455623929285265,0.6873097102400761,0.0,0.9497892736036134,0.0,0.0,0.3128902934696446
1788446998910719726,0,0.4455623929285265,0.6873097102400761,0.0,0.9495133527863405,0.0,0.0,0.3137266212492056
1788446998930735421,0,0.4455623929285265,0.6873097102400761,0.0,0.9492375800382635,0.0,0.0,0.3145600366275114
1788446998950725099,0,0.4455623929285265,0.6873097102400761,0.0,0.9489610508240583,0.0,0.0,0.31539328467628935
1788446998970751138,0,0.4455623929285265,0.6873097102400761,0.0,0.9486836465436498,0.0,0.0,0.3162267205355098
1788446998998099941,0,0.4455623929285265,0.6873097102400761,0.0,0.9484054488935416,0.0,0.0,0.3170600960528457
1788446999010763492,0,0.4455623929285265,0.6873097102400761,0.0,0.9481283338429362,0.0,0.0,0.31788781443178626
1788446999030725630,0,0.4455623929285265,0.6873097102400761,0.0,0.947850001417496,0.0,0.0,0.318716762679425
1788446999050724739,0,0.4455623929285265,0.6873097102400761,0.0,0.9475686194077704,0.0,0.0,0.319552361145481
1788446999070733158,0,0.4455623929285265,0.6873097102400761,0.0,0.9472842169326056,0.0,0.0,0.32039446366998964
1788446999098033223,0,0.4455623929285265,0.6873097102400761,0.0,0.9469989608318584,0.0,0.0,0.32123662335322284
1788446999110785353,0,0.4455623929285265,0.6873097102400761,0.0,0.9467141761542709,0.0,0.0,0.3220749426275508
1788446999130729907,0,0.4455623929285265,0.6873097102400761,0.0,0.9464286828474355,0.0,0.0,0.32291291129911215
1788446999150725143,0,0.4455623929285265,0.6873097102400761,0.0,0.9461437403905107,0.0,0.0,0.323746849436182
1788446999170725284,0,0.4455623929285265,0.6873097102400761,0.0,0.9458568807302737,0.0,0.0,0.32458398169841457
1788446999197958859,0,0.4455623929285265,0.6873097102400761,0.0,0.9455711812343682,0.0,0.0,0.3254153364840715
1788446999210729512,0,0.4455623929285265,0.6873097102400761,0.0,0.9452835478088868,0.0,0.0,0.3262499260411318
1788446999230731847,0,0.4455623929285265,0.6873097102400761,0.0,0.944995445264779,0.0,0.0,0.327083488468651
1788446999250718845,0,0.4455623929285265,0.6873097102400761,0.0,0.9447468408736249,0.0,0.0,0.32780086433581224
1788446999270737013,0,0.4455623929285265,0.6873097102400761,0.0,0.9446424374605292,0.0,0.0,0.32810160826888707
1788446999298021093,0,0.4455623929285265,0.6873097102400761,0.0,0.9443278840888796,0.0,0.0,0.32900584695749646
1788446999310733412,0,0.4455623929285265,0.6873097102400761,0.0,0.9442644443568328,0.0,0.0,0.3291878781539226
1788446999330738183,0,0.4455623929285265,0.6873097102400761,0.0,0.9441369464482924,0.0,0.0,0.3295533740553938
1788446999350710733,0,0.4455623929285265,0.6873097102400761,0.0,0.9440098383953971,0.0,0.0,0.3299173002628026
1788446999370745832,0,0.4455623929285265,0.6873097102400761,0.0,0.9439628944436055,0.0,0.0,0.3300515928058075
1788446999398731166,0,0.4455623929285265,0.6873097102400761,0.0,0.9438924315206002,0.0,0.0,0.33025305103530694
1788446999410933085,0,0.4455623929285265,0.6873097102400761,0.0,0.9438982614592037,0.0,0.0,0.3302363880832828
1788446999430778355,0,0.4455623929285265,0.6873097102400761,0.0,0.943909929670512,0.0,0.0,0.3302030355242197
1788446999450723582,0,0.4455623929285265,0.6873097102400761,0.0,0.9439216547528317,0.0,0.0,0.3301695165951513
1788446999470727637,0,0.4455623929285265,0.6873097102400761,0.0,0.9439779809239157,0.0,0.0,0.33000844160537385
1788446999498026454,0,0.4455623929285265,0.6873097102400761,0.0,0.9440906351758559,0.0,0.0,0.3296860211978193
1788446999510746113,0,0.4455623929285265,0.6873097102400761,0.0,0.9441471158158077,0.0,0.0,0.32952423840545003
1788446999531111316,0,0.4455623929285265,0.6873097102400761,0.0,0.9442600086210331,0.0,0.0,0.3292006016382816
1788446999550700624,0,0.4455623929285265,0.6873097102400761,0.0,0.9443760408196412,0.0,0.0,0.328867592696239
1788446999570727154,0,0.4455623929285265,0.6873097102400761,0.0,0.9444952782515105,0.0,0.0,0.3285249904658729
1788446999597947748,0,0.4455623929285265,0.6873097102400761,0.0,0.9446728125719123,0.0,0.0,0.32801414174921284
1788446999610745477,0,0.4455623929285265,0.6873097102400761,0.0,0.9447301109895693,0.0,0.0,0.32784907715233264
1788446999630729958,0,0.4455623929285265,0.6873097102400761,0.0,0.9448446838846116,0.0,0.0,0.3275187373799985
1788446999650727723,0,0.4455623929285265,0.6873097102400761,0.0,0.9449871508710945,0.0,0.0,0.32710745128861135
1788446999670746799,0,0.4455623929285265,0.6873097102400761,0.0,0.9451566370770949,0.0,0.0,0.326617408276284
1788446999697883078,0,0.4455623929285265,0.6873097102400761,0.0,0.9454147163822723,0.0,0.0,0.3258696273785389
1788446999710724693,0,0.4455623929285265,0.6873097102400761,0.0,0.9455028481356339,0.0,0.0,0.325613826744818
1788446999731389690,0,0.4455623929285265,0.6873097102400761,0.0,0.9456795897490862,0.0,0.0,0.32510015923096697
1788446999750725218,0,0.4455623929285265,0.6873097102400761,0.0,0.9458506846261616,0.0,0.0,0.3246020369502037
1788446999770730672,0,0.4455623929285265,0.6873097102400761,0.0,0.9460168492244991,0.0,0.0,0.3241174493657371
1788446999798022270,0,0.4455623929285265,0.6873097102400761,0.0,0.9462682447523879,0.0,0.0,0.32338275923931814
1788446999810745291,0,0.4455623929285265,0.6873097102400761,0.0,0.9463536730332104,0.0,0.0,0.323132674820346
1788446999830727395,0,0.4455623929285265,0.6873097102400761,0.0,0.9465245230555978,0.0,0.0,0.32263187575683394
1788446999850726611,0,0.4455623929285265,0.6873097102400761,0.0,0.94669765422534,0.0,0.0,0.3221235034644919
1788446999870854743,0,0.4455623929285265,0.6873097102400761,0.0,0.9468685799984059,0.0,0.0,0.32162072727329377
1788446999897997974,0,0.4455623929285265,0.6873097102400761,0.0,0.9471553912624113,0.0,0.0,0.32077510003513127
1788446999910826756,0,0.4455623929285265,0.6873097102400761,0.0,0.9472706449290657,0.0,0.0,0.3204345881075762
1788446999930723626,0,0.4455623929285265,0.6873097102400761,0.0,0.9475008112775232,0.0,0.0,0.3197533621847241
1788446999950728164,0,0.4455623929285265,0.6873097102400761,0.0,0.9477279579525094,0.0,0.0,0.31907948494876104
1788446999970726069,0,0.4455623929285265,0.6873097102400761,0.0,0.9479522749910726,0.0,0.0,0.318412443756914
1788446999998021006,0,0.4455623929285265,0.6873097102400761,0.0,0.948287133529416,0.0,0.0,0.31741378732273673
1788447000010749992,0,0.4455623929285265,0.6873097102400761,0.0,0.9483981382690283,0.0,0.0,0.31708196310708214
1788447000030780875,0,0.4455623929285265,0.6873097102400761,0.0,0.9486244403071904,0.0,0.0,0.31640428450302277
1788447000050724730,0,0.4455623929285265,0.6873097102400761,0.0,0.9488458824311783,0.0,0.0,0.3157395942757236
1788447000070742224,0,0.4455623929285265,0.6873097102400761,0.0,0.9490673323658294,0.0,0.0,0.31507332263460236
1788447000097990837,0,0.4455623929285265,0.6873097102400761,0.0,0.949401306507116,0.0,0.0,0.31406553329294395
1788447000110727001,0,0.4455623929285265,0.6873097102400761,0.0,0.9495122057862239,0.0,0.0,0.31373009269590274
1788447000130764615,0,0.4455623929285265,0.6873097102400761,0.0,0.9497328256285971,0.0,0.0,0.3130615912620405
1788447000150725128,0,0.4455623929285265,0.6873097102400761,0.0,0.9499528081961839,0.0,0.0,0.3123934413527022
1788447000170735366,0,0.4455623929285265,0.6873097102400761,0.0,0.9501730659749518,0.0,0.0,0.31172286521164927
1788447000198032168,0,0.4455623929285265,0.6873097102400761,0.0,0.9505017958137176,0.0,0.0,0.3107190630696768
1788447000210754152,0,0.4455623929285265,0.6873097102400761,0.0,0.9506109739669725,0.0,0.0,0.31038488393213337
1788447000230749279,0,0.4455623929285265,0.6873097102400761,0.0,0.9508314625626237,0.0,0.0,0.30970878224716486
1788447000250745283,0,0.4455623929285265,0.6873097102400761,0.0,0.9510488422393537,0.0,0.0,0.3090406116923548
1788447000270742684,0,0.4455623929285265,0.6873097102400761,0.0,0.9512654456701083,0.0,0.0,0.308373234691421
1788447000298033618,0,0.4455623929285265,0.6873097102400761,0.0,0.9514819170856754,0.0,0.0,0.30770466596879525
1788447000310757784,0,0.4455623929285265,0.6873097102400761,0.0,0.9516984757962242,0.0,0.0,0.3070342182349446
1788447000330723235,0,0.4455623929285265,0.6873097102400761,0.0,0.9519145088761123,0.0,0.0,0.30636378341956466
1788447000350724003,0,0.4455623929285265,0.6873097102400761,0.0,0.9521299454030683,0.0,0.0,0.3056935836205107
1788447000370723269,0,0.4455623929285265,0.6873097102400761,0.0,0.9523453926344745,0.0,0.0,0.3050217256653837
1788447000398232142,0,0.4455623929285265,0.6873097102400761,0.0,0.9525603801555321,0.0,0.0,0.30434967086880194
1788447000410765228,0,0.4455623929285265,0.6873097102400761,0.0,0.9527738108028729,0.0,0.0,0.30368086118188514
1788447000430830352,0,0.4455623929285265,0.6873097102400761,0.0,0.9529868216695777,0.0,0.0,0.3030117451916946
1788447000450721754,0,0.4455623929285265,0.6873097102400761,0.0,0.9532002756024422,0.0,0.0,0.30233960142764643
1788447000470746868,0,0.4455623929285265,0.6873097102400761,0.0,0.9534141752137639,0.0,0.0,0.3016644004543098
1788447000498070796,0,0.4455623929285265,0.6873097102400761,0.0,0.9536276030605616,0.0,0.0,0.30098902750925643
1788447000510756194,0,0.4455623929285265,0.6873097102400761,0.0,0.9538386730384394,0.0,0.0,0.3003194729222018
1788447000530737796,0,0.4455623929285265,0.6873097102400761,0.0,0.9540488028890498,0.0,0.0,0.2996512668185654
1788447000550725842,0,0.4455623929285265,0.6873097102400761,0.0,0.9542593996031392,0.0,0.0,0.29897992954219565
1788447000570736918,0,0.4455623929285265,0.6873097102400761,0.0,0.954471467129058,0.0,0.0,0.2983022266703748
1788447000597973319,0,0.4455623929285265,0.6873097102400761,0.0,0.9546826832035227,0.0,0.0,0.2976255607156789
1788447000610724770,0,0.4455623929285265,0.6873097102400761,0.0,0.9547871138397083,0.0,0.0,0.29729037529936964
1788447000630733426,0,0.4455623929285265,0.6873097102400761,0.0,0.9549955899606916,0.0,0.0,0.2966199979024182
1788447000650726010,0,0.4455623929285265,0.6873097102400761,0.0,0.9552035628799088,0.0,0.0,0.29594957925553467
1788447000670725113,0,0.4455623929285265,0.6873097102400761,0.0,0.955413038802349,0.0,0.0,0.29527262874581056
1788447000698002228,0,0.4455623929285265,0.6873097102400761,0.0,0.9557262120741632,0.0,0.0,0.2942573831773327
1788447000710764594,0,0.4455623929285265,0.6873097102400761,0.0,0.9558306314582413,0.0,0.0,0.2939180225269279
1788447000730726421,0,0.4455623929285265,0.6873097102400761,0.0,0.9560371984465431,0.0,0.0,0.2932454180144767
1788447000750785689,0,0.4455623929285265,0.6873097102400761,0.0,0.9562432236879267,0.0,0.0,0.29257289203021136
1788447000770761436,0,0.4455623929285265,0.6873097102400761,0.0,0.9564501726809393,0.0,0.0,0.29189564432961523
1788447000798061089,0,0.4455623929285265,0.6873097102400761,0.0,0.9567599545314744,0.0,0.0,0.2908786506516608
1788447000810765230,0,0.4455623929285265,0.6873097102400761,0.0,0.9568625859354232,0.0,0.0,0.2905408605290742
1788447000830776532,0,0.4455623929285265,0.6873097102400761,0.0,0.9570674871797662,0.0,0.0,0.2898651841518882
1788447000850724098,0,0.4455623929285265,0.6873097102400761,0.0,0.9572738340010276,0.0,0.0,0.28918299869973857
1788447000870757198,0,0.4455623929285265,0.6873097102400761,0.0,0.957479855683159,0.0,0.0,0.28850013164807575
1788447000898142490,0,0.4455623929285265,0.6873097102400761,0.0,0.9577865846995421,0.0,0.0,0.2874801874383464
1788447000910726115,0,0.4455623929285265,0.6873097102400761,0.0,0.9578877576485944,0.0,0.0,0.28714289778252866
1788447000930737800,0,0.4455623929285265,0.6873097102400761,0.0,0.9580897618098492,0.0,0.0,0.28646816282991455
1788447000950722265,0,0.4455623929285265,0.6873097102400761,0.0,0.9583196341633751,0.0,0.0,0.28569823026573854
1788447000970726643,0,0.4455623929285265,0.6873097102400761,0.0,0.9585771587135744,0.0,0.0,0.28483298754289477
1788447000998321207,0,0.4455623929285265,0.6873097102400761,0.0,0.9589594038583487,0.0,0.0,0.28354340364684993
1788447001010747044,0,0.4455623929285265,0.6873097102400761,0.0,0.9590848572457059,0.0,0.0,0.2831187676611777
1788447001030752170,0,0.4455623929285265,0.6873097102400761,0.0,0.9593345526676713,0.0,0.0,0.2822715289538052
1788447001050744094,0,0.4455623929285265,0.6873097102400761,0.0,0.9595828917078087,0.0,0.0,0.28142614296059937
1788447001070739801,0,0.4455623929285265,0.6873097102400761,0.0,0.9598298907597081,0.0,0.0,0.28058257394964264
1788447001098025174,0,0.4455623929285265,0.6873097102400761,0.0,0.960199979688316,0.0,0.0,0.2793134422231724
1788447001110772402,0,0.4455623929285265,0.6873097102400761,0.0,0.9603226195522031,0.0,0.0,0.2788914957046819
1788447001130728652,0,0.4455623929285265,0.6873097102400761,0.0,0.9605685031590485,0.0,0.0,0.27804343318766767
1788447001150724720,0,0.4455623929285265,0.6873097102400761,0.0,0.9608136048746074,0.0,0.0,0.2771952681556123
1788447001170727257,0,0.4455623929285265,0.6873097102400761,0.0,0.9610593436228466,0.0,0.0,0.27634206707489045
1788447001198018689,0,0.4455623929285265,0.6873097102400761,0.0,0.9614250256857646,0.0,0.0,0.27506711905483505
1788447001211099574,0,0.4455623929285265,0.6873097102400761,0.0,0.9615458933960621,0.0,0.0,0.27464430613644397
1788447001230901483,0,0.4455623929285265,0.6873097102400761,0.0,0.9617870835832645,0.0,0.0,0.27379847671672425
1788447001250724500,0,0.4455623929285265,0.6873097102400761,0.0,0.9620275803143581,0.0,0.0,0.27295225720719235
1788447001270734057,0,0.4455623929285265,0.6873097102400761,0.0,0.9622673900366137,0.0,0.0,0.27210562300717656
1788447001298694894,0,0.4455623929285265,0.6873097102400761,0.0,0.9626299605449042,0.0,0.0,0.2708201599979515
1788447001310732708,0,0.4455623929285265,0.6873097102400761,0.0,0.9627496816342955,0.0,0.0,0.27039425014793217
1788447001330740926,0,0.4455623929285265,0.6873097102400761,0.0,0.9629885704539863,0.0,0.0,0.26954222892709745
1788447001350721652,0,0.4455623929285265,0.6873097102400761,0.0,0.9632281449790342,0.0,0.0,0.26868483530011256
1788447001370740363,0,0.4455623929285265,0.6873097102400761,0.0,0.9634656097256609,0.0,0.0,0.2678320721570897
1788447001397987203,0,0.4455623929285265,0.6873097102400761,0.0,0.9638195046976192,0.0,0.0,0.2665557396951639
1788447001410761607,0,0.4455623929285265,0.6873097102400761,0.0,0.9639364811288562,0.0,0.0,0.26613241130857807
1788447001430722020,0,0.4455623929285265,0.6873097102400761,0.0,0.9641701449311486,0.0,0.0,0.2652846237976257
1788447001450729109,0,0.4455623929285265,0.6873097102400761,0.0,0.964403370148708,0.0,0.0,0.26443551131762555
1788447001470724042,0,0.4455623929285265,0.6873097102400761,0.0,0.9646365943861874,0.0,0.0,0.2635834607311658
1788447001498861377,0,0.4455623929285265,0.6873097102400761,0.0,0.9649846966943969,0.0,0.0,0.2623061858699159
1788447001510784292,0,0.4455623929285265,0.6873097102400761,0.0,0.9651006791378723,0.0,0.0,0.26187913076000824
1788447001530722381,0,0.4455623929285265,0.6873097102400761,0.0,0.9653311013458634,0.0,0.0,0.2610284750259678
1788447001550732551,0,0.4455623929285265,0.6873097102400761,0.0,0.9655610055468802,0.0,0.0,0.2601767563932212
1788447001570729946,0,0.4455623929285265,0.6873097102400761,0.0,0.9657904242171127,0.0,0.0,0.25932384481672616
1788447001598293353,0,0.4455623929285265,0.6873097102400761,0.0,0.9661334162668574,0.0,0.0,0.2580430622445236
1788447001610968885,0,0.4455623929285265,0.6873097102400761,0.0,0.966250009741165,0.0,0.0,0.2576061308959834
1788447001630733247,0,0.4455623929285265,0.6873097102400761,0.0,0.9664784060923892,0.0,0.0,0.25674791246885503
1788447001650725192,0,0.4455623929285265,0.6873097102400761,0.0,0.9667066161324435,0.0,0.0,0.25588731567969625
1788447001670743513,0,0.4455623929285265,0.6873097102400761,0.0,0.9669316804235223,0.0,0.0,0.2550355375106446
1788447001697998381,0,0.4455623929285265,0.6873097102400761,0.0,0.9671559413007277,0.0,0.0,0.2541837626731955
1788447001710723837,0,0.4455623929285265,0.6873097102400761,0.0,0.9673798613441427,0.0,0.0,0.2533302269090434
1788447001730764597,0,0.4455623929285265,0.6873097102400761,0.0,0.9676075472249768,0.0,0.0,0.25245917403268275
1788447001750721523,0,0.4455623929285265,0.6873097102400761,0.0,0.967833296651954,0.0,0.0,0.2515923486352695
1788447001770726025,0,0.4455623929285265,0.6873097102400761,0.0,0.9680545657034666,0.0,0.0,0.25073962156123786
1788447001798022989,0,0.4455623929285265,0.6873097102400761,0.0,0.9682750738631687,0.0,0.0,0.2498867370135421
1788447001810726210,0,0.4455623929285265,0.6873097102400761,0.0,0.9684933647381561,0.0,0.0,0.24903935925504814
1788447001830733015,0,0.4455623929285265,0.6873097102400761,0.0,0.9687109124188972,0.0,0.0,0.2481917971258272
1788447001850722572,0,0.4455623929285265,0.6873097102400761,0.0,0.9689290223002566,0.0,0.0,0.24733893697569903
1788447001870720658,0,0.4455623929285265,0.6873097102400761,0.0,0.9691477157570443,0.0,0.0,0.24648063827185956
1788447001898014849,0,0.4455623929285265,0.6873097102400761,0.0,0.9693664027442894,0.0,0.0,0.24561917113815848
1788447001910759961,0,0.4455623929285265,0.6873097102400761,0.0,0.969581714802288,0.0,0.0,0.2447678457662578
1788447001930724669,0,0.4455623929285265,0.6873097102400761,0.0,0.969796268514065,0.0,0.0,0.24391637414531173
1788447001950705841,0,0.4455623929285265,0.6873097102400761,0.0,0.9700106648329112,0.0,0.0,0.24306235848113872
1788447001970725056,0,0.4455623929285265,0.6873097102400761,0.0,0.9701193099551491,0.0,0.0,0.2426283669568452
1788447001998024467,0,0.4455623929285265,0.6873097102400761,0.0,0.9704431662772458,0.0,0.0,0.2413297765005258
1788447002010772392,0,0.4455623929285265,0.6873097102400761,0.0,0.9705496557024259,0.0,0.0,0.2409011536209456
1788447002030723597,0,0.4455623929285265,0.6873097102400761,0.0,0.9707619600320301,0.0,0.0,0.24004419791940657
1788447002050726013,0,0.4455623929285265,0.6873097102400761,0.0,0.9709736619195335,0.0,0.0,0.23918642908528787
1788447002070735827,0,0.4455623929285265,0.6873097102400761,0.0,0.9711842366909839,0.0,0.0,0.23832997797790975
1788447002097927548,0,0.4455623929285265,0.6873097102400761,0.0,0.9714993011739562,0.0,0.0,0.23704241776212687
1788447002110767360,0,0.4455623929285265,0.6873097102400761,0.0,0.9716043786216046,0.0,0.0,0.23661135104496886
1788447002130761912,0,0.4455623929285265,0.6873097102400761,0.0,0.9718139911499677,0.0,0.0,0.2357489482588851
1788447002150722555,0,0.4455623929285265,0.6873097102400761,0.0,0.9720222427702558,0.0,0.0,0.23488882382923582
1788447002170743742,0,0.4455623929285265,0.6873097102400761,0.0,0.9722292151782337,0.0,0.0,0.23403066712274245
1788447002197906453,0,0.4455623929285265,0.6873097102400761,0.0,0.972538784948697,0.0,0.0,0.23274086828598034
1788447002210728282,0,0.4455623929285265,0.6873097102400761,0.0,0.9726411069970782,0.0,0.0,0.23231288595232596
1788447002230765003,0,0.4455623929285265,0.6873097102400761,0.0,0.9728451592600011,0.0,0.0,0.23145689902092564
1788447002250712931,0,0.4455623929285265,0.6873097102400761,0.0,0.9730491627391806,0.0,0.0,0.23059775994701173
1788447002270714192,0,0.4455623929285265,0.6873097102400761,0.0,0.9732529112207395,0.0,0.0,0.2297363071008919
1788447002297975980,0,0.4455623929285265,0.6873097102400761,0.0,0.9735575203356688,0.0,0.0,0.22844201583304202
1788447002310755077,0,0.4455623929285265,0.6873097102400761,0.0,0.9736586805006533,0.0,0.0,0.22801046880730452
1788447002330726853,0,0.4455623929285265,0.6873097102400761,0.0,0.9738593608087441,0.0,0.0,0.2271518112742761
1788447002350750635,0,0.4455623929285265,0.6873097102400761,0.0,0.9740591810343527,0.0,0.0,0.22629341979537565
1788447002370726753,0,0.4455623929285265,0.6873097102400761,0.0,0.9742583782015852,0.0,0.0,0.2254342753531877
1788447002398066043,0,0.4455623929285265,0.6873097102400761,0.0,0.9745554683329001,0.0,0.0,0.22414646805703142
1788447002410770087,0,0.4455623929285265,0.6873097102400761,0.0,0.9746539979982838,0.0,0.0,0.2237176438861303
1788447002430721137,0,0.4455623929285265,0.6873097102400761,0.0,0.9748504770819877,0.0,0.0,0.22285992760705337
1788447002450725529,0,0.4455623929285265,0.6873097102400761,0.0,0.9750470217448681,0.0,0.0,0.22199843554958393
1788447002470759203,0,0.4455623929285265,0.6873097102400761,0.0,0.9752415392858187,0.0,0.0,0.22114235245973782
1788447002498475211,0,0.4455623929285265,0.6873097102400761,0.0,0.9755327585709371,0.0,0.0,0.2198541265361598
1788447002510742300,0,0.4455623929285265,0.6873097102400761,0.0,0.9756298675925977,0.0,0.0,0.21942279157200198
1788447002530765404,0,0.4455623929285265,0.6873097102400761,0.0,0.9758234909628095,0.0,0.0,0.2185600935330042
1788447002550724127,0,0.4455623929285265,0.6873097102400761,0.0,0.9760154035991214,0.0,0.0,0.21770147435707482
1788447002570772765,0,0.4455623929285265,0.6873097102400761,0.0,0.9762061170898271,0.0,0.0,0.21684468394775736
1788447002598163044,0,0.4455623929285265,0.6873097102400761,0.0,0.9764914615873301,0.0,0.0,0.2155560842264485
1788447002610735549,0,0.4455623929285265,0.6873097102400761,0.0,0.976586520025421,0.0,0.0,0.21512500762263334
1788447002630751831,0,0.4455623929285265,0.6873097102400761,0.0,0.9767770027747377,0.0,0.0,0.21425845806035324
1788447002650728181,0,0.4455623929285265,0.6873097102400761,0.0,0.9769651680563031,0.0,0.0,0.21339882943615132
1788447002670750516,0,0.4455623929285265,0.6873097102400761,0.0,0.9771518704169048,0.0,0.0,0.21254228318323995
1788447002698104628,0,0.4455623929285265,0.6873097102400761,0.0,0.9774338273290392,0.0,0.0,0.21124183580177952
1788447002710785989,0,0.4455623929285265,0.6873097102400761,0.0,0.9775272047769481,0.0,0.0,0.2108093070074625
1788447002730765452,0,0.4455623929285265,0.6873097102400761,0.0,0.9777134416329156,0.0,0.0,0.20994386404541418
1788447002750723254,0,0.4455623929285265,0.6873097102400761,0.0,0.9779010178299067,0.0,0.0,0.20906840824771314
1788447002770731356,0,0.4455623929285265,0.6873097102400761,0.0,0.97808632491366,0.0,0.0,0.20819976228826545
1788447002798078220,0,0.4455623929285265,0.6873097102400761,0.0,0.9783620989690086,0.0,0.0,0.20689998381091257
1788447002810736159,0,0.4455623929285265,0.6873097102400761,0.0,0.9784532677027851,0.0,0.0,0.20646840659466997
1788447002830725730,0,0.4455623929285265,0.6873097102400761,0.0,0.9786350380466545,0.0,0.0,0.20560511255176284
1788447002850726400,0,0.4455623929285265,0.6873097102400761,0.0,0.9788171975844755,0.0,0.0,0.2047361563399925
1788447002870725297,0,0.4455623929285265,0.6873097102400761,0.0,0.9789970985619387,0.0,0.0,0.20387417935409466
1788447002898120056,0,0.4455623929285265,0.6873097102400761,0.0,0.9792680118429615,0.0,0.0,0.20256890427983612
1788447002910723541,0,0.4455623929285265,0.6873097102400761,0.0,0.979357731907629,0.0,0.0,0.2021346901270161
1788447002930750489,0,0.4455623929285265,0.6873097102400761,0.0,0.9795367036133429,0.0,0.0,0.20126561125613585
1788447002950726390,0,0.4455623929285265,0.6873097102400761,0.0,0.9797141009519078,0.0,0.0,0.20040030038898396
1788447002970732308,0,0.4455623929285265,0.6873097102400761,0.0,0.9798946379154603,0.0,0.0,0.19951565999822926
1788447002998497526,0,0.4455623929285265,0.6873097102400761,0.0,0.9800704054206429,0.0,0.0,0.19865044781881724
1788447003010732779,0,0.4455623929285265,0.6873097102400761,0.0,0.9802470679470527,0.0,0.0,0.19777685855834146
1788447003030774976,0,0.4455623929285265,0.6873097102400761,0.0,0.9804222612669121,0.0,0.0,0.19690655045547562
1788447003050723083,0,0.4455623929285265,0.6873097102400761,0.0,0.9805953860205374,0.0,0.0,0.1960425691405651
1788447003070736275,0,0.4455623929285265,0.6873097102400761,0.0,0.980766432218821,0.0,0.0,0.1951850543273355
1788447003098117659,0,0.4455623929285265,0.6873097102400761,0.0,0.9809371593688123,0.0,0.0,0.1943252154751035
1788447003110725816,0,0.4455623929285265,0.6873097102400761,0.0,0.9811081568171627,0.0,0.0,0.19346003366801556
1788447003130784086,0,0.4455623929285265,0.6873097102400761,0.0,0.9812776333734874,0.0,0.0,0.19259856240618098
1788447003150747166,0,0.4455623929285265,0.6873097102400761,0.0,0.981446876083012,0.0,0.0,0.19173426774287602
1788447003170755458,0,0.4455623929285265,0.6873097102400761,0.0,0.9816172859479553,0.0,0.0,0.19085990654972593
1788447003198355550,0,0.4455623929285265,0.6873097102400761,0.0,0.9817863139991093,0.0,0.0,0.18998850924211796
1788447003210733649,0,0.4455623929285265,0.6873097102400761,0.0,0.9818694940209389,0.0,0.0,0.18955816181601187
1788447003230724699,0,0.4455623929285265,0.6873097102400761,0.0,0.9820354482152058,0.0,0.0,0.18869652473948695
1788447003250800504,0,0.4455623929285265,0.6873097102400761,0.0,0.9822025064885028,0.0,0.0,0.18782501496792825
1788447003270735615,0,0.4455623929285265,0.6873097102400761,0.0,0.9823687690173215,0.0,0.0,0.1869534745849683
1788447003298185816,0,0.4455623929285265,0.6873097102400761,0.0,0.9826164030979492,0.0,0.0,0.18564752721985994
1788447003310719330,0,0.4455623929285265,0.6873097102400761,0.0,0.9826981098523945,0.0,0.0,0.1852145374762231
1788447003330746532,0,0.4455623929285265,0.6873097102400761,0.0,0.9828613788563407,0.0,0.0,0.18434616880372798
1788447003350729550,0,0.4455623929285265,0.6873097102400761,0.0,0.9830233706890108,0.0,0.0,0.18348038772363584
1788447003370770846,0,0.4455623929285265,0.6873097102400761,0.0,0.9831848660023996,0.0,0.0,0.18261303147323152
1788447003398527192,0,0.4455623929285265,0.6873097102400761,0.0,0.9834258217906042,0.0,0.0,0.18131092916720343
1788447003410761943,0,0.4455623929285265,0.6873097102400761,0.0,0.9835057689067064,0.0,0.0,0.18087676060574587
1788447003430752167,0,0.4455623929285265,0.6873097102400761,0.0,0.9836650820415324,0.0,0.0,0.1800083508402467
1788447003450723380,0,0.4455623929285265,0.6873097102400761,0.0,0.9838234603524509,0.0,0.0,0.17914072362288114
1788447003470724832,0,0.4455623929285265,0.6873097102400761,0.0,0.9839808906916814,0.0,0.0,0.17827396543972837
1788447003498036330,0,0.4455623929285265,0.6873097102400761,0.0,0.9842162272040185,0.0,0.0,0.1769701051259448
1788447003510752241,0,0.4455623929285265,0.6873097102400761,0.0,0.9842943482474971,0.0,0.0,0.1765350843544565
1788447003530735587,0,0.4455623929285265,0.6873097102400761,0.0,0.9844504410872188,0.0,0.0,0.1756625430852584
1788447003550738665,0,0.4455623929285265,0.6873097102400761,0.0,0.9846051322434398,0.0,0.0,0.17479340250672637
1788447003570724249,0,0.4455623929285265,0.6873097102400761,0.0,0.9847588987345635,0.0,0.0,0.17392501649587322
1788447003598236496,0,0.4455623929285265,0.6873097102400761,0.0,0.9849890485895283,0.0,0.0,0.1726168420482076
1788447003610757008,0,0.4455623929285265,0.6873097102400761,0.0,0.9850647972222539,0.0,0.0,0.1721840447703556
1788447003630731674,0,0.4455623929285265,0.6873097102400761,0.0,0.9852160833677619,0.0,0.0,0.17131628373709037
1788447003650721038,0,0.4455623929285265,0.6873097102400761,0.0,0.9853668547154858,0.0,0.0,0.17044694666702204
1788447003670717554,0,0.4455623929285265,0.6873097102400761,0.0,0.9855175044838532,0.0,0.0,0.16957372542914298
1788447003697870766,0,0.4455623929285265,0.6873097102400761,0.0,0.9857415476475441,0.0,0.0,0.1682664590505919
1788447003710734180,0,0.4455623929285265,0.6873097102400761,0.0,0.9858176270244116,0.0,0.0,0.16782016043359674
1788447003730724995,0,0.4455623929285265,0.6873097102400761,0.0,0.985964864879354,0.0,0.0,0.16695294314098588
1788447003750724034,0,0.4455623929285265,0.6873097102400761,0.0,0.9861119951025288,0.0,0.0,0.16608170614161638
1788447003770730290,0,0.4455623929285265,0.6873097102400761,0.0,0.9862579985865316,0.0,0.0,0.16521246994125138
1788447003797905185,0,0.4455623929285265,0.6873097102400761,0.0,0.98647711595054,0.0,0.0,0.16389905340149125
1788447003810723215,0,0.4455623929285265,0.6873097102400761,0.0,0.9865492808317673,0.0,0.0,0.16346411376911701
1788447003830797246,0,0.4455623929285265,0.6873097102400761,0.0,0.9866930647092248,0.0,0.0,0.1625939606957083
1788447003850794671,0,0.4455623929285265,0.6873097102400761,0.0,0.986835654062254,0.0,0.0,0.1617262868909174
1788447003870726093,0,0.4455623929285265,0.6873097102400761,0.0,0.9869769274419921,0.0,0.0,0.16086188080824113
1788447003898066933,0,0.4455623929285265,0.6873097102400761,0.0,0.9871884356028727,0.0,0.0,0.15955874345191123
1788447003910913013,0,0.4455623929285265,0.6873097102400761,0.0,0.9872592291847347,0.0,0.0,0.15912012565845796
1788447003930749129,0,0.4455623929285265,0.6873097102400761,0.0,0.987400199999176,0.0,0.0,0.1582429936571829
1788447003950726039,0,0.4455623929285265,0.6873097102400761,0.0,0.987539741936895,0.0,0.0,0.15736981316380477
1788447003970718954,0,0.4455623929285265,0.6873097102400761,0.0,0.9876779688367435,0.0,0.0,0.15649993570134368
1788447003997946810,0,0.4455623929285265,0.6873097102400761,0.0,0.9878846345710842,0.0,0.0,0.15519004084784355
1788447004010769383,0,0.4455623929285265,0.6873097102400761,0.0,0.987952864758707,0.0,0.0,0.15475508720253436
1788447004030730769,0,0.4455623929285265,0.6873097102400761,0.0,0.9880893560128032,0.0,0.0,0.15388120266687486
1788447004050715180,0,0.4455623929285265,0.6873097102400761,0.0,0.9882247576738933,0.0,0.0,0.15300924259787368
1788447004070732562,0,0.4455623929285265,0.6873097102400761,0.0,0.9883596011722575,0.0,0.0,0.152135790564272
1788447004098062289,0,0.4455623929285265,0.6873097102400761,0.0,0.9885605248630916,0.0,0.0,0.15082469520078212
1788447004110747338,0,0.4455623929285265,0.6873097102400761,0.0,0.9886270120281754,0.0,0.0,0.15038826778788977
1788447004130728658,0,0.4455623929285265,0.6873097102400761,0.0,0.9887594193108242,0.0,0.0,0.14951525247987793
1788447004150720787,0,0.4455623929285265,0.6873097102400761,0.0,0.9888917406336108,0.0,0.0,0.14863756357875138
1788447004170743931,0,0.4455623929285265,0.6873097102400761,0.0,0.9890233415766878,0.0,0.0,0.14775936456442404
1788447004198117053,0,0.4455623929285265,0.6873097102400761,0.0,0.9891541833526938,0.0,0.0,0.14688090943300092
1788447004210750367,0,0.4455623929285265,0.6873097102400761,0.0,0.9892847426818581,0.0,0.0,0.14599896539664195
1788447004230743512,0,0.4455623929285265,0.6873097102400761,0.0,0.9894127632725054,0.0,0.0,0.14512885265675204
1788447004250723532,0,0.4455623929285265,0.6873097102400761,0.0,0.9895398971771047,0.0,0.0,0.1442594603300774
1788447004270795473,0,0.4455623929285265,0.6873097102400761,0.0,0.9896661694540323,0.0,0.0,0.14339063092888113
1788447004298076601,0,0.4455623929285265,0.6873097102400761,0.0,0.9897916266417992,0.0,0.0,0.14252205383652455
1788447004310719073,0,0.4455623929285265,0.6873097102400761,0.0,0.9899171620925082,0.0,0.0,0.14164749272300892
1788447004330763064,0,0.4455623929285265,0.6873097102400761,0.0,0.9900419704361707,0.0,0.0,0.14077250006611575
1788447004350722891,0,0.4455623929285265,0.6873097102400761,0.0,0.9901664078837196,0.0,0.0,0.13989454849511257
1788447004370719500,0,0.4455623929285265,0.6873097102400761,0.0,0.9902888864898579,0.0,0.0,0.13902489451417416
1788447004398849152,0,0.4455623929285265,0.6873097102400761,0.0,0.990410564277288,0.0,0.0,0.13815539862033627
1788447004410774453,0,0.4455623929285265,0.6873097102400761,0.0,0.9905343132825957,0.0,0.0,0.13726534234750107
1788447004430725207,0,0.4455623929285265,0.6873097102400761,0.0,0.9906555303687038,0.0,0.0,0.13638775659824487
1788447004450723876,0,0.4455623929285265,0.6873097102400761,0.0,0.990716285702694,0.0,0.0,0.13594572903720842
1788447004470731955,0,0.4455623929285265,0.6873097102400761,0.0,0.9908372776349278,0.0,0.0,0.1350610574851429
1788447004497959381,0,0.4455623929285265,0.6873097102400761,0.0,0.9910147190912526,0.0,0.0,0.13375285621057106
1788447004510769135,0,0.4455623929285265,0.6873097102400761,0.0,0.9910731907373688,0.0,0.0,0.13331890564226484
1788447004530721691,0,0.4455623929285265,0.6873097102400761,0.0,0.9911912661476258,0.0,0.0,0.13243818902667967
1788447004550727688,0,0.4455623929285265,0.6873097102400761,0.0,0.9913070735012937,0.0,0.0,0.1315685601741574
1788447004570830311,0,0.4455623929285265,0.6873097102400761,0.0,0.9914237821448398,0.0,0.0,0.1306862050777405
1788447004598025902,0,0.4455623929285265,0.6873097102400761,0.0,0.9915971421054203,0.0,0.0,0.1293642445514328
1788447004610762533,0,0.4455623929285265,0.6873097102400761,0.0,0.9916540528414562,0.0,0.0,0.1289272643125349
1788447004630953346,0,0.4455623929285265,0.6873097102400761,0.0,0.9917673357640301,0.0,0.0,0.12805292543131414
1788447004650761972,0,0.4455623929285265,0.6873097102400761,0.0,0.9918800916283693,0.0,0.0,0.12717658523210043
1788447004670721699,0,0.4455623929285265,0.6873097102400761,0.0,0.9919923446587526,0.0,0.0,0.12629801320064574
1788447004698004673,0,0.4455623929285265,0.6873097102400761,0.0,0.9921587362732768,0.0,0.0,0.12498416714374022
1788447004710723630,0,0.4455623929285265,0.6873097102400761,0.0,0.9922135148412936,0.0,0.0,0.12454854863179267
1788447004730763253,0,0.4455623929285265,0.6873097102400761,0.0,0.992322505543583,0.0,0.0,0.12367718056175785
1788447004750727959,0,0.4455623929285265,0.6873097102400761,0.0,0.9924314224665968,0.0,0.0,0.12280012907536901
1788447004770723773,0,0.4455623929285265,0.6873097102400761,0.0,0.9925396708831893,0.0,0.0,0.12192211334737561
1788447004798011578,0,0.4455623929285265,0.6873097102400761,0.0,0.9927022948982249,0.0,0.0,0.12059085248806259
1788447004810727863,0,0.4455623929285265,0.6873097102400761,0.0,0.9927556545469245,0.0,0.0,0.12015078179149505
1788447004831061571,0,0.4455623929285265,0.6873097102400761,0.0,0.9928620231590697,0.0,0.0,0.1192686168632765
1788447004850731698,0,0.4455623929285265,0.6873097102400761,0.0,0.9929672263898948,0.0,0.0,0.1183895574599357
1788447004870848478,0,0.4455623929285265,0.6873097102400761,0.0,0.993070926667029,0.0,0.0,0.11751652908713864
1788447004898091144,0,0.4455623929285265,0.6873097102400761,0.0,0.9932250524920581,0.0,0.0,0.11620669129679488
1788447004910750380,0,0.4455623929285265,0.6873097102400761,0.0,0.9932760680236663,0.0,0.0,0.11576982634281292
1788447004930731336,0,0.4455623929285265,0.6873097102400761,0.0,0.9933775163485037,0.0,0.0,0.11489608354194811
1788447004950727850,0,0.4455623929285265,0.6873097102400761,0.0,0.9934784811747237,0.0,0.0,0.11401976777192709
1788447004970725517,0,0.4455623929285265,0.6873097102400761,0.0,0.9935789823242941,0.0,0.0,0.11314064646898592
1788447004998047649,0,0.4455623929285265,0.6873097102400761,0.0,0.9937278739571727,0.0,0.0,0.11182536617672019
1788447005010792071,0,0.4455623929285265,0.6873097102400761,0.0,0.9937779472158862,0.0,0.0,0.11137949374718498
1788447005030724880,0,0.4455623929285265,0.6873097102400761,0.0,0.9938754163130483,0.0,0.0,0.11050636564725573
1788447005050725407,0,0.4455623929285265,0.6873097102400761,0.0,0.9939724988978004,0.0,0.0,0.10962970142649413
1788447005070749716,0,0.4455623929285265,0.6873097102400761,0.0,0.9940704501235852,0.0,0.0,0.10873794273892065
1788447005098125907,0,0.4455623929285265,0.6873097102400761,0.0,0.9942136393043989,0.0,0.0,0.10742085189153296
1788447005110764773,0,0.4455623929285265,0.6873097102400761,0.0,0.994260697358527,0.0,0.0,0.10698441796885924
1788447005130773324,0,0.4455623929285265,0.6873097102400761,0.0,0.9943553305753361,0.0,0.0,0.10610125614908703
1788447005150719809,0,0.4455623929285265,0.6873097102400761,0.0,0.9944482642615193,0.0,0.0,0.10522665872891465
1788447005170734916,0,0.4455623929285265,0.6873097102400761,0.0,0.9945405836673551,0.0,0.0,0.10435050281908875
1788447005198046946,0,0.4455623929285265,0.6873097102400761,0.0,0.9946778337426062,0.0,0.0,0.1030340092450845
1788447005210723857,0,0.4455623929285265,0.6873097102400761,0.0,0.9947232535034267,0.0,0.0,0.10259458533254849
1788447005230722366,0,0.4455623929285265,0.6873097102400761,0.0,0.994813622617015,0.0,0.0,0.10171458231547312
1788447005250726138,0,0.4455623929285265,0.6873097102400761,0.0,0.9949027014894422,0.0,0.0,0.10083954863549312
1788447005270732035,0,0.4455623929285265,0.6873097102400761,0.0,0.9949906437345062,0.0,0.0,0.09996808931250528
1788447005298127795,0,0.4455623929285265,0.6873097102400761,0.0,0.9951216854357208,0.0,0.0,0.0986551122627222
1788447005310769611,0,0.4455623929285265,0.6873097102400761,0.0,0.9951653475192784,0.0,0.0,0.09821370116655678
1788447005330723356,0,0.4455623929285265,0.6873097102400761,0.0,0.9952520902869789,0.0,0.0,0.09733075967749934
1788447005350724239,0,0.4455623929285265,0.6873097102400761,0.0,0.9953384634334875,0.0,0.0,0.09644347157720944
1788447005370775234,0,0.4455623929285265,0.6873097102400761,0.0,0.9954241255275985,0.0,0.0,0.09555527362535125
1788447005397999089,0,0.4455623929285265,0.6873097102400761,0.0,0.9955083223321333,0.0,0.0,0.09467407336468393
1788447005410937706,0,0.4455623929285265,0.6873097102400761,0.0,0.9955914795681937,0.0,0.0,0.09379555325928206
1788447005430661005,0,0.4455623929285265,0.6873097102400761,0.0,0.9956739041929288,0.0,0.0,0.0929165028894781
1788447005450721302,0,0.4455623929285265,0.6873097102400761,0.0,0.995756422881912,0.0,0.0,0.09202796471409555
1788447005470727066,0,0.4455623929285265,0.6873097102400761,0.0,0.995837609020161,0.0,0.0,0.09114524925090033
1788447005499163640,0,0.4455623929285265,0.6873097102400761,0.0,0.9959177952030988,0.0,0.0,0.09026486136808017
1788447005510748351,0,0.4455623929285265,0.6873097102400761,0.0,0.995996711915204,0.0,0.0,0.08938987556822126
1788447005530760194,0,0.4455623929285265,0.6873097102400761,0.0,0.9960749568522014,0.0,0.0,0.08851372962363077
1788447005550724178,0,0.4455623929285265,0.6873097102400761,0.0,0.996152583208164,0.0,0.0,0.08763578588511622
1788447005570729534,0,0.4455623929285265,0.6873097102400761,0.0,0.9962298551666431,0.0,0.0,0.08675295772853746
1788447005598144814,0,0.4455623929285265,0.6873097102400761,0.0,0.9963062796986801,0.0,0.0,0.085870815956152
1788447005610736520,0,0.4455623929285265,0.6873097102400761,0.0,0.9963812169631953,0.0,0.0,0.08499688513670345
1788447005630736698,0,0.4455623929285265,0.6873097102400761,0.0,0.9964553781127727,0.0,0.0,0.08412300178982653
1788447005650723696,0,0.4455623929285265,0.6873097102400761,0.0,0.9965289849424054,0.0,0.0,0.0832465144595211
1788447005670728589,0,0.4455623929285265,0.6873097102400761,0.0,0.9965662988767046,0.0,0.0,0.08279862283387772
1788447005698035121,0,0.4455623929285265,0.6873097102400761,0.0,0.9966747233021247,0.0,0.0,0.08148310211714525
1788447005710763141,0,0.4455623929285265,0.6873097102400761,0.0,0.9967105783431846,0.0,0.0,0.0810433403728807
1788447005730769615,0,0.4455623929285265,0.6873097102400761,0.0,0.9967817139919273,0.0,0.0,0.08016367413807682
1788447005750723134,0,0.4455623929285265,0.6873097102400761,0.0,0.9968523260548453,0.0,0.0,0.07928076714465153
1788447005770763706,0,0.4455623929285265,0.6873097102400761,0.0,0.9969218776105218,0.0,0.0,0.07840133890127038
1788447005797967270,0,0.4455623929285265,0.6873097102400761,0.0,0.9970247967356137,0.0,0.0,0.07708148087775799
1788447005810802469,0,0.4455623929285265,0.6873097102400761,0.0,0.9970586703502157,0.0,0.0,0.07664207642972606
1788447005830732556,0,0.4455623929285265,0.6873097102400761,0.0,0.9971258499524671,0.0,0.0,0.07576304743455156
1788447005850723231,0,0.4455623929285265,0.6873097102400761,0.0,0.9971930213646208,0.0,0.0,0.0748737480142334
1788447005870724178,0,0.4455623929285265,0.6873097102400761,0.0,0.9972585345127339,0.0,0.0,0.07399604949937667
1788447005898074580,0,0.4455623929285265,0.6873097102400761,0.0,0.9973552690653636,0.0,0.0,0.07268058384160105
1788447005910791872,0,0.4455623929285265,0.6873097102400761,0.0,0.9973870600547173,0.0,0.0,0.07224300959544583
1788447005930749072,0,0.4455623929285265,0.6873097102400761,0.0,0.9974500733459993,0.0,0.0,0.0713677180667884
1788447005950725619,0,0.4455623929285265,0.6873097102400761,0.0,0.9975126439195531,0.0,0.0,0.07048776646073301
1788447005970759331,0,0.4455623929285265,0.6873097102400761,0.0,0.9975747342139755,0.0,0.0,0.06960351756855565
1788447005998071195,0,0.4455623929285265,0.6873097102400761,0.0,0.9976666857718798,0.0,0.0,0.06827286504134245
1788447006010724354,0,0.4455623929285265,0.6873097102400761,0.0,0.9976966683295191,0.0,0.0,0.06783331043209875
1788447006030744220,0,0.4455623929285265,0.6873097102400761,0.0,0.9977560514351888,0.0,0.0,0.06695417705013695
1788447006050723777,0,0.4455623929285265,0.6873097102400761,0.0,0.9978148437483886,0.0,0.0,0.06607221500282072
1788447006070735172,0,0.4455623929285265,0.6873097102400761,0.0,0.9978729062219627,0.0,0.0,0.06518943954456236
1788447006098076876,0,0.4455623929285265,0.6873097102400761,0.0,0.9979584379997213,0.0,0.0,0.06386670513778166
1788447006110742039,0,0.4455623929285265,0.6873097102400761,0.0,0.9979865926985548,0.0,0.0,0.0634252378310783
1788447006130726858,0,0.4455623929285265,0.6873097102400761,0.0,0.9980423223734937,0.0,0.0,0.06254216778561039
1788447006150726862,0,0.4455623929285265,0.6873097102400761,0.0,0.9980971657395721,0.0,0.0,0.06166074717868049
1788447006170855468,0,0.4455623929285265,0.6873097102400761,0.0,0.9981511333604646,0.0,0.0,0.06078087669012364
1788447006197965095,0,0.4455623929285265,0.6873097102400761,0.0,0.9982308035281107,0.0,0.0,0.05945807672320526
1788447006210787518,0,0.4455623929285265,0.6873097102400761,0.0,0.9982570726323222,0.0,0.0,0.05901539578403797
1788447006230726017,0,0.4455623929285265,0.6873097102400761,0.0,0.9983091445592359,0.0,0.0,0.05812789252507527
1788447006250730348,0,0.4455623929285265,0.6873097102400761,0.0,0.998360072314644,0.0,0.0,0.05724653708215813
1788447006270727449,0,0.4455623929285265,0.6873097102400761,0.0,0.9984102256357738,0.0,0.0,0.05636507203865918
1788447006298152162,0,0.4455623929285265,0.6873097102400761,0.0,0.9984836795657698,0.0,0.0,0.05504853895246665
1788447006310806786,0,0.4455623929285265,0.6873097102400761,0.0,0.9985088777204912,0.0,0.0,0.05458956963894262
1788447006330733094,0,0.4455623929285265,0.6873097102400761,0.0,0.9985567323226959,0.0,0.0,0.05370709760375919
1788447006350811669,0,0.4455623929285265,0.6873097102400761,0.0,0.9986038606148163,0.0,0.0,0.05282357016696695
1788447006370728393,0,0.4455623929285265,0.6873097102400761,0.0,0.998650592222702,0.0,0.0,0.05193259721260344
1788447006397870806,0,0.4455623929285265,0.6873097102400761,0.0,0.9987188492760739,0.0,0.0,0.05060296533479865
1788447006410746338,0,0.4455623929285265,0.6873097102400761,0.0,0.9987409402394273,0.0,0.0,0.050165070414231926
1788447006430742707,0,0.4455623929285265,0.6873097102400761,0.0,0.9987849195998713,0.0,0.0,0.049281684020319905
1788447006450722010,0,0.4455623929285265,0.6873097102400761,0.0,0.9988282142972246,0.0,0.0,0.048396263531574175
1788447006470727391,0,0.4455623929285265,0.6873097102400761,0.0,0.9988708319581078,0.0,0.0,0.047508536741491914
1788447006497947940,0,0.4455623929285265,0.6873097102400761,0.0,0.9989136918094916,0.0,0.0,0.046598672894536605
1788447006510725766,0,0.4455623929285265,0.6873097102400761,0.0,0.9989543394769288,0.0,0.0,0.04571900742812526
1788447006530754532,0,0.4455623929285265,0.6873097102400761,0.0,0.9989942251344981,0.0,0.0,0.044839024832434723
1788447006550734157,0,0.4455623929285265,0.6873097102400761,0.0,0.9990337005649799,0.0,0.0,0.043950712570357715
1788447006570720540,0,0.4455623929285265,0.6873097102400761,0.0,0.9990720193802954,0.0,0.0,0.043070872888514536
1788447006598038040,0,0.4455623929285265,0.6873097102400761,0.0,0.9991095007890044,0.0,0.0,0.042192480765492514
1788447006610793936,0,0.4455623929285265,0.6873097102400761,0.0,0.9991467686032062,0.0,0.0,0.04130054224548563
1788447006630725636,0,0.4455623929285265,0.6873097102400761,0.0,0.9991832886168139,0.0,0.0,0.04040737245712244
1788447006650725440,0,0.4455623929285265,0.6873097102400761,0.0,0.9992188723928539,0.0,0.0,0.03951765496526298
1788447006670738900,0,0.4455623929285265,0.6873097102400761,0.0,0.9992533262218981,0.0,0.0,0.038636641086835705
1788447006697999868,0,0.4455623929285265,0.6873097102400761,0.0,0.999287012716231,0.0,0.0,0.03775534686201604
1788447006710733595,0,0.4455623929285265,0.6873097102400761,0.0,0.999320387920002,0.0,0.0,0.03686139291205133
1788447006730721340,0,0.4455623929285265,0.6873097102400761,0.0,0.999352728424561,0.0,0.0,0.035973937654718055
1788447006750724540,0,0.4455623929285265,0.6873097102400761,0.0,0.9993841241303428,0.0,0.0,0.035090916719678594
1788447006770737414,0,0.4455623929285265,0.6873097102400761,0.0,0.9994146200907382,0.0,0.0,0.034211359939140144
1788447006798017406,0,0.4455623929285265,0.6873097102400761,0.0,0.9994443817264526,0.0,0.0,0.03333058408472563
1788447006810735790,0,0.4455623929285265,0.6873097102400761,0.0,0.9994589494720346,0.0,0.0,0.03289085465987283
1788447006830743499,0,0.4455623929285265,0.6873097102400761,0.0,0.9994875055672038,0.0,0.0,0.032011345099023016
1788447006851123388,0,0.4455623929285265,0.6873097102400761,0.0,0.9995152727629736,0.0,0.0,0.03113229052862301
1788447006870761895,0,0.4455623929285265,0.6873097102400761,0.0,0.9995431505902334,0.0,0.0,0.0302239988775481
1788447006898095840,0,0.4455623929285265,0.6873097102400761,0.0,0.9995824081480656,0.0,0.0,0.02889652783491243
1788447006910773096,0,0.4455623929285265,0.6873097102400761,0.0,0.9995950290512977,0.0,0.0,0.028456596703319008
1788447006930738908,0,0.4455623929285265,0.6873097102400761,0.0,0.9996204379383278,0.0,0.0,0.027549592664608977
1788447006950725266,0,0.4455623929285265,0.6873097102400761,0.0,0.9996442796629412,0.0,0.0,0.02667047313339998
1788447006970736748,0,0.4455623929285265,0.6873097102400761,0.0,0.9996673282485883,0.0,0.0,0.025792107946604487
1788447006998053559,0,0.4455623929285265,0.6873097102400761,0.0,0.9997004843285269,0.0,0.0,0.024473284072817705
1788447007010772633,0,0.4455623929285265,0.6873097102400761,0.0,0.9997111682638811,0.0,0.0,0.024032895132838458
1788447007030732348,0,0.4455623929285265,0.6873097102400761,0.0,0.9997322580389081,0.0,0.0,0.023138976563928142
1788447007050721252,0,0.4455623929285265,0.6873097102400761,0.0,0.9997522172368267,0.0,0.0,0.022259922058460602
1788447007070780139,0,0.4455623929285265,0.6873097102400761,0.0,0.9997713766791924,0.0,0.0,0.02138210403567353
1788447007098104534,0,0.4455623929285265,0.6873097102400761,0.0,0.9997988194648898,0.0,0.0,0.020057931015253876
1788447007111004810,0,0.4455623929285265,0.6873097102400761,0.0,0.9998075656043623,0.0,0.0,0.01961712925681734
1788447007130726870,0,0.4455623929285265,0.6873097102400761,0.0,0.9998244871870415,0.0,0.0,0.018734855781924763
1788447007150719876,0,0.4455623929285265,0.6873097102400761,0.0,0.9998406039297991,0.0,0.0,0.017854039691186187
1788447007170720832,0,0.4455623929285265,0.6873097102400761,0.0,0.9998559158914871,0.0,0.0,0.01697490668001755
1788447007197913254,0,0.4455623929285265,0.6873097102400761,0.0,0.9998776935414252,0.0,0.0,0.01563962781781818
1788447007210738175,0,0.4455623929285265,0.6873097102400761,0.0,0.9998844842094438,0.0,0.0,0.015199284102041516
1788447007230752141,0,0.4455623929285265,0.6873097102400761,0.0,0.9998975230027067,0.0,0.0,0.014315847619042227
1788447007250717255,0,0.4455623929285265,0.6873097102400761,0.0,0.9999097530537122,0.0,0.0,0.013434498429951229
1788447007270791361,0,0.4455623929285265,0.6873097102400761,0.0,0.999921216044985,0.0,0.0,0.012552358468371331
1788447007297893561,0,0.4455623929285265,0.6873097102400761,0.0,0.9999369235402841,0.0,0.0,0.01123160455108694
1788447007310727510,0,0.4455623929285265,0.6873097102400761,0.0,0.9999417548412306,0.0,0.0,0.010792910869648422
1788447007330788361,0,0.4455623929285265,0.6873097102400761,0.0,0.9999508385078398,0.0,0.0,0.009915672819737492
1788447007350711418,0,0.4455623929285265,0.6873097102400761,0.0,0.9999592258745145,0.0,0.0,0.009030314969137367
1788447007370715170,0,0.4455623929285265,0.6873097102400761,0.0,0.9999668633390579,0.0,0.0,0.00814077538357571
1788447007397915944,0,0.4455623929285265,0.6873097102400761,0.0,0.9999768100816435,0.0,0.0,0.0068102348667763105
1788447007410727469,0,0.4455623929285265,0.6873097102400761,0.0,0.9999797163212137,0.0,0.0,0.006369218644776736
1788447007430720446,0,0.4455623929285265,0.6873097102400761,0.0,0.9999849460267933,0.0,0.0,0.005487050190324693
1788447007450712316,0,0.4455623929285265,0.6873097102400761,0.0,0.999989403390999,0.0,0.0,0.004603597040791002
1788447007470722498,0,0.4455623929285265,0.6873097102400761,0.0,0.9999930781109804,0.0,0.0,0.003720716345894354
1788447007498110999,0,0.4455623929285265,0.6873097102400761,0.0,0.9999971277809301,0.0,0.0,0.0023967540320468544
1788447007510718363,0,0.4455623929285265,0.6873097102400761,0.0,0.999998107416048,0.0,0.0,0.0019455498765473937
1788447007530729996,0,0.4455623929285265,0.6873097102400761,0.0,0.9999994425744911,0.0,0.0,0.0010558649094255432
1788447007550713377,0,0.4455623929285265,0.6873097102400761,0.0,0.9999999845256865,0.0,0.0,0.00017592221783076234
1788447007570756481,0,0.4455623929285265,0.6873097102400761,0.0,0.9999997541485319,0.0,0.0,-0.0007012152848852094
1788447007597970130,0,0.4455623929285265,0.6873097102400761,0.0,0.9999987541711901,0.0,0.0,-0.0015784980417160783
1788447007610732679,0,0.4455623929285265,0.6873097102400761,0.0,0.9999969544801292,0.0,0.0,-0.0024680013100691865
1788447007630751123,0,0.4455623929285265,0.6873097102400761,0.0,0.9999943624662185,0.0,0.0,-0.003357832006098543
1788447007650724502,0,0.4455623929285265,0.6873097102400761,0.0,0.999991004722219,0.0,0.0,-0.004241517964938451
1788447007670724085,0,0.4455623929285265,0.6873097102400761,0.0,0.999986914166323,0.0,0.0,-0.005115808451740648
1788447007697867512,0,0.4455623929285265,0.6873097102400761,0.0,0.9999820225865086,0.0,0.0,-0.005996207451006244
1788447007710731246,0,0.4455623929285265,0.6873097102400761,0.0,0.9999763668187788,0.0,0.0,-0.006875013011995303
1788447007730741060,0,0.4455623929285265,0.6873097102400761,0.0,0.9999699407789168,0.0,0.0,-0.007753550064952228
1788447007750723949,0,0.4455623929285265,0.6873097102400761,0.0,0.9999627378524365,0.0,0.0,-0.008632665095986517
1788447007770740185,0,0.4455623929285265,0.6873097102400761,0.0,0.9999547341528148,0.0,0.0,-0.0095147067938807
1788447007798124216,0,0.4455623929285265,0.6873097102400761,0.0,0.9999459442853562,0.0,0.0,-0.010397524093134953
1788447007810751127,0,0.4455623929285265,0.6873097102400761,0.0,0.9999363539676198,0.0,0.0,-0.01128219898526054
1788447007830742728,0,0.4455623929285265,0.6873097102400761,0.0,0.9999259795753949,0.0,0.0,-0.012166978679487725
1788447007850725024,0,0.4455623929285265,0.6873097102400761,0.0,0.9999148289057672,0.0,0.0,-0.01305124263624606
1788447007870869121,0,0.4455623929285265,0.6873097102400761,0.0,0.9999029039289994,0.0,0.0,-0.013934945796603789
1788447007898285042,0,0.4455623929285265,0.6873097102400761,0.0,0.9998901587348473,0.0,0.0,-0.014821284195433335
1788447007910728122,0,0.4455623929285265,0.6873097102400761,0.0,0.9998766592879016,0.0,0.0,-0.0157056108211513
1788447007930724780,0,0.4455623929285265,0.6873097102400761,0.0,0.9998624194158899,0.0,0.0,-0.01658741208878098
1788447007950714115,0,0.4455623929285265,0.6873097102400761,0.0,0.9998473291667055,0.0,0.0,-0.017473361388289102
1788447007970736036,0,0.4455623929285265,0.6873097102400761,0.0,0.9998315520683303,0.0,0.0,-0.018353950218787957
1788447007998133336,0,0.4455623929285265,0.6873097102400761,0.0,0.9998149615660373,0.0,0.0,-0.019236492110132467
1788447008010711100,0,0.4455623929285265,0.6873097102400761,0.0,0.9998063515796971,0.0,0.0,-0.019678905988267728
1788447008030742425,0,0.4455623929285265,0.6873097102400761,0.0,0.999788387121393,0.0,0.0,-0.020571363037088345
1788447008050727416,0,0.4455623929285265,0.6873097102400761,0.0,0.9997697991355179,0.0,0.0,-0.02145573901141882
1788447008070726980,0,0.4455623929285265,0.6873097102400761,0.0,0.9997505239143418,0.0,0.0,-0.02233584412998739
1788447008097897585,0,0.4455623929285265,0.6873097102400761,0.0,0.9997201545388554,0.0,0.0,-0.02365613258347573
1788447008111023381,0,0.4455623929285265,0.6873097102400761,0.0,0.9997095977446879,0.0,0.0,-0.024098136383425155
1788447008130749922,0,0.4455623929285265,0.6873097102400761,0.0,0.9996879013846884,0.0,0.0,-0.024981990014355346
1788447008150730612,0,0.4455623929285265,0.6873097102400761,0.0,0.9996654351967313,0.0,0.0,-0.025865375947968682
1788447008170737334,0,0.4455623929285265,0.6873097102400761,0.0,0.9996422484480186,0.0,0.0,-0.026746497299454046
1788447008198189938,0,0.4455623929285265,0.6873097102400761,0.0,0.9996061014495736,0.0,0.0,-0.028064959376145823
1788447008210804350,0,0.4455623929285265,0.6873097102400761,0.0,0.9995936727714507,0.0,0.0,-0.028504198906157616
1788447008230725586,0,0.4455623929285265,0.6873097102400761,0.0,0.9995682404847158,0.0,0.0,-0.02938252225880599
1788447008250721057,0,0.4455623929285265,0.6873097102400761,0.0,0.9995419817244925,0.0,0.0,-0.030262629929904205
1788447008270726727,0,0.4455623929285265,0.6873097102400761,0.0,0.9995147336297023,0.0,0.0,-0.03114959481510366
1788447008297924662,0,0.4455623929285265,0.6873097102400761,0.0,0.9994725332539167,0.0,0.0,-0.032475456440186456
1788447008310750373,0,0.4455623929285265,0.6873097102400761,0.0,0.9994581684594376,0.0,0.0,-0.032914578832283006
1788447008330722865,0,0.4455623929285265,0.6873097102400761,0.0,0.9994288603482482,0.0,0.0,-0.03379279661409707
1788447008350727363,0,0.4455623929285265,0.6873097102400761,0.0,0.9993987338268198,0.0,0.0,-0.034672335158588016
1788447008370741556,0,0.4455623929285265,0.6873097102400761,0.0,0.9993678032944626,0.0,0.0,-0.03555268960852693
1788447008398160188,0,0.4455623929285265,0.6873097102400761,0.0,0.9993197594428685,0.0,0.0,-0.03687842712274197
1788447008410722876,0,0.4455623929285265,0.6873097102400761,0.0,0.999303483213091,0.0,0.0,-0.037316865331690506
1788447008430743836,0,0.4455623929285265,0.6873097102400761,0.0,0.999270350288757,0.0,0.0,-0.03819380884102818
1788447008450710027,0,0.4455623929285265,0.6873097102400761,0.0,0.9992363874583416,0.0,0.0,-0.039072266112971175
1788447008470719113,0,0.4455623929285265,0.6873097102400761,0.0,0.9992015313994183,0.0,0.0,-0.039953718838893565
1788447008497961296,0,0.4455623929285265,0.6873097102400761,0.0,0.9991472881507406,0.0,0.0,-0.041287971384181506
1788447008510737819,0,0.4455623929285265,0.6873097102400761,0.0,0.999128852864793,0.0,0.0,-0.04173170704731315
1788447008530750782,0,0.4455623929285265,0.6873097102400761,0.0,0.9990913992225868,0.0,0.0,-0.04261896290917501
1788447008550719945,0,0.4455623929285265,0.6873097102400761,0.0,0.9990533467953587,0.0,0.0,-0.04350184199539837
1788447008570724133,0,0.4455623929285265,0.6873097102400761,0.0,0.999014688968856,0.0,0.0,-0.04438075286044331
1788447008598315769,0,0.4455623929285265,0.6873097102400761,0.0,0.9989551596495022,0.0,0.0,-0.04570108324358898
1788447008610798705,0,0.4455623929285265,0.6873097102400761,0.0,0.9989348953840981,0.0,0.0,-0.04614189835671101
1788447008630716365,0,0.4455623929285265,0.6873097102400761,0.0,0.9988937799871653,0.0,0.0,-0.04702357178003998
1788447008650723084,0,0.4455623929285265,0.6873097102400761,0.0,0.9988518528515088,0.0,0.0,-0.047905908352809716
1788447008670726081,0,0.4455623929285265,0.6873097102400761,0.0,0.9988089513189062,0.0,0.0,-0.048792199840003714
1788447008697988336,0,0.4455623929285265,0.6873097102400761,0.0,0.9987433874650085,0.0,0.0,-0.0501163246349921
1788447008710780774,0,0.4455623929285265,0.6873097102400761,0.0,0.9987207319198909,0.0,0.0,-0.050565795093100746
1788447008730731932,0,0.4455623929285265,0.6873097102400761,0.0,0.9986753499499446,0.0,0.0,-0.05145430402168293
1788447008750725840,0,0.4455623929285265,0.6873097102400761,0.0,0.998629496518282,0.0,0.0,-0.05233668582975464
1788447008770777819,0,0.4455623929285265,0.6873097102400761,0.0,0.9985825528885311,0.0,0.0,-0.05322485384314238
1788447008798057350,0,0.4455623929285265,0.6873097102400761,0.0,0.9985110371784768,0.0,0.0,-0.054550056212277494
1788447008810947073,0,0.4455623929285265,0.6873097102400761,0.0,0.9984870603566026,0.0,0.0,-0.05498718305596443
1788447008830754055,0,0.4455623929285265,0.6873097102400761,0.0,0.9984385185159887,0.0,0.0,-0.05586165718628081
1788447008850731343,0,0.4455623929285265,0.6873097102400761,0.0,0.9983889816741797,0.0,0.0,-0.0567401204756781
1788447008870729126,0,0.4455623929285265,0.6873097102400761,0.0,0.9983382828507201,0.0,0.0,-0.057625280864179576
1788447008898101988,0,0.4455623929285265,0.6873097102400761,0.0,0.9982607671474688,0.0,0.0,-0.058952869091732786
1788447008910731410,0,0.4455623929285265,0.6873097102400761,0.0,0.9982346195106958,0.0,0.0,-0.059393976212545635
1788447008930760590,0,0.4455623929285265,0.6873097102400761,0.0,0.9981817767046887,0.0,0.0,-0.060275539439071296
1788447008950732780,0,0.4455623929285265,0.6873097102400761,0.0,0.9981283195631255,0.0,0.0,-0.06115437585399085
1788447008970793500,0,0.4455623929285265,0.6873097102400761,0.0,0.9980740903506641,0.0,0.0,-0.06203313768216588
1788447008998559419,0,0.4455623929285265,0.6873097102400761,0.0,0.997991392122355,0.0,0.0,-0.06334967442444991
1788447009010765609,0,0.4455623929285265,0.6873097102400761,0.0,0.9979630807931421,0.0,0.0,-0.06379411707877632
1788447009030761749,0,0.4455623929285265,0.6873097102400761,0.0,0.9979062785067992,0.0,0.0,-0.06467657471380496
1788447009050742576,0,0.4455623929285265,0.6873097102400761,0.0,0.9978486301900131,0.0,0.0,-0.06555998190904573
1788447009070721474,0,0.4455623929285265,0.6873097102400761,0.0,0.9977904407241852,0.0,0.0,-0.0664397200433316
1788447009098055716,0,0.4455623929285265,0.6873097102400761,0.0,0.997731416559145,0.0,0.0,-0.06732028231433566
1788447009111036971,0,0.4455623929285265,0.6873097102400761,0.0,0.9976706708316789,0.0,0.0,-0.06821460666358607
1788447009130718718,0,0.4455623929285265,0.6873097102400761,0.0,0.9976101152378894,0.0,0.0,-0.06909455821586012
1788447009150720131,0,0.4455623929285265,0.6873097102400761,0.0,0.9975485859774044,0.0,0.0,-0.06997727212803448
1788447009170716766,0,0.4455623929285265,0.6873097102400761,0.0,0.9974863387741938,0.0,0.0,-0.07085904288694711
1788447009198085180,0,0.4455623929285265,0.6873097102400761,0.0,0.9974232850380098,0.0,0.0,-0.07174113508988424
1788447009210891007,0,0.4455623929285265,0.6873097102400761,0.0,0.9973589984245445,0.0,0.0,-0.07262938979221528
1788447009230764054,0,0.4455623929285265,0.6873097102400761,0.0,0.9972946488484705,0.0,0.0,-0.07350770965147735
1788447009250720531,0,0.4455623929285265,0.6873097102400761,0.0,0.9972294666600605,0.0,0.0,-0.07438676511914803
1788447009270723255,0,0.4455623929285265,0.6873097102400761,0.0,0.997163428231716,0.0,0.0,-0.0752668412859961
1788447009298041688,0,0.4455623929285265,0.6873097102400761,0.0,0.9970964587046847,0.0,0.0,-0.07614888074408575
1788447009310786181,0,0.4455623929285265,0.6873097102400761,0.0,0.997062686993403,0.0,0.0,-0.07658980484043126
1788447009330756968,0,0.4455623929285265,0.6873097102400761,0.0,0.9969938384994945,0.0,0.0,-0.07748087502115562
1788447009350722050,0,0.4455623929285265,0.6873097102400761,0.0,0.996924912096595,0.0,0.0,-0.07836274396163233
1788447009370776044,0,0.4455623929285265,0.6873097102400761,0.0,0.996855977831443,0.0,0.0,-0.07923483742469366
1788447009398149955,0,0.4455623929285265,0.6873097102400761,0.0,0.9967511166842119,0.0,0.0,-0.08054322683364924
1788447009410722988,0,0.4455623929285265,0.6873097102400761,0.0,0.9967249749498555,0.0,0.0,-0.08086608875919539
1788447009430760702,0,0.4455623929285265,0.6873097102400761,0.0,0.9966723814884818,0.0,0.0,-0.08151174135103563
1788447009450726878,0,0.4455623929285265,0.6873097102400761,0.0,0.9966222535621776,0.0,0.0,-0.08212237030582233
1788447009470788486,0,0.4455623929285265,0.6873097102400761,0.0,0.9965917462516407,0.0,0.0,-0.08249176506237056
1788447009497953386,0,0.4455623929285265,0.6873097102400761,0.0,0.9965556438481301,0.0,0.0,-0.08292676717706372
1788447009510780055,0,0.4455623929285265,0.6873097102400761,0.0,0.9965500777221399,0.0,0.0,-0.08299362982781891
1788447009530720600,0,0.4455623929285265,0.6873097102400761,0.0,0.9965389291138188,0.0,0.0,-0.08312738875174189
1788447009550722382,0,0.4455623929285265,0.6873097102400761,0.0,0.9965345176555992,0.0,0.0,-0.08318025679764526
1788447009571101403,0,0.4455623929285265,0.6873097102400761,0.0,0.996536829545837,0.0,0.0,-0.08315255473364204
1788447009597953247,0,0.4455623929285265,0.6873097102400761,0.0,0.9965458034642256,0.0,0.0,-0.08304493721980236
1788447009610804475,0,0.4455623929285265,0.6873097102400761,0.0,0.9965524467465883,0.0,0.0,-0.08296517874017029
1788447009630740086,0,0.4455623929285265,0.6873097102400761,0.0,0.9965657163358143,0.0,0.0,-0.08280563401173544
1788447009650724678,0,0.4455623929285265,0.6873097102400761,0.0,0.9965799277327602,0.0,0.0,-0.08263442164235492
1788447009670755856,0,0.4455623929285265,0.6873097102400761,0.0,0.9965950788190354,0.0,0.0,-0.08245149406578757
1788447009698040222,0,0.4455623929285265,0.6873097102400761,0.0,0.9966175933368705,0.0,0.0,-0.08217890636546743
1788447009710725962,0,0.4455623929285265,0.6873097102400761,0.0,0.996624762641217,0.0,0.0,-0.08209191489018798
1788447009730769667,0,0.4455623929285265,0.6873097102400761,0.0,0.9966390766815042,0.0,0.0,-0.08191795182643963
1788447009750720992,0,0.4455623929285265,0.6873097102400761,0.0,0.9966534072415321,0.0,0.0,-0.08174341462065854
1788447009770779813,0,0.4455623929285265,0.6873097102400761,0.0,0.9966677531803216,0.0,0.0,-0.08156831351995442
1788447009798038281,0,0.4455623929285265,0.6873097102400761,0.0,0.9966960125991244,0.0,0.0,-0.08122227815695653
1788447009810724833,0,0.4455623929285265,0.6873097102400761,0.0,0.9967099292815325,0.0,0.0,-0.08105132245437226
1788447009830777154,0,0.4455623929285265,0.6873097102400761,0.0,0.9967378045787296,0.0,0.0,-0.08070779964522751
1788447009850726534,0,0.4455623929285265,0.6873097102400761,0.0,0.9967665607419703,0.0,0.0,-0.0803518723280542
1788447009870724930,0,0.4455623929285265,0.6873097102400761,0.0,0.9967958304669862,0.0,0.0,-0.0799879513653862
1788447009898040365,0,0.4455623929285265,0.6873097102400761,0.0,0.9968388974769681,0.0,0.0,-0.07944943345866377
1788447009910744389,0,0.4455623929285265,0.6873097102400761,0.0,0.9968527992626709,0.0,0.0,-0.07927481694824076
1788447009930727554,0,0.4455623929285265,0.6873097102400761,0.0,0.9968805599399524,0.0,0.0,-0.07892495938425993
1788447009950727313,0,0.4455623929285265,0.6873097102400761,0.0,0.9969079510635722,0.0,0.0,-0.0785782228497842
1788447009970721287,0,0.4455623929285265,0.6873097102400761,0.0,0.9969350732758552,0.0,0.0,-0.07823336674632729
1788447009998027244,0,0.4455623929285265,0.6873097102400761,0.0,0.996976243194774,0.0,0.0,-0.07770695274706736
1788447010010740837,0,0.4455623929285265,0.6873097102400761,0.0,0.9969899190318581,0.0,0.0,-0.07753129270719762
1788447010030752181,0,0.4455623929285265,0.6873097102400761,0.0,0.9970173961782144,0.0,0.0,-0.07717714504964168
1788447010050727449,0,0.4455623929285265,0.6873097102400761,0.0,0.9970448030518131,0.0,0.0,-0.07682226700229022
1788447010070744815,0,0.4455623929285265,0.6873097102400761,0.0,0.997073008204328,0.0,0.0,-0.0764553223155341
1788447010098123939,0,0.4455623929285265,0.6873097102400761,0.0,0.9971135830152724,0.0,0.0,-0.07592432131040361
1788447010110736327,0,0.4455623929285265,0.6873097102400761,0.0,0.9971268173036335,0.0,0.0,-0.07575031494275268
1788447010130736878,0,0.4455623929285265,0.6873097102400761,0.0,0.9971531881187199,0.0,0.0,-0.07540238341506775
1788447010150722934,0,0.4455623929285265,0.6873097102400761,0.0,0.9971795573400618,0.0,0.0,-0.07505285086576266
1788447010170722357,0,0.4455623929285265,0.6873097102400761,0.0,0.99720592825187,0.0,0.0,-0.07470165098126119
1788447010198449970,0,0.4455623929285265,0.6873097102400761,0.0,0.9972321700003128,0.0,0.0,-0.07435051524009154
1788447010210725597,0,0.4455623929285265,0.6873097102400761,0.0,0.9972586306719309,0.0,0.0,-0.07399475353256726
1788447010230734503,0,0.4455623929285265,0.6873097102400761,0.0,0.9972848886776916,0.0,0.0,-0.07364000825043522
1788447010250724560,0,0.4455623929285265,0.6873097102400761,0.0,0.9973109878705773,0.0,0.0,-0.07328569759928116
1788447010270730424,0,0.4455623929285265,0.6873097102400761,0.0,0.9973369921918691,0.0,0.0,-0.07293095368686493
1788447010297955070,0,0.4455623929285265,0.6873097102400761,0.0,0.9973629427227435,0.0,0.0,-0.07257520570711158
1788447010310742003,0,0.4455623929285265,0.6873097102400761,0.0,0.9973886701191745,0.0,0.0,-0.07222077760523227
1788447010330725980,0,0.4455623929285265,0.6873097102400761,0.0,0.9974139495432465,0.0,0.0,-0.07187080948856847
1788447010350726225,0,0.4455623929285265,0.6873097102400761,0.0,0.9974393381037957,0.0,0.0,-0.0715175978557853
1788447010370723697,0,0.4455623929285265,0.6873097102400761,0.0,0.9974645760055321,0.0,0.0,-0.07116473574815145
1788447010398497359,0,0.4455623929285265,0.6873097102400761,0.0,0.9974896890386481,0.0,0.0,-0.07081186525986466
1788447010410787690,0,0.4455623929285265,0.6873097102400761,0.0,0.9975023676414418,0.0,0.0,-0.07063304148709643
1788447010430722777,0,0.4455623929285265,0.6873097102400761,0.0,0.9975273761676774,0.0,0.0,-0.07027897122204528
1788447010450726538,0,0.4455623929285265,0.6873097102400761,0.0,0.9975525152914313,0.0,0.0,-0.06992123594258555
1788447010470729819,0,0.4455623929285265,0.6873097102400761,0.0,0.9975771221082754,0.0,0.0,-0.06956928522107195
1788447010498049157,0,0.4455623929285265,0.6873097102400761,0.0,0.9976144060622388,0.0,0.0,-0.0690325779403201
1788447010510766640,0,0.4455623929285265,0.6873097102400761,0.0,0.9976266215099895,0.0,0.0,-0.06885582077474842
1788447010530741656,0,0.4455623929285265,0.6873097102400761,0.0,0.9976505215620438,0.0,0.0,-0.06850866242295203
1788447010550722233,0,0.4455623929285265,0.6873097102400761,0.0,0.9976744202591219,0.0,0.0,-0.06815974736327138
1788447010570732387,0,0.4455623929285265,0.6873097102400761,0.0,0.9976983363526655,0.0,0.0,-0.06780877258234044
1788447010598012187,0,0.4455623929285265,0.6873097102400761,0.0,0.9977341240143082,0.0,0.0,-0.0672801440055028
1788447010610745448,0,0.4455623929285265,0.6873097102400761,0.0,0.9977460863287173,0.0,0.0,-0.0671025127378084
1788447010630744677,0,0.4455623929285265,0.6873097102400761,0.0,0.9977699204793813,0.0,0.0,-0.06674717811689956
1788447010650726711,0,0.4455623929285265,0.6873097102400761,0.0,0.997793600715087,0.0,0.0,-0.06639224632456266
1788447010670726852,0,0.4455623929285265,0.6873097102400761,0.0,0.9978171483239966,0.0,0.0,-0.06603740236083971
1788447010698533441,0,0.4455623929285265,0.6873097102400761,0.0,0.997852055612362,0.0,0.0,-0.06550782480119181
1788447010710758283,0,0.4455623929285265,0.6873097102400761,0.0,0.9978635013517966,0.0,0.0,-0.06533324322221457
1788447010730727893,0,0.4455623929285265,0.6873097102400761,0.0,0.9978863931034178,0.0,0.0,-0.06498266275747022
1788447010750713422,0,0.4455623929285265,0.6873097102400761,0.0,0.9979094656985801,0.0,0.0,-0.06462738018188868
1788447010770725079,0,0.4455623929285265,0.6873097102400761,0.0,0.9979321027739146,0.0,0.0,-0.06427688739533918
1788447010798005989,0,0.4455623929285265,0.6873097102400761,0.0,0.9979658977718014,0.0,0.0,-0.06375003438840103
1788447010810766131,0,0.4455623929285265,0.6873097102400761,0.0,0.9979771463522672,0.0,0.0,-0.06357370021153043
1788447010830728014,0,0.4455623929285265,0.6873097102400761,0.0,0.9979995629138247,0.0,0.0,-0.06322082270751239
1788447010850719135,0,0.4455623929285265,0.6873097102400761,0.0,0.9980220568336281,0.0,0.0,-0.06286472837429832
1788447010870721904,0,0.4455623929285265,0.6873097102400761,0.0,0.9980442541928337,0.0,0.0,-0.06251133235398537
1788447010898065333,0,0.4455623929285265,0.6873097102400761,0.0,0.998077278576798,0.0,0.0,-0.061981819824307435
1788447010910729489,0,0.4455623929285265,0.6873097102400761,0.0,0.9980881995133238,0.0,0.0,-0.061805711647480686
1788447010930748075,0,0.4455623929285265,0.6873097102400761,0.0,0.9981099466246108,0.0,0.0,-0.06145351453754642
1788447010950723418,0,0.4455623929285265,0.6873097102400761,0.0,0.9981317497365987,0.0,0.0,-0.061098364689702964
1788447010970741070,0,0.4455623929285265,0.6873097102400761,0.0,0.9981533806979903,0.0,0.0,-0.06074395938011271
1788447010997996233,0,0.4455623929285265,0.6873097102400761,0.0,0.9981855522216897,0.0,0.0,-0.0602129831172673
1788447011010730371,0,0.4455623929285265,0.6873097102400761,0.0,0.9981962998221434,0.0,0.0,-0.06003454856481773
1788447011030748814,0,0.4455623929285265,0.6873097102400761,0.0,0.9982174977316823,0.0,0.0,-0.05968104575406445
1788447011050725949,0,0.4455623929285265,0.6873097102400761,0.0,0.9982386051472113,0.0,0.0,-0.05932695166406224
1788447011070731459,0,0.4455623929285265,0.6873097102400761,0.0,0.9982596868635301,0.0,0.0,-0.05897115890947722
1788447011098093398,0,0.4455623929285265,0.6873097102400761,0.0,0.9982907840299994,0.0,0.0,-0.058442369226179215
1788447011110726584,0,0.4455623929285265,0.6873097102400761,0.0,0.9983009883518503,0.0,0.0,-0.05826780119172844
1788447011130752570,0,0.4455623929285265,0.6873097102400761,0.0,0.9983212666234564,0.0,0.0,-0.05791932844342798
1788447011150729539,0,0.4455623929285265,0.6873097102400761,0.0,0.9983418026586932,0.0,0.0,-0.05756426898859126
1788447011170724860,0,0.4455623929285265,0.6873097102400761,0.0,0.9983620017316817,0.0,0.0,-0.057212878780128
1788447011197879528,0,0.4455623929285265,0.6873097102400761,0.0,0.9983822455404961,0.0,0.0,-0.05685852433467143
1788447011210841713,0,0.4455623929285265,0.6873097102400761,0.0,0.9984023955771453,0.0,0.0,-0.056503597282097286
1788447011230725402,0,0.4455623929285265,0.6873097102400761,0.0,0.9984224559639971,0.0,0.0,-0.05614801356076815
1788447011250723846,0,0.4455623929285265,0.6873097102400761,0.0,0.9984426848038318,0.0,0.0,-0.05578714154458989
1788447011270721157,0,0.4455623929285265,0.6873097102400761,0.0,0.9984626824388881,0.0,0.0,-0.0554280775143785
1788447011298023660,0,0.4455623929285265,0.6873097102400761,0.0,0.998482502676138,0.0,0.0,-0.05506988151064002
1788447011310770365,0,0.4455623929285265,0.6873097102400761,0.0,0.998501929584283,0.0,0.0,-0.054716511369636296
1788447011330721628,0,0.4455623929285265,0.6873097102400761,0.0,0.9985210862560747,0.0,0.0,-0.054365800849326726
1788447011350721754,0,0.4455623929285265,0.6873097102400761,0.0,0.9985401795387866,0.0,0.0,-0.05401397825237362
1788447011370725736,0,0.4455623929285265,0.6873097102400761,0.0,0.9985590334786941,0.0,0.0,-0.053664295934040776
1788447011398008625,0,0.4455623929285265,0.6873097102400761,0.0,0.9985777668813053,0.0,0.0,-0.053314571088451515
1788447011410724843,0,0.4455623929285265,0.6873097102400761,0.0,0.9985965444504411,0.0,0.0,-0.05296169759022276
1788447011430743011,0,0.4455623929285265,0.6873097102400761,0.0,0.9986152011586547,0.0,0.0,-0.05260874466150838
1788447011450711289,0,0.4455623929285265,0.6873097102400761,0.0,0.9986245001195982,0.0,0.0,-0.05243193455216416
1788447011470730378,0,0.4455623929285265,0.6873097102400761,0.0,0.9986430431081367,0.0,0.0,-0.0520775618834091
1788447011498041683,0,0.4455623929285265,0.6873097102400761,0.0,0.9986707833860853,0.0,0.0,-0.05154285994221441
1788447011510814620,0,0.4455623929285265,0.6873097102400761,0.0,0.9986798943625376,0.0,0.0,-0.05136602569822487
1788447011530735494,0,0.4455623929285265,0.6873097102400761,0.0,0.9986981120908174,0.0,0.0,-0.05101059601923172
1788447011550732863,0,0.4455623929285265,0.6873097102400761,0.0,0.9987161518125467,0.0,0.0,-0.05065617542549246
1788447011570736144,0,0.4455623929285265,0.6873097102400761,0.0,0.9987338357506691,0.0,0.0,-0.0503063149788929
1788447011598037538,0,0.4455623929285265,0.6873097102400761,0.0,0.9987601170124422,0.0,0.0,-0.04978181058672864
1788447011610734752,0,0.4455623929285265,0.6873097102400761,0.0,0.9987689286030839,0.0,0.0,-0.04960471002886645
1788447011630725726,0,0.4455623929285265,0.6873097102400761,0.0,0.998786842759974,0.0,0.0,-0.04924269214373806
1788447011650730734,0,0.4455623929285265,0.6873097102400761,0.0,0.9988041561478892,0.0,0.0,-0.04889026141986703
1788447011670781618,0,0.4455623929285265,0.6873097102400761,0.0,0.9988212681862321,0.0,0.0,-0.04853940892560459
1788447011698274228,0,0.4455623929285265,0.6873097102400761,0.0,0.9988467681720191,0.0,0.0,-0.04801180805085977
1788447011710763286,0,0.4455623929285265,0.6873097102400761,0.0,0.9988552567466846,0.0,0.0,-0.04783488339606136
1788447011730755159,0,0.4455623929285265,0.6873097102400761,0.0,0.9988721359709277,0.0,0.0,-0.04748111183277515
1788447011750726112,0,0.4455623929285265,0.6873097102400761,0.0,0.9988887300692113,0.0,0.0,-0.04713072183531919
1788447011770731863,0,0.4455623929285265,0.6873097102400761,0.0,0.9989050486149772,0.0,0.0,-0.04678358527849402
1788447011797896866,0,0.4455623929285265,0.6873097102400761,0.0,0.9989295250135899,0.0,0.0,-0.04625801612827544
1788447011810747599,0,0.4455623929285265,0.6873097102400761,0.0,0.998937771531115,0.0,0.0,-0.046079589933614405
1788447011830744796,0,0.4455623929285265,0.6873097102400761,0.0,0.9989542123076357,0.0,0.0,-0.045721785975955075
1788447011850731980,0,0.4455623929285265,0.6873097102400761,0.0,0.9989704073951412,0.0,0.0,-0.04536656421623252
1788447011870766119,0,0.4455623929285265,0.6873097102400761,0.0,0.9989864078277171,0.0,0.0,-0.04501285344736684
1788447011898080923,0,0.4455623929285265,0.6873097102400761,0.0,0.9990101121894793,0.0,0.0,-0.04448365703451135
1788447011910737400,0,0.4455623929285265,0.6873097102400761,0.0,0.9990179690235782,0.0,0.0,-0.04430685689602569
1788447011930745440,0,0.4455623929285265,0.6873097102400761,0.0,0.9990335957501761,0.0,0.0,-0.04395309502723991
1788447011950748051,0,0.4455623929285265,0.6873097102400761,0.0,0.9990491587622188,0.0,0.0,-0.04359791711197759
1788447011970743756,0,0.4455623929285265,0.6873097102400761,0.0,0.9990644825714773,0.0,0.0,-0.043245342687813805
1788447011998056830,0,0.4455623929285265,0.6873097102400761,0.0,0.9990871984529757,0.0,0.0,-0.04271732537723455
1788447012010800265,0,0.4455623929285265,0.6873097102400761,0.0,0.999094959164666,0.0,0.0,-0.04253542725487241
1788447012030773012,0,0.4455623929285265,0.6873097102400761,0.0,0.9991100122234732,0.0,0.0,-0.042180368357936725
1788447012050724525,0,0.4455623929285265,0.6873097102400761,0.0,0.9991249815900111,0.0,0.0,-0.04182428914829351
1788447012070726730,0,0.4455623929285265,0.6873097102400761,0.0,0.9991398300871565,0.0,0.0,-0.04146805919509837
1788447012098057526,0,0.4455623929285265,0.6873097102400761,0.0,0.9991618041110248,0.0,0.0,-0.040935182979949344
1788447012111107237,0,0.4455623929285265,0.6873097102400761,0.0,0.9991690771708956,0.0,0.0,-0.04075727205617273
1788447012130733081,0,0.4455623929285265,0.6873097102400761,0.0,0.9991835360139378,0.0,0.0,-0.04040125441968151
1788447012150723577,0,0.4455623929285265,0.6873097102400761,0.0,0.9991979246026973,0.0,0.0,-0.040043819369065904
1788447012170732270,0,0.4455623929285265,0.6873097102400761,0.0,0.9992118879178895,0.0,0.0,-0.03969386657365434
1788447012198129228,0,0.4455623929285265,0.6873097102400761,0.0,0.9992325185195893,0.0,0.0,-0.03917108542022539
1788447012210723524,0,0.4455623929285265,0.6873097102400761,0.0,0.9992393862188295,0.0,0.0,-0.038995500112410174
1788447012230791169,0,0.4455623929285265,0.6873097102400761,0.0,0.9992530713040294,0.0,0.0,-0.03864323342403426
1788447012250727351,0,0.4455623929285265,0.6873097102400761,0.0,0.9992665938002243,0.0,0.0,-0.038291964103420055
1788447012270724498,0,0.4455623929285265,0.6873097102400761,0.0,0.9992800666239098,0.0,0.0,-0.037938746000815135
1788447012297912691,0,0.4455623929285265,0.6873097102400761,0.0,0.9992932923860193,0.0,0.0,-0.0375887721575175
1788447012310723347,0,0.4455623929285265,0.6873097102400761,0.0,0.9993066166032037,0.0,0.0,-0.037232862004651986
1788447012330811848,0,0.4455623929285265,0.6873097102400761,0.0,0.999319737099277,0.0,0.0,-0.03687903257722302
1788447012350723916,0,0.4455623929285265,0.6873097102400761,0.0,0.999332670874271,0.0,0.0,-0.03652687946288068
1788447012370727337,0,0.4455623929285265,0.6873097102400761,0.0,0.9993454645216443,0.0,0.0,-0.03617516468544363
1788447012398148944,0,0.4455623929285265,0.6873097102400761,0.0,0.9993582178890555,0.0,0.0,-0.03582111580633691
1788447012410738409,0,0.4455623929285265,0.6873097102400761,0.0,0.9993710504631799,0.0,0.0,-0.035461295747904485
1788447012430928090,0,0.4455623929285265,0.6873097102400761,0.0,0.999383610873144,0.0,0.0,-0.03510553116185861
1788447012450736974,0,0.4455623929285265,0.6873097102400761,0.0,0.9993959986911736,0.0,0.0,-0.034751083437380974
1788447012470726824,0,0.4455623929285265,0.6873097102400761,0.0,0.9994081854227318,0.0,0.0,-0.034398821346703676
1788447012498033746,0,0.4455623929285265,0.6873097102400761,0.0,0.9994202348223027,0.0,0.0,-0.03404694153273465
1788447012510745474,0,0.4455623929285265,0.6873097102400761,0.0,0.9994321206170819,0.0,0.0,-0.033696235380865476
1788447012530750756,0,0.4455623929285265,0.6873097102400761,0.0,0.9994438802118358,0.0,0.0,-0.03334561900924321
1788447012550731866,0,0.4455623929285265,0.6873097102400761,0.0,0.9994498267710074,0.0,0.0,-0.03316690771542344
1788447012570727324,0,0.4455623929285265,0.6873097102400761,0.0,0.999461396054765,0.0,0.0,-0.032816425708175855
1788447012598974459,0,0.4455623929285265,0.6873097102400761,0.0,0.9994786526515539,0.0,0.0,-0.03228657451379044
1788447012610737687,0,0.4455623929285265,0.6873097102400761,0.0,0.9994843468902372,0.0,0.0,-0.03210981658925837
1788447012630739265,0,0.4455623929285265,0.6873097102400761,0.0,0.9994956392402394,0.0,0.0,-0.0317563716401156
1788447012650713543,0,0.4455623929285265,0.6873097102400761,0.0,0.9995084522540598,0.0,0.0,-0.031350500357949306
1788447012670725423,0,0.4455623929285265,0.6873097102400761,0.0,0.9995254878339771,0.0,0.0,-0.030802583824252473
1788447012698047625,0,0.4455623929285265,0.6873097102400761,0.0,0.9995504989242784,0.0,0.0,-0.029979995000434367
1788447012710721384,0,0.4455623929285265,0.6873097102400761,0.0,0.9995584905120245,0.0,0.0,-0.02971235509553441
1788447012730748155,0,0.4455623929285265,0.6873097102400761,0.0,0.9995742523120997,0.0,0.0,-0.02917728765164259
1788447012750724312,0,0.4455623929285265,0.6873097102400761,0.0,0.9995896937908666,0.0,0.0,-0.028643394824662573
1788447012770726740,0,0.4455623929285265,0.6873097102400761,0.0,0.9996047050815455,0.0,0.0,-0.028114650608470904
1788447012798033925,0,0.4455623929285265,0.6873097102400761,0.0,0.9996267253076453,0.0,0.0,-0.02732050604790263
1788447012810768789,0,0.4455623929285265,0.6873097102400761,0.0,0.9996338986800242,0.0,0.0,-0.0270567664323584
1788447012830721681,0,0.4455623929285265,0.6873097102400761,0.0,0.9996480442393353,0.0,0.0,-0.026528996371364893
1788447012850714384,0,0.4455623929285265,0.6873097102400761,0.0,0.9996620853455236,0.0,0.0,-0.02599452101192094
1788447012870721729,0,0.4455623929285265,0.6873097102400761,0.0,0.9996757700942859,0.0,0.0,-0.025462809868444687
1788447012897947769,0,0.4455623929285265,0.6873097102400761,0.0,0.999695786771007,0.0,0.0,-0.024664426048404117
1788447012910752048,0,0.4455623929285265,0.6873097102400761,0.0,0.999702265967844,0.0,0.0,-0.024400397922127132
1788447012930720654,0,0.4455623929285265,0.6873097102400761,0.0,0.9997150182959622,0.0,0.0,-0.023872205459571198
1788447012950714069,0,0.4455623929285265,0.6873097102400761,0.0,0.999727563934638,0.0,0.0,-0.023340906351603907
1788447012971029345,0,0.4455623929285265,0.6873097102400761,0.0,0.999739906362587,0.0,0.0,-0.022806131327468303
1788447012997885041,0,0.4455623929285265,0.6873097102400761,0.0,0.999757770859425,0.0,0.0,-0.02200908008512511
1788447013010721098,0,0.4455623929285265,0.6873097102400761,0.0,0.9997635044739343,0.0,0.0,-0.021747071572917283
1788447013030759627,0,0.4455623929285265,0.6873097102400761,0.0,0.9997748738015171,0.0,0.0,-0.021217957374840387
1788447013051004872,0,0.4455623929285265,0.6873097102400761,0.0,0.9997859330327532,0.0,0.0,-0.02069029023061701
1788447013070946807,0,0.4455623929285265,0.6873097102400761,0.0,0.9997967830869664,0.0,0.0,-0.020159179768864288
1788447013098815457,0,0.4455623929285265,0.6873097102400761,0.0,0.9998125949256765,0.0,0.0,-0.019359107107120806
1788447013110732205,0,0.4455623929285265,0.6873097102400761,0.0,0.9998177300958603,0.0,0.0,-0.019092055571927467
1788447013130741936,0,0.4455623929285265,0.6873097102400761,0.0,0.9998278577223281,0.0,0.0,-0.018554107965087413
1788447013150728181,0,0.4455623929285265,0.6873097102400761,0.0,0.9998375844069437,0.0,0.0,-0.01802234189243417
1788447013170776606,0,0.4455623929285265,0.6873097102400761,0.0,0.9998469949043394,0.0,0.0,-0.017492477833685786
1788447013198012989,0,0.4455623929285265,0.6873097102400761,0.0,0.9998605769656831,0.0,0.0,-0.016698102582369215
1788447013210845747,0,0.4455623929285265,0.6873097102400761,0.0,0.9998649530048451,0.0,0.0,-0.01643398164228205
1788447013230746315,0,0.4455623929285265,0.6873097102400761,0.0,0.9998735219023744,0.0,0.0,-0.015904093766760507
1788447013250723712,0,0.4455623929285265,0.6873097102400761,0.0,0.999881743221697,0.0,0.0,-0.01537854258180478
1788447013270721335,0,0.4455623929285265,0.6873097102400761,0.0,0.9998896497464353,0.0,0.0,-0.014855582450741174
1788447013298057868,0,0.4455623929285265,0.6873097102400761,0.0,0.9999010857822962,0.0,0.0,-0.01406480186085524
1788447013310804724,0,0.4455623929285265,0.6873097102400761,0.0,0.9999048560394028,0.0,0.0,-0.013794160678386338
1788447013330724496,0,0.4455623929285265,0.6873097102400761,0.0,0.9999120531351786,0.0,0.0,-0.013262201739974657
1788447013350727118,0,0.4455623929285265,0.6873097102400761,0.0,0.9999189947587549,0.0,0.0,-0.012728076077749775
1788447013370726112,0,0.4455623929285265,0.6873097102400761,0.0,0.9999256725031835,0.0,0.0,-0.012192188854189243
1788447013398023975,0,0.4455623929285265,0.6873097102400761,0.0,0.9999320264342816,0.0,0.0,-0.01165943870995137
1788447013410744999,0,0.4455623929285265,0.6873097102400761,0.0,0.9999380615052533,0.0,0.0,-0.011129831675106032
1788447013430736237,0,0.4455623929285265,0.6873097102400761,0.0,0.9999437413599606,0.0,0.0,-0.010607267086499825
1788447013450720600,0,0.4455623929285265,0.6873097102400761,0.0,0.9999492022060286,0.0,0.0,-0.010079335668935678
1788447013470764237,0,0.4455623929285265,0.6873097102400761,0.0,0.9999544824301067,0.0,0.0,-0.009541125087610626
1788447013498073025,0,0.4455623929285265,0.6873097102400761,0.0,0.9999594382527281,0.0,0.0,-0.009006766860997797
1788447013510768029,0,0.4455623929285265,0.6873097102400761,0.0,0.9999641298168377,0.0,0.0,-0.008469892540905041
1788447013530781882,0,0.4455623929285265,0.6873097102400761,0.0,0.9999685341723508,0.0,0.0,-0.007932885048971293
1788447013550723958,0,0.4455623929285265,0.6873097102400761,0.0,0.9999726127440822,0.0,0.0,-0.007400929791171012
1788447013570741519,0,0.4455623929285265,0.6873097102400761,0.0,0.9999763754657943,0.0,0.0,-0.006873755181323158
1788447013598753963,0,0.4455623929285265,0.6873097102400761,0.0,0.9999798847238089,0.0,0.0,-0.006342724001383249
1788447013610720150,0,0.4455623929285265,0.6873097102400761,0.0,0.9999815384803923,0.0,0.0,-0.0060764050546072736
1788447013630781659,0,0.4455623929285265,0.6873097102400761,0.0,0.9999846257879228,0.0,0.0,-0.005545104849149284
1788447013650734561,0,0.4455623929285265,0.6873097102400761,0.0,0.999987395905201,0.0,0.0,-0.005020759975821901
1788447013670731423,0,0.4455623929285265,0.6873097102400761,0.0,0.9999899011331868,0.0,0.0,-0.004494177526453
1788447013698087011,0,0.4455623929285265,0.6873097102400761,0.0,0.9999931450272255,0.0,0.0,-0.0037026880179757905
1788447013710864632,0,0.4455623929285265,0.6873097102400761,0.0,0.9999940956817104,0.0,0.0,-0.003436364607868631
1788447013730731822,0,0.4455623929285265,0.6873097102400761,0.0,0.9999957860342971,0.0,0.0,-0.002903086917135657
1788447013750722018,0,0.4455623929285265,0.6873097102400761,0.0,0.9999971873930805,0.0,0.0,-0.002371751658195499
1788447013770782750,0,0.4455623929285265,0.6873097102400761,0.0,0.9999983095479035,0.0,0.0,-0.0018387227456587807
1788447013798418941,0,0.4455623929285265,0.6873097102400761,0.0,0.9999994583021229,0.0,0.0,-0.001040862844400715
1788447013810740114,0,0.4455623929285265,0.6873097102400761,0.0,0.9999996970993957,0.0,0.0,-0.000778332266292986
1788447013830747366,0,0.4455623929285265,0.6873097102400761,0.0,0.9999999679111947,0.0,0.0,-0.0002533330011516019
1788447013850732031,0,0.4455623929285265,0.6873097102400761,0.0,0.999999962809365,0.0,0.0,0.00027272929552752333
1788447013870723777,0,0.4455623929285265,0.6873097102400761,0.0,0.9999996781736595,0.0,0.0,0.0008022796129228158
1788447013897889419,0,0.4455623929285265,0.6873097102400761,0.0,0.9999987180815724,0.0,0.0,0.001601198055197969
1788447013910729924,0,0.4455623929285265,0.6873097102400761,0.0,0.9999982538188086,0.0,0.0,0.0018687855237256544
1788447013930768261,0,0.4455623929285265,0.6873097102400761,0.0,0.9999971105401831,0.0,0.0,0.0024039366224234172
1788447013950727567,0,0.4455623929285265,0.6873097102400761,0.0,0.9999956965617655,0.0,0.0,0.0029337446974141757
1788447013970723456,0,0.4455623929285265,0.6873097102400761,0.0,0.9999940212546198,0.0,0.0,0.003457955322890976
1788447013998001589,0,0.4455623929285265,0.6873097102400761,0.0,0.999990982476832,0.0,0.0,0.0042467593551033305
1788447014010737219,0,0.4455623929285265,0.6873097102400761,0.0,0.9999898236428957,0.0,0.0,0.004511386776863886
1788447014030750994,0,0.4455623929285265,0.6873097102400761,0.0,0.9999872572402424,0.0,0.0,0.005048302401536953
1788447014050725567,0,0.4455623929285265,0.6873097102400761,0.0,0.9999844391371271,0.0,0.0,0.005578663245379755
1788447014070721241,0,0.4455623929285265,0.6873097102400761,0.0,0.9999813316514973,0.0,0.0,0.006110347657717505
1788447014098129687,0,0.4455623929285265,0.6873097102400761,0.0,0.9999761540218188,0.0,0.0,0.006905895143400157
1788447014110742675,0,0.4455623929285265,0.6873097102400761,0.0,0.9999742971416106,0.0,0.0,0.0071697319435185805
1788447014130725397,0,0.4455623929285265,0.6873097102400761,0.0,0.9999703758014201,0.0,0.0,0.007697241036026234
1788447014150727600,0,0.4455623929285265,0.6873097102400761,0.0,0.9999661581873525,0.0,0.0,0.008226936247890403
1788447014170731020,0,0.4455623929285265,0.6873097102400761,0.0,0.9999616401103799,0.0,0.0,0.008758898775472063
1788447014198035096,0,0.4455623929285265,0.6873097102400761,0.0,0.9999543216494989,0.0,0.0,0.009557960791430918
1788447014210768394,0,0.4455623929285265,0.6873097102400761,0.0,0.9999517510948837,0.0,0.0,0.009823211403392634
1788447014230722643,0,0.4455623929285265,0.6873097102400761,0.0,0.9999463901119294,0.0,0.0,0.010354559484648742
1788447014250725713,0,0.4455623929285265,0.6873097102400761,0.0,0.999940765015536,0.0,0.0,0.010884229882940495
1788447014270726738,0,0.4455623929285265,0.6873097102400761,0.0,0.999934874040284,0.0,0.0,0.01141261048320245
1788447014298376712,0,0.4455623929285265,0.6873097102400761,0.0,0.9999254882546349,0.0,0.0,0.012207290392630757
1788447014310734460,0,0.4455623929285265,0.6873097102400761,0.0,0.9999222025989114,0.0,0.0,0.012473521946168149
1788447014330755702,0,0.4455623929285265,0.6873097102400761,0.0,0.9999154185477093,0.0,0.0,0.013005989026571827
1788447014350724165,0,0.4455623929285265,0.6873097102400761,0.0,0.9999083770182743,0.0,0.0,0.013536527201633229
1788447014370743429,0,0.4455623929285265,0.6873097102400761,0.0,0.9999011301583974,0.0,0.0,0.014061646701559937
1788447014397971894,0,0.4455623929285265,0.6873097102400761,0.0,0.9998897209999168,0.0,0.0,0.014850785794310638
1788447014410724109,0,0.4455623929285265,0.6873097102400761,0.0,0.9998857580155874,0.0,0.0,0.015115254466733924
1788447014430754296,0,0.4455623929285265,0.6873097102400761,0.0,0.9998776206663138,0.0,0.0,0.01564428619883596
1788447014450720077,0,0.4455623929285265,0.6873097102400761,0.0,0.9998692033934136,0.0,0.0,0.016173314608350194
1788447014470723663,0,0.4455623929285265,0.6873097102400761,0.0,0.9998605267376459,0.0,0.0,0.01670110990076273
1788447014498023031,0,0.4455623929285265,0.6873097102400761,0.0,0.9998469597497632,0.0,0.0,0.017494487107521533
1788447014510813013,0,0.4455623929285265,0.6873097102400761,0.0,0.9998422673498989,0.0,0.0,0.01776064246060371
1788447014530733865,0,0.4455623929285265,0.6873097102400761,0.0,0.9998328347168532,0.0,0.0,0.018283944379198683
1788447014550722683,0,0.4455623929285265,0.6873097102400761,0.0,0.999823041756359,0.0,0.0,0.01881183598328409
1788447014570781481,0,0.4455623929285265,0.6873097102400761,0.0,0.9998128964085519,0.0,0.0,0.019343530575942187
1788447014598019839,0,0.4455623929285265,0.6873097102400761,0.0,0.9997971793105662,0.0,0.0,0.02013951942414623
1788447014610741451,0,0.4455623929285265,0.6873097102400761,0.0,0.9997917684330103,0.0,0.0,0.020406366006566413
1788447014630729187,0,0.4455623929285265,0.6873097102400761,0.0,0.9997808106584742,0.0,0.0,0.02093634731953396
1788447014650723916,0,0.4455623929285265,0.6873097102400761,0.0,0.9997696418731893,0.0,0.0,0.021463065688640124
1788447014670712273,0,0.4455623929285265,0.6873097102400761,0.0,0.9997582617930595,0.0,0.0,0.021986768214551304
1788447014697912161,0,0.4455623929285265,0.6873097102400761,0.0,0.9997405784235944,0.0,0.0,0.022776651493508222
1788447014710788502,0,0.4455623929285265,0.6873097102400761,0.0,0.9997344572716207,0.0,0.0,0.02304376149455676
1788447014730794570,0,0.4455623929285265,0.6873097102400761,0.0,0.9997220705837814,0.0,0.0,0.023575020417315833
1788447014750715895,0,0.4455623929285265,0.6873097102400761,0.0,0.9997093191044113,0.0,0.0,0.02410969298424259
1788447014771041650,0,0.4455623929285265,0.6873097102400761,0.0,0.9996964226781141,0.0,0.0,0.024638638042341354
1788447014798123463,0,0.4455623929285265,0.6873097102400761,0.0,0.9996832521253971,0.0,0.0,0.025167348290786762
1788447014810719817,0,0.4455623929285265,0.6873097102400761,0.0,0.9996697887580069,0.0,0.0,0.025696564838940717
1788447014830746770,0,0.4455623929285265,0.6873097102400761,0.0,0.9996560388894224,0.0,0.0,0.026226015936652997
1788447014850724985,0,0.4455623929285265,0.6873097102400761,0.0,0.9996419892057038,0.0,0.0,0.02675618464698512
1788447014870744319,0,0.4455623929285265,0.6873097102400761,0.0,0.999627589185783,0.0,0.0,0.027288879394719825
1788447014898299316,0,0.4455623929285265,0.6873097102400761,0.0,0.9996129611282825,0.0,0.0,0.02781956046286128
1788447014910770654,0,0.4455623929285265,0.6873097102400761,0.0,0.9995981877504352,0.0,0.0,0.02834542372316478
1788447014930727634,0,0.4455623929285265,0.6873097102400761,0.0,0.9995831444524197,0.0,0.0,0.02887104651052722
1788447014950825032,0,0.4455623929285265,0.6873097102400761,0.0,0.9995677170573863,0.0,0.0,0.029400323411229782
1788447014971120739,0,0.4455623929285265,0.6873097102400761,0.0,0.9995518898114648,0.0,0.0,0.029933586058629443
1788447014998072136,0,0.4455623929285265,0.6873097102400761,0.0,0.9995357750331126,0.0,0.0,0.030466939934212067
1788447015010791662,0,0.4455623929285265,0.6873097102400761,0.0,0.9995193787903743,0.0,0.0,0.031000184233391737
1788447015030723374,0,0.4455623929285265,0.6873097102400761,0.0,0.9995026974564014,0.0,0.0,0.03153343903505241
1788447015050742225,0,0.4455623929285265,0.6873097102400761,0.0,0.9994859452265337,0.0,0.0,0.03206002642891201
1788447015070725578,0,0.4455623929285265,0.6873097102400761,0.0,0.9994690786237415,0.0,0.0,0.032581603321648056
1788447015098015353,0,0.4455623929285265,0.6873097102400761,0.0,0.9994519484916528,0.0,0.0,0.03310291008716014
1788447015110806715,0,0.4455623929285265,0.6873097102400761,0.0,0.9994340649660651,0.0,0.0,0.03363851639723614
1788447015131035681,0,0.4455623929285265,0.6873097102400761,0.0,0.9994251460038416,0.0,0.0,0.0339024709305956
1788447015150720136,0,0.4455623929285265,0.6873097102400761,0.0,0.9994067371625215,0.0,0.0,0.03444087272649672
1788447015170750157,0,0.4455623929285265,0.6873097102400761,0.0,0.9993881737096117,0.0,0.0,0.03497539491366641
1788447015198472525,0,0.4455623929285265,0.6873097102400761,0.0,0.9993597967372545,0.0,0.0,0.03577704103574574
1788447015210742492,0,0.4455623929285265,0.6873097102400761,0.0,0.9993503004474497,0.0,0.0,0.03604132344395885
1788447015230730019,0,0.4455623929285265,0.6873097102400761,0.0,0.9993311043596991,0.0,0.0,0.036569712320776146
1788447015250721380,0,0.4455623929285265,0.6873097102400761,0.0,0.999311622242039,0.0,0.0,0.037098270202052315
1788447015270727006,0,0.4455623929285265,0.6873097102400761,0.0,0.9992918275528806,0.0,0.0,0.03762769440218224
1788447015297974618,0,0.4455623929285265,0.6873097102400761,0.0,0.9992615067616059,0.0,0.0,0.03842448574184354
1788447015310774609,0,0.4455623929285265,0.6873097102400761,0.0,0.9992513547837698,0.0,0.0,0.038687594430263664
1788447015330729380,0,0.4455623929285265,0.6873097102400761,0.0,0.999230848021238,0.0,0.0,0.03921367571087437
1788447015350715238,0,0.4455623929285265,0.6873097102400761,0.0,0.9992098380358733,0.0,0.0,0.03974543460982579
1788447015370738335,0,0.4455623929285265,0.6873097102400761,0.0,0.9991885634047337,0.0,0.0,0.040276727289892095
1788447015398188690,0,0.4455623929285265,0.6873097102400761,0.0,0.9991560343881989,0.0,0.0,0.04107577078580866
1788447015410749552,0,0.4455623929285265,0.6873097102400761,0.0,0.9991450970753292,0.0,0.0,0.041340960200883126
1788447015430717547,0,0.4455623929285265,0.6873097102400761,0.0,0.9991230164361691,0.0,0.0,0.04187120761920556
1788447015450724211,0,0.4455623929285265,0.6873097102400761,0.0,0.9991007424427969,0.0,0.0,0.042399368512419496
1788447015470725391,0,0.4455623929285265,0.6873097102400761,0.0,0.9990781947603472,0.0,0.0,0.04292738932669683
1788447015497837760,0,0.4455623929285265,0.6873097102400761,0.0,0.9990438556493951,0.0,0.0,0.04371926908344375
1788447015510791027,0,0.4455623929285265,0.6873097102400761,0.0,0.9990322046071624,0.0,0.0,0.043984703679267614
1788447015530727295,0,0.4455623929285265,0.6873097102400761,0.0,0.999008605337179,0.0,0.0,0.044517484904974446
1788447015550725316,0,0.4455623929285265,0.6873097102400761,0.0,0.9989846993611677,0.0,0.0,0.04505075407001996
1788447015570779425,0,0.4455623929285265,0.6873097102400761,0.0,0.998960148013031,0.0,0.0,0.045591914653622334
1788447015598024355,0,0.4455623929285265,0.6873097102400761,0.0,0.9989235002393707,0.0,0.0,0.04638793668103733
1788447015610732265,0,0.4455623929285265,0.6873097102400761,0.0,0.9989113354520281,0.0,0.0,0.04664915760703264
1788447015630721191,0,0.4455623929285265,0.6873097102400761,0.0,0.998886797173378,0.0,0.0,0.047171669810499695
1788447015650722814,0,0.4455623929285265,0.6873097102400761,0.0,0.9988618986257605,0.0,0.0,0.04769599012224153
1788447015670764046,0,0.4455623929285265,0.6873097102400761,0.0,0.9988366248748209,0.0,0.0,0.048222368343706676
1788447015698040645,0,0.4455623929285265,0.6873097102400761,0.0,0.9987981296886966,0.0,0.0,0.04901322403557613
1788447015710777539,0,0.4455623929285265,0.6873097102400761,0.0,0.9987851222456924,0.0,0.0,0.04927757685456182
1788447015730713336,0,0.4455623929285265,0.6873097102400761,0.0,0.9987588296566837,0.0,0.0,0.049807631772764954
1788447015750722515,0,0.4455623929285265,0.6873097102400761,0.0,0.9987322659984853,0.0,0.0,0.05033746967747636
1788447015770724043,0,0.4455623929285265,0.6873097102400761,0.0,0.9987052853016314,0.0,0.0,0.0508699627539385
1788447015798104994,0,0.4455623929285265,0.6873097102400761,0.0,0.9986643086858,0.0,0.0,0.05166815805806325
1788447015810795031,0,0.4455623929285265,0.6873097102400761,0.0,0.998650547922447,0.0,0.0,0.05193344908819645
1788447015830671492,0,0.4455623929285265,0.6873097102400761,0.0,0.9986228222858332,0.0,0.0,0.052463881002812546
1788447015850724140,0,0.4455623929285265,0.6873097102400761,0.0,0.9985950224807065,0.0,0.0,0.05299038664472313
1788447015870727145,0,0.4455623929285265,0.6873097102400761,0.0,0.9985671064128862,0.0,0.0,0.05351386727004149
1788447015898265454,0,0.4455623929285265,0.6873097102400761,0.0,0.9985244797738559,0.0,0.0,0.05430343720567099
1788447015910733997,0,0.4455623929285265,0.6873097102400761,0.0,0.9985100250431218,0.0,0.0,0.054568579680840335
1788447015930736033,0,0.4455623929285265,0.6873097102400761,0.0,0.9984809195011112,0.0,0.0,0.055098578858401664
1788447015950722853,0,0.4455623929285265,0.6873097102400761,0.0,0.9984514746239816,0.0,0.0,0.055629603820236954
1788447015970737942,0,0.4455623929285265,0.6873097102400761,0.0,0.9984216749251842,0.0,0.0,0.056161900249100324
1788447015998056493,0,0.4455623929285265,0.6873097102400761,0.0,0.9983766651277948,0.0,0.0,0.05695642657596312
1788447016010721172,0,0.4455623929285265,0.6873097102400761,0.0,0.9983616781210911,0.0,0.0,0.057218525489903735
1788447016030754317,0,0.4455623929285265,0.6873097102400761,0.0,0.9983314954680241,0.0,0.0,0.05774274981829745
1788447016050728195,0,0.4455623929285265,0.6873097102400761,0.0,0.9983009546250264,0.0,0.0,0.0582683790298048
1788447016070729956,0,0.4455623929285265,0.6873097102400761,0.0,0.9982699471823249,0.0,0.0,0.0587972155173883
1788447016098050355,0,0.4455623929285265,0.6873097102400761,0.0,0.9982387248690543,0.0,0.0,0.059324937183316405
1788447016110796591,0,0.4455623929285265,0.6873097102400761,0.0,0.9982070418810884,0.0,0.0,0.05985567257167053
1788447016130856145,0,0.4455623929285265,0.6873097102400761,0.0,0.998175078232564,0.0,0.0,0.060386365972914746
1788447016150715694,0,0.4455623929285265,0.6873097102400761,0.0,0.9981429695315381,0.0,0.0,0.060914796024963934
1788447016170780049,0,0.4455623929285265,0.6873097102400761,0.0,0.9981107182499733,0.0,0.0,0.06144098074186688
1788447016197954770,0,0.4455623929285265,0.6873097102400761,0.0,0.9980781980334342,0.0,0.0,0.06196701227534596
1788447016210761476,0,0.4455623929285265,0.6873097102400761,0.0,0.9980452231363236,0.0,0.0,0.062495860461042226
1788447016230759519,0,0.4455623929285265,0.6873097102400761,0.0,0.9980120164942308,0.0,0.0,0.06302392349829775
1788447016250726864,0,0.4455623929285265,0.6873097102400761,0.0,0.9979785648759221,0.0,0.0,0.06355142837257834
1788447016270724978,0,0.4455623929285265,0.6873097102400761,0.0,0.9979448932189875,0.0,0.0,0.06407800011036231
1788447016298145077,0,0.4455623929285265,0.6873097102400761,0.0,0.9979109441428174,0.0,0.0,0.06460454751788543
1788447016310896606,0,0.4455623929285265,0.6873097102400761,0.0,0.9978767171861163,0.0,0.0,0.06513107781896264
1788447016330730902,0,0.4455623929285265,0.6873097102400761,0.0,0.99784220583109,0.0,0.0,0.0656576900457575
1788447016350727001,0,0.4455623929285265,0.6873097102400761,0.0,0.9978072490453059,0.0,0.0,0.0661868095064174
1788447016370770852,0,0.4455623929285265,0.6873097102400761,0.0,0.9977718448699171,0.0,0.0,0.06671840514342371
1788447016398002622,0,0.4455623929285265,0.6873097102400761,0.0,0.9977361473812059,0.0,0.0,0.0672501316646199
1788447016410715503,0,0.4455623929285265,0.6873097102400761,0.0,0.9977006660832017,0.0,0.0,0.06777448559107987
1788447016430782274,0,0.4455623929285265,0.6873097102400761,0.0,0.9976648562515892,0.0,0.0,0.06829959443873601
1788447016450712440,0,0.4455623929285265,0.6873097102400761,0.0,0.9976286454161409,0.0,0.0,0.06882649086765692
1788447016470724816,0,0.4455623929285265,0.6873097102400761,0.0,0.9975920233731943,0.0,0.0,0.06935528027609873
1788447016497899279,0,0.4455623929285265,0.6873097102400761,0.0,0.997555122949732,0.0,0.0,0.06988402304350448
1788447016510764255,0,0.4455623929285265,0.6873097102400761,0.0,0.9975179736866985,0.0,0.0,0.07041230128310842
1788447016530730825,0,0.4455623929285265,0.6873097102400761,0.0,0.99749929973537,0.0,0.0,0.0706763540899394
1788447016550723990,0,0.4455623929285265,0.6873097102400761,0.0,0.9974617250582177,0.0,0.0,0.07120468414285959
1788447016570728145,0,0.4455623929285265,0.6873097102400761,0.0,0.997424035741142,0.0,0.0,0.07173069723523541
1788447016598059635,0,0.4455623929285265,0.6873097102400761,0.0,0.9973670513514612,0.0,0.0,0.07251872088289837
1788447016610751485,0,0.4455623929285265,0.6873097102400761,0.0,0.997347804742175,0.0,0.0,0.07278294014371982
1788447016630726292,0,0.4455623929285265,0.6873097102400761,0.0,0.9973091028073818,0.0,0.0,0.07331134603548853
1788447016650724771,0,0.4455623929285265,0.6873097102400761,0.0,0.9972701250430251,0.0,0.0,0.0738396756267866
1788447016670738768,0,0.4455623929285265,0.6873097102400761,0.0,0.9972309180260586,0.0,0.0,0.07436730553747753
1788447016698018512,0,0.4455623929285265,0.6873097102400761,0.0,0.9971715852603501,0.0,0.0,0.07515869576675983
1788447016710804869,0,0.4455623929285265,0.6873097102400761,0.0,0.9971517978427563,0.0,0.0,0.07542076676193936
1788447016730724786,0,0.4455623929285265,0.6873097102400761,0.0,0.9971120946200543,0.0,0.0,0.07594386586425353
1788447016750712693,0,0.4455623929285265,0.6873097102400761,0.0,0.9970719963243142,0.0,0.0,0.07646851735091166
1788447016770783492,0,0.4455623929285265,0.6873097102400761,0.0,0.9970311738711571,0.0,0.0,0.07699895018182054
1788447016798147214,0,0.4455623929285265,0.6873097102400761,0.0,0.9969695466892375,0.0,0.0,0.07779282084007648
1788447016810725254,0,0.4455623929285265,0.6873097102400761,0.0,0.9969489163420374,0.0,0.0,0.0780567627078993
1788447016830753606,0,0.4455623929285265,0.6873097102400761,0.0,0.9969073928785022,0.0,0.0,0.07858530412353
1788447016850728418,0,0.4455623929285265,0.6873097102400761,0.0,0.9968657399830118,0.0,0.0,0.07911192355215697
1788447016870733284,0,0.4455623929285265,0.6873097102400761,0.0,0.9968238921115903,0.0,0.0,0.07963747933919389
1788447016898040977,0,0.4455623929285265,0.6873097102400761,0.0,0.9967604245875165,0.0,0.0,0.08042795519043092
1788447016910723349,0,0.4455623929285265,0.6873097102400761,0.0,0.9967390017154072,0.0,0.0,0.0806930136961904
1788447016930740709,0,0.4455623929285265,0.6873097102400761,0.0,0.996695952031206,0.0,0.0,0.08122302139546418
1788447016950699119,0,0.4455623929285265,0.6873097102400761,0.0,0.9966528407365003,0.0,0.0,0.08175032141749755
1788447016970919441,0,0.44556035848342246,0.6873093742290461,0.0,0.9966528407365003,0.0,0.0,0.08175032141749755
1788447016998182119,0,0.44555832369157733,0.687309038160748,0.0,0.9966528407365003,0.0,0.0,0.08175032141749755
1788447017010793156,0,0.44555832369157733,0.687309038160748,0.0,0.9966528407365003,0.0,0.0,0.08175032141749755
1788447017030726281,0,0.44555832369157733,0.687309038160748,0.0,0.9966528407365003,0.0,0.0,0.08175032141749755
1788447017050725209,0,0.44556048262197706,0.6873093947318966,0.0,0.9966528407365003,0.0,0.0,0.08175032141749755
1788447017070847972,0,0.44556480146878796,0.6873101080370444,0.0,0.9966528407365003,0.0,0.0,0.08175032141749755
1788447017098504148,0,0.44556911775518776,0.6873108209193122,0.0,0.9966528407365003,0.0,0.0,0.08175032141749755
1788447017110747343,0,0.44556911775518776,0.6873108209193122,0.0,0.9966528407365003,0.0,0.0,0.08175032141749755
1788447017130733683,0,0.44556911775518776,0.6873108209193122,0.0,0.9966528407365003,0.0,0.0,0.08175032141749755
1788447017150725193,0,0.44556911775518776,0.6873108209193122,0.0,0.9966528407365003,0.0,0.0,0.08175032141749755
1788447017170722689,0,0.44556911775518776,0.6873108209193122,0.0,0.9966528407365003,0.0,0.0,0.08175032141749755
1788447017198112327,0,0.44556911775518776,0.6873108209193122,0.0,0.9966528407365003,0.0,0.0,0.08175032141749755
1788447017210725214,0,0.44556911775518776,0.6873108209193122,0.0,0.9966528407365003,0.0,0.0,0.08175032141749755
1788447017230776976,0,0.44556911775518776,0.6873108209193122,0.0,0.9966528407365003,0.0,0.0,0.08175032141749755
1788447017250724082,0,0.44556911775518776,0.6873108209193122,0.0,0.9966528407365003,0.0,0.0,0.08175032141749755
1788447017270756935,0,0.44556911775518776,0.6873108209193122,0.0,0.9966528407365003,0.0,0.0,0.08175032141749755
1788447017298124220,0,0.44556911775518776,0.6873108209193122,0.0,0.9966528407365003,0.0,0.0,0.08175032141749755
1788447017310727312,0,0.44556911775518776,0.6873108209193122,0.0,0.9966528407365003,0.0,0.0,0.08175032141749755
1788447017330755318,0,0.44556911775518776,0.6873108209193122,0.0,0.9966528407365003,0.0,0.0,0.08175032141749755
1788447017350723633,0,0.44556911775518776,0.6873108209193122,0.0,0.9966528407365003,0.0,0.0,0.08175032141749755
1788447017370775887,0,0.44556911775518776,0.6873108209193122,0.0,0.9966528407365003,0.0,0.0,0.08175032141749755
1788447017398587304,0,0.44556911775518776,0.6873108209193122,0.0,0.9966528407365003,0.0,0.0,0.08175032141749755
1788447017410744867,0,0.44556911775518776,0.6873108209193122,0.0,0.9966528407365003,0.0,0.0,0.08175032141749755
1788447017430724770,0,0.44556911775518776,0.6873108209193122,0.0,0.9966528407365003,0.0,0.0,0.08175032141749755
1788447017450725481,0,0.44556911775518776,0.6873108209193122,0.0,0.9966528407365003,0.0,0.0,0.08175032141749755
1788447017470731177,0,0.44556911775518776,0.6873108209193122,0.0,0.9966528407365003,0.0,0.0,0.08175032141749755
1788447017498669219,0,0.445570196525296,0.6873109992328841,0.0,0.9966528407365003,0.0,0.0,0.08175032141749755
1788447017510893045,0,0.44557128044157635,0.6873111783970842,0.0,0.9966528407365003,0.0,0.0,0.08175032141749755
1788447017530848131,0,0.4455734381411429,0.6873115350505675,0.0,0.9966528407365003,0.0,0.0,0.08175032141749755
1788447017550726029,0,0.4455758593978634,0.6873119352963976,0.0,0.9966528407365003,0.0,0.0,0.08175032141749755
1788447017570725930,0,0.44557853720329504,0.6873123779762594,0.0,0.9966528407365003,0.0,0.0,0.08175032141749755
1788447017597981062,0,0.4455812087761462,0.6873128196257858,0.0,0.9966528407365003,0.0,0.0,0.08175032141749755
1788447017610734288,0,0.4455812087761462,0.6873128196257858,0.0,0.9966528407365003,0.0,0.0,0.08175032141749755
1788447017630760986,0,0.4455812087761462,0.6873128196257858,0.0,0.9966528407365003,0.0,0.0,0.08175032141749755
1788447017650724003,0,0.4455812087761462,0.6873128196257858,0.0,0.9966528407365003,0.0,0.0,0.08175032141749755
1788447017670749856,0,0.4455812087761462,0.6873128196257858,0.0,0.9966528407365003,0.0,0.0,0.08175032141749755
1788447017698099845,0,0.4455812087761462,0.6873128196257858,0.0,0.9966528407365003,0.0,0.0,0.08175032141749755
1788447017710734815,0,0.4455812087761462,0.6873128196257858,0.0,0.9966528407365003,0.0,0.0,0.08175032141749755
1788447017730756803,0,0.4455812087761462,0.6873128196257858,0.0,0.9966528407365003,0.0,0.0,0.08175032141749755
1788447017750722741,0,0.4455812087761462,0.6873128196257858,0.0,0.9966528407365003,0.0,0.0,0.08175032141749755
1788447017770742690,0,0.4455812087761462,0.6873128196257858,0.0,0.9966528407365003,0.0,0.0,0.08175032141749755
1788447017798663812,0,0.4455812087761462,0.6873128196257858,0.0,0.9966528407365003,0.0,0.0,0.08175032141749755
1788447017810754492,0,0.4455812087761462,0.6873128196257858,0.0,0.9966528407365003,0.0,0.0,0.08175032141749755
1788447017830747516,0,0.4455812087761462,0.6873128196257858,0.0,0.9966528407365003,0.0,0.0,0.08175032141749755
1788447017850726321,0,0.4455812087761462,0.6873128196257858,0.0,0.9966528407365003,0.0,0.0,0.08175032141749755
1788447017870723941,0,0.4455812087761462,0.6873128196257858,0.0,0.9966528407365003,0.0,0.0,0.08175032141749755
1788447017898601202,0,0.4455812087761462,0.6873128196257858,0.0,0.9966528407365003,0.0,0.0,0.08175032141749755
1788447017910818359,0,0.4455812087761462,0.6873128196257858,0.0,0.9966528407365003,0.0,0.0,0.08175032141749755
1788447017930728682,0,0.4455812087761462,0.6873128196257858,0.0,0.9966528407365003,0.0,0.0,0.08175032141749755
1788447017950786001,0,0.4455812087761462,0.6873128196257858,0.0,0.9966528407365003,0.0,0.0,0.08175032141749755
1788447017970733552,0,0.4455812087761462,0.6873128196257858,0.0,0.9966528407365003,0.0,0.0,0.08175032141749755
1788447017997922264,0,0.4455812087761462,0.6873128196257858,0.0,0.9966528407365003,0.0,0.0,0.08175032141749755
1788447018010750849,0,0.4455812087761462,0.6873128196257858,0.0,0.9966528407365003,0.0,0.0,0.08175032141749755
1788447018030746282,0,0.4455812087761462,0.6873128196257858,0.0,0.9966528407365003,0.0,0.0,0.08175032141749755
1788447018050726859,0,0.4455812087761462,0.6873128196257858,0.0,0.9966528407365003,0.0,0.0,0.08175032141749755
1788447018070729624,0,0.4455812087761462,0.6873128196257858,0.0,0.9966528407365003,0.0,0.0,0.08175032141749755
1788447018098329166,0,0.4455812087761462,0.6873128196257858,0.0,0.9966528407365003,0.0,0.0,0.08175032141749755
1788447018110720800,0,0.4455812087761462,0.6873128196257858,0.0,0.9966528407365003,0.0,0.0,0.08175032141749755
1788447018130763924,0,0.4455812087761462,0.6873128196257858,0.0,0.9966528407365003,0.0,0.0,0.08175032141749755
1788447018150725038,0,0.4455812087761462,0.6873128196257858,0.0,0.9966528407365003,0.0,0.0,0.08175032141749755
1788447018170740910,0,0.4455812087761462,0.6873128196257858,0.0,0.9966528407365003,0.0,0.0,0.08175032141749755
1788447018198664377,0,0.4455812087761462,0.6873128196257858,0.0,0.9966528407365003,0.0,0.0,0.08175032141749755
1788447018210732980,0,0.4455812087761462,0.6873128196257858,0.0,0.9966528407365003,0.0,0.0,0.08175032141749755
1788447018230749730,0,0.4455812087761462,0.6873128196257858,0.0,0.9966528407365003,0.0,0.0,0.08175032141749755
1788447018250722719,0,0.4455812087761462,0.6873128196257858,0.0,0.9966528407365003,0.0,0.0,0.08175032141749755
1788447018270710913,0,0.4455812087761462,0.6873128196257858,0.0,0.9966528407365003,0.0,0.0,0.08175032141749755
1788447018298662143,0,0.4455812087761462,0.6873128196257858,0.0,0.9966528407365003,0.0,0.0,0.08175032141749755
1788447018310756272,0,0.4455812087761462,0.6873128196257858,0.0,0.9966528407365003,0.0,0.0,0.08175032141749755
1788447018330722703,0,0.4455812087761462,0.6873128196257858,0.0,0.9966528407365003,0.0,0.0,0.08175032141749755
1788447018350719896,0,0.4455812087761462,0.6873128196257858,0.0,0.9966528407365003,0.0,0.0,0.08175032141749755
1788447018370724285,0,0.4455812087761462,0.6873128196257858,0.0,0.9966528407365003,0.0,0.0,0.08175032141749755
1788447018398024095,0,0.4455812087761462,0.6873128196257858,0.0,0.9966528407365003,0.0,0.0,0.08175032141749755
1788447018410728947,0,0.4455812087761462,0.6873128196257858,0.0,0.9966528407365003,0.0,0.0,0.08175032141749755
1788447018430744523,0,0.4455812087761462,0.6873128196257858,0.0,0.9966528407365003,0.0,0.0,0.08175032141749755
1788447018450722010,0,0.4455812087761462,0.6873128196257858,0.0,0.9966528407365003,0.0,0.0,0.08175032141749755
1788447018470725741,0,0.4455812087761462,0.6873128196257858,0.0,0.9966528407365003,0.0,0.0,0.08175032141749755
1788447018498591021,0,0.4455812087761462,0.6873128196257858,0.0,0.9966528407365003,0.0,0.0,0.08175032141749755
1788447018510752105,0,0.4455812087761462,0.6873128196257858,0.0,0.9966528407365003,0.0,0.0,0.08175032141749755
1788447018530739490,0,0.4455812087761462,0.6873128196257858,0.0,0.9966528407365003,0.0,0.0,0.08175032141749755
1788447018550708386,0,0.4455812087761462,0.6873128196257858,0.0,0.9966528407365003,0.0,0.0,0.08175032141749755
1788447018570761250,0,0.4455812087761462,0.6873128196257858,0.0,0.9966528407365003,0.0,0.0,0.08175032141749755
1788447018598069631,0,0.4455812087761462,0.6873128196257858,0.0,0.9966528407365003,0.0,0.0,0.08175032141749755
1788447018610722561,0,0.4455812087761462,0.6873128196257858,0.0,0.9966528407365003,0.0,0.0,0.08175032141749755
1788447018630732030,0,0.4455812087761462,0.6873128196257858,0.0,0.9966528407365003,0.0,0.0,0.08175032141749755
1788447018650755262,0,0.4455812087761462,0.6873128196257858,0.0,0.9966528407365003,0.0,0.0,0.08175032141749755
1788447018670730878,0,0.4455812087761462,0.6873128196257858,0.0,0.9966528407365003,0.0,0.0,0.08175032141749755
1788447018698586837,0,0.4455812087761462,0.6873128196257858,0.0,0.9966528407365003,0.0,0.0,0.08175032141749755
1788447018710796563,0,0.4455812087761462,0.6873128196257858,0.0,0.9966528407365003,0.0,0.0,0.08175032141749755
1788447018730718747,0,0.4455812087761462,0.6873128196257858,0.0,0.9966528407365003,0.0,0.0,0.08175032141749755
1788447018750723274,0,0.4455812087761462,0.6873128196257858,0.0,0.9966528407365003,0.0,0.0,0.08175032141749755
1788447018770725047,0,0.4455812087761462,0.6873128196257858,0.0,0.9966528407365003,0.0,0.0,0.08175032141749755
1788447018797952025,0,0.4455812087761462,0.6873128196257858,0.0,0.9966528407365003,0.0,0.0,0.08175032141749755
1788447018810763800,0,0.4455812087761462,0.6873128196257858,0.0,0.9966528407365003,0.0,0.0,0.08175032141749755
1788447018830727434,0,0.4455812087761462,0.6873128196257858,0.0,0.9966528407365003,0.0,0.0,0.08175032141749755
1788447018850725152,0,0.4455812087761462,0.6873128196257858,0.0,0.9966528407365003,0.0,0.0,0.08175032141749755
1788447018870723660,0,0.4455812087761462,0.6873128196257858,0.0,0.9966528407365003,0.0,0.0,0.08175032141749755
1788447018897984711,0,0.4455812087761462,0.6873128196257858,0.0,0.9966528407365003,0.0,0.0,0.08175032141749755
1788447018910723570,0,0.44576183349714305,0.6873426517210031,0.0,0.9966528407365003,0.0,0.0,0.08175032141749755
1788447018930761664,0,0.4459425753034748,0.6873725031541096,0.0,0.9966528407365003,0.0,0.0,0.08175032141749755
1788447018950721574,0,0.4461401377268272,0.6874051327080773,0.0,0.9966528407365003,0.0,0.0,0.08175032141749755
1788447018970733951,0,0.4462474201815226,0.6874228515643029,0.0,0.9966528407365003,0.0,0.0,0.08175032141749755
1788447018998430468,0,0.44656914184852614,0.6874759873727487,0.0,0.9966528407365003,0.0,0.0,0.08175032141749755
1788447019010721537,0,0.44666397775851896,0.6874916505027675,0.0,0.9966528407365003,0.0,0.0,0.08175032141749755
1788447019030755538,0,0.44685345409782484,0.6875229444771517,0.0,0.9966528407365003,0.0,0.0,0.08175032141749755
1788447019050725979,0,0.44704318046003194,0.6875542797454004,0.0,0.9966528407365003,0.0,0.0,0.08175032141749755
1788447019070731988,0,0.44725282072077643,0.687588903999667,0.0,0.9966528407365003,0.0,0.0,0.08175032141749755
1788447019097973378,0,0.4475639066158693,0.6876402830481961,0.0,0.9966528407365003,0.0,0.0,0.08175032141749755
1788447019110735924,0,0.4476627700225793,0.6876566113843007,0.0,0.9966528407365003,0.0,0.0,0.08175032141749755
1788447019130725487,0,0.4478594308319507,0.6876890919946789,0.0,0.9966528407365003,0.0,0.0,0.08175032141749755
1788447019150725830,0,0.4480574473196825,0.6877217965096609,0.0,0.9966528407365003,0.0,0.0,0.08175032141749755
1788447019170791196,0,0.44825555562712927,0.687754516189639,0.0,0.9966528407365003,0.0,0.0,0.08175032141749755
1788447019198067698,0,0.4485551533937207,0.6878039979260253,0.0,0.9966528407365003,0.0,0.0,0.08175032141749755
1788447019210753750,0,0.44865635271911875,0.6878207120797529,0.0,0.9966528407365003,0.0,0.0,0.08175032141749755
1788447019230786345,0,0.44885870260286903,0.6878541323328076,0.0,0.9966528407365003,0.0,0.0,0.08175032141749755
1788447019250748887,0,0.44905976236613765,0.6878873395165142,0.0,0.9966528407365003,0.0,0.0,0.08175032141749755
1788447019270732698,0,0.4492601376541911,0.6879204336281032,0.0,0.9966528407365003,0.0,0.0,0.08175032141749755
1788447019298041979,0,0.44956049233549317,0.6879700404006541,0.0,0.9966528407365003,0.0,0.0,0.08175032141749755
1788447019310734358,0,0.44965983613896354,0.687986448102879,0.0,0.9966528407365003,0.0,0.0,0.08175032141749755
1788447019330758542,0,0.44985841889018213,0.6880192461892736,0.0,0.9966528407365003,0.0,0.0,0.08175032141749755
1788447019350731992,0,0.45005805566198803,0.688052218350634,0.0,0.9966528407365003,0.0,0.0,0.08175032141749755
1788447019370733521,0,0.45025876675743204,0.6880853679402276,0.0,0.9966528407365003,0.0,0.0,0.08175032141749755
1788447019398088862,0,0.4505595686615546,0.6881350486080224,0.0,0.9966528407365003,0.0,0.0,0.08175032141749755
1788447019410717359,0,0.4506596397894129,0.6881515764436237,0.0,0.9966528407365003,0.0,0.0,0.08175032141749755
1788447019430735776,0,0.4508597944814979,0.6881846341688278,0.0,0.9966528407365003,0.0,0.0,0.08175032141749755
1788447019450712176,0,0.4510589934703631,0.6882175340335799,0.0,0.9966528407365003,0.0,0.0,0.08175032141749755
1788447019470729525,0,0.4512574244852367,0.6882503070434183,0.0,0.9966528407365003,0.0,0.0,0.08175032141749755
1788447019498037440,0,0.4515565586578392,0.6882997122675195,0.0,0.9966528407365003,0.0,0.0,0.08175032141749755
1788447019510736909,0,0.45165724235852517,0.6883163412682427,0.0,0.9966528407365003,0.0,0.0,0.08175032141749755
1788447019530734916,0,0.4518586696499978,0.688349609161186,0.0,0.9966528407365003,0.0,0.0,0.08175032141749755
1788447019550738406,0,0.45206032074891694,0.6883829140263137,0.0,0.9966528407365003,0.0,0.0,0.08175032141749755
1788447019570729459,0,0.4522591392635026,0.6884157510672653,0.0,0.9966528407365003,0.0,0.0,0.08175032141749755
1788447019598060834,0,0.4525575280661814,0.6884650332013321,0.0,0.9966528407365003,0.0,0.0,0.08175032141749755
1788447019610723140,0,0.45265615208465243,0.688481322007723,0.0,0.9966528407365003,0.0,0.0,0.08175032141749755
1788447019630781515,0,0.45285385849446025,0.6885139753256626,0.0,0.9966528407365003,0.0,0.0,0.08175032141749755
1788447019650724003,0,0.4530536561709857,0.688546974046541,0.0,0.9966528407365003,0.0,0.0,0.08175032141749755
1788447019670735467,0,0.4532559717053314,0.6885803886264231,0.0,0.9966528407365003,0.0,0.0,0.08175032141749755
1788447019698064577,0,0.4535596559121566,0.6886305453375164,0.0,0.9966528407365003,0.0,0.0,0.08175032141749755
1788447019710787112,0,0.45366065539337785,0.688647226492806,0.0,0.9966528407365003,0.0,0.0,0.08175032141749755
1788447019730751032,0,0.4538616738408937,0.6886804268607537,0.0,0.9966528407365003,0.0,0.0,0.08175032141749755
1788447019750736366,0,0.4540623453084815,0.6887135699212182,0.0,0.9966528407365003,0.0,0.0,0.08175032141749755
1788447019770734141,0,0.4542623813672346,0.6887466080370503,0.0,0.9966528407365003,0.0,0.0,0.08175032141749755
1788447019798091649,0,0.4545624564521626,0.688796168686541,0.0,0.9966528407365003,0.0,0.0,0.08175032141749755
1788447019810736807,0,0.4546624709724882,0.6888126871727923,0.0,0.9966528407365003,0.0,0.0,0.08175032141749755
1788447019830740048,0,0.45486248638697296,0.6888457218947852,0.0,0.9966528407365003,0.0,0.0,0.08175032141749755
1788447019850720895,0,0.4550616399725217,0.6888786142685278,0.0,0.9966528407365003,0.0,0.0,0.08175032141749755
1788447019870720651,0,0.45525995743107467,0.6889113685389731,0.0,0.9966528407365003,0.0,0.0,0.08175032141749755
1788447019898047699,0,0.4555572443386733,0.6889604686829662,0.0,0.9966528407365003,0.0,0.0,0.08175032141749755
1788447019910747225,0,0.45565760427233265,0.6889770442100678,0.0,0.9966528407365003,0.0,0.0,0.08175032141749755
1788447019930740361,0,0.4558564290846823,0.6890098822754728,0.0,0.9966528407365003,0.0,0.0,0.08175032141749755
1788447019950725314,0,0.45605712985268654,0.689043030183208,0.0,0.9966528407365003,0.0,0.0,0.08175032141749755
1788447019970779706,0,0.4562596009850265,0.6890764704937244,0.0,0.9966528407365003,0.0,0.0,0.08175032141749755
1788447019998040571,0,0.45656301252813836,0.6891265821954259,0.0,0.9966528407365003,0.0,0.0,0.08175032141749755
1788447020010785291,0,0.4566640802115417,0.6891432746070665,0.0,0.9966528407365003,0.0,0.0,0.08175032141749755
1788447020030731095,0,0.45686614707742457,0.6891766481166856,0.0,0.9966528407365003,0.0,0.0,0.08175032141749755
1788447020050724063,0,0.45706683170895634,0.6892097933276146,0.0,0.9966528407365003,0.0,0.0,0.08175032141749755
1788447020070728850,0,0.4572659202533108,0.6892426749197857,0.0,0.9966528407365003,0.0,0.0,0.08175032141749755
1788447020098070411,0,0.45746532326996986,0.6892756084504053,0.0,0.9966528407365003,0.0,0.0,0.08175032141749755
1788447020110758988,0,0.4576640017476249,0.6893084223313756,0.0,0.9966528407365003,0.0,0.0,0.08175032141749755
1788447020130727843,0,0.45786268848378936,0.6893412375763273,0.0,0.9966528407365003,0.0,0.0,0.08175032141749755
1788447020150712755,0,0.45806211989024664,0.6893741758115628,0.0,0.9966528407365003,0.0,0.0,0.08175032141749755
1788447020170715171,0,0.4582623603219509,0.6894072476659928,0.0,0.9966528407365003,0.0,0.0,0.08175032141749755
1788447020198049739,0,0.45846261086041135,0.689440321189662,0.0,0.9966528407365003,0.0,0.0,0.08175032141749755
1788447020210713601,0,0.45866265826602226,0.6894733611795503,0.0,0.9966528407365003,0.0,0.0,0.08175032141749755
1788447020230736998,0,0.4588627031656047,0.6895064007555408,0.0,0.9966528407365003,0.0,0.0,0.08175032141749755
1788447020250712882,0,0.4590633132991464,0.6895395336939619,0.0,0.9966528407365003,0.0,0.0,0.08175032141749755
1788447020270712178,0,0.4592646037357482,0.6895727789997305,0.0,0.9966528407365003,0.0,0.0,0.08175032141749755
1788447020298394988,0,0.4594660640975022,0.6896060523704869,0.0,0.9966528407365003,0.0,0.0,0.08175032141749755
1788447020310790005,0,0.45966814085064833,0.6896394275449884,0.0,0.9966528407365003,0.0,0.0,0.08175032141749755
1788447020330771631,0,0.4598703104882618,0.6896728180603703,0.0,0.9966528407365003,0.0,0.0,0.08175032141749755
1788447020350735835,0,0.4600707706007071,0.6897059262290699,0.0,0.9966528407365003,0.0,0.0,0.08175032141749755
1788447020370732957,0,0.4602695102879161,0.6897387502508225,0.0,0.9966528407365003,0.0,0.0,0.08175032141749755
1788447020398318556,0,0.4604681735078139,0.6897715616431667,0.0,0.9966528407365003,0.0,0.0,0.08175032141749755
1788447020410758518,0,0.46066883489616867,0.689804703038937,0.0,0.9966528407365003,0.0,0.0,0.08175032141749755
1788447020430768673,0,0.46086954659830365,0.6898378527445718,0.0,0.9966528407365003,0.0,0.0,0.08175032141749755
1788447020450720636,0,0.46107028582392456,0.6898710069960075,0.0,0.9966528407365003,0.0,0.0,0.08175032141749755
1788447020470713504,0,0.4612711986636042,0.6899041899216803,0.0,0.9966528407365003,0.0,0.0,0.08175032141749755
1788447020498121196,0,0.4614721032262182,0.6899373714803064,0.0,0.9966528407365003,0.0,0.0,0.08175032141749755
1788447020510818841,0,0.461669444218637,0.6899699644923958,0.0,0.9966528407365003,0.0,0.0,0.08175032141749755
1788447020530752774,0,0.46176807731053426,0.6899862548207113,0.0,0.9966528407365003,0.0,0.0,0.08175032141749755
1788447020550723064,0,0.46196657197197716,0.6900190383737926,0.0,0.9966528407365003,0.0,0.0,0.08175032141749755
1788447020570722001,0,0.4621680985024033,0.6900523226571211,0.0,0.9966528407365003,0.0,0.0,0.08175032141749755
1788447020598547978,0,0.4624715807777421,0.6901024460330171,0.0,0.9966528407365003,0.0,0.0,0.08175032141749755
1788447020610730706,0,0.46257113551666174,0.6901188885656532,0.0,0.9966528407365003,0.0,0.0,0.08175032141749755
1788447020630772147,0,0.4627702681869935,0.6901517774614143,0.0,0.9966528407365003,0.0,0.0,0.08175032141749755
1788447020650729052,0,0.4629694059056271,0.6901846671909566,0.0,0.9966528407365003,0.0,0.0,0.08175032141749755
1788447020670748880,0,0.4631662888123689,0.6902171845452122,0.0,0.9966528407365003,0.0,0.0,0.08175032141749755
1788447020698173267,0,0.46346554881263075,0.6902666105903884,0.0,0.9966528407365003,0.0,0.0,0.08175032141749755
1788447020710788320,0,0.4635662355000229,0.6902832400843983,0.0,0.9966528407365003,0.0,0.0,0.08175032141749755
1788447020730783360,0,0.4637683768069122,0.6903166259047003,0.0,0.9966528407365003,0.0,0.0,0.08175032141749755
1788447020750731423,0,0.4639689130482714,0.6903497466310926,0.0,0.9966528407365003,0.0,0.0,0.08175032141749755
1788447020770763937,0,0.464168208067133,0.6903826623561822,0.0,0.9966528407365003,0.0,0.0,0.08175032141749755
1788447020798077124,0,0.4644677091870701,0.6904321282012603,0.0,0.9966528407365003,0.0,0.0,0.08175032141749755
1788447020810777283,0,0.4645675511588827,0.6904486181971266,0.0,0.9966528407365003,0.0,0.0,0.08175032141749755
1788447020830779510,0,0.4647704887919267,0.6904821355713254,0.0,0.9966528407365003,0.0,0.0,0.08175032141749755
1788447020850742712,0,0.46497013329578973,0.690515109049149,0.0,0.9966528407365003,0.0,0.0,0.08175032141749755
1788447020870779281,0,0.46516937235776296,0.690548015563801,0.0,0.9966528407365003,0.0,0.0,0.08175032141749755
1788447020898298891,0,0.4654703917161205,0.6905977321859074,0.0,0.9966528407365003,0.0,0.0,0.08175032141749755
1788447020910723459,0,0.4655704774723806,0.6906142624217513,0.0,0.9966528407365003,0.0,0.0,0.08175032141749755
1788447020930788490,0,0.46577017470500764,0.6906472445610291,0.0,0.9966528407365003,0.0,0.0,0.08175032141749755
1788447020950724667,0,0.46597077615721266,0.690680376057733,0.0,0.9966528407365003,0.0,0.0,0.08175032141749755
1788447020970763926,0,0.466174518399932,0.6907140263059591,0.0,0.9966528407365003,0.0,0.0,0.08175032141749755
1788447020997983442,0,0.4664767805903487,0.6907639482034816,0.0,0.9966528407365003,0.0,0.0,0.08175032141749755
1788447021010763668,0,0.46657790661586346,0.6907806502748894,0.0,0.9966528407365003,0.0,0.0,0.08175032141749755
1788447021030816696,0,0.4667835840659417,0.6908146201598986,0.0,0.9966528407365003,0.0,0.0,0.08175032141749755
1788447021050734262,0,0.46698564366098694,0.6908479925164991,0.0,0.9966528407365003,0.0,0.0,0.08175032141749755
1788447021070759427,0,0.4671913191989939,0.6908819620857087,0.0,0.9966528407365003,0.0,0.0,0.08175032141749755
1788447021098523768,0,0.46749506487746095,0.6909321290134184,0.0,0.9966528407365003,0.0,0.0,0.08175032141749755
1788447021110810259,0,0.46759405453490543,0.6909484782402258,0.0,0.9966528407365003,0.0,0.0,0.08175032141749755
1788447021130725835,0,0.46779140473125286,0.6909810727880186,0.0,0.9966528407365003,0.0,0.0,0.08175032141749755
1788447021150730308,0,0.4679897045202736,0.6910138241557231,0.0,0.9966528407365003,0.0,0.0,0.08175032141749755
1788447021170727139,0,0.46818896672101545,0.6910467344605457,0.0,0.9966528407365003,0.0,0.0,0.08175032141749755
1788447021198065072,0,0.46849081436433715,0.6910965878672639,0.0,0.9966528407365003,0.0,0.0,0.08175032141749755
1788447021210769679,0,0.46859530738829447,0.6911138460271189,0.0,0.9966528407365003,0.0,0.0,0.08175032141749755
1788447021230722670,0,0.46879694440077463,0.6911471485736648,0.0,0.9966528407365003,0.0,0.0,0.08175032141749755
1788447021250734442,0,0.4689976029624792,0.6911802895263016,0.0,0.9966528407365003,0.0,0.0,0.08175032141749755
1788447021270910488,0,0.4691970030199676,0.6912132226311274,0.0,0.9966528407365003,0.0,0.0,0.08175032141749755
1788447021297959011,0,0.4693969007498668,0.691246237932006,0.0,0.9966528407365003,0.0,0.0,0.08175032141749755
1788447021310830474,0,0.4695997058020571,0.6912797333770141,0.0,0.9966528407365003,0.0,0.0,0.08175032141749755
1788447021330718045,0,0.469802288707701,0.6913131921321204,0.0,0.9966528407365003,0.0,0.0,0.08175032141749755
1788447021350727425,0,0.47000305438965306,0.6913463507687966,0.0,0.9966528407365003,0.0,0.0,0.08175032141749755
1788447021370721782,0,0.47020194553072187,0.6913791998204981,0.0,0.9966528407365003,0.0,0.0,0.08175032141749755
